 
  kpoint:       1             coordinate:     0.0000    0.0000    0.0000                  spin:  1
 
    n           k   ϵ_nk^DFT (eV)     Σ^c_nk (eV)     Σ^x_nk (eV)    v_nk^xc (eV)   ϵ_nk^G0W0 (eV)
 
    1 (occ)     1         -19.579           8.934         -20.296         -12.155          -18.786
    2 (occ)     1         -19.557           8.820         -20.284         -12.158          -18.864
    3 (occ)     1         -19.511           8.948         -20.263         -12.153          -18.674
    4 (occ)     1         -19.505           8.744         -20.267         -12.163          -18.865
    5 (occ)     1         -19.489           9.123         -20.255         -12.158          -18.463
    6 (occ)     1         -19.437           8.161         -20.240         -12.165          -19.350
    7 (occ)     1         -19.432           9.065         -20.245         -12.172          -18.439
    8 (occ)     1         -19.382           8.811         -20.215         -12.156          -18.631
    9 (occ)     1         -19.365           8.109         -20.217         -12.174          -19.298
   10 (occ)     1         -19.360           8.685         -20.211         -12.164          -18.723
   11 (occ)     1         -19.334           8.877         -20.222         -12.186          -18.494
   12 (occ)     1         -19.307           8.076         -20.195         -12.170          -19.256
   13 (occ)     1         -19.266           8.105         -20.198         -12.191          -19.168
   14 (occ)     1         -19.234           8.107         -20.173         -12.182          -19.118
   15 (occ)     1         -19.216           8.664         -20.197         -12.204          -18.545
   16 (occ)     1         -19.201           8.785         -20.154         -12.165          -18.406
   17 (occ)     1         -19.181           8.307         -20.148         -12.171          -18.851
   18 (occ)     1         -19.148           8.049         -20.173         -12.209          -19.064
   19 (occ)     1         -19.136           8.108         -20.155         -12.198          -18.986
   20 (occ)     1         -19.126           7.989         -20.135         -12.180          -19.093
   21 (occ)     1         -19.080           8.901         -20.168         -12.225          -18.122
   22 (occ)     1         -19.053           8.025         -20.111         -12.192          -18.948
   23 (occ)     1         -19.019           8.061         -20.132         -12.217          -18.873
   24 (occ)     1         -19.012           8.003         -20.143         -12.231          -18.921
   25 (occ)     1         -18.968           8.708         -20.077         -12.179          -18.158
   26 (occ)     1         -18.956           8.038         -20.098         -12.209          -18.807
   27 (occ)     1         -18.950           7.880         -20.070         -12.186          -18.955
   28 (occ)     1         -18.927           8.659         -20.136         -12.250          -18.155
   29 (occ)     1         -18.895           7.915         -20.057         -12.193          -18.844
   30 (occ)     1         -18.884           8.006         -20.099         -12.239          -18.738
   31 (occ)     1         -18.861           7.914         -20.110         -12.255          -18.801
   32 (occ)     1         -18.840           7.999         -20.073         -12.228          -18.686
   33 (occ)     1         -18.821           7.926         -20.030         -12.205          -18.720
   34 (occ)     1         -18.761           8.170         -20.101         -12.276          -18.416
   35 (occ)     1         -18.733           7.917         -20.066         -12.264          -18.618
   36 (occ)     1         -18.727           7.929         -20.018         -12.223          -18.593
   37 (occ)     1         -18.707           7.935         -20.041         -12.251          -18.562
   38 (occ)     1         -18.696           7.847         -20.077         -12.281          -18.645
   39 (occ)     1         -18.685           7.771         -19.982         -12.198          -18.697
   40 (occ)     1         -18.668           7.794         -19.976         -12.204          -18.646
   41 (occ)     1         -18.613           7.816         -19.965         -12.211          -18.551
   42 (occ)     1         -18.611           7.887         -19.992         -12.242          -18.474
   43 (occ)     1         -18.584           8.526         -20.063         -12.305          -17.816
   44 (occ)     1         -18.570           7.834         -20.032         -12.291          -18.477
   45 (occ)     1         -18.557           7.850         -20.006         -12.275          -18.439
   46 (occ)     1         -18.539           7.801         -19.936         -12.225          -18.450
   47 (occ)     1         -18.519           7.689         -20.037         -12.310          -18.557
   48 (occ)     1         -18.480           7.821         -19.959         -12.266          -18.352
   49 (occ)     1         -18.448           7.789         -19.927         -12.241          -18.345
   50 (occ)     1         -18.399           7.781         -20.011         -12.324          -18.305
   51 (occ)     1         -18.395           7.720         -19.990         -12.320          -18.346
   52 (occ)     1         -18.394           7.776         -19.986         -12.312          -18.292
   53 (occ)     1         -18.354           7.669         -19.875         -12.222          -18.338
   54 (occ)     1         -18.339           7.689         -19.871         -12.231          -18.290
   55 (occ)     1         -18.336           7.734         -19.898         -12.267          -18.233
   56 (occ)     1         -18.334           7.755         -19.998         -12.338          -18.239
   57 (occ)     1         -18.331           7.742         -19.922         -12.281          -18.229
   58 (occ)     1         -18.284           7.677         -19.858         -12.235          -18.230
   59 (occ)     1         -18.222           7.670         -19.929         -12.330          -18.152
   60 (occ)     1         -18.214           7.686         -19.923         -12.326          -18.124
   61 (occ)     1         -18.212           7.635         -19.834         -12.253          -18.158
   62 (occ)     1         -18.206           7.639         -19.978         -12.359          -18.186
   63 (occ)     1         -18.203           7.692         -19.899         -12.305          -18.106
   64 (occ)     1         -18.173           7.661         -19.900         -12.318          -18.093
   65 (occ)     1         -18.144           7.638         -19.960         -12.367          -18.099
   66 (occ)     1         -18.124           7.617         -19.818         -12.266          -18.059
   67 (occ)     1         -18.064           7.597         -19.838         -12.312          -17.994
   68 (occ)     1         -18.038           7.608         -19.899         -12.361          -17.968
   69 (occ)     1         -18.022           7.587         -19.884         -12.352          -17.967
   70 (occ)     1         -18.017           7.569         -19.940         -12.388          -18.000
   71 (occ)     1         -18.013           7.580         -19.833         -12.316          -17.950
   72 (occ)     1         -18.000           7.561         -19.837         -12.335          -17.941
   73 (occ)     1         -17.979           7.522         -19.749         -12.249          -17.956
   74 (occ)     1         -17.964           7.510         -19.742         -12.257          -17.938
   75 (occ)     1         -17.955           7.561         -19.915         -12.392          -17.917
   76 (occ)     1         -17.914           7.530         -19.763         -12.282          -17.864
   77 (occ)     1         -17.907           7.510         -19.782         -12.318          -17.861
   78 (occ)     1         -17.889           7.513         -19.766         -12.310          -17.832
   79 (occ)     1         -17.852           7.512         -19.857         -12.387          -17.811
   80 (occ)     1         -17.844           7.453         -19.705         -12.278          -17.818
   81 (occ)     1         -17.832           7.507         -19.864         -12.398          -17.790
   82 (occ)     1         -17.832           7.516         -19.895         -12.408          -17.802
   83 (occ)     1         -17.816           7.492         -19.820         -12.375          -17.769
   84 (occ)     1         -17.775           7.486         -19.848         -12.399          -17.738
   85 (occ)     1         -17.760           7.428         -19.701         -12.297          -17.735
   86 (occ)     1         -17.750           7.444         -19.772         -12.363          -17.715
   87 (occ)     1         -17.733           7.440         -19.759         -12.355          -17.698
   88 (occ)     1         -17.667           7.427         -19.819         -12.411          -17.648
   89 (occ)     1         -17.664           7.394         -19.722         -12.349          -17.643
   90 (occ)     1         -17.658           7.469         -19.857         -12.425          -17.621
   91 (occ)     1         -17.642           7.410         -19.782         -12.399          -17.615
   92 (occ)     1         -17.628           7.402         -19.772         -12.394          -17.604
   93 (occ)     1         -17.604           7.376         -19.722         -12.370          -17.580
   94 (occ)     1         -17.595           7.432         -19.827         -12.427          -17.563
   95 (occ)     1         -17.564           7.337         -19.617         -12.286          -17.557
   96 (occ)     1         -17.554           7.337         -19.693         -12.372          -17.538
   97 (occ)     1         -17.550           7.310         -19.604         -12.288          -17.556
   98 (occ)     1         -17.539           7.328         -19.671         -12.353          -17.529
   99 (occ)     1         -17.501           7.314         -19.610         -12.299          -17.497
  100 (occ)     1         -17.500           7.431         -19.818         -12.434          -17.453
  101 (occ)     1         -17.479           7.351         -19.772         -12.433          -17.467
  102 (occ)     1         -17.470           7.376         -19.785         -12.437          -17.442
  103 (occ)     1         -17.452           7.269         -19.676         -12.391          -17.468
  104 (occ)     1         -17.446           7.307         -19.736         -12.427          -17.448
  105 (occ)     1         -17.442           7.254         -19.583         -12.322          -17.449
  106 (occ)     1         -17.437           7.383         -19.785         -12.436          -17.403
  107 (occ)     1         -17.403           7.256         -19.626         -12.365          -17.408
  108 (occ)     1         -17.369           7.232         -19.584         -12.336          -17.384
  109 (occ)     1         -17.365           7.261         -19.675         -12.416          -17.364
  110 (occ)     1         -17.362           7.404         -19.783         -12.435          -17.307
  111 (occ)     1         -17.312           7.324         -19.749         -12.448          -17.289
  112 (occ)     1         -17.305           7.282         -19.727         -12.445          -17.305
  113 (occ)     1         -17.295           7.345         -19.746         -12.435          -17.261
  114 (occ)     1         -17.291           7.217         -19.634         -12.408          -17.300
  115 (occ)     1         -17.271           7.181         -19.562         -12.359          -17.294
  116 (occ)     1         -17.259           7.238         -19.690         -12.449          -17.262
  117 (occ)     1         -17.248           7.382         -19.750         -12.430          -17.186
  118 (occ)     1         -17.235           7.169         -19.597         -12.405          -17.257
  119 (occ)     1         -17.204           7.179         -19.632         -12.428          -17.229
  120 (occ)     1         -17.179           7.332         -19.727         -12.436          -17.139
  121 (occ)     1         -17.172           7.279         -19.707         -12.447          -17.153
  122 (occ)     1         -17.163           7.374         -19.727         -12.421          -17.095
  123 (occ)     1         -17.151           7.121         -19.547         -12.398          -17.179
  124 (occ)     1         -17.142           7.112         -19.592         -12.430          -17.193
  125 (occ)     1         -17.135           7.212         -19.672         -12.453          -17.142
  126 (occ)     1         -17.113           7.122         -19.477         -12.321          -17.147
  127 (occ)     1         -17.106           7.252         -19.607         -12.377          -17.084
  128 (occ)     1         -17.100           7.217         -19.574         -12.366          -17.091
  129 (occ)     1         -17.092           7.315         -19.702         -12.427          -17.051
  130 (occ)     1         -17.087           7.163         -19.647         -12.457          -17.115
  131 (occ)     1         -17.074           7.092         -19.559         -12.428          -17.113
  132 (occ)     1         -17.061           7.109         -19.487         -12.344          -17.094
  133 (occ)     1         -17.057           7.097         -19.542         -12.424          -17.077
  134 (occ)     1         -17.053           7.230         -19.658         -12.437          -17.044
  135 (occ)     1         -17.032           7.306         -19.682         -12.419          -16.989
  136 (occ)     1         -17.009           7.072         -19.471         -12.362          -17.045
  137 (occ)     1         -16.994           7.183         -19.647         -12.461          -16.997
  138 (occ)     1         -16.989           7.088         -19.564         -12.455          -17.009
  139 (occ)     1         -16.981           7.064         -19.543         -12.438          -17.021
  140 (occ)     1         -16.961           7.088         -19.526         -12.407          -16.993
  141 (occ)     1         -16.959           7.159         -19.588         -12.422          -16.968
  142 (occ)     1         -16.933           7.071         -19.577         -12.460          -16.979
  143 (occ)     1         -16.912           7.026         -19.533         -12.454          -16.964
  144 (occ)     1         -16.899           7.228         -19.638         -12.429          -16.879
  145 (occ)     1         -16.896           6.992         -19.470         -12.432          -16.942
  146 (occ)     1         -16.873           7.148         -19.614         -12.459          -16.881
  147 (occ)     1         -16.865           7.022         -19.484         -12.422          -16.905
  148 (occ)     1         -16.834           6.934         -19.473         -12.457          -16.915
  149 (occ)     1         -16.829           7.025         -19.569         -12.485          -16.888
  150 (occ)     1         -16.794           6.937         -19.424         -12.432          -16.849
  151 (occ)     1         -16.779           7.129         -19.585         -12.449          -16.786
  152 (occ)     1         -16.769           6.926         -19.461         -12.467          -16.837
  153 (occ)     1         -16.764           7.048         -19.557         -12.474          -16.799
  154 (occ)     1         -16.743           6.940         -19.440         -12.466          -16.777
  155 (occ)     1         -16.711           7.119         -19.565         -12.439          -16.718
  156 (occ)     1         -16.695           6.920         -19.431         -12.469          -16.737
  157 (occ)     1         -16.684           6.932         -19.431         -12.469          -16.714
  158 (occ)     1         -16.671           6.944         -19.503         -12.486          -16.743
  159 (occ)     1         -16.653           6.839         -19.378         -12.454          -16.737
  160 (occ)     1         -16.641           7.014         -19.522         -12.470          -16.679
  161 (occ)     1         -16.633           6.852         -19.312         -12.399          -16.694
  162 (occ)     1         -16.632           6.824         -19.294         -12.393          -16.709
  163 (occ)     1         -16.609           6.834         -19.315         -12.418          -16.672
  164 (occ)     1         -16.597           6.812         -19.307         -12.427          -16.666
  165 (occ)     1         -16.594           6.845         -19.333         -12.437          -16.645
  166 (occ)     1         -16.565           6.815         -19.347         -12.470          -16.627
  167 (occ)     1         -16.558           6.874         -19.407         -12.469          -16.621
  168 (occ)     1         -16.553           6.882         -19.432         -12.487          -16.616
  169 (occ)     1         -16.540           6.969         -19.489         -12.474          -16.586
  170 (occ)     1         -16.530           6.836         -19.358         -12.472          -16.579
  171 (occ)     1         -16.502           6.840         -19.346         -12.494          -16.514
  172 (occ)     1         -16.500           6.813         -19.338         -12.489          -16.535
  173 (occ)     1         -16.484           6.880         -19.417         -12.484          -16.537
  174 (occ)     1         -16.479           6.844         -19.337         -12.494          -16.478
  175 (occ)     1         -16.466           6.978         -19.467         -12.456          -16.499
  176 (occ)     1         -16.456           6.824         -19.321         -12.496          -16.458
  177 (occ)     1         -16.423           6.795         -19.347         -12.514          -16.461
  178 (occ)     1         -16.412           6.801         -19.332         -12.507          -16.436
  179 (occ)     1         -16.394           6.799         -19.412         -12.518          -16.490
  180 (occ)     1         -16.365           6.863         -19.427         -12.491          -16.438
  181 (occ)     1         -16.335           6.744         -19.322         -12.520          -16.393
  182 (occ)     1         -16.295           6.747         -19.348         -12.531          -16.366
  183 (occ)     1         -16.268           6.729         -19.307         -12.511          -16.335
  184 (occ)     1         -16.257           6.839         -19.396         -12.483          -16.331
  185 (occ)     1         -16.238           6.706         -19.316         -12.500          -16.348
  186 (occ)     1         -16.202           6.682         -19.240         -12.493          -16.266
  187 (occ)     1         -16.173           6.837         -19.371         -12.466          -16.240
  188 (occ)     1         -16.166           6.650         -19.207         -12.458          -16.264
  189 (occ)     1         -16.152           6.670         -19.291         -12.523          -16.251
  190 (occ)     1         -16.147           6.674         -19.222         -12.481          -16.214
  191 (occ)     1         -16.134           6.645         -19.142         -12.412          -16.218
  192 (occ)     1         -16.058           6.687         -19.282         -12.507          -16.147
  193 (occ)     1         -16.014           6.604         -19.257         -12.537          -16.131
  194 (occ)     1         -15.943           6.649         -19.269         -12.505          -16.058
  195 (occ)     1         -15.899           6.371         -19.193         -12.523          -16.198
  196 (occ)     1         -15.874           6.228         -19.146         -12.514          -16.278
  197 (occ)     1         -15.855           6.408         -19.148         -12.516          -16.079
  198 (occ)     1         -15.832           6.626         -19.228         -12.486          -15.949
  199 (occ)     1         -15.757           6.259         -19.053         -12.504          -16.047
  200 (occ)     1         -15.755           6.251         -19.047         -12.503          -16.048
  201 (occ)     1         -15.739           6.456         -19.096         -12.507          -15.873
  202 (occ)     1         -15.604           6.345         -19.022         -12.495          -15.786
  203 (occ)     1         -15.568           6.296         -18.944         -12.469          -15.746
  204 (occ)     1         -15.316           6.334         -18.972         -12.462          -15.492
  205 (occ)     1         -15.204           6.215         -18.868         -12.443          -15.414
  206 (occ)     1         -15.113           6.113         -18.769         -12.509          -15.259
  207 (occ)     1         -15.066           6.126         -18.786         -12.427          -15.299
  208 (occ)     1         -15.049           6.059         -18.745         -12.495          -15.239
  209 (occ)     1         -14.984           6.072         -18.821         -12.496          -15.238
  210 (occ)     1         -14.957           6.126         -18.852         -12.489          -15.195
  211 (occ)     1         -14.915           6.166         -18.859         -12.478          -15.129
  212 (occ)     1         -14.914           6.027         -18.691         -12.415          -15.163
  213 (occ)     1         -14.903           6.067         -18.727         -12.457          -15.106
  214 (occ)     1         -14.871           6.068         -18.746         -12.444          -15.104
  215 (occ)     1         -14.824           5.976         -18.684         -12.413          -15.119
  216 (occ)     1         -14.771           5.989         -18.625         -12.443          -14.964
  217 (occ)     1         -14.768           5.916         -18.627         -12.418          -15.062
  218 (occ)     1         -14.750           5.914         -18.623         -12.398          -15.061
  219 (occ)     1         -14.671           5.900         -18.601         -12.550          -14.822
  220 (occ)     1         -14.667           5.815         -18.617         -12.436          -15.033
  221 (occ)     1         -14.654           5.816         -18.556         -12.396          -14.998
  222 (occ)     1         -14.629           5.853         -18.572         -12.535          -14.813
  223 (occ)     1         -14.615           5.899         -18.531         -12.428          -14.819
  224 (occ)     1         -14.611           5.820         -18.564         -12.404          -14.951
  225 (occ)     1         -14.599           5.802         -18.512         -12.388          -14.922
  226 (occ)     1         -14.562           5.788         -18.494         -12.383          -14.885
  227 (occ)     1         -14.551           5.817         -18.531         -12.507          -14.758
  228 (occ)     1         -14.543           5.738         -18.492         -12.399          -14.899
  229 (occ)     1         -14.530           5.823         -18.544         -12.412          -14.839
  230 (occ)     1         -14.523           5.867         -18.572         -12.434          -14.794
  231 (occ)     1         -14.508           5.834         -18.575         -12.453          -14.797
  232 (occ)     1         -14.499           5.941         -18.676         -12.491          -14.743
  233 (occ)     1         -14.496           5.875         -18.485         -12.392          -14.714
  234 (occ)     1         -14.480           5.681         -18.464         -12.403          -14.860
  235 (occ)     1         -14.464           5.947         -18.680         -12.497          -14.701
  236 (occ)     1         -14.445           5.875         -18.565         -12.460          -14.675
  237 (occ)     1         -14.439           5.902         -18.598         -12.470          -14.665
  238 (occ)     1         -14.429           5.797         -18.469         -12.475          -14.627
  239 (occ)     1         -14.379           5.788         -18.398         -12.381          -14.607
  240 (occ)     1         -14.320           5.755         -18.335         -12.358          -14.542
  241 (occ)     1         -14.319           5.730         -18.358         -12.387          -14.560
  242 (occ)     1         -14.306           5.730         -18.437         -12.556          -14.456
  243 (occ)     1         -14.289           5.734         -18.382         -12.448          -14.489
  244 (occ)     1         -14.276           5.687         -18.410         -12.545          -14.455
  245 (occ)     1         -14.270           5.724         -18.378         -12.424          -14.500
  246 (occ)     1         -14.250           5.680         -18.386         -12.427          -14.529
  247 (occ)     1         -14.219           5.685         -18.351         -12.449          -14.435
  248 (occ)     1         -14.216           5.665         -18.326         -12.392          -14.485
  249 (occ)     1         -14.215           5.682         -18.348         -12.447          -14.434
  250 (occ)     1         -14.169           5.655         -18.376         -12.446          -14.444
  251 (occ)     1         -14.137           5.655         -18.295         -12.447          -14.330
  252 (occ)     1         -14.128           5.659         -18.289         -12.425          -14.333
  253 (occ)     1         -14.101           5.643         -18.391         -12.478          -14.372
  254 (occ)     1         -14.092           5.603         -18.332         -12.425          -14.396
  255 (occ)     1         -14.063           5.622         -18.264         -12.402          -14.304
  256 (occ)     1         -14.041           5.641         -18.396         -12.494          -14.302
  257 (occ)     1         -14.037           5.601         -18.291         -12.543          -14.184
  258 (occ)     1         -14.023           5.574         -18.266         -12.509          -14.206
  259 (occ)     1         -14.017           5.564         -18.230         -12.403          -14.280
  260 (occ)     1         -14.010           5.617         -18.241         -12.420          -14.214
  261 (occ)     1         -13.985           5.640         -18.434         -12.524          -14.255
  262 (occ)     1         -13.984           5.579         -18.217         -12.466          -14.157
  263 (occ)     1         -13.958           5.579         -18.196         -12.395          -14.180
  264 (occ)     1         -13.944           5.638         -18.422         -12.525          -14.203
  265 (occ)     1         -13.941           5.544         -18.271         -12.437          -14.230
  266 (occ)     1         -13.925           5.572         -18.142         -12.394          -14.100
  267 (occ)     1         -13.906           5.658         -18.446         -12.534          -14.159
  268 (occ)     1         -13.880           5.558         -18.116         -12.364          -14.075
  269 (occ)     1         -13.870           5.503         -18.156         -12.481          -14.041
  270 (occ)     1         -13.868           5.515         -18.174         -12.407          -14.120
  271 (occ)     1         -13.867           5.505         -18.131         -12.444          -14.049
  272 (occ)     1         -13.847           5.517         -18.161         -12.394          -14.097
  273 (occ)     1         -13.843           5.542         -18.104         -12.412          -13.993
  274 (occ)     1         -13.833           5.545         -18.079         -12.349          -14.019
  275 (occ)     1         -13.814           5.499         -18.207         -12.435          -14.086
  276 (occ)     1         -13.806           5.531         -18.043         -12.341          -13.977
  277 (occ)     1         -13.787           5.460         -18.036         -12.386          -13.977
  278 (occ)     1         -13.786           5.461         -18.032         -12.380          -13.978
  279 (occ)     1         -13.760           5.538         -18.024         -12.401          -13.844
  280 (occ)     1         -13.759           5.487         -18.090         -12.370          -13.993
  281 (occ)     1         -13.748           5.493         -17.933         -12.270          -13.918
  282 (occ)     1         -13.746           5.544         -17.918         -12.262          -13.857
  283 (occ)     1         -13.744           5.463         -17.958         -12.323          -13.917
  284 (occ)     1         -13.741           5.504         -17.924         -12.268          -13.894
  285 (occ)     1         -13.729           5.527         -17.952         -12.244          -13.909
  286 (occ)     1         -13.723           5.508         -18.005         -12.302          -13.918
  287 (occ)     1         -13.712           5.558         -17.867         -12.234          -13.787
  288 (occ)     1         -13.711           5.535         -17.971         -12.377          -13.771
  289 (occ)     1         -13.703           5.543         -17.818         -12.150          -13.828
  290 (occ)     1         -13.693           5.433         -18.237         -12.486          -14.011
  291 (occ)     1         -13.683           5.560         -17.755         -12.095          -13.784
  292 (occ)     1         -13.672           5.418         -18.142         -12.438          -13.957
  293 (occ)     1         -13.660           5.512         -17.795         -12.120          -13.822
  294 (occ)     1         -13.641           5.393         -18.063         -12.396          -13.914
  295 (occ)     1         -13.633           5.527         -17.728         -12.059          -13.774
  296 (occ)     1         -13.622           5.548         -17.675         -12.010          -13.739
  297 (occ)     1         -13.595           5.476         -17.832         -12.165          -13.786
  298 (occ)     1         -13.582           5.402         -18.231         -12.511          -13.900
  299 (occ)     1         -13.560           5.409         -17.997         -12.351          -13.797
  300 (occ)     1         -13.549           5.484         -17.660         -12.008          -13.717
  301 (occ)     1         -13.545           5.431         -17.896         -12.260          -13.749
  302 (occ)     1         -13.532           5.507         -17.625         -11.980          -13.670
  303 (occ)     1         -13.526           5.518         -17.618         -11.976          -13.650
  304 (occ)     1         -13.489           5.385         -18.234         -12.528          -13.810
  305 (occ)     1         -13.478           5.310         -18.080         -12.459          -13.788
  306 (occ)     1         -13.440           5.318         -18.026         -12.424          -13.724
  307 (occ)     1         -13.438           5.410         -17.689         -12.080          -13.637
  308 (occ)     1         -13.419           5.379         -18.223         -12.532          -13.731
  309 (occ)     1         -13.415           5.450         -17.519         -11.906          -13.578
  310 (occ)     1         -13.396           5.460         -17.548         -11.950          -13.533
  311 (occ)     1         -13.389           5.456         -17.562         -11.969          -13.526
  312 (occ)     1         -13.365           5.374         -18.215         -12.539          -13.667
  313 (occ)     1         -13.345           5.345         -17.808         -12.240          -13.568
  314 (occ)     1         -13.336           5.302         -17.908         -12.359          -13.583
  315 (occ)     1         -13.323           5.374         -18.219         -12.542          -13.626
  316 (occ)     1         -13.302           5.243         -18.055         -12.490          -13.624
  317 (occ)     1         -13.259           5.350         -17.519         -11.963          -13.465
  318 (occ)     1         -13.251           5.388         -17.393         -11.845          -13.412
  319 (occ)     1         -13.223           5.383         -17.492         -11.966          -13.366
  320 (occ)     1         -13.220           5.200         -17.934         -12.439          -13.514
  321 (occ)     1         -13.215           5.378         -17.474         -11.946          -13.365
  322 (occ)     1         -13.160           5.179         -18.027         -12.509          -13.499
  323 (occ)     1         -13.125           5.236         -17.662         -12.200          -13.351
  324 (occ)     1         -13.103           5.203         -17.831         -12.358          -13.373
  325 (occ)     1         -13.058           5.300         -17.282         -11.813          -13.227
  326 (occ)     1         -13.052           5.263         -17.341         -11.883          -13.247
  327 (occ)     1         -13.022           5.158         -17.921         -12.451          -13.334
  328 (occ)     1         -13.016           5.259         -17.496         -12.059          -13.194
  329 (occ)     1         -13.011           5.281         -17.372         -11.933          -13.169
  330 (occ)     1         -13.007           5.102         -17.871         -12.462          -13.314
  331 (occ)     1         -12.905           5.099         -17.990         -12.549          -13.247
  332 (occ)     1         -12.887           5.151         -17.599         -12.184          -13.152
  333 (occ)     1         -12.863           5.070         -17.721         -12.374          -13.140
  334 (occ)     1         -12.832           5.239         -17.258         -11.781          -13.070
  335 (occ)     1         -12.823           5.190         -17.305         -11.854          -13.085
  336 (occ)     1         -12.813           5.080         -17.971         -12.553          -13.150
  337 (occ)     1         -12.797           5.010         -17.823         -12.494          -13.117
  338 (occ)     1         -12.783           5.195         -17.390         -11.973          -13.005
  339 (occ)     1         -12.779           5.204         -17.368         -11.940          -13.003
  340 (occ)     1         -12.746           5.069         -17.969         -12.568          -13.077
  341 (occ)     1         -12.700           5.077         -17.975         -12.568          -13.029
  342 (occ)     1         -12.632           5.005         -17.451         -12.186          -12.892
  343 (occ)     1         -12.622           4.937         -17.743         -12.479          -12.949
  344 (occ)     1         -12.613           4.945         -17.663         -12.421          -12.910
  345 (occ)     1         -12.580           5.088         -17.055         -11.772          -12.776
  346 (occ)     1         -12.569           5.037         -17.110         -11.839          -12.804
  347 (occ)     1         -12.526           5.038         -17.192         -11.958          -12.722
  348 (occ)     1         -12.523           5.049         -17.195         -11.949          -12.721
  349 (occ)     1         -12.449           4.865         -17.740         -12.533          -12.791
  350 (occ)     1         -12.371           4.835         -17.551         -12.416          -12.671
  351 (occ)     1         -12.366           4.873         -17.356         -12.206          -12.642
  352 (occ)     1         -12.306           4.937         -16.962         -11.808          -12.522
  353 (occ)     1         -12.304           4.827         -17.594         -12.441          -12.629
  354 (occ)     1         -12.293           4.888         -17.050         -11.902          -12.553
  355 (occ)     1         -12.250           4.895         -17.073         -11.967          -12.461
  356 (occ)     1         -12.247           4.906         -17.057         -11.938          -12.460
  357 (occ)     1         -12.183           4.779         -17.702         -12.573          -12.533
  358 (occ)     1         -12.146           4.728         -17.494         -12.446          -12.466
  359 (occ)     1         -12.098           4.753         -17.685         -12.585          -12.445
  360 (occ)     1         -12.090           4.737         -17.260         -12.236          -12.377
  361 (occ)     1         -12.045           4.757         -17.677         -12.574          -12.391
  362 (occ)     1         -12.012           4.782         -16.773         -11.764          -12.239
  363 (occ)     1         -12.000           4.733         -16.859         -11.856          -12.270
  364 (occ)     1         -11.959           4.745         -16.960         -11.991          -12.182
  365 (occ)     1         -11.955           4.747         -16.895         -11.919          -12.184
  366 (occ)     1         -11.928           4.636         -17.437         -12.474          -12.255
  367 (occ)     1         -11.820           4.600         -17.170         -12.269          -12.121
  368 (occ)     1         -11.737           4.550         -17.400         -12.513          -12.073
  369 (occ)     1         -11.704           4.603         -16.633         -11.778          -11.957
  370 (occ)     1         -11.697           4.561         -16.729         -11.882          -11.983
  371 (occ)     1         -11.658           4.589         -16.796         -11.974          -11.891
  372 (occ)     1         -11.650           4.578         -16.729         -11.906          -11.895
  373 (occ)     1         -11.570           4.491         -17.368         -12.532          -11.915
  374 (occ)     1         -11.548           4.472         -17.118         -12.333          -11.861
  375 (occ)     1         -11.447           4.446         -17.377         -12.582          -11.795
  376 (occ)     1         -11.391           4.394         -16.587         -11.889          -11.695
  377 (occ)     1         -11.387           4.406         -16.509         -11.827          -11.662
  378 (occ)     1         -11.372           4.438         -17.369         -12.584          -11.720
  379 (occ)     1         -11.349           4.418         -16.598         -11.936          -11.594
  380 (occ)     1         -11.337           4.399         -16.568         -11.906          -11.600
  381 (occ)     1         -11.293           4.346         -17.025         -12.361          -11.611
  382 (occ)     1         -11.084           4.208         -16.532         -11.996          -11.412
  383 (occ)     1         -11.073           4.216         -16.246         -11.750          -11.353
  384 (occ)     1         -11.053           4.246         -16.995         -12.419          -11.384
  385 (occ)     1         -11.038           4.228         -16.372         -11.883          -11.300
  386 (occ)     1         -11.023           4.210         -16.381         -11.892          -11.301
  387 (occ)     1         -10.856           4.166         -16.994         -12.490          -11.194
  388 (occ)     1         -10.787           4.040         -16.404         -12.018          -11.134
  389 (occ)     1         -10.772           4.009         -16.014         -11.703          -11.074
  390 (occ)     1         -10.736           4.029         -16.146         -11.837          -11.016
  391 (occ)     1         -10.721           4.111         -16.820         -12.384          -11.045
  392 (occ)     1         -10.716           4.042         -16.398         -12.040          -11.031
  393 (occ)     1         -10.542           3.592         -15.622         -11.415          -11.157
  394 (occ)     1         -10.528           3.514         -15.635         -11.439          -11.210
  395 (occ)     1         -10.518           3.763         -15.906         -11.690          -10.971
  396 (occ)     1         -10.512           3.741         -15.682         -11.432          -11.021
  397 (occ)     1         -10.505           3.777         -15.711         -11.566          -10.874
  398 (occ)     1         -10.499           3.696         -15.518         -11.266          -11.055
  399 (occ)     1         -10.483           3.629         -15.721         -11.538          -11.037
  400 (occ)     1         -10.482           3.689         -15.481         -11.268          -11.007
  401 (occ)     1         -10.473           3.641         -15.504         -11.299          -11.037
  402 (occ)     1         -10.466           3.651         -15.570         -11.360          -11.026
  403 (occ)     1         -10.459           3.831         -15.919         -11.781          -10.766
  404 (occ)     1         -10.450           3.510         -15.622         -11.475          -11.088
  405 (occ)     1         -10.450           3.655         -15.507         -11.328          -10.974
  406 (occ)     1         -10.428           3.786         -15.885         -11.756          -10.772
  407 (occ)     1         -10.421           3.595         -15.585         -11.377          -11.035
  408 (occ)     1         -10.409           3.578         -15.560         -11.361          -11.030
  409 (occ)     1         -10.379           3.616         -15.491         -11.333          -10.920
  410 (occ)     1         -10.366           3.511         -15.629         -11.500          -10.984
  411 (occ)     1         -10.347           3.498         -15.705         -11.556          -10.999
  412 (occ)     1         -10.345           3.528         -15.595         -11.430          -10.982
  413 (occ)     1         -10.324           3.491         -15.692         -11.558          -10.967
  414 (occ)     1         -10.321           3.498         -15.573         -11.495          -10.900
  415 (occ)     1         -10.299           3.592         -15.513         -11.531          -10.689
  416 (occ)     1         -10.296           3.570         -15.478         -11.388          -10.815
  417 (occ)     1         -10.291           3.587         -15.515         -11.436          -10.784
  418 (occ)     1         -10.289           3.510         -15.540         -11.502          -10.816
  419 (occ)     1         -10.278           3.526         -15.600         -11.526          -10.825
  420 (occ)     1         -10.276           3.623         -15.397         -11.344          -10.705
  421 (occ)     1         -10.271           3.614         -15.427         -11.381          -10.704
  422 (occ)     1         -10.270           3.494         -15.741         -11.633          -10.884
  423 (occ)     1         -10.264           3.466         -15.682         -11.592          -10.888
  424 (occ)     1         -10.262           3.594         -15.661         -11.655          -10.673
  425 (occ)     1         -10.251           3.557         -15.506         -11.435          -10.765
  426 (occ)     1         -10.240           3.527         -15.460         -11.434          -10.739
  427 (occ)     1         -10.239           3.611         -15.320         -11.315          -10.633
  428 (occ)     1         -10.230           3.472         -15.584         -11.520          -10.821
  429 (occ)     1         -10.225           3.633         -15.605         -11.573          -10.624
  430 (occ)     1         -10.221           3.694         -15.816         -11.779          -10.564
  431 (occ)     1         -10.219           3.509         -15.510         -11.473          -10.747
  432 (occ)     1         -10.201           3.532         -15.452         -11.400          -10.720
  433 (occ)     1         -10.194           3.552         -15.487         -11.482          -10.647
  434 (occ)     1         -10.187           3.552         -15.490         -11.543          -10.582
  435 (occ)     1         -10.178           3.548         -15.268         -11.427          -10.470
  436 (occ)     1         -10.173           3.493         -15.439         -11.487          -10.633
  437 (occ)     1         -10.158           3.576         -15.344         -11.363          -10.563
  438 (occ)     1         -10.151           3.474         -15.418         -11.443          -10.652
  439 (occ)     1         -10.136           3.490         -15.463         -11.438          -10.671
  440 (occ)     1         -10.125           3.496         -15.261         -11.445          -10.445
  441 (occ)     1         -10.119           3.403         -15.595         -11.545          -10.766
  442 (occ)     1         -10.103           3.445         -15.424         -11.504          -10.578
  443 (occ)     1         -10.091           3.451         -15.421         -11.489          -10.571
  444 (occ)     1         -10.075           3.355         -15.656         -11.584          -10.792
  445 (occ)     1         -10.058           3.482         -15.377         -11.444          -10.509
  446 (occ)     1         -10.057           3.450         -15.445         -11.483          -10.568
  447 (occ)     1         -10.040           3.321         -15.638         -11.589          -10.768
  448 (occ)     1         -10.026           3.441         -15.284         -11.483          -10.385
  449 (occ)     1         -10.023           3.461         -15.441         -11.476          -10.527
  450 (occ)     1         -10.018           3.503         -15.361         -11.419          -10.457
  451 (occ)     1         -10.018           3.507         -15.285         -11.389          -10.407
  452 (occ)     1         -10.007           3.388         -15.408         -11.521          -10.506
  453 (occ)     1         -10.000           3.408         -15.429         -11.588          -10.434
  454 (occ)     1          -9.990           3.454         -15.394         -11.438          -10.492
  455 (occ)     1          -9.984           3.395         -15.456         -11.514          -10.531
  456 (occ)     1          -9.973           3.454         -15.331         -11.461          -10.388
  457 (occ)     1          -9.966           3.428         -15.360         -11.498          -10.400
  458 (occ)     1          -9.949           3.409         -15.350         -11.524          -10.366
  459 (occ)     1          -9.948           3.441         -15.369         -11.463          -10.414
  460 (occ)     1          -9.940           3.391         -15.397         -11.510          -10.436
  461 (occ)     1          -9.938           3.422         -15.352         -11.471          -10.397
  462 (occ)     1          -9.935           3.343         -15.490         -11.595          -10.486
  463 (occ)     1          -9.918           3.370         -15.410         -11.649          -10.309
  464 (occ)     1          -9.913           3.396         -15.408         -11.520          -10.405
  465 (occ)     1          -9.901           3.355         -15.319         -11.566          -10.299
  466 (occ)     1          -9.896           3.392         -15.429         -11.531          -10.402
  467 (occ)     1          -9.887           3.381         -15.342         -11.547          -10.301
  468 (occ)     1          -9.879           3.378         -15.329         -11.497          -10.333
  469 (occ)     1          -9.878           3.351         -15.418         -11.573          -10.373
  470 (occ)     1          -9.867           3.314         -15.544         -11.631          -10.465
  471 (occ)     1          -9.860           3.322         -15.361         -11.563          -10.336
  472 (occ)     1          -9.836           3.316         -15.505         -11.621          -10.403
  473 (occ)     1          -9.820           3.286         -15.413         -11.613          -10.334
  474 (occ)     1          -9.816           3.386         -15.344         -11.529          -10.246
  475 (occ)     1          -9.809           3.305         -15.326         -11.553          -10.277
  476 (occ)     1          -9.805           3.373         -15.312         -11.497          -10.246
  477 (occ)     1          -9.804           3.331         -15.404         -11.659          -10.218
  478 (occ)     1          -9.782           3.322         -15.379         -11.593          -10.246
  479 (occ)     1          -9.781           3.284         -15.349         -11.620          -10.226
  480 (occ)     1          -9.775           3.374         -15.630         -11.809          -10.221
  481 (occ)     1          -9.764           3.287         -15.404         -11.665          -10.217
  482 (occ)     1          -9.745           3.288         -15.381         -11.640          -10.198
  483 (occ)     1          -9.741           3.275         -15.318         -11.595          -10.189
  484 (occ)     1          -9.722           3.266         -15.379         -11.720          -10.115
  485 (occ)     1          -9.717           3.308         -15.305         -11.565          -10.150
  486 (occ)     1          -9.712           3.310         -15.317         -11.586          -10.133
  487 (occ)     1          -9.711           3.253         -15.356         -11.628          -10.186
  488 (occ)     1          -9.705           3.294         -15.286         -11.573          -10.125
  489 (occ)     1          -9.701           3.288         -15.298         -11.578          -10.133
  490 (occ)     1          -9.700           3.300         -15.306         -11.577          -10.128
  491 (occ)     1          -9.693           3.285         -15.279         -11.567          -10.121
  492 (occ)     1          -9.683           3.256         -15.255         -11.593          -10.089
  493 (occ)     1          -9.668           3.267         -15.327         -11.619          -10.109
  494 (occ)     1          -9.666           3.235         -15.323         -11.638          -10.116
  495 (occ)     1          -9.647           3.283         -15.270         -11.634          -10.000
  496 (occ)     1          -9.639           3.213         -15.369         -11.673          -10.121
  497 (occ)     1          -9.635           3.237         -15.318         -11.667          -10.050
  498 (occ)     1          -9.630           3.222         -15.308         -11.658          -10.058
  499 (occ)     1          -9.618           3.262         -15.334         -11.652          -10.039
  500 (occ)     1          -9.606           3.226         -15.352         -11.680          -10.052
  501 (occ)     1          -9.600           3.222         -15.284         -11.641          -10.021
  502 (occ)     1          -9.592           3.244         -15.386         -11.732          -10.002
  503 (occ)     1          -9.589           3.199         -15.286         -11.662          -10.014
  504 (occ)     1          -9.581           3.236         -15.399         -11.758           -9.986
  505 (occ)     1          -9.578           3.204         -15.337         -11.691          -10.020
  506 (occ)     1          -9.560           3.210         -15.344         -11.723           -9.972
  507 (occ)     1          -9.555           3.216         -15.362         -11.746           -9.955
  508 (occ)     1          -9.546           3.196         -15.280         -11.712           -9.917
  509 (occ)     1          -9.538           3.202         -15.341         -11.729           -9.948
  510 (occ)     1          -9.532           3.199         -15.306         -11.703           -9.935
  511 (occ)     1          -9.522           3.183         -15.281         -11.651           -9.968
  512 (occ)     1          -9.511           3.205         -15.241         -11.638           -9.910
  513 (occ)     1          -9.508           3.177         -15.255         -11.652           -9.934
  514 (occ)     1          -9.501           3.186         -15.246         -11.666           -9.895
  515 (occ)     1          -9.499           3.192         -15.375         -11.783           -9.900
  516 (occ)     1          -9.494           3.236         -15.255         -11.725           -9.788
  517 (occ)     1          -9.491           3.146         -15.182         -11.659           -9.868
  518 (occ)     1          -9.486           3.198         -15.282         -11.676           -9.895
  519 (occ)     1          -9.479           3.196         -15.263         -11.708           -9.838
  520 (occ)     1          -9.461           3.128         -15.242         -11.716           -9.859
  521 (occ)     1          -9.461           3.146         -15.237         -11.692           -9.860
  522 (occ)     1          -9.452           3.238         -15.425         -11.793           -9.846
  523 (occ)     1          -9.451           3.120         -15.206         -11.713           -9.823
  524 (occ)     1          -9.440           3.126         -15.194         -11.669           -9.838
  525 (occ)     1          -9.438           3.173         -15.301         -11.754           -9.812
  526 (occ)     1          -9.436           3.103         -15.235         -11.715           -9.853
  527 (occ)     1          -9.426           3.275         -15.558         -11.954           -9.754
  528 (occ)     1          -9.418           3.301         -15.615         -11.968           -9.764
  529 (occ)     1          -9.416           3.123         -15.271         -11.736           -9.828
  530 (occ)     1          -9.407           3.131         -15.222         -11.736           -9.762
  531 (occ)     1          -9.404           3.117         -15.279         -11.766           -9.799
  532 (occ)     1          -9.398           3.149         -15.239         -11.703           -9.785
  533 (occ)     1          -9.396           3.070         -15.207         -11.745           -9.788
  534 (occ)     1          -9.389           3.087         -15.230         -11.769           -9.763
  535 (occ)     1          -9.377           3.153         -15.302         -11.806           -9.720
  536 (occ)     1          -9.374           3.160         -15.305         -11.797           -9.722
  537 (occ)     1          -9.357           3.032         -15.191         -11.744           -9.771
  538 (occ)     1          -9.356           3.076         -15.219         -11.736           -9.764
  539 (occ)     1          -9.352           3.060         -15.241         -11.786           -9.747
  540 (occ)     1          -9.352           3.072         -15.230         -11.753           -9.757
  541 (occ)     1          -9.345           3.132         -15.209         -11.725           -9.696
  542 (occ)     1          -9.339           3.102         -15.189         -11.725           -9.701
  543 (occ)     1          -9.337           3.091         -15.257         -11.809           -9.694
  544 (occ)     1          -9.312           2.984         -15.184         -11.795           -9.717
  545 (occ)     1          -9.309           3.069         -15.255         -11.827           -9.667
  546 (occ)     1          -9.305           3.025         -15.217         -11.814           -9.683
  547 (occ)     1          -9.282           3.023         -15.253         -11.824           -9.689
  548 (occ)     1          -9.275           2.945         -15.195         -11.827           -9.699
  549 (occ)     1          -9.264           3.079         -15.382         -11.903           -9.664
  550 (occ)     1          -9.262           3.040         -15.211         -11.727           -9.707
  551 (occ)     1          -9.256           3.013         -15.269         -11.848           -9.665
  552 (occ)     1          -9.237           3.344         -15.732         -12.072           -9.553
  553 (occ)     1          -9.233           3.095         -15.355         -11.864           -9.629
  554 (occ)     1          -9.232           2.984         -15.189         -11.810           -9.627
  555 (occ)     1          -9.200           2.969         -15.180         -11.814           -9.597
  556 (occ)     1          -9.178           3.042         -15.395         -11.920           -9.612
  557 (occ)     1          -9.171           2.987         -15.190         -11.779           -9.595
  558 (occ)     1          -9.164           2.960         -15.175         -11.810           -9.570
  559 (occ)     1          -9.161           3.098         -15.388         -11.915           -9.536
  560 (occ)     1          -9.154           3.585         -16.021         -12.211           -9.378
  561 (occ)     1          -9.151           2.969         -15.215         -11.824           -9.572
  562 (occ)     1          -9.142           3.017         -15.316         -11.886           -9.554
  563 (occ)     1          -9.077           3.084         -15.355         -11.877           -9.470
  564 (occ)     1          -9.044           3.324         -15.608         -11.987           -9.341
  565 (occ)     1          -9.039           3.491         -15.787         -12.061           -9.275
  566 (occ)     1          -9.018           3.466         -15.734         -12.024           -9.261
  567 (occ)     1          -9.000           3.036         -15.059         -11.649           -9.373
  568 (occ)     1          -8.987           3.055         -15.028         -11.605           -9.354
  569 (occ)     1          -8.962           2.991         -15.088         -11.707           -9.352
  570 (occ)     1          -8.933           2.933         -15.184         -11.843           -9.341
  571 (occ)     1          -8.929           3.506         -15.627         -11.913           -9.136
  572 (occ)     1          -8.914           3.002         -14.960         -11.577           -9.295
  573 (occ)     1          -8.889           3.099         -15.354         -11.917           -9.228
  574 (occ)     1          -8.882           2.948         -15.085         -11.734           -9.285
  575 (occ)     1          -8.858           2.894         -15.145         -11.856           -9.254
  576 (occ)     1          -8.852           3.338         -15.418         -11.828           -9.104
  577 (occ)     1          -8.822           2.872         -15.191         -11.900           -9.242
  578 (occ)     1          -8.808           2.977         -15.021         -11.653           -9.197
  579 (occ)     1          -8.798           3.329         -14.733         -11.092           -9.111
  580 (occ)     1          -8.795           3.426         -14.231         -10.539           -9.060
  581 (occ)     1          -8.794           3.236         -14.770         -11.219           -9.108
  582 (occ)     1          -8.781           3.397         -15.310         -11.695           -8.999
  583 (occ)     1          -8.748           3.029         -15.187         -11.811           -9.095
  584 (occ)     1          -8.705           3.146         -14.651         -11.163           -9.047
  585 (occ)     1          -8.705           3.219         -14.761         -11.204           -9.042
  586 (occ)     1          -8.702           3.268         -14.381         -10.821           -8.995
  587 (occ)     1          -8.693           3.201         -14.733         -11.201           -9.024
  588 (occ)     1          -8.682           3.137         -15.159         -11.732           -8.971
  589 (occ)     1          -8.671           2.963         -15.140         -11.825           -9.024
  590 (occ)     1          -8.668           2.948         -14.931         -11.601           -9.051
  591 (occ)     1          -8.642           2.890         -15.179         -11.906           -9.024
  592 (occ)     1          -8.620           3.287         -15.041         -11.525           -8.849
  593 (occ)     1          -8.620           2.833         -15.145         -11.913           -9.019
  594 (occ)     1          -8.614           3.240         -14.288         -10.707           -8.954
  595 (occ)     1          -8.590           2.913         -14.909         -11.606           -8.980
  596 (occ)     1          -8.588           3.058         -14.652         -11.273           -8.909
  597 (occ)     1          -8.553           3.123         -14.699         -11.282           -8.847
  598 (occ)     1          -8.548           3.136         -14.685         -11.256           -8.841
  599 (occ)     1          -8.541           3.035         -14.592         -11.150           -8.948
  600 (occ)     1          -8.521           3.071         -14.515         -11.066           -8.899
  601 (occ)     1          -8.515           3.136         -14.728         -11.236           -8.871
  602 (occ)     1          -8.504           3.115         -14.734         -11.264           -8.859
  603 (occ)     1          -8.502           3.121         -14.950         -11.555           -8.776
  604 (occ)     1          -8.478           2.923         -14.854         -11.583           -8.825
  605 (occ)     1          -8.468           3.037         -14.671         -11.291           -8.810
  606 (occ)     1          -8.459           3.018         -14.662         -11.284           -8.820
  607 (occ)     1          -8.456           3.068         -14.675         -11.268           -8.794
  608 (occ)     1          -8.450           3.195         -14.778         -11.340           -8.693
  609 (occ)     1          -8.432           2.984         -14.669         -11.322           -8.795
  610 (occ)     1          -8.406           2.849         -14.852         -11.646           -8.763
  611 (occ)     1          -8.389           2.695         -15.071         -12.005           -8.760
  612 (occ)     1          -8.366           2.877         -14.725         -11.479           -8.734
  613 (occ)     1          -8.349           3.019         -14.587         -11.141           -8.776
  614 (occ)     1          -8.335           2.844         -14.907         -11.716           -8.683
  615 (occ)     1          -8.330           2.873         -14.901         -11.699           -8.659
  616 (occ)     1          -8.324           3.013         -14.652         -11.300           -8.664
  617 (occ)     1          -8.315           2.909         -14.688         -11.418           -8.677
  618 (occ)     1          -8.309           2.970         -14.696         -11.395           -8.641
  619 (occ)     1          -8.308           3.024         -14.669         -11.297           -8.655
  620 (occ)     1          -8.300           2.884         -14.786         -11.568           -8.634
  621 (occ)     1          -8.291           2.982         -14.688         -11.365           -8.632
  622 (occ)     1          -8.271           3.061         -14.350         -10.934           -8.626
  623 (occ)     1          -8.269           3.107         -14.630         -11.283           -8.509
  624 (occ)     1          -8.263           2.940         -14.516         -11.220           -8.621
  625 (occ)     1          -8.216           2.729         -14.846         -11.764           -8.568
  626 (occ)     1          -8.213           2.676         -15.018         -11.979           -8.575
  627 (occ)     1          -8.194           2.913         -14.617         -11.389           -8.510
  628 (occ)     1          -8.193           2.902         -14.631         -11.385           -8.537
  629 (occ)     1          -8.167           2.982         -14.653         -11.248           -8.590
  630 (occ)     1          -8.164           2.835         -14.841         -11.704           -8.466
  631 (occ)     1          -8.150           2.848         -14.762         -11.556           -8.507
  632 (occ)     1          -8.147           2.915         -14.660         -11.388           -8.505
  633 (occ)     1          -8.138           2.914         -14.686         -11.374           -8.536
  634 (occ)     1          -8.132           2.846         -14.698         -11.500           -8.485
  635 (occ)     1          -8.116           2.880         -14.707         -11.444           -8.499
  636 (occ)     1          -8.108           2.890         -14.720         -11.435           -8.503
  637 (occ)     1          -8.106           2.963         -14.592         -11.267           -8.468
  638 (occ)     1          -8.105           2.945         -14.613         -11.295           -8.477
  639 (occ)     1          -8.099           2.995         -14.605         -11.243           -8.466
  640 (occ)     1          -8.092           2.709         -14.879         -11.825           -8.438
  641 (occ)     1          -8.086           2.894         -14.627         -11.375           -8.444
  642 (occ)     1          -8.076           3.011         -14.482         -11.228           -8.319
  643 (occ)     1          -8.053           2.799         -14.856         -11.663           -8.447
  644 (occ)     1          -8.052           2.785         -14.904         -11.708           -8.462
  645 (occ)     1          -8.048           2.732         -15.007         -11.939           -8.384
  646 (occ)     1          -8.040           2.906         -14.760         -11.465           -8.429
  647 (occ)     1          -8.027           2.838         -14.842         -11.610           -8.421
  648 (occ)     1          -8.017           2.768         -14.853         -11.717           -8.385
  649 (occ)     1          -8.012           2.775         -14.889         -11.737           -8.389
  650 (occ)     1          -8.006           2.849         -14.792         -11.552           -8.396
  651 (occ)     1          -7.999           2.799         -14.720         -11.565           -8.355
  652 (occ)     1          -7.997           2.868         -14.735         -11.509           -8.355
  653 (occ)     1          -7.983           2.733         -14.915         -11.823           -8.341
  654 (occ)     1          -7.981           2.853         -14.838         -11.573           -8.393
  655 (occ)     1          -7.975           2.814         -14.938         -11.699           -8.400
  656 (occ)     1          -7.971           2.872         -14.813         -11.563           -8.349
  657 (occ)     1          -7.955           2.740         -14.826         -11.709           -8.332
  658 (occ)     1          -7.943           2.833         -14.750         -11.542           -8.318
  659 (occ)     1          -7.940           2.862         -14.742         -11.466           -8.354
  660 (occ)     1          -7.933           2.846         -14.614         -11.416           -8.286
  661 (occ)     1          -7.922           2.746         -14.763         -11.638           -8.301
  662 (occ)     1          -7.919           2.785         -14.688         -11.556           -8.267
  663 (occ)     1          -7.911           2.810         -14.699         -11.507           -8.293
  664 (occ)     1          -7.901           2.809         -14.569         -11.427           -8.233
  665 (occ)     1          -7.898           2.808         -14.567         -11.450           -8.207
  666 (occ)     1          -7.892           2.770         -14.692         -11.568           -8.246
  667 (occ)     1          -7.888           2.799         -14.663         -11.503           -8.249
  668 (occ)     1          -7.877           2.768         -14.756         -11.612           -8.253
  669 (occ)     1          -7.871           2.902         -14.366         -11.215           -8.121
  670 (occ)     1          -7.866           2.800         -14.623         -11.498           -8.191
  671 (occ)     1          -7.857           2.785         -14.699         -11.557           -8.214
  672 (occ)     1          -7.857           2.844         -14.549         -11.373           -8.190
  673 (occ)     1          -7.851           2.647         -14.825         -11.834           -8.195
  674 (occ)     1          -7.845           2.762         -14.598         -11.515           -8.166
  675 (occ)     1          -7.838           2.768         -14.545         -11.436           -8.179
  676 (occ)     1          -7.835           2.756         -14.516         -11.421           -8.174
  677 (occ)     1          -7.827           2.771         -14.607         -11.487           -8.175
  678 (occ)     1          -7.818           2.766         -14.582         -11.474           -8.160
  679 (occ)     1          -7.815           2.717         -14.630         -11.562           -8.167
  680 (occ)     1          -7.814           2.723         -14.694         -11.643           -8.143
  681 (occ)     1          -7.805           2.767         -14.457         -11.349           -8.146
  682 (occ)     1          -7.788           2.759         -14.553         -11.468           -8.114
  683 (occ)     1          -7.788           2.791         -14.495         -11.413           -8.079
  684 (occ)     1          -7.782           2.705         -14.547         -11.518           -8.107
  685 (occ)     1          -7.778           2.786         -14.495         -11.400           -8.087
  686 (occ)     1          -7.764           2.735         -14.515         -11.470           -8.075
  687 (occ)     1          -7.760           2.762         -14.576         -11.479           -8.095
  688 (occ)     1          -7.752           2.770         -14.427         -11.334           -8.075
  689 (occ)     1          -7.747           2.751         -14.554         -11.511           -8.038
  690 (occ)     1          -7.746           2.776         -14.360         -11.247           -8.083
  691 (occ)     1          -7.740           2.667         -14.731         -11.745           -8.059
  692 (occ)     1          -7.739           2.762         -14.462         -11.381           -8.059
  693 (occ)     1          -7.735           2.774         -14.392         -11.265           -8.088
  694 (occ)     1          -7.734           2.705         -14.627         -11.601           -8.054
  695 (occ)     1          -7.728           2.711         -14.508         -11.459           -8.065
  696 (occ)     1          -7.720           2.724         -14.559         -11.491           -8.065
  697 (occ)     1          -7.711           2.749         -14.486         -11.418           -8.030
  698 (occ)     1          -7.710           2.597         -14.705         -11.783           -8.034
  699 (occ)     1          -7.701           2.605         -14.641         -11.718           -8.019
  700 (occ)     1          -7.698           2.740         -14.510         -11.457           -8.010
  701 (occ)     1          -7.689           2.692         -14.490         -11.478           -8.008
  702 (occ)     1          -7.688           2.714         -14.428         -11.376           -8.026
  703 (occ)     1          -7.679           2.743         -14.331         -11.235           -8.032
  704 (occ)     1          -7.669           2.677         -14.569         -11.612           -7.949
  705 (occ)     1          -7.667           2.700         -14.580         -11.572           -7.975
  706 (occ)     1          -7.666           2.665         -14.445         -11.443           -8.003
  707 (occ)     1          -7.656           2.670         -14.601         -11.632           -7.955
  708 (occ)     1          -7.656           2.744         -14.487         -11.403           -7.996
  709 (occ)     1          -7.643           2.700         -14.604         -11.577           -7.969
  710 (occ)     1          -7.637           2.705         -14.453         -11.410           -7.974
  711 (occ)     1          -7.631           2.699         -14.494         -11.505           -7.922
  712 (occ)     1          -7.626           2.684         -14.654         -11.648           -7.948
  713 (occ)     1          -7.621           2.697         -14.571         -11.513           -7.982
  714 (occ)     1          -7.618           2.618         -14.521         -11.549           -7.972
  715 (occ)     1          -7.611           2.664         -14.489         -11.475           -7.960
  716 (occ)     1          -7.597           2.696         -14.547         -11.533           -7.914
  717 (occ)     1          -7.589           2.676         -14.569         -11.573           -7.908
  718 (occ)     1          -7.584           2.711         -14.310         -11.301           -7.882
  719 (occ)     1          -7.578           2.703         -14.529         -11.494           -7.910
  720 (occ)     1          -7.578           2.691         -14.516         -11.489           -7.915
  721 (occ)     1          -7.576           2.670         -14.503         -11.489           -7.919
  722 (occ)     1          -7.571           2.700         -14.663         -11.656           -7.879
  723 (occ)     1          -7.569           2.673         -14.476         -11.452           -7.920
  724 (occ)     1          -7.561           2.610         -14.505         -11.565           -7.891
  725 (occ)     1          -7.549           2.713         -14.382         -11.363           -7.854
  726 (occ)     1          -7.543           2.583         -14.592         -11.680           -7.872
  727 (occ)     1          -7.536           2.655         -14.513         -11.523           -7.872
  728 (occ)     1          -7.533           2.672         -14.462         -11.449           -7.873
  729 (occ)     1          -7.519           2.680         -14.420         -11.416           -7.842
  730 (occ)     1          -7.516           2.641         -14.482         -11.493           -7.865
  731 (occ)     1          -7.512           2.696         -14.738         -11.767           -7.788
  732 (occ)     1          -7.508           2.558         -14.637         -11.759           -7.828
  733 (occ)     1          -7.497           2.489         -14.853         -12.036           -7.824
  734 (occ)     1          -7.492           2.623         -14.495         -11.554           -7.811
  735 (occ)     1          -7.490           2.640         -14.499         -11.538           -7.811
  736 (occ)     1          -7.486           2.621         -14.514         -11.578           -7.802
  737 (occ)     1          -7.479           2.581         -14.573         -11.659           -7.812
  738 (occ)     1          -7.476           2.631         -14.446         -11.489           -7.802
  739 (occ)     1          -7.467           2.671         -14.500         -11.489           -7.807
  740 (occ)     1          -7.462           2.664         -14.595         -11.623           -7.770
  741 (occ)     1          -7.460           2.645         -14.439         -11.461           -7.793
  742 (occ)     1          -7.444           2.662         -14.361         -11.389           -7.754
  743 (occ)     1          -7.440           2.631         -14.395         -11.435           -7.769
  744 (occ)     1          -7.427           2.637         -14.362         -11.410           -7.741
  745 (occ)     1          -7.422           2.657         -14.352         -11.398           -7.719
  746 (occ)     1          -7.422           2.452         -14.689         -11.904           -7.755
  747 (occ)     1          -7.418           2.610         -14.387         -11.461           -7.734
  748 (occ)     1          -7.409           2.580         -14.475         -11.568           -7.736
  749 (occ)     1          -7.403           2.631         -14.442         -11.488           -7.726
  750 (occ)     1          -7.399           2.616         -14.491         -11.580           -7.695
  751 (occ)     1          -7.389           2.540         -14.553         -11.693           -7.709
  752 (occ)     1          -7.386           2.635         -14.277         -11.329           -7.699
  753 (occ)     1          -7.382           2.639         -14.237         -11.326           -7.653
  754 (occ)     1          -7.380           2.666         -14.446         -11.481           -7.680
  755 (occ)     1          -7.374           2.621         -14.424         -11.495           -7.682
  756 (occ)     1          -7.371           2.608         -14.703         -11.788           -7.679
  757 (occ)     1          -7.371           2.624         -14.478         -11.557           -7.668
  758 (occ)     1          -7.367           2.660         -14.618         -11.658           -7.667
  759 (occ)     1          -7.364           2.503         -14.750         -11.924           -7.687
  760 (occ)     1          -7.363           2.672         -14.363         -11.404           -7.651
  761 (occ)     1          -7.353           2.586         -14.154         -11.308           -7.613
  762 (occ)     1          -7.328           2.584         -14.219         -11.311           -7.651
  763 (occ)     1          -7.323           2.566         -14.393         -11.528           -7.622
  764 (occ)     1          -7.319           2.565         -14.385         -11.513           -7.626
  765 (occ)     1          -7.305           2.652         -14.390         -11.468           -7.575
  766 (occ)     1          -7.301           2.397         -14.694         -11.974           -7.624
  767 (occ)     1          -7.292           2.565         -14.480         -11.585           -7.622
  768 (occ)     1          -7.283           2.513         -14.237         -11.446           -7.562
  769 (occ)     1          -7.274           2.607         -14.655         -11.744           -7.577
  770 (occ)     1          -7.263           2.444         -14.523         -11.815           -7.526
  771 (occ)     1          -7.251           2.510         -14.492         -11.665           -7.568
  772 (occ)     1          -7.248           2.497         -14.497         -11.679           -7.568
  773 (occ)     1          -7.243           2.418         -14.594         -11.847           -7.572
  774 (occ)     1          -7.236           2.624         -14.370         -11.437           -7.545
  775 (occ)     1          -7.233           2.522         -14.207         -11.392           -7.526
  776 (occ)     1          -7.209           2.443         -14.412         -11.647           -7.532
  777 (occ)     1          -7.205           2.599         -14.458         -11.580           -7.484
  778 (occ)     1          -7.200           2.484         -14.372         -11.586           -7.502
  779 (occ)     1          -7.192           2.609         -14.598         -11.707           -7.474
  780 (occ)     1          -7.191           2.326         -14.673         -12.001           -7.538
  781 (occ)     1          -7.187           2.537         -14.472         -11.639           -7.482
  782 (occ)     1          -7.176           2.613         -14.548         -11.683           -7.427
  783 (occ)     1          -7.145           2.498         -14.341         -11.564           -7.424
  784 (occ)     1          -7.144           2.278         -14.709         -12.116           -7.459
  785 (occ)     1          -7.137           2.422         -14.574         -11.837           -7.452
  786 (occ)     1          -7.130           2.570         -13.976         -11.154           -7.383
  787 (occ)     1          -7.123           2.257         -14.909         -12.377           -7.399
  788 (occ)     1          -7.095           2.530         -13.980         -11.168           -7.377
  789 (occ)     1          -7.091           2.446         -14.423         -11.655           -7.413
  790 (occ)     1          -7.081           2.445         -14.185         -11.421           -7.399
  791 (occ)     1          -7.047           2.368         -14.329         -11.659           -7.349
  792 (occ)     1          -7.028           2.341         -14.428         -11.785           -7.331
  793 (occ)     1          -7.021           2.441         -14.222         -11.489           -7.313
  794 (occ)     1          -7.003           2.440         -14.236         -11.487           -7.312
  795 (occ)     1          -7.003           2.438         -14.105         -11.355           -7.316
  796 (occ)     1          -6.997           2.462         -14.158         -11.401           -7.291
  797 (occ)     1          -6.993           2.208         -14.880         -12.396           -7.269
  798 (occ)     1          -6.981           2.433         -14.302         -11.581           -7.270
  799 (occ)     1          -6.974           2.452         -14.347         -11.633           -7.236
  800 (occ)     1          -6.969           2.448         -14.363         -11.615           -7.270
  801 (occ)     1          -6.943           2.153         -14.818         -12.344           -7.265
  802 (occ)     1          -6.880           2.202         -14.808         -12.316           -7.170
  803 (occ)     1          -6.858           2.429         -13.757         -11.091           -7.094
  804 (occ)     1          -6.848           2.272         -14.388         -11.799           -7.165
  805 (occ)     1          -6.830           2.392         -13.818         -11.163           -7.092
  806 (occ)     1          -6.830           2.162         -14.678         -12.224           -7.121
  807 (occ)     1          -6.820           2.358         -14.185         -11.555           -7.092
  808 (occ)     1          -6.800           2.352         -14.284         -11.625           -7.107
  809 (occ)     1          -6.781           2.305         -14.158         -11.590           -7.044
  810 (occ)     1          -6.767           2.201         -14.509         -12.009           -7.065
  811 (occ)     1          -6.755           2.227         -14.460         -11.975           -7.013
  812 (occ)     1          -6.754           2.222         -14.465         -11.974           -7.023
  813 (occ)     1          -6.745           2.118         -14.798         -12.368           -7.057
  814 (occ)     1          -6.728           2.334         -14.144         -11.540           -6.998
  815 (occ)     1          -6.711           2.333         -14.174         -11.566           -6.985
  816 (occ)     1          -6.652           2.067         -14.888         -12.547           -6.927
  817 (occ)     1          -6.605           2.264         -13.898         -11.340           -6.899
  818 (occ)     1          -6.587           2.285         -14.156         -11.438           -7.021
  819 (occ)     1          -6.583           2.356         -14.054         -11.269           -7.012
  820 (occ)     1          -6.577           2.322         -14.073         -11.280           -7.048
  821 (occ)     1          -6.575           2.365         -14.078         -11.283           -7.005
  822 (occ)     1          -6.560           2.079         -14.723         -12.346           -6.859
  823 (occ)     1          -6.559           2.315         -13.575         -11.067           -6.753
  824 (occ)     1          -6.527           2.289         -13.643         -11.110           -6.771
  825 (occ)     1          -6.519           2.312         -14.056         -11.241           -7.022
  826 (occ)     1          -6.516           2.306         -14.016         -11.250           -6.976
  827 (occ)     1          -6.477           2.029         -14.818         -12.514           -6.752
  828 (occ)     1          -6.472           2.204         -13.953         -11.413           -6.808
  829 (occ)     1          -6.460           2.264         -13.697         -11.159           -6.735
  830 (occ)     1          -6.443           2.277         -14.042         -11.234           -6.974
  831 (occ)     1          -6.440           2.271         -13.994         -11.206           -6.958
  832 (occ)     1          -6.418           2.011         -14.820         -12.536           -6.690
  833 (occ)     1          -6.397           2.198         -13.905         -11.276           -6.828
  834 (occ)     1          -6.387           2.206         -13.964         -11.288           -6.856
  835 (occ)     1          -6.385           2.211         -13.975         -11.309           -6.839
  836 (occ)     1          -6.382           2.140         -14.368         -11.919           -6.692
  837 (occ)     1          -6.380           2.156         -14.317         -11.781           -6.759
  838 (occ)     1          -6.370           2.213         -13.921         -11.294           -6.784
  839 (occ)     1          -6.344           2.212         -13.915         -11.385           -6.661
  840 (occ)     1          -6.341           2.215         -13.939         -11.386           -6.679
  841 (occ)     1          -6.321           2.211         -13.735         -11.178           -6.668
  842 (occ)     1          -6.313           2.204         -13.642         -11.170           -6.582
  843 (occ)     1          -6.306           2.216         -13.719         -11.112           -6.697
  844 (occ)     1          -6.270           2.196         -13.635         -11.121           -6.588
  845 (occ)     1          -6.257           2.213         -13.676         -11.102           -6.617
  846 (occ)     1          -6.248           2.203         -13.393         -11.076           -6.362
  847 (occ)     1          -6.241           2.210         -13.624         -11.085           -6.570
  848 (occ)     1          -6.230           2.194         -13.662         -11.207           -6.491
  849 (occ)     1          -6.227           2.212         -13.660         -11.153           -6.521
  850 (occ)     1          -6.219           2.106         -13.783         -11.410           -6.486
  851 (occ)     1          -6.215           2.184         -13.419         -11.096           -6.356
  852 (occ)     1          -6.208           2.202         -13.585         -11.060           -6.531
  853 (occ)     1          -6.201           2.193         -13.532         -11.028           -6.512
  854 (occ)     1          -6.194           2.216         -13.575         -11.070           -6.484
  855 (occ)     1          -6.183           2.186         -13.611         -11.153           -6.454
  856 (occ)     1          -6.163           2.192         -13.532         -11.042           -6.461
  857 (occ)     1          -6.156           2.212         -13.614         -11.092           -6.467
  858 (occ)     1          -6.143           2.176         -13.570         -11.125           -6.412
  859 (occ)     1          -6.140           2.181         -13.721         -11.193           -6.487
  860 (occ)     1          -6.131           2.181         -13.536         -11.159           -6.329
  861 (occ)     1          -6.119           2.135         -13.733         -11.297           -6.420
  862 (occ)     1          -6.117           2.167         -13.595         -11.095           -6.450
  863 (occ)     1          -6.101           2.163         -13.568         -11.099           -6.406
  864 (occ)     1          -6.100           2.154         -13.666         -11.194           -6.417
  865 (occ)     1          -6.099           2.128         -13.629         -11.194           -6.406
  866 (occ)     1          -6.084           2.117         -13.568         -11.118           -6.416
  867 (occ)     1          -6.076           2.143         -13.589         -11.173           -6.348
  868 (occ)     1          -6.075           2.134         -13.523         -11.115           -6.349
  869 (occ)     1          -6.061           2.187         -13.681         -11.170           -6.384
  870 (occ)     1          -6.048           2.146         -13.594         -11.131           -6.365
  871 (occ)     1          -6.035           2.142         -13.606         -11.142           -6.357
  872 (occ)     1          -6.033           2.154         -13.628         -11.168           -6.339
  873 (occ)     1          -6.030           2.146         -13.595         -11.147           -6.332
  874 (occ)     1          -6.022           2.135         -13.493         -11.155           -6.224
  875 (occ)     1          -6.012           2.164         -13.538         -11.106           -6.281
  876 (occ)     1          -6.012           2.113         -13.747         -11.343           -6.303
  877 (occ)     1          -6.003           2.126         -13.579         -11.129           -6.327
  878 (occ)     1          -5.999           2.177         -13.670         -11.209           -6.283
  879 (occ)     1          -5.997           2.164         -13.669         -11.177           -6.324
  880 (occ)     1          -5.985           2.129         -13.652         -11.255           -6.253
  881 (occ)     1          -5.972           2.103         -13.442         -10.985           -6.326
  882 (occ)     1          -5.962           2.109         -13.756         -11.396           -6.213
  883 (occ)     1          -5.957           2.105         -13.363         -10.927           -6.287
  884 (occ)     1          -5.954           2.112         -13.546         -11.177           -6.211
  885 (occ)     1          -5.951           2.102         -13.345         -10.929           -6.265
  886 (occ)     1          -5.946           2.066         -13.358         -11.075           -6.163
  887 (occ)     1          -5.936           2.100         -13.419         -11.022           -6.232
  888 (occ)     1          -5.935           2.132         -13.462         -11.014           -6.251
  889 (occ)     1          -5.932           2.107         -13.470         -11.110           -6.185
  890 (occ)     1          -5.927           2.151         -13.563         -11.119           -6.220
  891 (occ)     1          -5.922           2.034         -13.288         -11.098           -6.077
  892 (occ)     1          -5.907           2.087         -13.316         -10.935           -6.200
  893 (occ)     1          -5.906           2.137         -13.664         -11.230           -6.204
  894 (occ)     1          -5.903           2.092         -13.545         -11.114           -6.241
  895 (occ)     1          -5.899           2.090         -13.432         -11.050           -6.190
  896 (occ)     1          -5.897           2.106         -13.626         -11.280           -6.137
  897 (occ)     1          -5.895           2.077         -13.584         -11.200           -6.203
  898 (occ)     1          -5.886           2.107         -13.577         -11.221           -6.135
  899 (occ)     1          -5.882           2.089         -13.591         -11.256           -6.128
  900 (occ)     1          -5.877           2.050         -13.410         -11.142           -6.094
  901 (occ)     1          -5.869           2.082         -13.514         -11.164           -6.137
  902 (occ)     1          -5.866           2.075         -13.606         -11.229           -6.168
  903 (occ)     1          -5.861           2.037         -13.534         -11.194           -6.164
  904 (occ)     1          -5.857           2.079         -13.640         -11.265           -6.153
  905 (occ)     1          -5.852           2.099         -13.613         -11.252           -6.114
  906 (occ)     1          -5.848           2.069         -13.591         -11.195           -6.175
  907 (occ)     1          -5.841           2.031         -13.647         -11.348           -6.109
  908 (occ)     1          -5.834           2.099         -13.573         -11.196           -6.111
  909 (occ)     1          -5.832           2.046         -13.590         -11.286           -6.089
  910 (occ)     1          -5.824           2.078         -13.577         -11.278           -6.045
  911 (occ)     1          -5.823           2.027         -13.436         -11.127           -6.104
  912 (occ)     1          -5.821           2.024         -13.378         -11.069           -6.106
  913 (occ)     1          -5.809           2.028         -13.599         -11.314           -6.066
  914 (occ)     1          -5.809           2.056         -13.467         -11.171           -6.049
  915 (occ)     1          -5.806           2.095         -13.530         -11.174           -6.067
  916 (occ)     1          -5.802           2.041         -13.503         -11.217           -6.047
  917 (occ)     1          -5.802           2.026         -13.620         -11.365           -6.031
  918 (occ)     1          -5.792           2.026         -13.366         -11.088           -6.044
  919 (occ)     1          -5.788           2.112         -13.702         -11.316           -6.062
  920 (occ)     1          -5.784           2.038         -13.549         -11.284           -6.012
  921 (occ)     1          -5.781           2.040         -13.502         -11.269           -5.973
  922 (occ)     1          -5.779           2.040         -13.561         -11.299           -6.001
  923 (occ)     1          -5.770           2.016         -13.647         -11.381           -6.019
  924 (occ)     1          -5.765           2.096         -13.643         -11.263           -6.049
  925 (occ)     1          -5.760           2.017         -13.599         -11.312           -6.029
  926 (occ)     1          -5.756           2.076         -13.593         -11.298           -5.975
  927 (occ)     1          -5.752           2.039         -13.633         -11.348           -5.998
  928 (occ)     1          -5.742           2.001         -13.630         -11.359           -6.012
  929 (occ)     1          -5.741           2.126         -13.624         -11.202           -6.037
  930 (occ)     1          -5.736           2.021         -13.581         -11.317           -5.978
  931 (occ)     1          -5.727           2.050         -13.541         -11.302           -5.915
  932 (occ)     1          -5.719           2.026         -13.575         -11.321           -5.947
  933 (occ)     1          -5.717           2.092         -13.608         -11.255           -5.978
  934 (occ)     1          -5.704           2.049         -13.593         -11.333           -5.916
  935 (occ)     1          -5.690           2.093         -13.665         -11.295           -5.966
  936 (occ)     1          -5.679           2.055         -13.638         -11.300           -5.962
  937 (occ)     1          -5.678           2.042         -13.589         -11.294           -5.932
  938 (occ)     1          -5.670           1.955         -13.464         -11.259           -5.920
  939 (occ)     1          -5.669           1.993         -13.635         -11.380           -5.931
  940 (occ)     1          -5.652           2.028         -13.564         -11.292           -5.895
  941 (occ)     1          -5.648           2.046         -13.639         -11.348           -5.892
  942 (occ)     1          -5.642           1.923         -13.368         -11.247           -5.841
  943 (occ)     1          -5.641           1.921         -13.375         -11.246           -5.849
  944 (occ)     1          -5.639           2.007         -13.562         -11.334           -5.860
  945 (occ)     1          -5.636           2.067         -13.620         -11.313           -5.875
  946 (occ)     1          -5.629           1.987         -13.665         -11.442           -5.866
  947 (occ)     1          -5.623           2.066         -13.642         -11.325           -5.873
  948 (occ)     1          -5.607           1.943         -13.593         -11.383           -5.874
  949 (occ)     1          -5.600           2.041         -13.619         -11.349           -5.829
  950 (occ)     1          -5.595           2.072         -13.658         -11.314           -5.867
  951 (occ)     1          -5.590           2.007         -13.587         -11.367           -5.803
  952 (occ)     1          -5.586           2.012         -13.644         -11.398           -5.821
  953 (occ)     1          -5.571           1.933         -13.579         -11.400           -5.817
  954 (occ)     1          -5.565           1.937         -13.442         -11.307           -5.764
  955 (occ)     1          -5.565           1.940         -13.396         -11.286           -5.736
  956 (occ)     1          -5.565           2.017         -13.604         -11.369           -5.783
  957 (occ)     1          -5.555           1.884         -13.306         -11.260           -5.717
  958 (occ)     1          -5.551           1.934         -13.572         -11.435           -5.754
  959 (occ)     1          -5.550           2.000         -13.621         -11.406           -5.765
  960 (occ)     1          -5.548           1.980         -13.596         -11.418           -5.747
  961 (occ)     1          -5.548           1.940         -13.605         -11.458           -5.755
  962 (occ)     1          -5.542           1.880         -13.330         -11.303           -5.689
  963 (occ)     1          -5.541           1.944         -13.598         -11.443           -5.753
  964 (occ)     1          -5.536           2.002         -13.578         -11.393           -5.719
  965 (occ)     1          -5.536           1.983         -13.637         -11.427           -5.763
  966 (occ)     1          -5.533           1.967         -13.576         -11.410           -5.733
  967 (occ)     1          -5.526           1.878         -13.489         -11.406           -5.732
  968 (occ)     1          -5.519           1.882         -13.520         -11.408           -5.750
  969 (occ)     1          -5.519           1.989         -13.609         -11.396           -5.743
  970 (occ)     1          -5.516           2.011         -13.609         -11.391           -5.723
  971 (occ)     1          -5.510           1.915         -13.460         -11.387           -5.667
  972 (occ)     1          -5.509           2.029         -13.633         -11.390           -5.724
  973 (occ)     1          -5.502           1.901         -13.443         -11.411           -5.633
  974 (occ)     1          -5.501           2.027         -13.614         -11.405           -5.682
  975 (occ)     1          -5.497           1.921         -13.494         -11.408           -5.662
  976 (occ)     1          -5.495           1.991         -13.590         -11.432           -5.661
  977 (occ)     1          -5.489           2.008         -13.567         -11.417           -5.631
  978 (occ)     1          -5.486           1.892         -13.659         -11.548           -5.705
  979 (occ)     1          -5.481           1.897         -13.618         -11.518           -5.684
  980 (occ)     1          -5.474           1.922         -13.530         -11.468           -5.616
  981 (occ)     1          -5.465           1.870         -13.669         -11.584           -5.681
  982 (occ)     1          -5.455           1.998         -13.609         -11.472           -5.594
  983 (occ)     1          -5.454           1.998         -13.605         -11.467           -5.593
  984 (occ)     1          -5.451           2.034         -13.648         -11.460           -5.605
  985 (occ)     1          -5.444           2.041         -13.666         -11.448           -5.620
  986 (occ)     1          -5.427           1.876         -13.523         -11.477           -5.596
  987 (occ)     1          -5.403           1.838         -13.618         -11.520           -5.664
  988 (occ)     1          -5.380           1.798         -13.569         -11.577           -5.574
  989 (occ)     1          -5.366           1.851         -13.546         -11.515           -5.545
  990 (occ)     1          -5.359           1.763         -13.375         -11.443           -5.529
  991 (occ)     1          -5.353           1.825         -13.480         -11.498           -5.509
  992 (occ)     1          -5.317           1.791         -13.690         -11.677           -5.538
  993 (occ)     1          -5.309           1.834         -13.549         -11.544           -5.479
  994 (occ)     1          -5.303           1.780         -13.563         -11.569           -5.518
  995 (occ)     1          -5.300           1.784         -13.564         -11.542           -5.539
  996 (occ)     1          -5.286           1.781         -13.407         -11.486           -5.426
  997 (occ)     1          -5.263           1.752         -13.505         -11.545           -5.471
  998 (occ)     1          -5.259           1.686         -13.172         -11.340           -5.404
  999 (occ)     1          -5.258           1.846         -13.567         -11.564           -5.416
 1000 (occ)     1          -5.250           1.681         -13.077         -11.293           -5.353
 1001 (occ)     1          -5.244           1.726         -13.205         -11.399           -5.323
 1002 (occ)     1          -5.228           1.705         -13.205         -11.407           -5.321
 1003 (occ)     1          -5.209           1.774         -13.528         -11.585           -5.378
 1004 (occ)     1          -5.209           1.761         -13.676         -11.717           -5.407
 1005 (occ)     1          -5.205           1.764         -13.658         -11.693           -5.405
 1006 (occ)     1          -5.160           1.719         -13.656         -11.743           -5.355
 1007 (occ)     1          -5.120           1.703         -13.599         -11.693           -5.323
 1008 (occ)     1          -5.089           1.672         -13.538         -11.698           -5.258
 1009 (occ)     1          -5.088           1.738         -13.515         -11.621           -5.245
 1010 (occ)     1          -5.081           1.698         -13.411         -11.566           -5.228
 1011 (occ)     1          -5.040           1.661         -13.540         -11.699           -5.220
 1012 (occ)     1          -5.006           1.677         -13.676         -11.827           -5.178
 1013 (occ)     1          -5.002           1.654         -13.535         -11.715           -5.169
 1014 (occ)     1          -5.000           1.671         -13.413         -11.607           -5.135
 1015 (occ)     1          -4.997           1.696         -13.467         -11.630           -5.137
 1016 (occ)     1          -4.960           1.542         -13.081         -11.434           -5.064
 1017 (occ)     1          -4.939           1.517         -12.996         -11.408           -5.011
 1018 (occ)     1          -4.934           1.521         -12.922         -11.360           -4.975
 1019 (occ)     1          -4.909           1.638         -13.422         -11.646           -5.047
 1020 (occ)     1          -4.892           1.628         -13.623         -11.849           -5.038
 1021 (occ)     1          -4.876           1.616         -13.580         -11.822           -5.019
 1022 (occ)     1          -4.783           1.622         -13.453         -11.708           -4.907
 1023 (occ)     1          -4.783           1.540         -13.276         -11.620           -4.899
 1024 (occ)     1          -4.706           1.448         -13.096         -11.556           -4.797
 1025 (occ)     1          -4.666           1.387         -12.934         -11.487           -4.726
 1026 (occ)     1          -4.644           1.362         -12.817         -11.425           -4.673
 1027 (occ)     1          -4.622           1.516         -13.334         -11.715           -4.725
 1028 (occ)     1          -4.513           1.419         -13.184         -11.684           -4.594
 1029 (occ)     1          -4.448           1.347         -13.035         -11.632           -4.504
 1030 (occ)     1          -4.409           1.311         -12.917         -11.575           -4.440
 1031 (vir)     1          -3.294          -2.422          -6.482          -9.892           -2.307
 1032 (vir)     1          -3.246          -2.455          -6.448          -9.918           -2.231
 1033 (vir)     1          -3.146          -2.528          -6.394          -9.960           -2.108
 1034 (vir)     1          -3.115          -2.445          -6.524          -9.934           -2.150
 1035 (vir)     1          -3.097          -2.954          -6.429         -10.170           -2.310
 1036 (vir)     1          -3.092          -2.962          -6.441         -10.195           -2.299
 1037 (vir)     1          -3.078          -2.475          -6.474          -9.945           -2.081
 1038 (vir)     1          -2.998          -2.629          -6.327         -10.013           -1.942
 1039 (vir)     1          -2.996          -2.547          -6.401          -9.972           -1.973
 1040 (vir)     1          -2.962          -2.976          -6.401         -10.214           -2.125
 1041 (vir)     1          -2.957          -2.966          -6.421         -10.218           -2.126
 1042 (vir)     1          -2.936          -3.130          -6.161         -10.175           -2.052
 1043 (vir)     1          -2.929          -3.112          -6.219         -10.183           -2.077
 1044 (vir)     1          -2.928          -3.105          -6.162         -10.155           -2.040
 1045 (vir)     1          -2.916          -3.120          -6.229         -10.183           -2.082
 1046 (vir)     1          -2.894          -2.978          -6.384         -10.198           -2.059
 1047 (vir)     1          -2.890          -3.170          -6.153         -10.222           -1.990
 1048 (vir)     1          -2.876          -2.921          -6.380         -10.194           -1.983
 1049 (vir)     1          -2.874          -3.154          -6.234         -10.260           -2.003
 1050 (vir)     1          -2.870          -2.733          -6.359         -10.090           -1.871
 1051 (vir)     1          -2.866          -2.553          -6.473          -9.965           -1.927
 1052 (vir)     1          -2.855          -3.088          -6.171         -10.157           -1.957
 1053 (vir)     1          -2.838          -2.567          -6.420          -9.958           -1.867
 1054 (vir)     1          -2.830          -3.089          -6.217         -10.206           -1.930
 1055 (vir)     1          -2.808          -2.813          -6.270         -10.114           -1.778
 1056 (vir)     1          -2.805          -2.955          -6.298         -10.180           -1.877
 1057 (vir)     1          -2.782          -2.990          -6.359         -10.229           -1.902
 1058 (vir)     1          -2.772          -2.648          -6.336          -9.976           -1.780
 1059 (vir)     1          -2.751          -3.073          -6.183         -10.160           -1.847
 1060 (vir)     1          -2.740          -3.021          -6.364         -10.267           -1.859
 1061 (vir)     1          -2.734          -3.010          -6.369         -10.260           -1.852
 1062 (vir)     1          -2.722          -3.095          -6.217         -10.225           -1.808
 1063 (vir)     1          -2.718          -3.101          -6.193         -10.209           -1.803
 1064 (vir)     1          -2.716          -3.105          -6.262         -10.260           -1.823
 1065 (vir)     1          -2.713          -3.096          -6.210         -10.219           -1.800
 1066 (vir)     1          -2.701          -2.800          -6.241         -10.085           -1.658
 1067 (vir)     1          -2.672          -2.724          -6.277         -10.025           -1.648
 1068 (vir)     1          -2.660          -3.153          -6.192         -10.293           -1.712
 1069 (vir)     1          -2.657          -3.130          -6.328         -10.350           -1.765
 1070 (vir)     1          -2.652          -3.087          -6.182         -10.197           -1.725
 1071 (vir)     1          -2.639          -3.097          -6.230         -10.235           -1.731
 1072 (vir)     1          -2.635          -3.176          -6.287         -10.389           -1.709
 1073 (vir)     1          -2.612          -2.782          -6.323         -10.033           -1.683
 1074 (vir)     1          -2.600          -3.004          -6.259         -10.188           -1.675
 1075 (vir)     1          -2.591          -3.106          -6.274         -10.271           -1.700
 1076 (vir)     1          -2.584          -2.918          -6.261         -10.239           -1.524
 1077 (vir)     1          -2.576          -2.702          -6.278          -9.935           -1.620
 1078 (vir)     1          -2.556          -3.095          -6.117         -10.158           -1.610
 1079 (vir)     1          -2.546          -3.091          -6.345         -10.337           -1.644
 1080 (vir)     1          -2.538          -2.819          -6.210         -10.076           -1.492
 1081 (vir)     1          -2.534          -3.110          -6.290         -10.310           -1.623
 1082 (vir)     1          -2.520          -3.113          -6.222         -10.261           -1.593
 1083 (vir)     1          -2.516          -2.785          -6.236          -9.992           -1.546
 1084 (vir)     1          -2.510          -3.064          -6.285         -10.286           -1.573
 1085 (vir)     1          -2.509          -2.914          -6.255         -10.225           -1.452
 1086 (vir)     1          -2.480          -3.114          -6.382         -10.403           -1.573
 1087 (vir)     1          -2.471          -3.127          -6.271         -10.319           -1.551
 1088 (vir)     1          -2.462          -3.086          -6.301         -10.303           -1.547
 1089 (vir)     1          -2.454          -3.118          -6.300         -10.308           -1.564
 1090 (vir)     1          -2.435          -2.813          -6.185          -9.998           -1.435
 1091 (vir)     1          -2.430          -3.117          -6.236         -10.290           -1.493
 1092 (vir)     1          -2.427          -3.131          -6.347         -10.460           -1.445
 1093 (vir)     1          -2.413          -3.129          -6.166         -10.253           -1.456
 1094 (vir)     1          -2.394          -2.989          -6.213         -10.136           -1.459
 1095 (vir)     1          -2.392          -3.136          -6.198         -10.303           -1.423
 1096 (vir)     1          -2.391          -3.154          -6.204         -10.310           -1.439
 1097 (vir)     1          -2.384          -3.085          -6.287         -10.320           -1.436
 1098 (vir)     1          -2.383          -3.132          -6.223         -10.322           -1.416
 1099 (vir)     1          -2.376          -2.947          -6.186         -10.181           -1.327
 1100 (vir)     1          -2.375          -3.135          -6.271         -10.363           -1.418
 1101 (vir)     1          -2.333          -3.156          -6.214         -10.315           -1.387
 1102 (vir)     1          -2.328          -2.884          -6.140         -10.055           -1.296
 1103 (vir)     1          -2.322          -3.048          -6.177         -10.181           -1.367
 1104 (vir)     1          -2.316          -2.963          -6.131         -10.064           -1.346
 1105 (vir)     1          -2.313          -3.123          -6.243         -10.337           -1.341
 1106 (vir)     1          -2.294          -3.156          -6.139         -10.267           -1.323
 1107 (vir)     1          -2.291          -3.172          -6.230         -10.331           -1.362
 1108 (vir)     1          -2.274          -3.160          -6.190         -10.293           -1.331
 1109 (vir)     1          -2.269          -3.178          -6.210         -10.334           -1.323
 1110 (vir)     1          -2.251          -3.187          -6.220         -10.353           -1.305
 1111 (vir)     1          -2.247          -3.209          -6.265         -10.386           -1.335
 1112 (vir)     1          -2.246          -2.913          -6.084          -9.964           -1.279
 1113 (vir)     1          -2.235          -3.231          -6.220         -10.390           -1.296
 1114 (vir)     1          -2.231          -3.342          -6.646         -10.868           -1.351
 1115 (vir)     1          -2.220          -3.422          -6.861         -11.119           -1.383
 1116 (vir)     1          -2.215          -3.115          -6.142         -10.244           -1.228
 1117 (vir)     1          -2.210          -3.202          -6.362         -10.499           -1.275
 1118 (vir)     1          -2.197          -3.157          -5.826          -9.968           -1.213
 1119 (vir)     1          -2.190          -3.142          -6.066         -10.210           -1.188
 1120 (vir)     1          -2.190          -3.204          -6.218         -10.354           -1.257
 1121 (vir)     1          -2.182          -3.207          -6.150         -10.285           -1.255
 1122 (vir)     1          -2.178          -3.335          -6.672         -10.908           -1.277
 1123 (vir)     1          -2.176          -2.964          -6.124         -10.078           -1.186
 1124 (vir)     1          -2.174          -3.401          -6.192         -10.413           -1.353
 1125 (vir)     1          -2.174          -3.336          -6.523         -10.772           -1.261
 1126 (vir)     1          -2.158          -3.209          -6.148         -10.317           -1.198
 1127 (vir)     1          -2.154          -3.358          -6.422         -10.673           -1.261
 1128 (vir)     1          -2.147          -3.271          -6.242         -10.440           -1.220
 1129 (vir)     1          -2.139          -3.213          -6.244         -10.431           -1.166
 1130 (vir)     1          -2.136          -3.433          -6.184         -10.437           -1.316
 1131 (vir)     1          -2.127          -3.212          -6.217         -10.392           -1.164
 1132 (vir)     1          -2.124          -3.212          -5.972         -10.143           -1.165
 1133 (vir)     1          -2.118          -3.350          -6.693         -10.968           -1.193
 1134 (vir)     1          -2.112          -3.289          -6.255         -10.465           -1.191
 1135 (vir)     1          -2.107          -3.285          -6.282         -10.494           -1.180
 1136 (vir)     1          -2.097          -3.180          -6.206         -10.331           -1.152
 1137 (vir)     1          -2.094          -3.036          -6.098         -10.134           -1.094
 1138 (vir)     1          -2.088          -3.288          -6.311         -10.505           -1.182
 1139 (vir)     1          -2.077          -3.294          -6.388         -10.611           -1.148
 1140 (vir)     1          -2.073          -3.288          -6.215         -10.406           -1.171
 1141 (vir)     1          -2.072          -3.263          -6.220         -10.408           -1.146
 1142 (vir)     1          -2.060          -3.368          -6.375         -10.624           -1.179
 1143 (vir)     1          -2.057          -3.275          -6.217         -10.436           -1.112
 1144 (vir)     1          -2.036          -3.345          -6.386         -10.663           -1.106
 1145 (vir)     1          -2.033          -3.295          -6.315         -10.546           -1.098
 1146 (vir)     1          -2.030          -3.206          -6.132         -10.321           -1.047
 1147 (vir)     1          -2.022          -3.129          -6.105         -10.246           -1.010
 1148 (vir)     1          -2.021          -3.283          -6.235         -10.441           -1.098
 1149 (vir)     1          -2.004          -3.249          -6.165         -10.389           -1.030
 1150 (vir)     1          -1.998          -3.262          -6.281         -10.484           -1.058
 1151 (vir)     1          -1.994          -3.182          -6.090         -10.247           -1.019
 1152 (vir)     1          -1.983          -3.176          -6.152         -10.270           -1.041
 1153 (vir)     1          -1.972          -3.185          -6.196         -10.355           -0.998
 1154 (vir)     1          -1.971          -3.282          -6.174         -10.401           -1.026
 1155 (vir)     1          -1.966          -3.324          -6.125         -10.335           -1.080
 1156 (vir)     1          -1.957          -3.241          -6.083         -10.320           -0.960
 1157 (vir)     1          -1.947          -3.267          -6.119         -10.354           -0.980
 1158 (vir)     1          -1.939          -3.255          -6.114         -10.356           -0.952
 1159 (vir)     1          -1.934          -3.262          -6.067         -10.297           -0.965
 1160 (vir)     1          -1.924          -3.292          -6.101         -10.350           -0.967
 1161 (vir)     1          -1.920          -3.311          -6.168         -10.416           -0.982
 1162 (vir)     1          -1.917          -3.242          -6.085         -10.339           -0.905
 1163 (vir)     1          -1.914          -3.087          -5.957         -10.039           -0.919
 1164 (vir)     1          -1.897          -3.459          -6.597         -10.959           -0.994
 1165 (vir)     1          -1.897          -3.184          -6.037         -10.256           -0.862
 1166 (vir)     1          -1.888          -3.340          -6.233         -10.533           -0.930
 1167 (vir)     1          -1.885          -3.277          -6.140         -10.390           -0.913
 1168 (vir)     1          -1.882          -3.291          -6.161         -10.449           -0.885
 1169 (vir)     1          -1.877          -3.270          -6.114         -10.403           -0.857
 1170 (vir)     1          -1.876          -3.399          -6.374         -10.714           -0.935
 1171 (vir)     1          -1.871          -3.376          -6.302         -10.646           -0.903
 1172 (vir)     1          -1.858          -3.325          -5.946         -10.231           -0.898
 1173 (vir)     1          -1.847          -3.162          -6.026         -10.177           -0.857
 1174 (vir)     1          -1.846          -3.354          -6.216         -10.524           -0.892
 1175 (vir)     1          -1.842          -3.275          -6.206         -10.483           -0.840
 1176 (vir)     1          -1.837          -3.275          -6.075         -10.334           -0.853
 1177 (vir)     1          -1.833          -3.283          -6.026         -10.327           -0.815
 1178 (vir)     1          -1.830          -3.286          -6.104         -10.415           -0.805
 1179 (vir)     1          -1.807          -3.295          -6.004         -10.233           -0.873
 1180 (vir)     1          -1.803          -3.274          -6.067         -10.324           -0.821
 1181 (vir)     1          -1.802          -3.256          -6.069         -10.339           -0.788
 1182 (vir)     1          -1.796          -3.396          -6.149         -10.469           -0.871
 1183 (vir)     1          -1.791          -3.351          -6.246         -10.545           -0.844
 1184 (vir)     1          -1.785          -3.273          -6.053         -10.321           -0.791
 1185 (vir)     1          -1.777          -3.339          -6.175         -10.473           -0.817
 1186 (vir)     1          -1.770          -3.312          -6.119         -10.422           -0.779
 1187 (vir)     1          -1.767          -3.310          -6.121         -10.402           -0.796
 1188 (vir)     1          -1.764          -3.364          -6.190         -10.511           -0.807
 1189 (vir)     1          -1.751          -3.376          -5.862         -10.138           -0.851
 1190 (vir)     1          -1.749          -3.364          -5.989         -10.281           -0.820
 1191 (vir)     1          -1.740          -3.226          -5.950         -10.159           -0.758
 1192 (vir)     1          -1.737          -3.389          -6.205         -10.526           -0.806
 1193 (vir)     1          -1.732          -3.446          -6.143         -10.490           -0.831
 1194 (vir)     1          -1.731          -3.273          -5.981         -10.254           -0.732
 1195 (vir)     1          -1.723          -3.331          -6.119         -10.455           -0.718
 1196 (vir)     1          -1.721          -3.334          -6.103         -10.411           -0.746
 1197 (vir)     1          -1.709          -3.386          -6.143         -10.499           -0.739
 1198 (vir)     1          -1.707          -3.371          -6.175         -10.503           -0.750
 1199 (vir)     1          -1.704          -3.379          -6.143         -10.464           -0.763
 1200 (vir)     1          -1.694          -3.352          -6.106         -10.445           -0.707
 1201 (vir)     1          -1.688          -3.383          -6.164         -10.495           -0.740
 1202 (vir)     1          -1.685          -3.363          -6.157         -10.498           -0.707
 1203 (vir)     1          -1.680          -3.356          -6.130         -10.466           -0.700
 1204 (vir)     1          -1.679          -3.402          -5.992         -10.325           -0.748
 1205 (vir)     1          -1.675          -3.364          -6.076         -10.395           -0.719
 1206 (vir)     1          -1.674          -3.344          -6.099         -10.437           -0.681
 1207 (vir)     1          -1.664          -3.409          -6.277         -10.653           -0.698
 1208 (vir)     1          -1.659          -3.367          -6.169         -10.510           -0.685
 1209 (vir)     1          -1.653          -3.419          -6.187         -10.563           -0.695
 1210 (vir)     1          -1.650          -3.379          -6.141         -10.486           -0.682
 1211 (vir)     1          -1.641          -3.362          -6.090         -10.445           -0.648
 1212 (vir)     1          -1.640          -3.419          -6.187         -10.563           -0.683
 1213 (vir)     1          -1.638          -3.451          -6.268         -10.690           -0.667
 1214 (vir)     1          -1.633          -3.443          -6.199         -10.603           -0.672
 1215 (vir)     1          -1.629          -3.406          -6.215         -10.601           -0.648
 1216 (vir)     1          -1.624          -3.407          -6.143         -10.502           -0.672
 1217 (vir)     1          -1.622          -3.383          -6.160         -10.494           -0.672
 1218 (vir)     1          -1.618          -3.420          -6.203         -10.593           -0.648
 1219 (vir)     1          -1.617          -3.360          -6.024         -10.374           -0.627
 1220 (vir)     1          -1.612          -3.428          -6.193         -10.596           -0.637
 1221 (vir)     1          -1.610          -3.428          -6.119         -10.491           -0.666
 1222 (vir)     1          -1.607          -3.363          -6.116         -10.459           -0.628
 1223 (vir)     1          -1.604          -3.358          -5.994         -10.336           -0.620
 1224 (vir)     1          -1.595          -3.370          -6.157         -10.512           -0.610
 1225 (vir)     1          -1.592          -3.411          -6.295         -10.654           -0.644
 1226 (vir)     1          -1.588          -3.405          -6.202         -10.589           -0.605
 1227 (vir)     1          -1.585          -3.395          -6.082         -10.440           -0.622
 1228 (vir)     1          -1.579          -3.426          -6.136         -10.535           -0.607
 1229 (vir)     1          -1.579          -3.460          -6.146         -10.547           -0.638
 1230 (vir)     1          -1.577          -3.258          -5.983         -10.220           -0.597
 1231 (vir)     1          -1.569          -3.375          -6.000         -10.357           -0.587
 1232 (vir)     1          -1.555          -3.431          -6.190         -10.547           -0.629
 1233 (vir)     1          -1.553          -3.462          -6.223         -10.618           -0.620
 1234 (vir)     1          -1.548          -3.412          -6.189         -10.588           -0.562
 1235 (vir)     1          -1.540          -3.383          -6.077         -10.451           -0.548
 1236 (vir)     1          -1.535          -3.428          -6.172         -10.546           -0.589
 1237 (vir)     1          -1.532          -3.441          -6.087         -10.485           -0.574
 1238 (vir)     1          -1.531          -3.392          -6.114         -10.506           -0.532
 1239 (vir)     1          -1.526          -3.328          -5.921         -10.246           -0.530
 1240 (vir)     1          -1.524          -3.498          -6.250         -10.685           -0.587
 1241 (vir)     1          -1.522          -3.409          -6.143         -10.540           -0.534
 1242 (vir)     1          -1.517          -3.362          -6.038         -10.371           -0.547
 1243 (vir)     1          -1.513          -3.388          -6.046         -10.429           -0.518
 1244 (vir)     1          -1.510          -3.402          -6.075         -10.420           -0.566
 1245 (vir)     1          -1.507          -3.474          -6.314         -10.730           -0.565
 1246 (vir)     1          -1.500          -3.458          -6.104         -10.499           -0.563
 1247 (vir)     1          -1.497          -3.375          -6.046         -10.420           -0.498
 1248 (vir)     1          -1.496          -3.408          -6.049         -10.372           -0.580
 1249 (vir)     1          -1.481          -3.453          -6.220         -10.647           -0.507
 1250 (vir)     1          -1.471          -3.421          -6.155         -10.551           -0.497
 1251 (vir)     1          -1.468          -3.438          -6.120         -10.524           -0.501
 1252 (vir)     1          -1.462          -3.446          -6.135         -10.579           -0.465
 1253 (vir)     1          -1.456          -3.392          -6.092         -10.488           -0.452
 1254 (vir)     1          -1.455          -3.398          -6.119         -10.509           -0.462
 1255 (vir)     1          -1.447          -3.504          -6.273         -10.750           -0.473
 1256 (vir)     1          -1.447          -3.461          -6.179         -10.616           -0.471
 1257 (vir)     1          -1.431          -3.506          -6.327         -10.809           -0.456
 1258 (vir)     1          -1.431          -3.368          -6.004         -10.372           -0.431
 1259 (vir)     1          -1.419          -3.399          -5.985         -10.396           -0.408
 1260 (vir)     1          -1.415          -3.490          -6.289         -10.740           -0.454
 1261 (vir)     1          -1.404          -3.438          -6.076         -10.522           -0.396
 1262 (vir)     1          -1.394          -3.441          -6.061         -10.486           -0.410
 1263 (vir)     1          -1.390          -3.399          -6.026         -10.437           -0.378
 1264 (vir)     1          -1.379          -3.563          -6.264         -10.752           -0.454
 1265 (vir)     1          -1.376          -3.453          -5.972         -10.397           -0.404
 1266 (vir)     1          -1.369          -3.441          -6.077         -10.528           -0.359
 1267 (vir)     1          -1.368          -3.430          -6.119         -10.502           -0.416
 1268 (vir)     1          -1.363          -3.464          -6.194         -10.624           -0.398
 1269 (vir)     1          -1.362          -3.464          -5.936         -10.357           -0.406
 1270 (vir)     1          -1.359          -3.482          -6.120         -10.581           -0.380
 1271 (vir)     1          -1.353          -3.464          -6.106         -10.538           -0.384
 1272 (vir)     1          -1.345          -3.501          -6.203         -10.657           -0.392
 1273 (vir)     1          -1.341          -3.475          -6.149         -10.624           -0.341
 1274 (vir)     1          -1.336          -3.517          -6.119         -10.612           -0.360
 1275 (vir)     1          -1.336          -3.484          -6.113         -10.571           -0.360
 1276 (vir)     1          -1.328          -3.463          -6.162         -10.599           -0.355
 1277 (vir)     1          -1.326          -3.622          -6.371         -10.920           -0.399
 1278 (vir)     1          -1.326          -3.617          -6.374         -10.909           -0.408
 1279 (vir)     1          -1.321          -3.432          -6.036         -10.443           -0.346
 1280 (vir)     1          -1.312          -3.738          -6.596         -11.218           -0.428
 1281 (vir)     1          -1.304          -3.399          -5.944         -10.361           -0.286
 1282 (vir)     1          -1.301          -3.506          -6.158         -10.656           -0.308
 1283 (vir)     1          -1.301          -3.425          -5.995         -10.415           -0.306
 1284 (vir)     1          -1.296          -3.539          -6.179         -10.665           -0.349
 1285 (vir)     1          -1.290          -3.503          -6.121         -10.604           -0.309
 1286 (vir)     1          -1.290          -3.525          -6.132         -10.637           -0.310
 1287 (vir)     1          -1.287          -3.465          -6.068         -10.495           -0.325
 1288 (vir)     1          -1.271          -3.537          -6.201         -10.759           -0.250
 1289 (vir)     1          -1.270          -3.381          -5.921         -10.275           -0.296
 1290 (vir)     1          -1.257          -3.522          -6.087         -10.582           -0.284
 1291 (vir)     1          -1.254          -3.516          -6.041         -10.555           -0.256
 1292 (vir)     1          -1.248          -3.479          -6.048         -10.472           -0.303
 1293 (vir)     1          -1.241          -3.541          -6.063         -10.600           -0.245
 1294 (vir)     1          -1.239          -3.474          -6.040         -10.456           -0.297
 1295 (vir)     1          -1.235          -3.520          -5.906         -10.352           -0.309
 1296 (vir)     1          -1.224          -3.549          -6.235         -10.823           -0.185
 1297 (vir)     1          -1.222          -3.491          -5.969         -10.375           -0.307
 1298 (vir)     1          -1.218          -3.531          -6.079         -10.586           -0.241
 1299 (vir)     1          -1.213          -3.580          -6.188         -10.758           -0.224
 1300 (vir)     1          -1.212          -3.490          -5.983         -10.461           -0.223
 1301 (vir)     1          -1.204          -3.504          -6.010         -10.532           -0.185
 1302 (vir)     1          -1.200          -3.502          -6.056         -10.566           -0.192
 1303 (vir)     1          -1.197          -3.533          -5.990         -10.518           -0.203
 1304 (vir)     1          -1.195          -3.478          -6.035         -10.540           -0.167
 1305 (vir)     1          -1.189          -3.574          -6.106         -10.692           -0.176
 1306 (vir)     1          -1.183          -3.584          -6.179         -10.744           -0.202
 1307 (vir)     1          -1.183          -3.567          -6.209         -10.798           -0.162
 1308 (vir)     1          -1.179          -3.730          -6.500         -11.190           -0.219
 1309 (vir)     1          -1.177          -3.603          -6.064         -10.617           -0.226
 1310 (vir)     1          -1.172          -3.596          -6.116         -10.683           -0.201
 1311 (vir)     1          -1.168          -3.692          -6.250         -10.898           -0.212
 1312 (vir)     1          -1.164          -3.525          -5.991         -10.518           -0.163
 1313 (vir)     1          -1.155          -3.580          -6.223         -10.792           -0.167
 1314 (vir)     1          -1.149          -3.467          -5.970         -10.442           -0.144
 1315 (vir)     1          -1.143          -3.589          -6.197         -10.761           -0.168
 1316 (vir)     1          -1.139          -3.588          -6.173         -10.701           -0.199
 1317 (vir)     1          -1.134          -3.541          -6.025         -10.568           -0.131
 1318 (vir)     1          -1.132          -3.561          -6.112         -10.659           -0.145
 1319 (vir)     1          -1.124          -3.759          -6.627         -11.378           -0.133
 1320 (vir)     1          -1.116          -3.479          -5.869         -10.349           -0.114
 1321 (vir)     1          -1.112          -3.534          -5.931         -10.446           -0.131
 1322 (vir)     1          -1.112          -3.439          -5.803         -10.257           -0.096
 1323 (vir)     1          -1.095          -3.434          -5.893         -10.340           -0.082
 1324 (vir)     1          -1.091          -3.493          -5.899         -10.405           -0.077
 1325 (vir)     1          -1.080          -3.501          -5.723         -10.169           -0.134
 1326 (vir)     1          -1.077          -3.529          -5.922         -10.453           -0.075
 1327 (vir)     1          -1.067          -3.488          -5.782         -10.212           -0.125
 1328 (vir)     1          -1.066          -3.457          -5.823         -10.291           -0.055
 1329 (vir)     1          -1.060          -3.513          -5.945         -10.493           -0.025
 1330 (vir)     1          -1.054          -3.557          -6.026         -10.583           -0.054
 1331 (vir)     1          -1.053          -3.527          -5.755         -10.262           -0.073
 1332 (vir)     1          -1.043          -3.536          -5.985         -10.518           -0.047
 1333 (vir)     1          -1.029          -3.575          -6.054         -10.624           -0.035
 1334 (vir)     1          -1.025          -3.533          -5.844         -10.383           -0.019
 1335 (vir)     1          -1.016          -3.560          -5.868         -10.435           -0.009
 1336 (vir)     1          -1.015          -3.521          -5.921         -10.426           -0.032
 1337 (vir)     1          -1.015          -3.501          -5.889         -10.418            0.013
 1338 (vir)     1          -1.010          -3.447          -5.695         -10.109           -0.043
 1339 (vir)     1          -1.008          -3.466          -5.752         -10.179           -0.047
 1340 (vir)     1          -1.006          -3.456          -5.711         -10.086           -0.087
 1341 (vir)     1          -0.994          -3.429          -5.651         -10.107            0.033
 1342 (vir)     1          -0.991          -3.502          -5.770         -10.305            0.042
 1343 (vir)     1          -0.988          -3.582          -5.972         -10.520           -0.023
 1344 (vir)     1          -0.984          -3.635          -6.048         -10.652           -0.015
 1345 (vir)     1          -0.969          -3.611          -6.027         -10.599           -0.008
 1346 (vir)     1          -0.962          -3.610          -6.037         -10.657            0.048
 1347 (vir)     1          -0.962          -3.505          -5.677         -10.188            0.043
 1348 (vir)     1          -0.958          -3.495          -5.753         -10.269            0.063
 1349 (vir)     1          -0.955          -3.512          -5.816         -10.347            0.065
 1350 (vir)     1          -0.941          -3.567          -5.870         -10.430            0.052
 1351 (vir)     1          -0.931          -3.593          -5.792         -10.386            0.071
 1352 (vir)     1          -0.929          -3.761          -6.357         -11.101            0.054
 1353 (vir)     1          -0.922          -3.518          -5.738         -10.260            0.082
 1354 (vir)     1          -0.916          -3.497          -5.598         -10.094            0.083
 1355 (vir)     1          -0.903          -3.463          -5.681         -10.171            0.124
 1356 (vir)     1          -0.899          -3.767          -6.341         -11.085            0.079
 1357 (vir)     1          -0.894          -3.559          -5.781         -10.363            0.128
 1358 (vir)     1          -0.887          -3.527          -5.766         -10.313            0.134
 1359 (vir)     1          -0.885          -3.613          -5.987         -10.616            0.131
 1360 (vir)     1          -0.873          -3.855          -6.371         -11.108            0.008
 1361 (vir)     1          -0.873          -3.539          -5.792         -10.330            0.126
 1362 (vir)     1          -0.853          -3.551          -5.767         -10.317            0.146
 1363 (vir)     1          -0.853          -3.525          -5.636         -10.164            0.151
 1364 (vir)     1          -0.849          -3.494          -5.666         -10.157            0.148
 1365 (vir)     1          -0.840          -3.519          -5.706         -10.231            0.166
 1366 (vir)     1          -0.840          -3.518          -5.709         -10.267            0.199
 1367 (vir)     1          -0.838          -3.499          -5.748         -10.335            0.250
 1368 (vir)     1          -0.829          -3.530          -5.762         -10.280            0.160
 1369 (vir)     1          -0.820          -3.515          -5.649         -10.121            0.137
 1370 (vir)     1          -0.809          -3.572          -5.851         -10.444            0.212
 1371 (vir)     1          -0.809          -3.493          -5.642         -10.116            0.173
 1372 (vir)     1          -0.791          -3.756          -6.224         -11.032            0.260
 1373 (vir)     1          -0.778          -3.531          -5.659         -10.208            0.239
 1374 (vir)     1          -0.777          -3.639          -5.676         -10.265            0.173
 1375 (vir)     1          -0.776          -3.495          -5.542         -10.032            0.220
 1376 (vir)     1          -0.774          -3.676          -5.988         -10.636            0.198
 1377 (vir)     1          -0.773          -3.563          -5.738         -10.301            0.227
 1378 (vir)     1          -0.770          -3.596          -5.740         -10.282            0.177
 1379 (vir)     1          -0.758          -3.588          -5.795         -10.341            0.200
 1380 (vir)     1          -0.756          -3.450          -5.462         -10.005            0.337
 1381 (vir)     1          -0.750          -3.515          -5.690         -10.240            0.285
 1382 (vir)     1          -0.749          -3.555          -5.728         -10.239            0.207
 1383 (vir)     1          -0.733          -3.593          -5.865         -10.504            0.313
 1384 (vir)     1          -0.724          -3.559          -5.701         -10.311            0.327
 1385 (vir)     1          -0.723          -3.558          -5.645         -10.194            0.267
 1386 (vir)     1          -0.707          -3.533          -5.538         -10.084            0.306
 1387 (vir)     1          -0.702          -3.613          -5.722         -10.339            0.303
 1388 (vir)     1          -0.693          -3.547          -5.612         -10.187            0.335
 1389 (vir)     1          -0.671          -3.592          -5.610         -10.197            0.324
 1390 (vir)     1          -0.658          -3.612          -5.763         -10.422            0.391
 1391 (vir)     1          -0.646          -3.572          -5.646         -10.263            0.399
 1392 (vir)     1          -0.645          -3.658          -5.909         -10.598            0.386
 1393 (vir)     1          -0.643          -3.690          -5.761         -10.428            0.334
 1394 (vir)     1          -0.634          -3.495          -5.371          -9.918            0.418
 1395 (vir)     1          -0.631          -3.602          -5.746         -10.342            0.363
 1396 (vir)     1          -0.621          -3.550          -5.640         -10.253            0.443
 1397 (vir)     1          -0.609          -3.545          -5.363          -9.889            0.372
 1398 (vir)     1          -0.598          -3.590          -5.658         -10.260            0.414
 1399 (vir)     1          -0.594          -3.513          -5.291          -9.766            0.369
 1400 (vir)     1          -0.593          -3.579          -5.622         -10.253            0.459
 1401 (vir)     1          -0.589          -3.546          -5.359          -9.860            0.366
 1402 (vir)     1          -0.582          -3.555          -5.663         -10.234            0.434
 1403 (vir)     1          -0.574          -3.617          -5.643         -10.279            0.445
 1404 (vir)     1          -0.573          -3.649          -5.637         -10.299            0.440
 1405 (vir)     1          -0.560          -3.725          -5.870         -10.580            0.425
 1406 (vir)     1          -0.544          -3.570          -5.593         -10.213            0.506
 1407 (vir)     1          -0.542          -3.683          -5.852         -10.558            0.482
 1408 (vir)     1          -0.533          -3.656          -5.610         -10.267            0.468
 1409 (vir)     1          -0.533          -3.601          -5.645         -10.274            0.495
 1410 (vir)     1          -0.524          -3.562          -5.498         -10.037            0.452
 1411 (vir)     1          -0.518          -3.606          -5.647         -10.212            0.441
 1412 (vir)     1          -0.512          -3.752          -5.975         -10.708            0.469
 1413 (vir)     1          -0.509          -3.626          -5.728         -10.343            0.480
 1414 (vir)     1          -0.506          -3.578          -5.603         -10.167            0.481
 1415 (vir)     1          -0.500          -3.660          -5.625         -10.270            0.485
 1416 (vir)     1          -0.499          -3.635          -5.607         -10.273            0.531
 1417 (vir)     1          -0.498          -3.608          -5.546         -10.127            0.476
 1418 (vir)     1          -0.489          -3.553          -5.357          -9.827            0.428
 1419 (vir)     1          -0.488          -3.707          -5.841         -10.575            0.539
 1420 (vir)     1          -0.466          -3.582          -5.376          -9.947            0.523
 1421 (vir)     1          -0.462          -3.672          -5.704         -10.400            0.562
 1422 (vir)     1          -0.461          -3.454          -5.137          -9.606            0.555
 1423 (vir)     1          -0.458          -3.568          -5.352          -9.908            0.530
 1424 (vir)     1          -0.436          -3.680          -5.563         -10.228            0.549
 1425 (vir)     1          -0.421          -3.586          -5.441         -10.019            0.571
 1426 (vir)     1          -0.416          -3.772          -5.819         -10.522            0.514
 1427 (vir)     1          -0.411          -3.623          -5.549         -10.222            0.639
 1428 (vir)     1          -0.400          -3.772          -5.890         -10.686            0.625
 1429 (vir)     1          -0.398          -3.611          -5.667         -10.287            0.611
 1430 (vir)     1          -0.391          -3.716          -5.640         -10.350            0.604
 1431 (vir)     1          -0.384          -3.689          -5.716         -10.454            0.665
 1432 (vir)     1          -0.384          -3.741          -5.654         -10.349            0.571
 1433 (vir)     1          -0.370          -3.647          -5.542         -10.202            0.644
 1434 (vir)     1          -0.368          -3.958          -6.003         -10.861            0.533
 1435 (vir)     1          -0.361          -3.703          -5.585         -10.253            0.605
 1436 (vir)     1          -0.342          -3.979          -6.083         -10.990            0.585
 1437 (vir)     1          -0.337          -4.097          -6.295         -11.261            0.532
 1438 (vir)     1          -0.321          -3.646          -5.390         -10.017            0.660
 1439 (vir)     1          -0.315          -3.653          -5.453         -10.067            0.646
 1440 (vir)     1          -0.306          -3.657          -5.473         -10.107            0.670
 1441 (vir)     1          -0.299          -3.634          -5.375          -9.987            0.679
 1442 (vir)     1          -0.297          -3.707          -5.561         -10.238            0.673
 1443 (vir)     1          -0.294          -3.690          -5.584         -10.270            0.701
 1444 (vir)     1          -0.281          -3.591          -5.284          -9.809            0.653
 1445 (vir)     1          -0.279          -3.688          -5.613         -10.251            0.671
 1446 (vir)     1          -0.272          -3.716          -5.632         -10.339            0.719
 1447 (vir)     1          -0.266          -3.542          -5.084          -9.483            0.591
 1448 (vir)     1          -0.262          -3.676          -5.550         -10.215            0.727
 1449 (vir)     1          -0.257          -3.635          -5.410         -10.020            0.719
 1450 (vir)     1          -0.240          -3.707          -5.488         -10.129            0.694
 1451 (vir)     1          -0.235          -3.567          -5.176          -9.760            0.783
 1452 (vir)     1          -0.224          -3.714          -5.447         -10.063            0.678
 1453 (vir)     1          -0.220          -3.659          -5.452         -10.107            0.776
 1454 (vir)     1          -0.210          -3.811          -5.743         -10.525            0.761
 1455 (vir)     1          -0.208          -3.697          -5.453         -10.071            0.713
 1456 (vir)     1          -0.201          -3.809          -5.566         -10.296            0.721
 1457 (vir)     1          -0.195          -3.853          -5.640         -10.422            0.733
 1458 (vir)     1          -0.193          -3.823          -5.719         -10.522            0.786
 1459 (vir)     1          -0.184          -3.747          -5.473         -10.160            0.757
 1460 (vir)     1          -0.175          -3.722          -5.447         -10.155            0.812
 1461 (vir)     1          -0.174          -3.718          -5.405         -10.087            0.790
 1462 (vir)     1          -0.160          -3.569          -4.925          -9.360            0.707
 1463 (vir)     1          -0.159          -3.887          -5.768         -10.619            0.805
 1464 (vir)     1          -0.146          -3.878          -5.592         -10.365            0.749
 1465 (vir)     1          -0.132          -3.674          -5.280          -9.917            0.831
 1466 (vir)     1          -0.122          -3.789          -5.509         -10.230            0.810
 1467 (vir)     1          -0.114          -3.717          -5.415         -10.096            0.850
 1468 (vir)     1          -0.105          -3.712          -5.345          -9.998            0.836
 1469 (vir)     1          -0.100          -3.720          -5.379         -10.113            0.914
 1470 (vir)     1          -0.091          -3.667          -5.328          -9.964            0.878
 1471 (vir)     1          -0.078          -3.317          -4.399          -8.552            0.758
 1472 (vir)     1          -0.074          -3.635          -5.191          -9.733            0.833
 1473 (vir)     1          -0.068          -3.697          -5.250          -9.870            0.854
 1474 (vir)     1          -0.064          -3.355          -4.566          -8.795            0.810
 1475 (vir)     1          -0.059          -3.803          -5.538         -10.327            0.926
 1476 (vir)     1          -0.059          -3.671          -5.270          -9.920            0.920
 1477 (vir)     1          -0.052          -3.792          -5.474         -10.250            0.932
 1478 (vir)     1          -0.038          -3.643          -5.146          -9.725            0.899
 1479 (vir)     1          -0.028          -3.567          -4.935          -9.386            0.856
 1480 (vir)     1          -0.022          -3.579          -5.021          -9.576            0.955
 1481 (vir)     1          -0.020          -3.521          -4.819          -9.216            0.856
 1482 (vir)     1          -0.013          -3.545          -4.991          -9.565            1.016
 1483 (vir)     1          -0.009          -3.664          -5.209          -9.868            0.987
 1484 (vir)     1          -0.009          -3.587          -4.952          -9.467            0.920
 1485 (vir)     1          -0.004          -3.798          -5.467         -10.259            0.990
 1486 (vir)     1           0.008          -3.610          -5.018          -9.586            0.965
 1487 (vir)     1           0.017          -3.804          -5.445         -10.166            0.934
 1488 (vir)     1           0.020          -3.848          -5.580         -10.429            1.022
 1489 (vir)     1           0.024          -3.738          -5.366         -10.114            1.034
 1490 (vir)     1           0.027          -2.902          -3.474          -7.161            0.812
 1491 (vir)     1           0.036          -3.517          -4.797          -9.251            0.973
 1492 (vir)     1           0.046          -3.193          -4.112          -8.167            0.908
 1493 (vir)     1           0.052          -3.758          -5.223          -9.891            0.962
 1494 (vir)     1           0.082          -3.364          -4.424          -8.662            0.956
 1495 (vir)     1           0.088          -3.567          -4.946          -9.458            1.033
 1496 (vir)     1           0.090          -3.714          -5.171          -9.822            1.028
 1497 (vir)     1           0.091          -3.598          -4.934          -9.451            1.009
 1498 (vir)     1           0.105          -3.717          -5.183          -9.852            1.056
 1499 (vir)     1           0.114          -3.441          -4.555          -8.911            1.029
 1500 (vir)     1           0.120          -3.324          -4.313          -8.504            0.987
 1501 (vir)     1           0.123          -3.664          -5.038          -9.613            1.034
 1502 (vir)     1           0.136          -3.560          -4.825          -9.310            1.061
 1503 (vir)     1           0.146          -3.057          -3.801          -7.669            0.957
 1504 (vir)     1           0.155          -3.412          -4.444          -8.701            1.000
 1505 (vir)     1           0.162          -3.445          -4.592          -8.946            1.071
 1506 (vir)     1           0.176          -3.568          -4.746          -9.196            1.057
 1507 (vir)     1           0.179          -3.346          -4.323          -8.539            1.049
 1508 (vir)     1           0.189          -3.538          -4.729          -9.178            1.100
 1509 (vir)     1           0.191          -3.530          -4.698          -9.149            1.112
 1510 (vir)     1           0.196          -3.534          -4.775          -9.213            1.100
 1511 (vir)     1           0.225          -3.728          -5.150          -9.885            1.233
 1512 (vir)     1           0.226          -3.411          -4.502          -8.810            1.123
 1513 (vir)     1           0.236          -3.418          -4.490          -8.786            1.114
 1514 (vir)     1           0.240          -3.792          -5.245         -10.001            1.204
 1515 (vir)     1           0.254          -3.551          -4.710          -9.196            1.190
 1516 (vir)     1           0.263          -3.851          -5.352         -10.174            1.234
 1517 (vir)     1           0.269          -3.718          -5.084          -9.780            1.246
 1518 (vir)     1           0.277          -3.815          -5.263         -10.027            1.227
 1519 (vir)     1           0.303          -3.604          -4.882          -9.525            1.342
 1520 (vir)     1           0.319          -3.571          -4.782          -9.350            1.316
 1521 (vir)     1           0.331          -3.557          -4.687          -9.231            1.319
 1522 (vir)     1           0.336          -3.881          -5.339         -10.171            1.286
 1523 (vir)     1           0.341          -3.754          -5.135          -9.875            1.327
 1524 (vir)     1           0.343          -3.650          -4.871          -9.481            1.303
 1525 (vir)     1           0.354          -3.888          -5.419         -10.321            1.368
 1526 (vir)     1           0.356          -3.722          -5.030          -9.713            1.317
 1527 (vir)     1           0.371          -3.954          -5.391         -10.294            1.319
 1528 (vir)     1           0.372          -3.501          -4.505          -8.824            1.190
 1529 (vir)     1           0.378          -3.540          -4.652          -9.134            1.320
 1530 (vir)     1           0.389          -3.668          -4.921          -9.586            1.386
 1531 (vir)     1           0.390          -3.837          -5.016          -9.769            1.305
 1532 (vir)     1           0.392          -3.682          -4.947          -9.654            1.417
 1533 (vir)     1           0.409          -3.577          -4.684          -9.122            1.270
 1534 (vir)     1           0.417          -3.944          -5.127          -9.963            1.309
 1535 (vir)     1           0.426          -3.834          -5.129          -9.933            1.395
 1536 (vir)     1           0.437          -3.617          -4.781          -9.271            1.310
 1537 (vir)     1           0.439          -3.800          -5.038          -9.775            1.376
 1538 (vir)     1           0.448          -3.797          -5.000          -9.744            1.395
 1539 (vir)     1           0.467          -3.677          -4.819          -9.450            1.421
 1540 (vir)     1           0.470          -3.793          -5.030          -9.799            1.446
 1541 (vir)     1           0.484          -3.960          -5.294         -10.219            1.449
 1542 (vir)     1           0.491          -3.589          -4.643          -9.130            1.389
 1543 (vir)     1           0.499          -3.409          -4.352          -8.746            1.483
 1544 (vir)     1           0.515          -3.561          -4.492          -9.046            1.507
 1545 (vir)     1           0.520          -3.905          -5.152         -10.027            1.491
 1546 (vir)     1           0.530          -3.890          -5.115          -9.994            1.519
 1547 (vir)     1           0.548          -3.846          -5.034          -9.822            1.490
 1548 (vir)     1           0.556          -3.875          -5.216         -10.102            1.566
 1549 (vir)     1           0.558          -4.043          -5.390         -10.323            1.448
 1550 (vir)     1           0.581          -3.779          -4.881          -9.618            1.539
 1551 (vir)     1           0.589          -3.784          -4.959          -9.733            1.579
 1552 (vir)     1           0.608          -3.829          -4.947          -9.727            1.559
 1553 (vir)     1           0.615          -3.799          -4.948          -9.647            1.515
 1554 (vir)     1           0.617          -3.843          -4.989          -9.794            1.578
 1555 (vir)     1           0.626          -3.881          -4.951          -9.751            1.545
 1556 (vir)     1           0.626          -3.768          -5.012          -9.730            1.576
 1557 (vir)     1           0.649          -3.704          -4.671          -9.301            1.574
 1558 (vir)     1           0.650          -3.637          -4.604          -9.078            1.488
 1559 (vir)     1           0.666          -3.979          -5.233         -10.182            1.637
 1560 (vir)     1           0.667          -3.872          -5.008          -9.782            1.570
 1561 (vir)     1           0.680          -3.861          -4.953          -9.679            1.544
 1562 (vir)     1           0.684          -3.832          -4.908          -9.686            1.631
 1563 (vir)     1           0.696          -3.903          -5.068          -9.927            1.651
 1564 (vir)     1           0.699          -3.772          -4.809          -9.437            1.555
 1565 (vir)     1           0.709          -4.036          -5.333         -10.350            1.691
 1566 (vir)     1           0.716          -3.935          -5.050          -9.884            1.615
 1567 (vir)     1           0.717          -4.044          -5.276         -10.242            1.639
 1568 (vir)     1           0.719          -3.934          -5.184         -10.046            1.648
 1569 (vir)     1           0.729          -3.859          -5.004          -9.801            1.667
 1570 (vir)     1           0.753          -3.866          -4.992          -9.786            1.681
 1571 (vir)     1           0.760          -3.814          -4.836          -9.571            1.682
 1572 (vir)     1           0.763          -3.890          -5.067          -9.927            1.733
 1573 (vir)     1           0.779          -3.906          -5.035          -9.909            1.748
 1574 (vir)     1           0.783          -3.923          -5.042          -9.903            1.721
 1575 (vir)     1           0.789          -3.949          -5.056          -9.944            1.727
 1576 (vir)     1           0.801          -3.881          -4.967          -9.819            1.771
 1577 (vir)     1           0.812          -3.992          -5.172         -10.113            1.760
 1578 (vir)     1           0.819          -3.852          -4.861          -9.639            1.745
 1579 (vir)     1           0.847          -3.985          -5.036          -9.909            1.736
 1580 (vir)     1           0.861          -3.934          -5.094          -9.995            1.827
 1581 (vir)     1           0.864          -3.883          -4.944          -9.731            1.768
 1582 (vir)     1           0.879          -3.867          -4.826          -9.630            1.816
 1583 (vir)     1           0.882          -3.991          -5.182         -10.130            1.839
 1584 (vir)     1           0.889          -3.897          -4.826          -9.630            1.795
 1585 (vir)     1           0.895          -3.877          -4.899          -9.750            1.869
 1586 (vir)     1           0.913          -3.698          -4.587          -9.251            1.878
 1587 (vir)     1           0.926          -3.763          -4.663          -9.325            1.825
 1588 (vir)     1           0.934          -4.042          -5.102         -10.046            1.835
 1589 (vir)     1           0.942          -3.793          -4.670          -9.301            1.781
 1590 (vir)     1           0.956          -3.912          -4.962          -9.822            1.904
 1591 (vir)     1           0.957          -3.939          -5.083          -9.968            1.903
 1592 (vir)     1           0.974          -3.970          -4.978          -9.784            1.811
 1593 (vir)     1           0.980          -3.850          -4.742          -9.403            1.791
 1594 (vir)     1           0.982          -3.750          -4.581          -9.248            1.900
 1595 (vir)     1           0.988          -3.814          -4.678          -9.369            1.864
 1596 (vir)     1           0.999          -4.070          -5.212         -10.217            1.934
 1597 (vir)     1           1.007          -3.837          -4.716          -9.486            1.940
 1598 (vir)     1           1.011          -3.961          -4.999          -9.902            1.953
 1599 (vir)     1           1.014          -3.801          -4.722          -9.450            1.942
 1600 (vir)     1           1.035          -4.008          -5.083         -10.056            1.999
 1601 (vir)     1           1.037          -3.937          -4.879          -9.753            1.974
 1602 (vir)     1           1.044          -3.994          -5.030          -9.984            2.004
 1603 (vir)     1           1.074          -4.081          -5.104         -10.106            1.995
 1604 (vir)     1           1.078          -3.482          -4.010          -8.410            1.997
 1605 (vir)     1           1.082          -3.844          -4.732          -9.533            2.038
 1606 (vir)     1           1.105          -3.710          -4.459          -9.067            2.003
 1607 (vir)     1           1.124          -3.381          -4.022          -8.287            2.008
 1608 (vir)     1           1.128          -3.318          -3.930          -8.195            2.076
 1609 (vir)     1           1.140          -3.561          -4.194          -8.646            2.031
 1610 (vir)     1           1.148          -3.720          -4.375          -8.997            2.050
 1611 (vir)     1           1.149          -3.493          -4.090          -8.463            2.030
 1612 (vir)     1           1.169          -3.723          -4.479          -9.120            2.086
 1613 (vir)     1           1.170          -3.631          -4.263          -8.745            2.022
 1614 (vir)     1           1.174          -3.532          -4.018          -8.409            2.032
 1615 (vir)     1           1.188          -3.205          -3.515          -7.536            2.003
 1616 (vir)     1           1.192          -3.879          -4.706          -9.498            2.105
 1617 (vir)     1           1.195          -3.239          -3.718          -7.848            2.086
 1618 (vir)     1           1.203          -3.337          -3.828          -8.043            2.081
 1619 (vir)     1           1.213          -3.273          -3.672          -7.801            2.069
 1620 (vir)     1           1.221          -3.293          -3.737          -7.898            2.089
 1621 (vir)     1           1.225          -2.956          -3.139          -6.944            2.074
 1622 (vir)     1           1.227          -2.801          -2.772          -6.333            1.988
 1623 (vir)     1           1.239          -3.359          -3.754          -7.890            2.017
 1624 (vir)     1           1.248          -3.507          -3.973          -8.397            2.166
 1625 (vir)     1           1.250          -3.263          -3.675          -7.817            2.128
 1626 (vir)     1           1.251          -3.705          -4.411          -9.004            2.139
 1627 (vir)     1           1.257          -3.027          -3.217          -7.077            2.090
 1628 (vir)     1           1.269          -3.629          -4.264          -8.771            2.147
 1629 (vir)     1           1.284          -3.585          -4.068          -8.530            2.161
 1630 (vir)     1           1.297          -3.506          -3.938          -8.326            2.180
 1631 (vir)     1           1.301          -3.876          -4.662          -9.396            2.159
 1632 (vir)     1           1.302          -3.582          -4.069          -8.511            2.162
 1633 (vir)     1           1.304          -2.764          -2.728          -6.293            2.105
 1634 (vir)     1           1.311          -3.433          -3.760          -7.920            2.038
 1635 (vir)     1           1.312          -3.153          -3.375          -7.358            2.142
 1636 (vir)     1           1.329          -3.074          -3.267          -7.171            2.159
 1637 (vir)     1           1.333          -3.095          -3.307          -7.279            2.209
 1638 (vir)     1           1.343          -3.261          -3.463          -7.573            2.191
 1639 (vir)     1           1.352          -3.414          -3.834          -8.104            2.208
 1640 (vir)     1           1.354          -3.189          -3.527          -7.587            2.226
 1641 (vir)     1           1.363          -3.307          -3.597          -7.732            2.191
 1642 (vir)     1           1.371          -3.276          -3.536          -7.674            2.233
 1643 (vir)     1           1.373          -3.080          -3.223          -7.157            2.226
 1644 (vir)     1           1.378          -3.490          -3.899          -8.230            2.219
 1645 (vir)     1           1.384          -2.960          -3.055          -6.873            2.243
 1646 (vir)     1           1.388          -3.407          -3.735          -7.982            2.228
 1647 (vir)     1           1.392          -2.925          -2.914          -6.549            2.102
 1648 (vir)     1           1.410          -3.181          -3.419          -7.494            2.304
 1649 (vir)     1           1.412          -3.143          -3.357          -7.358            2.269
 1650 (vir)     1           1.424          -3.067          -3.203          -7.111            2.265
 1651 (vir)     1           1.427          -3.081          -3.222          -7.165            2.287
 1652 (vir)     1           1.449          -3.340          -3.523          -7.659            2.244
 1653 (vir)     1           1.454          -3.202          -3.407          -7.406            2.250
 1654 (vir)     1           1.459          -3.208          -3.355          -7.394            2.290
 1655 (vir)     1           1.462          -3.533          -3.874          -8.257            2.312
 1656 (vir)     1           1.464          -3.274          -3.479          -7.569            2.280
 1657 (vir)     1           1.473          -2.827          -2.814          -6.493            2.325
 1658 (vir)     1           1.481          -2.887          -2.884          -6.622            2.333
 1659 (vir)     1           1.491          -3.522          -3.834          -8.186            2.320
 1660 (vir)     1           1.501          -2.893          -2.902          -6.666            2.371
 1661 (vir)     1           1.501          -3.804          -4.273          -8.847            2.271
 1662 (vir)     1           1.509          -2.947          -2.879          -6.631            2.313
 1663 (vir)     1           1.509          -3.692          -4.063          -8.586            2.341
 1664 (vir)     1           1.525          -3.204          -3.405          -7.480            2.396
 1665 (vir)     1           1.530          -3.701          -4.068          -8.562            2.324
 1666 (vir)     1           1.538          -3.636          -3.951          -8.397            2.348
 1667 (vir)     1           1.559          -3.094          -3.139          -7.043            2.369
 1668 (vir)     1           1.561          -2.858          -2.741          -6.421            2.382
 1669 (vir)     1           1.569          -3.379          -3.542          -7.778            2.425
 1670 (vir)     1           1.574          -3.356          -3.506          -7.578            2.289
 1671 (vir)     1           1.580          -3.480          -3.670          -8.006            2.435
 1672 (vir)     1           1.586          -3.620          -3.915          -8.372            2.423
 1673 (vir)     1           1.601          -3.029          -3.068          -6.937            2.440
 1674 (vir)     1           1.610          -2.926          -2.919          -6.685            2.450
 1675 (vir)     1           1.619          -2.986          -2.999          -6.802            2.436
 1676 (vir)     1           1.623          -2.983          -2.881          -6.648            2.407
 1677 (vir)     1           1.627          -3.060          -2.967          -6.778            2.377
 1678 (vir)     1           1.633          -2.949          -2.843          -6.554            2.394
 1679 (vir)     1           1.639          -3.454          -3.595          -7.861            2.451
 1680 (vir)     1           1.646          -3.481          -3.656          -7.936            2.445
 1681 (vir)     1           1.652          -2.954          -2.971          -6.776            2.503
 1682 (vir)     1           1.666          -3.198          -3.319          -7.349            2.499
 1683 (vir)     1           1.667          -3.087          -3.110          -7.013            2.483
 1684 (vir)     1           1.674          -2.955          -2.866          -6.641            2.494
 1685 (vir)     1           1.675          -3.489          -3.741          -8.025            2.470
 1686 (vir)     1           1.683          -3.089          -3.110          -6.995            2.478
 1687 (vir)     1           1.690          -3.368          -3.556          -7.765            2.532
 1688 (vir)     1           1.706          -2.865          -2.452          -6.077            2.466
 1689 (vir)     1           1.706          -2.995          -2.942          -6.735            2.504
 1690 (vir)     1           1.718          -3.011          -2.973          -6.821            2.554
 1691 (vir)     1           1.731          -2.881          -2.670          -6.362            2.542
 1692 (vir)     1           1.734          -2.895          -2.679          -6.342            2.503
 1693 (vir)     1           1.743          -2.987          -2.812          -6.562            2.506
 1694 (vir)     1           1.755          -3.030          -3.023          -6.876            2.578
 1695 (vir)     1           1.760          -2.923          -2.833          -6.552            2.556
 1696 (vir)     1           1.765          -3.089          -3.079          -6.974            2.570
 1697 (vir)     1           1.771          -3.170          -3.178          -7.139            2.562
 1698 (vir)     1           1.771          -3.046          -2.984          -6.860            2.601
 1699 (vir)     1           1.775          -3.178          -3.276          -7.294            2.615
 1700 (vir)     1           1.777          -3.415          -3.625          -7.860            2.597
 1701 (vir)     1           1.787          -3.136          -3.064          -6.983            2.570
 1702 (vir)     1           1.787          -2.756          -2.483          -6.029            2.576
 1703 (vir)     1           1.793          -2.946          -2.912          -6.689            2.624
 1704 (vir)     1           1.802          -2.970          -2.902          -6.656            2.587
 1705 (vir)     1           1.804          -2.912          -2.657          -6.347            2.582
 1706 (vir)     1           1.804          -3.080          -3.089          -7.008            2.642
 1707 (vir)     1           1.814          -2.989          -2.922          -6.719            2.622
 1708 (vir)     1           1.814          -2.921          -2.743          -6.464            2.613
 1709 (vir)     1           1.818          -2.905          -2.768          -6.455            2.600
 1710 (vir)     1           1.825          -2.877          -2.687          -6.378            2.639
 1711 (vir)     1           1.825          -3.096          -3.034          -6.940            2.635
 1712 (vir)     1           1.836          -2.817          -2.521          -6.106            2.604
 1713 (vir)     1           1.843          -3.133          -3.047          -6.968            2.631
 1714 (vir)     1           1.848          -2.997          -2.870          -6.687            2.669
 1715 (vir)     1           1.849          -2.969          -2.862          -6.647            2.664
 1716 (vir)     1           1.860          -2.964          -2.934          -6.758            2.720
 1717 (vir)     1           1.860          -3.193          -3.194          -7.197            2.670
 1718 (vir)     1           1.868          -2.935          -2.882          -6.644            2.695
 1719 (vir)     1           1.878          -3.044          -2.934          -6.767            2.666
 1720 (vir)     1           1.885          -2.833          -2.687          -6.354            2.719
 1721 (vir)     1           1.890          -3.141          -2.995          -6.913            2.668
 1722 (vir)     1           1.893          -2.963          -2.772          -6.535            2.693
 1723 (vir)     1           1.895          -3.031          -2.856          -6.716            2.724
 1724 (vir)     1           1.907          -2.902          -2.687          -6.419            2.737
 1725 (vir)     1           1.920          -3.187          -3.072          -7.069            2.730
 1726 (vir)     1           1.922          -3.174          -3.090          -7.094            2.753
 1727 (vir)     1           1.925          -2.727          -2.486          -6.043            2.755
 1728 (vir)     1           1.925          -3.155          -3.071          -7.041            2.741
 1729 (vir)     1           1.938          -3.260          -3.199          -7.280            2.759
 1730 (vir)     1           1.941          -3.006          -2.924          -6.797            2.807
 1731 (vir)     1           1.950          -3.138          -2.977          -6.875            2.709
 1732 (vir)     1           1.953          -3.102          -3.006          -6.939            2.784
 1733 (vir)     1           1.957          -3.120          -2.968          -6.918            2.788
 1734 (vir)     1           1.963          -2.948          -2.781          -6.571            2.804
 1735 (vir)     1           1.972          -3.046          -2.875          -6.780            2.831
 1736 (vir)     1           1.983          -3.011          -2.764          -6.593            2.801
 1737 (vir)     1           1.986          -2.955          -2.761          -6.528            2.799
 1738 (vir)     1           1.994          -2.929          -2.725          -6.501            2.841
 1739 (vir)     1           1.996          -3.061          -2.859          -6.730            2.806
 1740 (vir)     1           2.005          -2.994          -2.752          -6.558            2.817
 1741 (vir)     1           2.005          -3.374          -3.381          -7.564            2.815
 1742 (vir)     1           2.022          -3.631          -3.717          -8.146            2.820
 1743 (vir)     1           2.025          -3.012          -2.707          -6.508            2.814
 1744 (vir)     1           2.029          -2.915          -2.605          -6.323            2.832
 1745 (vir)     1           2.032          -3.075          -2.841          -6.718            2.833
 1746 (vir)     1           2.032          -2.934          -2.722          -6.479            2.855
 1747 (vir)     1           2.039          -3.068          -2.793          -6.654            2.831
 1748 (vir)     1           2.047          -3.063          -2.803          -6.662            2.843
 1749 (vir)     1           2.051          -3.010          -2.841          -6.676            2.875
 1750 (vir)     1           2.055          -2.893          -2.464          -6.150            2.847
 1751 (vir)     1           2.058          -2.877          -2.576          -6.254            2.859
 1752 (vir)     1           2.062          -2.926          -2.648          -6.390            2.879
 1753 (vir)     1           2.073          -3.016          -2.711          -6.519            2.866
 1754 (vir)     1           2.082          -2.964          -2.483          -6.222            2.858
 1755 (vir)     1           2.083          -3.005          -2.670          -6.483            2.890
 1756 (vir)     1           2.089          -2.962          -2.546          -6.300            2.881
 1757 (vir)     1           2.098          -2.933          -2.493          -6.211            2.883
 1758 (vir)     1           2.104          -3.102          -2.817          -6.699            2.885
 1759 (vir)     1           2.112          -3.062          -2.722          -6.562            2.890
 1760 (vir)     1           2.117          -2.868          -2.574          -6.284            2.960
 1761 (vir)     1           2.123          -3.098          -2.827          -6.720            2.919
 1762 (vir)     1           2.132          -3.075          -2.860          -6.780            2.976
 1763 (vir)     1           2.134          -3.008          -2.624          -6.440            2.943
 1764 (vir)     1           2.154          -2.935          -2.754          -6.514            2.979
 1765 (vir)     1           2.157          -2.975          -2.563          -6.335            2.954
 1766 (vir)     1           2.165          -3.035          -2.735          -6.601            2.996
 1767 (vir)     1           2.177          -3.016          -2.610          -6.414            2.965
 1768 (vir)     1           2.178          -2.807          -2.449          -6.079            3.000
 1769 (vir)     1           2.189          -2.914          -2.390          -6.094            2.979
 1770 (vir)     1           2.189          -3.120          -2.845          -6.805            3.029
 1771 (vir)     1           2.193          -3.055          -2.766          -6.630            3.003
 1772 (vir)     1           2.200          -2.959          -2.846          -6.702            3.098
 1773 (vir)     1           2.203          -3.070          -2.759          -6.653            3.027
 1774 (vir)     1           2.212          -3.119          -2.771          -6.697            3.018
 1775 (vir)     1           2.218          -2.979          -2.888          -6.664            3.014
 1776 (vir)     1           2.223          -3.050          -2.775          -6.656            3.053
 1777 (vir)     1           2.224          -3.075          -2.745          -6.629            3.032
 1778 (vir)     1           2.240          -3.078          -2.711          -6.596            3.048
 1779 (vir)     1           2.243          -3.123          -2.745          -6.658            3.034
 1780 (vir)     1           2.244          -3.129          -2.733          -6.668            3.050
 1781 (vir)     1           2.249          -3.139          -2.699          -6.619            3.029
 1782 (vir)     1           2.262          -3.111          -2.717          -6.610            3.044
 1783 (vir)     1           2.265          -3.179          -2.848          -6.823            3.061
 1784 (vir)     1           2.267          -3.522          -3.419          -7.742            3.068
 1785 (vir)     1           2.276          -3.146          -2.757          -6.661            3.035
 1786 (vir)     1           2.279          -3.074          -2.655          -6.525            3.076
 1787 (vir)     1           2.287          -3.082          -2.573          -6.406            3.037
 1788 (vir)     1           2.290          -3.086          -2.629          -6.480            3.054
 1789 (vir)     1           2.301          -3.048          -2.735          -6.624            3.142
 1790 (vir)     1           2.304          -3.463          -3.191          -7.428            3.077
 1791 (vir)     1           2.313          -3.115          -2.681          -6.587            3.103
 1792 (vir)     1           2.317          -3.132          -2.682          -6.562            3.065
 1793 (vir)     1           2.321          -3.108          -2.816          -6.748            3.144
 1794 (vir)     1           2.329          -3.171          -2.792          -6.732            3.098
 1795 (vir)     1           2.342          -3.165          -2.887          -6.871            3.161
 1796 (vir)     1           2.347          -3.271          -2.961          -7.026            3.140
 1797 (vir)     1           2.350          -3.062          -2.564          -6.404            3.128
 1798 (vir)     1           2.351          -3.211          -2.886          -6.884            3.138
 1799 (vir)     1           2.357          -3.135          -2.763          -6.678            3.137
 1800 (vir)     1           2.363          -3.100          -2.631          -6.499            3.131
 1801 (vir)     1           2.372          -3.299          -2.924          -6.988            3.138
 1802 (vir)     1           2.377          -3.012          -2.621          -6.432            3.176
 1803 (vir)     1           2.380          -3.379          -3.119          -7.280            3.163
 1804 (vir)     1           2.387          -3.016          -2.705          -6.552            3.217
 1805 (vir)     1           2.395          -3.135          -2.681          -6.565            3.144
 1806 (vir)     1           2.396          -3.266          -2.943          -6.984            3.172
 1807 (vir)     1           2.406          -3.112          -2.796          -6.727            3.225
 1808 (vir)     1           2.408          -3.185          -2.766          -6.741            3.198
 1809 (vir)     1           2.412          -3.105          -2.614          -6.480            3.172
 1810 (vir)     1           2.415          -3.181          -2.713          -6.662            3.184
 1811 (vir)     1           2.421          -3.241          -2.916          -6.956            3.219
 1812 (vir)     1           2.432          -3.113          -2.730          -6.642            3.231
 1813 (vir)     1           2.445          -3.200          -2.852          -6.830            3.223
 1814 (vir)     1           2.448          -3.210          -2.901          -6.934            3.270
 1815 (vir)     1           2.451          -3.091          -2.645          -6.515            3.231
 1816 (vir)     1           2.453          -3.081          -2.597          -6.471            3.247
 1817 (vir)     1           2.455          -3.071          -2.660          -6.543            3.267
 1818 (vir)     1           2.459          -3.013          -2.573          -6.398            3.270
 1819 (vir)     1           2.462          -3.159          -2.849          -6.799            3.253
 1820 (vir)     1           2.467          -3.171          -2.775          -6.727            3.248
 1821 (vir)     1           2.468          -3.106          -2.768          -6.648            3.242
 1822 (vir)     1           2.481          -3.199          -2.840          -6.820            3.262
 1823 (vir)     1           2.481          -3.179          -2.746          -6.713            3.269
 1824 (vir)     1           2.484          -3.187          -2.782          -6.744            3.258
 1825 (vir)     1           2.491          -3.167          -2.733          -6.691            3.282
 1826 (vir)     1           2.496          -3.335          -3.034          -7.183            3.310
 1827 (vir)     1           2.498          -3.232          -2.890          -6.929            3.305
 1828 (vir)     1           2.506          -3.206          -2.800          -6.785            3.285
 1829 (vir)     1           2.513          -3.097          -2.676          -6.593            3.333
 1830 (vir)     1           2.519          -3.215          -2.784          -6.796            3.316
 1831 (vir)     1           2.520          -3.363          -3.112          -7.300            3.346
 1832 (vir)     1           2.524          -3.162          -2.777          -6.742            3.327
 1833 (vir)     1           2.533          -3.145          -2.739          -6.680            3.329
 1834 (vir)     1           2.536          -3.140          -2.721          -6.675            3.350
 1835 (vir)     1           2.551          -3.182          -2.762          -6.761            3.369
 1836 (vir)     1           2.554          -3.354          -3.105          -7.273            3.368
 1837 (vir)     1           2.554          -3.155          -2.758          -6.745            3.386
 1838 (vir)     1           2.558          -3.191          -2.772          -6.763            3.359
 1839 (vir)     1           2.560          -3.189          -2.818          -6.836            3.390
 1840 (vir)     1           2.562          -3.216          -2.913          -6.931            3.364
 1841 (vir)     1           2.564          -3.319          -3.013          -7.148            3.380
 1842 (vir)     1           2.574          -3.218          -2.850          -6.847            3.353
 1843 (vir)     1           2.575          -3.185          -2.747          -6.715            3.358
 1844 (vir)     1           2.583          -3.139          -2.685          -6.639            3.398
 1845 (vir)     1           2.588          -3.349          -3.055          -7.182            3.365
 1846 (vir)     1           2.596          -3.159          -2.781          -6.721            3.376
 1847 (vir)     1           2.602          -3.303          -2.860          -6.957            3.395
 1848 (vir)     1           2.603          -3.170          -2.854          -6.819            3.399
 1849 (vir)     1           2.615          -3.224          -2.778          -6.784            3.397
 1850 (vir)     1           2.618          -3.071          -2.541          -6.395            3.401
 1851 (vir)     1           2.621          -3.345          -2.894          -6.981            3.362
 1852 (vir)     1           2.625          -3.368          -3.005          -7.164            3.415
 1853 (vir)     1           2.627          -3.044          -2.527          -6.366            3.422
 1854 (vir)     1           2.636          -3.252          -2.893          -6.991            3.483
 1855 (vir)     1           2.639          -3.286          -3.012          -7.176            3.517
 1856 (vir)     1           2.644          -3.153          -2.884          -6.911            3.518
 1857 (vir)     1           2.652          -3.215          -2.922          -6.971            3.487
 1858 (vir)     1           2.656          -3.246          -2.838          -6.903            3.475
 1859 (vir)     1           2.656          -3.237          -2.988          -7.023            3.453
 1860 (vir)     1           2.662          -3.257          -2.836          -6.866            3.435
 1861 (vir)     1           2.672          -3.439          -3.382          -7.622            3.473
 1862 (vir)     1           2.675          -3.349          -3.067          -7.239            3.497
 1863 (vir)     1           2.676          -3.076          -2.744          -6.681            3.536
 1864 (vir)     1           2.686          -3.298          -2.898          -7.016            3.506
 1865 (vir)     1           2.689          -3.138          -2.642          -6.596            3.506
 1866 (vir)     1           2.690          -3.114          -2.646          -6.547            3.477
 1867 (vir)     1           2.694          -3.161          -2.780          -6.776            3.529
 1868 (vir)     1           2.705          -3.262          -2.895          -6.983            3.530
 1869 (vir)     1           2.712          -3.270          -2.844          -6.927            3.524
 1870 (vir)     1           2.720          -3.142          -2.682          -6.625            3.521
 1871 (vir)     1           2.729          -3.191          -2.817          -6.858            3.581
 1872 (vir)     1           2.732          -3.123          -2.668          -6.642            3.583
 1873 (vir)     1           2.737          -3.250          -2.780          -6.820            3.527
 1874 (vir)     1           2.738          -3.185          -2.798          -6.796            3.551
 1875 (vir)     1           2.740          -3.262          -2.827          -6.915            3.566
 1876 (vir)     1           2.751          -3.303          -3.150          -7.269            3.567
 1877 (vir)     1           2.755          -3.198          -2.785          -6.820            3.591
 1878 (vir)     1           2.761          -3.255          -2.884          -6.965            3.587
 1879 (vir)     1           2.764          -3.282          -2.908          -7.011            3.585
 1880 (vir)     1           2.767          -3.243          -2.839          -6.953            3.638
 1881 (vir)     1           2.772          -3.285          -2.992          -7.157            3.651
 1882 (vir)     1           2.777          -3.258          -2.890          -6.996            3.625
 1883 (vir)     1           2.781          -3.341          -2.976          -7.178            3.642
 1884 (vir)     1           2.786          -3.352          -3.010          -7.199            3.624
 1885 (vir)     1           2.796          -3.355          -3.105          -7.350            3.685
 1886 (vir)     1           2.803          -3.229          -2.796          -6.851            3.629
 1887 (vir)     1           2.805          -3.276          -2.863          -6.971            3.637
 1888 (vir)     1           2.812          -3.218          -2.840          -6.955            3.708
 1889 (vir)     1           2.817          -3.474          -3.282          -7.594            3.655
 1890 (vir)     1           2.822          -3.249          -2.821          -6.908            3.660
 1891 (vir)     1           2.824          -3.306          -2.924          -7.048            3.642
 1892 (vir)     1           2.825          -3.487          -3.411          -7.731            3.658
 1893 (vir)     1           2.832          -3.408          -3.109          -7.356            3.671
 1894 (vir)     1           2.835          -3.317          -2.925          -7.089            3.682
 1895 (vir)     1           2.835          -3.428          -3.185          -7.453            3.674
 1896 (vir)     1           2.847          -3.316          -2.827          -6.949            3.652
 1897 (vir)     1           2.851          -3.295          -2.969          -7.103            3.691
 1898 (vir)     1           2.853          -3.376          -2.916          -7.093            3.654
 1899 (vir)     1           2.862          -3.407          -3.091          -7.371            3.735
 1900 (vir)     1           2.863          -3.317          -2.892          -7.038            3.693
 1901 (vir)     1           2.869          -3.416          -2.986          -7.250            3.717
 1902 (vir)     1           2.874          -3.516          -3.211          -7.565            3.712
 1903 (vir)     1           2.875          -3.367          -2.820          -6.937            3.625
 1904 (vir)     1           2.885          -3.402          -2.965          -7.170            3.687
 1905 (vir)     1           2.888          -3.407          -2.942          -7.161            3.699
 1906 (vir)     1           2.895          -3.504          -3.124          -7.428            3.696
 1907 (vir)     1           2.899          -3.354          -2.796          -6.917            3.665
 1908 (vir)     1           2.909          -3.398          -3.060          -7.291            3.742
 1909 (vir)     1           2.910          -3.342          -2.881          -7.037            3.724
 1910 (vir)     1           2.912          -3.258          -2.757          -6.855            3.751
 1911 (vir)     1           2.916          -3.383          -2.951          -7.171            3.753
 1912 (vir)     1           2.922          -3.226          -2.738          -6.807            3.766
 1913 (vir)     1           2.930          -3.389          -2.994          -7.230            3.777
 1914 (vir)     1           2.942          -3.377          -2.986          -7.221            3.799
 1915 (vir)     1           2.943          -3.369          -2.971          -7.192            3.795
 1916 (vir)     1           2.947          -3.372          -3.007          -7.223            3.791
 1917 (vir)     1           2.948          -3.367          -2.900          -7.077            3.759
 1918 (vir)     1           2.951          -3.470          -3.172          -7.490            3.799
 1919 (vir)     1           2.958          -3.431          -3.047          -7.336            3.816
 1920 (vir)     1           2.958          -3.543          -3.233          -7.636            3.818
 1921 (vir)     1           2.959          -3.389          -3.130          -7.417            3.857
 1922 (vir)     1           2.970          -3.338          -3.070          -7.317            3.879
 1923 (vir)     1           2.971          -3.493          -3.364          -7.753            3.867
 1924 (vir)     1           2.978          -3.373          -2.999          -7.255            3.861
 1925 (vir)     1           2.982          -3.283          -2.855          -7.017            3.860
 1926 (vir)     1           2.988          -3.328          -2.904          -7.078            3.834
 1927 (vir)     1           2.990          -3.230          -2.765          -6.846            3.840
 1928 (vir)     1           2.994          -3.396          -3.058          -7.329            3.870
 1929 (vir)     1           2.999          -3.280          -2.822          -6.956            3.853
 1930 (vir)     1           3.002          -3.276          -2.829          -6.975            3.871
 1931 (vir)     1           3.008          -3.336          -2.953          -7.165            3.883
 1932 (vir)     1           3.015          -3.442          -3.007          -7.256            3.822
 1933 (vir)     1           3.019          -3.473          -3.072          -7.389            3.863
 1934 (vir)     1           3.028          -3.447          -3.066          -7.388            3.904
 1935 (vir)     1           3.030          -3.434          -3.049          -7.359            3.906
 1936 (vir)     1           3.037          -3.403          -2.827          -7.012            3.819
 1937 (vir)     1           3.042          -3.401          -2.871          -7.070            3.840
 1938 (vir)     1           3.049          -3.326          -2.898          -7.075            3.901
 1939 (vir)     1           3.057          -3.298          -2.730          -6.835            3.865
 1940 (vir)     1           3.059          -3.293          -2.744          -6.842            3.864
 1941 (vir)     1           3.065          -3.312          -2.795          -6.922            3.879
 1942 (vir)     1           3.073          -3.271          -2.760          -6.876            3.918
 1943 (vir)     1           3.083          -3.348          -2.735          -6.842            3.842
 1944 (vir)     1           3.095          -3.377          -2.823          -6.995            3.890
 1945 (vir)     1           3.100          -3.417          -2.962          -7.226            3.948
 1946 (vir)     1           3.107          -3.250          -2.781          -6.891            3.967
 1947 (vir)     1           3.113          -3.389          -2.742          -6.867            3.849
 1948 (vir)     1           3.116          -3.438          -2.824          -6.998            3.853
 1949 (vir)     1           3.124          -3.262          -2.722          -6.813            3.953
 1950 (vir)     1           3.128          -3.409          -2.877          -7.083            3.924
 1951 (vir)     1           3.128          -3.455          -2.960          -7.205            3.918
 1952 (vir)     1           3.130          -3.337          -2.890          -7.072            3.976
 1953 (vir)     1           3.140          -3.432          -2.916          -7.149            3.942
 1954 (vir)     1           3.140          -3.308          -2.853          -7.059            4.037
 1955 (vir)     1           3.144          -3.324          -2.632          -6.705            3.893
 1956 (vir)     1           3.150          -3.434          -2.798          -6.969            3.887
 1957 (vir)     1           3.152          -3.379          -2.908          -7.142            4.008
 1958 (vir)     1           3.166          -3.276          -2.777          -6.920            4.033
 1959 (vir)     1           3.167          -3.311          -2.767          -6.924            4.013
 1960 (vir)     1           3.177          -3.320          -2.844          -7.033            4.047
 1961 (vir)     1           3.177          -3.297          -2.825          -7.000            4.056
 1962 (vir)     1           3.182          -3.225          -2.681          -6.783            4.059
 1963 (vir)     1           3.184          -3.269          -2.689          -6.788            4.014
 1964 (vir)     1           3.202          -3.343          -2.869          -7.097            4.088
 1965 (vir)     1           3.204          -3.275          -2.806          -6.964            4.087
 1966 (vir)     1           3.204          -3.283          -2.767          -6.931            4.085
 1967 (vir)     1           3.216          -3.305          -2.751          -6.889            4.049
 1968 (vir)     1           3.218          -3.387          -2.930          -7.197            4.097
 1969 (vir)     1           3.219          -3.430          -3.043          -7.381            4.128
 1970 (vir)     1           3.222          -3.248          -2.806          -6.971            4.139
 1971 (vir)     1           3.231          -3.369          -2.893          -7.145            4.114
 1972 (vir)     1           3.232          -3.334          -2.639          -6.761            4.020
 1973 (vir)     1           3.234          -3.342          -2.776          -6.963            4.079
 1974 (vir)     1           3.237          -3.427          -2.991          -7.308            4.127
 1975 (vir)     1           3.249          -3.334          -2.812          -7.021            4.124
 1976 (vir)     1           3.254          -3.520          -3.119          -7.534            4.150
 1977 (vir)     1           3.256          -3.460          -2.964          -7.268            4.100
 1978 (vir)     1           3.258          -3.364          -2.931          -7.206            4.170
 1979 (vir)     1           3.265          -3.302          -2.778          -6.958            4.143
 1980 (vir)     1           3.272          -3.251          -2.725          -6.859            4.154
 1981 (vir)     1           3.278          -3.306          -2.850          -7.067            4.189
 1982 (vir)     1           3.286          -3.408          -2.943          -7.236            4.171
 1983 (vir)     1           3.292          -3.342          -2.868          -7.108            4.190
 1984 (vir)     1           3.303          -3.312          -2.790          -6.982            4.183
 1985 (vir)     1           3.306          -3.397          -2.903          -7.170            4.176
 1986 (vir)     1           3.311          -3.397          -2.993          -7.327            4.248
 1987 (vir)     1           3.322          -3.362          -2.883          -7.141            4.219
 1988 (vir)     1           3.327          -3.462          -3.086          -7.489            4.268
 1989 (vir)     1           3.329          -3.441          -3.040          -7.408            4.257
 1990 (vir)     1           3.331          -3.485          -3.094          -7.441            4.193
 1991 (vir)     1           3.339          -3.466          -3.113          -7.521            4.281
 1992 (vir)     1           3.345          -3.447          -2.993          -7.337            4.242
 1993 (vir)     1           3.349          -3.551          -3.211          -7.670            4.257
 1994 (vir)     1           3.364          -3.445          -3.005          -7.339            4.252
 1995 (vir)     1           3.370          -3.616          -3.231          -7.738            4.262
 1996 (vir)     1           3.378          -3.355          -2.921          -7.217            4.319
 1997 (vir)     1           3.381          -3.411          -2.994          -7.356            4.332
 1998 (vir)     1           3.384          -3.568          -3.204          -7.681            4.293
 1999 (vir)     1           3.387          -3.523          -3.047          -7.461            4.278
 2000 (vir)     1           3.397          -3.572          -3.147          -7.625            4.303
 2001 (vir)     1           3.400          -3.523          -3.087          -7.508            4.298
 2002 (vir)     1           3.405          -3.337          -2.788          -6.996            4.276
 2003 (vir)     1           3.410          -3.697          -3.284          -7.853            4.282
 2004 (vir)     1           3.413          -3.546          -3.121          -7.555            4.300
 2005 (vir)     1           3.417          -3.570          -3.248          -7.791            4.390
 2006 (vir)     1           3.423          -3.464          -3.043          -7.428            4.345
 2007 (vir)     1           3.423          -3.508          -3.128          -7.578            4.365
 2008 (vir)     1           3.430          -3.394          -2.979          -7.327            4.384
 2009 (vir)     1           3.434          -3.610          -3.187          -7.681            4.318
 2010 (vir)     1           3.438          -3.691          -3.304          -7.888            4.331
 2011 (vir)     1           3.441          -3.493          -3.086          -7.511            4.374
 2012 (vir)     1           3.442          -3.653          -3.296          -7.861            4.354
 2013 (vir)     1           3.450          -3.573          -3.190          -7.675            4.362
 2014 (vir)     1           3.452          -3.691          -3.356          -7.960            4.365
 2015 (vir)     1           3.454          -3.537          -3.100          -7.554            4.371
 2016 (vir)     1           3.464          -3.590          -3.111          -7.615            4.378
 2017 (vir)     1           3.477          -3.499          -3.076          -7.482            4.384
 2018 (vir)     1           3.481          -3.626          -3.129          -7.601            4.328
 2019 (vir)     1           3.487          -3.870          -3.535          -8.209            4.292
 2020 (vir)     1           3.490          -3.561          -3.134          -7.583            4.377
 2021 (vir)     1           3.501          -3.580          -3.127          -7.596            4.390
 2022 (vir)     1           3.511          -3.754          -3.371          -7.997            4.382
 2023 (vir)     1           3.512          -3.432          -2.876          -7.190            4.395
 2024 (vir)     1           3.513          -3.633          -3.196          -7.745            4.429
 2025 (vir)     1           3.526          -3.488          -3.014          -7.425            4.450
 2026 (vir)     1           3.535          -3.650          -3.143          -7.655            4.397
 2027 (vir)     1           3.539          -3.669          -3.206          -7.740            4.404
 2028 (vir)     1           3.545          -3.437          -2.898          -7.244            4.453
 2029 (vir)     1           3.563          -3.590          -3.118          -7.582            4.437
 2030 (vir)     1           3.565          -3.478          -2.852          -7.168            4.403
 2031 (vir)     1           3.565          -3.747          -3.208          -7.756            4.366
 2032 (vir)     1           3.577          -3.604          -3.080          -7.566            4.458
 2033 (vir)     1           3.577          -3.750          -3.232          -7.802            4.396
 2034 (vir)     1           3.588          -3.656          -3.186          -7.715            4.460
 2035 (vir)     1           3.593          -3.650          -3.219          -7.788            4.512
 2036 (vir)     1           3.603          -3.403          -2.797          -7.051            4.455
 2037 (vir)     1           3.610          -3.644          -3.105          -7.602            4.463
 2038 (vir)     1           3.616          -3.793          -3.301          -7.913            4.434
 2039 (vir)     1           3.621          -3.615          -3.180          -7.697            4.524
 2040 (vir)     1           3.626          -3.724          -3.252          -7.850            4.499
 2041 (vir)     1           3.641          -3.652          -3.192          -7.749            4.547
 2042 (vir)     1           3.644          -3.511          -2.898          -7.256            4.491
 2043 (vir)     1           3.645          -3.691          -3.187          -7.752            4.519
 2044 (vir)     1           3.652          -3.632          -3.159          -7.702            4.562
 2045 (vir)     1           3.654          -3.893          -3.482          -8.179            4.456
 2046 (vir)     1           3.661          -3.885          -3.488          -8.165            4.452
 2047 (vir)     1           3.663          -3.633          -3.122          -7.604            4.512
 2048 (vir)     1           3.667          -3.822          -3.392          -8.009            4.463
 2049 (vir)     1           3.682          -3.736          -3.260          -7.850            4.536
 2050 (vir)     1           3.689          -3.526          -2.973          -7.398            4.588
 2051 (vir)     1           3.692          -3.725          -3.297          -7.901            4.571
 2052 (vir)     1           3.701          -3.627          -3.129          -7.659            4.605
 2053 (vir)     1           3.704          -3.724          -3.215          -7.821            4.586
 2054 (vir)     1           3.709          -3.742          -3.277          -7.879            4.569
 2055 (vir)     1           3.709          -3.673          -3.153          -7.694            4.577
 2056 (vir)     1           3.716          -3.713          -3.207          -7.796            4.592
 2057 (vir)     1           3.725          -3.550          -2.955          -7.324            4.544
 2058 (vir)     1           3.726          -3.542          -2.949          -7.373            4.607
 2059 (vir)     1           3.734          -3.437          -2.751          -7.024            4.569
 2060 (vir)     1           3.744          -3.728          -3.216          -7.810            4.610
 2061 (vir)     1           3.750          -3.724          -3.158          -7.716            4.585
 2062 (vir)     1           3.753          -3.752          -3.251          -7.888            4.637
 2063 (vir)     1           3.761          -3.702          -3.124          -7.680            4.616
 2064 (vir)     1           3.770          -3.667          -3.044          -7.554            4.613
 2065 (vir)     1           3.781          -3.607          -3.142          -7.673            4.705
 2066 (vir)     1           3.785          -3.677          -3.148          -7.702            4.662
 2067 (vir)     1           3.793          -3.505          -2.838          -7.238            4.688
 2068 (vir)     1           3.811          -3.607          -3.106          -7.623            4.720
 2069 (vir)     1           3.818          -3.597          -3.083          -7.612            4.750
 2070 (vir)     1           3.819          -3.648          -3.043          -7.534            4.663
 2071 (vir)     1           3.822          -3.571          -2.985          -7.431            4.697
 2072 (vir)     1           3.837          -3.844          -3.366          -8.054            4.681
 2073 (vir)     1           3.843          -3.579          -2.952          -7.405            4.717
 2074 (vir)     1           3.849          -3.693          -3.107          -7.654            4.702
 2075 (vir)     1           3.853          -3.819          -3.216          -7.849            4.666
 2076 (vir)     1           3.854          -3.850          -3.398          -8.160            4.766
 2077 (vir)     1           3.862          -3.732          -3.093          -7.607            4.645
 2078 (vir)     1           3.864          -3.657          -3.065          -7.601            4.743
 2079 (vir)     1           3.869          -3.755          -3.218          -7.846            4.741
 2080 (vir)     1           3.888          -4.017          -3.585          -8.474            4.760
 2081 (vir)     1           3.896          -3.813          -3.290          -7.956            4.750
 2082 (vir)     1           3.898          -3.675          -3.081          -7.603            4.745
 2083 (vir)     1           3.904          -3.596          -2.977          -7.421            4.751
 2084 (vir)     1           3.910          -3.703          -3.186          -7.778            4.798
 2085 (vir)     1           3.911          -3.793          -3.184          -7.833            4.768
 2086 (vir)     1           3.921          -3.898          -3.322          -8.041            4.743
 2087 (vir)     1           3.923          -3.741          -3.093          -7.662            4.752
 2088 (vir)     1           3.940          -3.978          -3.498          -8.296            4.760
 2089 (vir)     1           3.948          -3.754          -3.202          -7.839            4.832
 2090 (vir)     1           3.965          -3.850          -3.274          -8.002            4.843
 2091 (vir)     1           3.967          -3.883          -3.409          -8.167            4.842
 2092 (vir)     1           3.969          -3.825          -3.326          -8.074            4.892
 2093 (vir)     1           3.969          -3.708          -3.084          -7.641            4.818
 2094 (vir)     1           3.988          -3.715          -3.173          -7.803            4.903
 2095 (vir)     1           3.994          -4.018          -3.541          -8.420            4.854
 2096 (vir)     1           3.997          -3.778          -3.139          -7.757            4.837
 2097 (vir)     1           3.999          -3.839          -3.295          -8.018            4.882
 2098 (vir)     1           4.005          -3.474          -2.870          -7.294            4.954
 2099 (vir)     1           4.010          -3.766          -3.162          -7.787            4.869
 2100 (vir)     1           4.020          -3.980          -3.440          -8.204            4.804
 2101 (vir)     1           4.026          -3.714          -3.039          -7.608            4.881
 2102 (vir)     1           4.034          -3.633          -2.956          -7.404            4.849
 2103 (vir)     1           4.044          -3.826          -3.213          -7.900            4.905
 2104 (vir)     1           4.054          -3.665          -3.022          -7.547            4.914
 2105 (vir)     1           4.060          -3.827          -3.226          -7.924            4.931
 2106 (vir)     1           4.067          -3.835          -3.217          -7.945            4.960
 2107 (vir)     1           4.070          -3.788          -3.177          -7.869            4.974
 2108 (vir)     1           4.071          -3.721          -3.072          -7.653            4.930
 2109 (vir)     1           4.087          -3.900          -3.323          -8.086            4.949
 2110 (vir)     1           4.087          -3.809          -3.161          -7.802            4.919
 2111 (vir)     1           4.089          -3.696          -3.104          -7.674            4.963
 2112 (vir)     1           4.108          -3.805          -3.171          -7.843            4.976
 2113 (vir)     1           4.121          -3.769          -3.065          -7.680            4.966
 2114 (vir)     1           4.129          -3.973          -3.378          -8.194            4.972
 2115 (vir)     1           4.129          -3.636          -2.965          -7.470            4.998
 2116 (vir)     1           4.141          -3.748          -3.134          -7.786            5.045
 2117 (vir)     1           4.144          -3.859          -3.293          -8.029            5.021
 2118 (vir)     1           4.152          -3.914          -3.272          -8.044            5.010
 2119 (vir)     1           4.185          -3.818          -3.122          -7.802            5.047
 2120 (vir)     1           4.187          -3.570          -2.796          -7.198            5.020
 2121 (vir)     1           4.190          -3.460          -2.729          -7.068            5.069
 2122 (vir)     1           4.192          -3.622          -2.877          -7.330            5.024
 2123 (vir)     1           4.196          -3.695          -2.954          -7.493            5.039
 2124 (vir)     1           4.202          -3.837          -3.121          -7.819            5.063
 2125 (vir)     1           4.203          -3.831          -3.162          -7.860            5.069
 2126 (vir)     1           4.211          -3.672          -2.987          -7.521            5.073
 2127 (vir)     1           4.214          -3.769          -2.991          -7.619            5.073
 2128 (vir)     1           4.215          -3.919          -3.259          -8.013            5.050
 2129 (vir)     1           4.228          -3.813          -3.088          -7.739            5.066
 2130 (vir)     1           4.232          -3.796          -3.006          -7.630            5.059
 2131 (vir)     1           4.245          -3.718          -2.993          -7.564            5.098
 2132 (vir)     1           4.246          -3.726          -3.022          -7.580            5.078
 2133 (vir)     1           4.254          -3.745          -3.115          -7.751            5.144
 2134 (vir)     1           4.257          -3.631          -2.946          -7.483            5.163
 2135 (vir)     1           4.266          -3.830          -3.075          -7.759            5.121
 2136 (vir)     1           4.270          -3.686          -2.983          -7.567            5.168
 2137 (vir)     1           4.271          -3.662          -2.993          -7.556            5.171
 2138 (vir)     1           4.275          -3.672          -2.995          -7.577            5.185
 2139 (vir)     1           4.289          -3.618          -2.808          -7.307            5.170
 2140 (vir)     1           4.291          -3.699          -2.969          -7.558            5.182
 2141 (vir)     1           4.296          -3.692          -2.918          -7.520            5.207
 2142 (vir)     1           4.298          -3.643          -2.841          -7.324            5.138
 2143 (vir)     1           4.315          -3.648          -2.912          -7.465            5.220
 2144 (vir)     1           4.316          -3.767          -3.072          -7.703            5.180
 2145 (vir)     1           4.322          -3.676          -2.902          -7.479            5.223
 2146 (vir)     1           4.328          -3.780          -3.012          -7.668            5.204
 2147 (vir)     1           4.334          -3.616          -2.829          -7.334            5.223
 2148 (vir)     1           4.340          -3.648          -2.868          -7.367            5.192
 2149 (vir)     1           4.345          -3.714          -3.000          -7.589            5.220
 2150 (vir)     1           4.357          -3.679          -2.939          -7.506            5.245
 2151 (vir)     1           4.358          -3.572          -2.771          -7.244            5.260
 2152 (vir)     1           4.365          -3.676          -2.849          -7.398            5.239
 2153 (vir)     1           4.370          -3.722          -2.945          -7.514            5.217
 2154 (vir)     1           4.373          -3.830          -3.194          -7.923            5.272
 2155 (vir)     1           4.377          -3.620          -2.875          -7.388            5.269
 2156 (vir)     1           4.380          -3.617          -2.872          -7.417            5.308
 2157 (vir)     1           4.382          -3.511          -2.794          -7.195            5.272
 2158 (vir)     1           4.395          -3.636          -2.837          -7.301            5.223
 2159 (vir)     1           4.407          -3.777          -3.129          -7.815            5.315
 2160 (vir)     1           4.410          -3.747          -2.975          -7.599            5.287
 2161 (vir)     1           4.418          -3.730          -2.936          -7.515            5.266
 2162 (vir)     1           4.423          -3.670          -2.883          -7.422            5.292
 2163 (vir)     1           4.429          -3.944          -3.201          -7.995            5.279
 2164 (vir)     1           4.433          -3.734          -2.917          -7.510            5.292
 2165 (vir)     1           4.437          -3.705          -2.951          -7.534            5.315
 2166 (vir)     1           4.442          -3.550          -2.738          -7.199            5.353
 2167 (vir)     1           4.456          -3.573          -2.748          -7.201            5.336
 2168 (vir)     1           4.461          -3.657          -2.958          -7.501            5.346
 2169 (vir)     1           4.462          -3.656          -2.861          -7.406            5.351
 2170 (vir)     1           4.474          -3.559          -2.685          -7.152            5.382
 2171 (vir)     1           4.480          -3.645          -2.828          -7.370            5.376
 2172 (vir)     1           4.480          -3.769          -3.038          -7.706            5.379
 2173 (vir)     1           4.488          -3.819          -3.051          -7.729            5.346
 2174 (vir)     1           4.494          -3.648          -2.769          -7.237            5.313
 2175 (vir)     1           4.496          -3.639          -2.735          -7.227            5.349
 2176 (vir)     1           4.506          -3.665          -2.755          -7.248            5.333
 2177 (vir)     1           4.514          -3.690          -2.958          -7.578            5.444
 2178 (vir)     1           4.522          -3.672          -2.982          -7.579            5.447
 2179 (vir)     1           4.522          -3.633          -2.745          -7.228            5.373
 2180 (vir)     1           4.528          -3.681          -2.848          -7.410            5.410
 2181 (vir)     1           4.540          -3.710          -2.802          -7.358            5.386
 2182 (vir)     1           4.543          -3.659          -2.769          -7.298            5.412
 2183 (vir)     1           4.548          -3.705          -2.791          -7.330            5.382
 2184 (vir)     1           4.560          -3.766          -2.919          -7.508            5.383
 2185 (vir)     1           4.561          -3.748          -3.152          -7.867            5.528
 2186 (vir)     1           4.566          -3.651          -2.758          -7.288            5.445
 2187 (vir)     1           4.574          -3.693          -2.793          -7.318            5.406
 2188 (vir)     1           4.575          -3.805          -3.064          -7.779            5.485
 2189 (vir)     1           4.576          -3.643          -2.801          -7.306            5.438
 2190 (vir)     1           4.580          -3.789          -2.973          -7.579            5.397
 2191 (vir)     1           4.588          -3.721          -2.928          -7.498            5.437
 2192 (vir)     1           4.596          -3.661          -2.764          -7.299            5.470
 2193 (vir)     1           4.601          -3.670          -2.869          -7.436            5.498
 2194 (vir)     1           4.610          -3.778          -2.989          -7.611            5.455
 2195 (vir)     1           4.616          -3.736          -2.879          -7.483            5.484
 2196 (vir)     1           4.619          -3.760          -2.884          -7.479            5.454
 2197 (vir)     1           4.628          -3.745          -2.936          -7.504            5.452
 2198 (vir)     1           4.629          -3.758          -2.937          -7.535            5.469
 2199 (vir)     1           4.638          -3.694          -2.893          -7.479            5.531
 2200 (vir)     1           4.656          -3.892          -3.134          -7.917            5.548
 2201 (vir)     1           4.661          -3.791          -2.944          -7.580            5.506
 2202 (vir)     1           4.670          -3.720          -2.818          -7.397            5.528
 2203 (vir)     1           4.671          -3.803          -2.950          -7.596            5.514
 2204 (vir)     1           4.682          -3.713          -2.925          -7.529            5.573
 2205 (vir)     1           4.686          -3.673          -2.801          -7.305            5.517
 2206 (vir)     1           4.695          -3.721          -2.863          -7.450            5.561
 2207 (vir)     1           4.696          -3.728          -2.840          -7.447            5.575
 2208 (vir)     1           4.701          -3.697          -2.909          -7.515            5.611
 2209 (vir)     1           4.703          -3.771          -2.874          -7.471            5.528
 2210 (vir)     1           4.706          -3.707          -2.816          -7.352            5.535
 2211 (vir)     1           4.714          -3.618          -2.595          -7.053            5.553
 2212 (vir)     1           4.722          -3.707          -2.863          -7.482            5.634
 2213 (vir)     1           4.727          -3.880          -3.208          -8.026            5.665
 2214 (vir)     1           4.739          -3.805          -2.992          -7.638            5.580
 2215 (vir)     1           4.740          -3.775          -2.935          -7.586            5.616
 2216 (vir)     1           4.744          -3.740          -2.871          -7.475            5.607
 2217 (vir)     1           4.746          -3.704          -2.846          -7.441            5.637
 2218 (vir)     1           4.748          -3.607          -2.631          -7.083            5.592
 2219 (vir)     1           4.755          -3.731          -2.845          -7.440            5.619
 2220 (vir)     1           4.761          -3.711          -2.818          -7.373            5.606
 2221 (vir)     1           4.762          -3.736          -2.846          -7.467            5.647
 2222 (vir)     1           4.766          -3.694          -2.716          -7.245            5.600
 2223 (vir)     1           4.771          -3.718          -2.704          -7.222            5.570
 2224 (vir)     1           4.785          -3.698          -2.777          -7.347            5.657
 2225 (vir)     1           4.788          -3.700          -2.755          -7.269            5.602
 2226 (vir)     1           4.791          -3.745          -2.762          -7.353            5.636
 2227 (vir)     1           4.797          -3.834          -3.004          -7.709            5.668
 2228 (vir)     1           4.803          -3.684          -2.841          -7.421            5.699
 2229 (vir)     1           4.805          -3.734          -2.890          -7.506            5.688
 2230 (vir)     1           4.808          -3.870          -3.090          -7.820            5.668
 2231 (vir)     1           4.817          -3.858          -3.005          -7.727            5.681
 2232 (vir)     1           4.825          -3.730          -2.817          -7.417            5.695
 2233 (vir)     1           4.825          -3.732          -2.815          -7.375            5.652
 2234 (vir)     1           4.828          -3.816          -2.872          -7.519            5.660
 2235 (vir)     1           4.836          -3.943          -3.123          -7.895            5.665
 2236 (vir)     1           4.837          -3.685          -2.732          -7.253            5.674
 2237 (vir)     1           4.840          -3.797          -2.804          -7.417            5.656
 2238 (vir)     1           4.846          -3.824          -2.999          -7.680            5.703
 2239 (vir)     1           4.852          -3.893          -2.994          -7.712            5.678
 2240 (vir)     1           4.866          -3.764          -2.903          -7.537            5.735
 2241 (vir)     1           4.870          -3.912          -3.069          -7.814            5.703
 2242 (vir)     1           4.875          -3.763          -2.926          -7.599            5.785
 2243 (vir)     1           4.879          -3.734          -2.726          -7.282            5.701
 2244 (vir)     1           4.881          -3.795          -2.896          -7.562            5.752
 2245 (vir)     1           4.882          -3.783          -2.940          -7.606            5.765
 2246 (vir)     1           4.888          -3.714          -2.813          -7.435            5.795
 2247 (vir)     1           4.889          -3.731          -2.731          -7.261            5.688
 2248 (vir)     1           4.894          -3.772          -2.905          -7.547            5.763
 2249 (vir)     1           4.898          -3.760          -2.812          -7.422            5.747
 2250 (vir)     1           4.906          -3.871          -3.015          -7.747            5.766
 2251 (vir)     1           4.908          -3.669          -2.717          -7.276            5.797
 2252 (vir)     1           4.920          -3.680          -2.704          -7.211            5.747
 2253 (vir)     1           4.923          -3.936          -3.130          -7.925            5.781
 2254 (vir)     1           4.926          -3.747          -2.849          -7.462            5.793
 2255 (vir)     1           4.927          -3.714          -2.733          -7.268            5.748
 2256 (vir)     1           4.940          -3.775          -2.806          -7.432            5.792
 2257 (vir)     1           4.944          -3.802          -2.881          -7.552            5.813
 2258 (vir)     1           4.946          -3.886          -2.899          -7.574            5.734
 2259 (vir)     1           4.955          -3.813          -2.935          -7.647            5.854
 2260 (vir)     1           4.956          -3.851          -2.897          -7.588            5.797
 2261 (vir)     1           4.959          -3.855          -3.008          -7.787            5.883
 2262 (vir)     1           4.968          -3.913          -3.001          -7.776            5.830
 2263 (vir)     1           4.971          -3.985          -3.218          -8.130            5.898
 2264 (vir)     1           4.972          -3.833          -2.831          -7.500            5.808
 2265 (vir)     1           4.977          -3.795          -2.896          -7.590            5.875
 2266 (vir)     1           4.984          -3.777          -2.803          -7.422            5.826
 2267 (vir)     1           4.986          -3.675          -2.774          -7.383            5.920
 2268 (vir)     1           4.989          -3.667          -2.689          -7.237            5.869
 2269 (vir)     1           4.996          -3.839          -2.972          -7.708            5.893
 2270 (vir)     1           5.005          -3.855          -2.990          -7.742            5.903
 2271 (vir)     1           5.006          -3.704          -2.772          -7.391            5.921
 2272 (vir)     1           5.010          -3.839          -2.983          -7.726            5.914
 2273 (vir)     1           5.020          -3.801          -2.804          -7.428            5.843
 2274 (vir)     1           5.025          -3.784          -2.833          -7.480            5.888
 2275 (vir)     1           5.031          -3.755          -2.695          -7.258            5.839
 2276 (vir)     1           5.032          -3.659          -2.658          -7.181            5.896
 2277 (vir)     1           5.039          -3.736          -2.763          -7.371            5.912
 2278 (vir)     1           5.042          -3.906          -3.042          -7.850            5.944
 2279 (vir)     1           5.047          -3.761          -2.749          -7.367            5.903
 2280 (vir)     1           5.052          -3.856          -2.860          -7.546            5.882
 2281 (vir)     1           5.053          -3.818          -2.810          -7.470            5.894
 2282 (vir)     1           5.063          -3.721          -2.804          -7.408            5.946
 2283 (vir)     1           5.063          -3.751          -2.753          -7.401            5.960
 2284 (vir)     1           5.076          -3.702          -2.699          -7.291            5.967
 2285 (vir)     1           5.077          -3.975          -2.973          -7.803            5.932
 2286 (vir)     1           5.082          -3.838          -2.761          -7.409            5.893
 2287 (vir)     1           5.084          -3.922          -2.898          -7.664            5.928
 2288 (vir)     1           5.089          -3.979          -3.029          -7.855            5.937
 2289 (vir)     1           5.090          -3.817          -2.749          -7.388            5.912
 2290 (vir)     1           5.103          -3.782          -2.781          -7.426            5.966
 2291 (vir)     1           5.108          -3.687          -2.660          -7.202            5.963
 2292 (vir)     1           5.110          -3.761          -2.682          -7.263            5.930
 2293 (vir)     1           5.112          -3.889          -2.796          -7.498            5.925
 2294 (vir)     1           5.113          -3.853          -2.757          -7.415            5.918
 2295 (vir)     1           5.124          -3.830          -2.813          -7.467            5.948
 2296 (vir)     1           5.128          -3.830          -2.821          -7.511            5.989
 2297 (vir)     1           5.137          -3.880          -2.797          -7.501            5.960
 2298 (vir)     1           5.145          -3.942          -2.883          -7.660            5.980
 2299 (vir)     1           5.150          -3.827          -2.849          -7.552            6.027
 2300 (vir)     1           5.152          -3.829          -2.731          -7.389            5.981
 2301 (vir)     1           5.155          -3.920          -2.978          -7.763            6.019
 2302 (vir)     1           5.163          -3.878          -2.899          -7.624            6.011
 2303 (vir)     1           5.171          -3.905          -2.806          -7.525            5.986
 2304 (vir)     1           5.174          -3.844          -2.785          -7.473            6.018
 2305 (vir)     1           5.175          -3.871          -2.932          -7.683            6.056
 2306 (vir)     1           5.186          -3.861          -2.848          -7.601            6.078
 2307 (vir)     1           5.191          -3.739          -2.747          -7.391            6.097
 2308 (vir)     1           5.199          -3.898          -2.864          -7.614            6.051
 2309 (vir)     1           5.200          -3.823          -2.859          -7.591            6.108
 2310 (vir)     1           5.206          -3.951          -2.965          -7.742            6.030
 2311 (vir)     1           5.216          -3.907          -2.910          -7.699            6.098
 2312 (vir)     1           5.216          -3.982          -3.041          -7.855            6.049
 2313 (vir)     1           5.223          -3.934          -2.897          -7.634            6.026
 2314 (vir)     1           5.231          -3.792          -2.764          -7.386            6.061
 2315 (vir)     1           5.232          -3.841          -2.826          -7.527            6.091
 2316 (vir)     1           5.236          -3.904          -2.875          -7.641            6.098
 2317 (vir)     1           5.237          -3.953          -2.900          -7.687            6.070
 2318 (vir)     1           5.244          -3.940          -2.885          -7.632            6.051
 2319 (vir)     1           5.249          -3.896          -2.970          -7.763            6.146
 2320 (vir)     1           5.254          -3.967          -2.938          -7.750            6.100
 2321 (vir)     1           5.265          -3.845          -2.797          -7.497            6.120
 2322 (vir)     1           5.270          -3.908          -2.933          -7.718            6.147
 2323 (vir)     1           5.271          -4.086          -3.109          -8.040            6.116
 2324 (vir)     1           5.273          -4.177          -3.254          -8.236            6.078
 2325 (vir)     1           5.279          -4.102          -3.152          -8.101            6.125
 2326 (vir)     1           5.290          -4.006          -2.978          -7.815            6.121
 2327 (vir)     1           5.298          -4.000          -2.980          -7.817            6.135
 2328 (vir)     1           5.299          -3.972          -2.963          -7.796            6.160
 2329 (vir)     1           5.306          -3.915          -2.772          -7.501            6.120
 2330 (vir)     1           5.307          -3.961          -3.000          -7.831            6.176
 2331 (vir)     1           5.314          -3.967          -2.882          -7.703            6.168
 2332 (vir)     1           5.319          -3.981          -2.930          -7.764            6.172
 2333 (vir)     1           5.323          -3.982          -2.995          -7.876            6.222
 2334 (vir)     1           5.331          -3.877          -2.874          -7.644            6.223
 2335 (vir)     1           5.332          -4.117          -3.142          -8.132            6.205
 2336 (vir)     1           5.344          -3.947          -2.868          -7.642            6.171
 2337 (vir)     1           5.347          -3.946          -2.873          -7.651            6.179
 2338 (vir)     1           5.351          -3.761          -2.703          -7.352            6.239
 2339 (vir)     1           5.360          -3.945          -2.933          -7.759            6.241
 2340 (vir)     1           5.364          -3.986          -2.976          -7.818            6.220
 2341 (vir)     1           5.364          -3.872          -2.821          -7.545            6.216
 2342 (vir)     1           5.383          -4.110          -3.132          -8.100            6.241
 2343 (vir)     1           5.385          -4.147          -3.163          -8.151            6.227
 2344 (vir)     1           5.393          -4.063          -3.037          -7.965            6.257
 2345 (vir)     1           5.395          -3.914          -2.863          -7.651            6.268
 2346 (vir)     1           5.406          -3.986          -2.907          -7.715            6.227
 2347 (vir)     1           5.420          -3.817          -2.787          -7.505            6.321
 2348 (vir)     1           5.425          -3.998          -2.917          -7.750            6.259
 2349 (vir)     1           5.437          -3.879          -2.893          -7.693            6.358
 2350 (vir)     1           5.441          -3.809          -2.776          -7.498            6.354
 2351 (vir)     1           5.452          -3.930          -2.810          -7.576            6.287
 2352 (vir)     1           5.454          -3.855          -2.772          -7.504            6.331
 2353 (vir)     1           5.461          -3.936          -2.882          -7.695            6.338
 2354 (vir)     1           5.468          -3.915          -2.872          -7.627            6.308
 2355 (vir)     1           5.473          -3.902          -2.811          -7.617            6.377
 2356 (vir)     1           5.479          -4.035          -2.864          -7.657            6.236
 2357 (vir)     1           5.481          -4.081          -3.034          -7.976            6.343
 2358 (vir)     1           5.483          -4.091          -3.084          -8.063            6.371
 2359 (vir)     1           5.498          -3.936          -2.821          -7.622            6.362
 2360 (vir)     1           5.511          -4.045          -2.992          -7.946            6.420
 2361 (vir)     1           5.519          -4.002          -2.838          -7.705            6.384
 2362 (vir)     1           5.525          -3.974          -2.914          -7.767            6.404
 2363 (vir)     1           5.528          -4.041          -3.055          -8.005            6.437
 2364 (vir)     1           5.537          -3.957          -2.922          -7.783            6.440
 2365 (vir)     1           5.552          -4.050          -3.068          -8.048            6.482
 2366 (vir)     1           5.553          -4.044          -2.972          -7.846            6.383
 2367 (vir)     1           5.558          -3.941          -2.892          -7.701            6.427
 2368 (vir)     1           5.559          -3.995          -3.003          -7.940            6.501
 2369 (vir)     1           5.571          -4.007          -2.869          -7.731            6.426
 2370 (vir)     1           5.577          -4.119          -3.029          -8.015            6.443
 2371 (vir)     1           5.582          -3.961          -2.936          -7.821            6.506
 2372 (vir)     1           5.586          -4.082          -2.920          -7.834            6.417
 2373 (vir)     1           5.589          -4.009          -2.908          -7.758            6.430
 2374 (vir)     1           5.595          -4.047          -2.877          -7.719            6.390
 2375 (vir)     1           5.600          -3.931          -2.762          -7.548            6.456
 2376 (vir)     1           5.607          -3.924          -2.878          -7.710            6.515
 2377 (vir)     1           5.619          -4.076          -3.118          -8.113            6.537
 2378 (vir)     1           5.626          -4.102          -2.896          -7.813            6.441
 2379 (vir)     1           5.632          -4.008          -2.831          -7.679            6.472
 2380 (vir)     1           5.640          -3.996          -2.877          -7.724            6.492
 2381 (vir)     1           5.642          -4.003          -3.016          -7.956            6.579
 2382 (vir)     1           5.655          -4.007          -2.856          -7.694            6.486
 2383 (vir)     1           5.660          -4.052          -2.981          -7.957            6.584
 2384 (vir)     1           5.664          -4.040          -2.917          -7.853            6.560
 2385 (vir)     1           5.664          -3.908          -2.783          -7.559            6.533
 2386 (vir)     1           5.676          -4.149          -2.993          -7.989            6.523
 2387 (vir)     1           5.682          -4.101          -2.969          -7.916            6.527
 2388 (vir)     1           5.685          -4.053          -2.894          -7.775            6.513
 2389 (vir)     1           5.694          -4.016          -2.882          -7.745            6.541
 2390 (vir)     1           5.695          -3.981          -2.883          -7.730            6.561
 2391 (vir)     1           5.717          -4.061          -2.900          -7.831            6.587
 2392 (vir)     1           5.724          -3.966          -2.881          -7.722            6.599
 2393 (vir)     1           5.734          -4.031          -2.980          -7.921            6.644
 2394 (vir)     1           5.737          -4.115          -2.877          -7.830            6.575
 2395 (vir)     1           5.749          -4.086          -2.964          -7.906            6.605
 2396 (vir)     1           5.754          -3.927          -2.906          -7.747            6.667
 2397 (vir)     1           5.759          -3.950          -2.841          -7.667            6.635
 2398 (vir)     1           5.770          -3.920          -2.740          -7.516            6.625
 2399 (vir)     1           5.775          -4.081          -2.927          -7.869            6.635
 2400 (vir)     1           5.788          -4.169          -3.031          -8.096            6.684
 2401 (vir)     1           5.788          -4.101          -2.980          -7.930            6.638
 2402 (vir)     1           5.793          -4.040          -3.003          -7.947            6.696
 2403 (vir)     1           5.803          -4.052          -2.884          -7.817            6.683
 2404 (vir)     1           5.808          -4.025          -2.971          -7.952            6.764
 2405 (vir)     1           5.810          -4.011          -2.849          -7.726            6.675
 2406 (vir)     1           5.820          -3.980          -2.858          -7.728            6.709
 2407 (vir)     1           5.826          -4.240          -3.001          -8.077            6.662
 2408 (vir)     1           5.827          -3.933          -2.783          -7.552            6.662
 2409 (vir)     1           5.830          -4.145          -3.055          -8.058            6.688
 2410 (vir)     1           5.838          -3.942          -2.755          -7.561            6.702
 2411 (vir)     1           5.845          -4.066          -2.883          -7.823            6.719
 2412 (vir)     1           5.848          -3.823          -2.658          -7.374            6.742
 2413 (vir)     1           5.864          -4.084          -2.886          -7.803            6.698
 2414 (vir)     1           5.868          -3.845          -2.816          -7.644            6.851
 2415 (vir)     1           5.870          -4.034          -2.913          -7.837            6.760
 2416 (vir)     1           5.880          -3.997          -2.712          -7.538            6.709
 2417 (vir)     1           5.884          -4.084          -2.928          -7.880            6.751
 2418 (vir)     1           5.887          -4.004          -2.863          -7.724            6.745
 2419 (vir)     1           5.891          -4.000          -3.149          -8.208            6.951
 2420 (vir)     1           5.900          -3.972          -2.887          -7.808            6.848
 2421 (vir)     1           5.903          -3.877          -2.850          -7.720            6.895
 2422 (vir)     1           5.904          -4.079          -3.216          -8.337            6.946
 2423 (vir)     1           5.919          -3.990          -2.839          -7.719            6.810
 2424 (vir)     1           5.925          -3.966          -2.746          -7.634            6.847
 2425 (vir)     1           5.934          -4.022          -2.928          -7.822            6.806
 2426 (vir)     1           5.935          -4.008          -2.742          -7.605            6.790
 2427 (vir)     1           5.942          -4.054          -2.977          -7.975            6.886
 2428 (vir)     1           5.947          -4.007          -2.727          -7.601            6.814
 2429 (vir)     1           5.958          -3.901          -2.810          -7.622            6.869
 2430 (vir)     1           5.966          -3.973          -2.720          -7.532            6.806
 2431 (vir)     1           5.973          -3.945          -2.828          -7.705            6.906
 2432 (vir)     1           5.977          -4.002          -2.702          -7.504            6.777
 2433 (vir)     1           5.987          -4.018          -2.695          -7.554            6.828
 2434 (vir)     1           5.989          -3.946          -2.823          -7.652            6.872
 2435 (vir)     1           5.996          -3.940          -2.482          -7.155            6.729
 2436 (vir)     1           5.998          -3.931          -2.745          -7.566            6.887
 2437 (vir)     1           6.000          -4.066          -2.807          -7.666            6.793
 2438 (vir)     1           6.009          -3.986          -2.891          -7.771            6.902
 2439 (vir)     1           6.017          -3.935          -2.693          -7.479            6.868
 2440 (vir)     1           6.019          -3.951          -2.767          -7.611            6.911
 2441 (vir)     1           6.023          -3.974          -2.893          -7.778            6.933
 2442 (vir)     1           6.028          -4.075          -2.902          -7.842            6.895
 2443 (vir)     1           6.041          -3.955          -2.753          -7.554            6.887
 2444 (vir)     1           6.042          -3.963          -2.848          -7.753            6.984
 2445 (vir)     1           6.048          -4.156          -2.995          -8.064            6.961
 2446 (vir)     1           6.057          -3.992          -2.816          -7.686            6.934
 2447 (vir)     1           6.065          -4.084          -2.881          -7.825            6.925
 2448 (vir)     1           6.068          -3.886          -2.732          -7.591            7.041
 2449 (vir)     1           6.072          -3.949          -2.760          -7.573            6.936
 2450 (vir)     1           6.073          -4.061          -2.794          -7.711            6.930
 2451 (vir)     1           6.082          -3.982          -2.831          -7.717            6.986
 2452 (vir)     1           6.088          -4.158          -2.885          -7.877            6.922
 2453 (vir)     1           6.094          -4.044          -2.829          -7.779            7.000
 2454 (vir)     1           6.096          -4.156          -2.998          -7.996            6.938
 2455 (vir)     1           6.109          -4.045          -2.888          -7.821            6.997
 2456 (vir)     1           6.120          -3.925          -2.692          -7.502            7.006
 2457 (vir)     1           6.124          -3.955          -2.986          -7.971            7.155
 2458 (vir)     1           6.126          -3.943          -2.711          -7.541            7.013
 2459 (vir)     1           6.129          -3.987          -2.728          -7.597            7.011
 2460 (vir)     1           6.138          -3.998          -2.881          -7.816            7.075
 2461 (vir)     1           6.142          -4.122          -3.076          -8.192            7.136
 2462 (vir)     1           6.150          -3.798          -2.703          -7.509            7.159
 2463 (vir)     1           6.153          -4.011          -2.870          -7.810            7.082
 2464 (vir)     1           6.161          -3.895          -2.686          -7.526            7.106
 2465 (vir)     1           6.167          -4.037          -2.854          -7.743            7.019
 2466 (vir)     1           6.179          -3.917          -2.754          -7.576            7.084
 2467 (vir)     1           6.182          -3.993          -2.831          -7.780            7.138
 2468 (vir)     1           6.185          -3.999          -2.763          -7.656            7.078
 2469 (vir)     1           6.186          -3.964          -2.805          -7.721            7.138
 2470 (vir)     1           6.188          -4.021          -2.841          -7.756            7.082
 2471 (vir)     1           6.198          -3.965          -2.746          -7.623            7.110
 2472 (vir)     1           6.199          -4.017          -2.730          -7.519            6.971
 2473 (vir)     1           6.200          -4.091          -2.834          -7.811            7.086
 2474 (vir)     1           6.204          -3.951          -2.750          -7.605            7.109
 2475 (vir)     1           6.214          -3.996          -2.758          -7.599            7.059
 2476 (vir)     1           6.232          -4.032          -2.767          -7.675            7.108
 2477 (vir)     1           6.244          -4.215          -3.019          -8.152            7.162
 2478 (vir)     1           6.251          -3.923          -2.665          -7.472            7.135
 2479 (vir)     1           6.251          -3.960          -2.721          -7.613            7.184
 2480 (vir)     1           6.253          -4.063          -2.751          -7.668            7.106
 2481 (vir)     1           6.260          -4.008          -2.622          -7.443            7.072
 2482 (vir)     1           6.264          -3.970          -2.737          -7.607            7.164
 2483 (vir)     1           6.268          -4.059          -2.705          -7.553            7.058
 2484 (vir)     1           6.270          -4.055          -2.795          -7.707            7.126
 2485 (vir)     1           6.275          -4.122          -2.947          -7.967            7.173
 2486 (vir)     1           6.277          -4.030          -2.746          -7.626            7.127
 2487 (vir)     1           6.288          -3.968          -2.779          -7.694            7.236
 2488 (vir)     1           6.292          -3.877          -2.613          -7.362            7.164
 2489 (vir)     1           6.297          -3.981          -2.723          -7.630            7.223
 2490 (vir)     1           6.321          -4.137          -2.937          -7.985            7.231
 2491 (vir)     1           6.322          -3.916          -2.673          -7.493            7.226
 2492 (vir)     1           6.330          -4.143          -2.895          -7.909            7.202
 2493 (vir)     1           6.335          -3.969          -2.747          -7.642            7.262
 2494 (vir)     1           6.338          -3.998          -2.770          -7.679            7.250
 2495 (vir)     1           6.340          -4.011          -2.763          -7.665            7.231
 2496 (vir)     1           6.355          -4.046          -2.858          -7.853            7.304
 2497 (vir)     1           6.360          -4.035          -2.761          -7.708            7.272
 2498 (vir)     1           6.372          -4.078          -2.886          -7.888            7.296
 2499 (vir)     1           6.377          -4.039          -2.788          -7.719            7.269
 2500 (vir)     1           6.383          -4.125          -2.796          -7.847            7.309
 2501 (vir)     1           6.385          -4.120          -2.863          -7.882            7.284
 2502 (vir)     1           6.398          -3.947          -2.624          -7.386            7.213
 2503 (vir)     1           6.399          -3.927          -2.777          -7.672            7.367
 2504 (vir)     1           6.408          -4.029          -2.791          -7.698            7.286
 2505 (vir)     1           6.422          -4.001          -2.795          -7.753            7.378
 2506 (vir)     1           6.423          -4.009          -2.765          -7.678            7.328
 2507 (vir)     1           6.434          -4.155          -2.813          -7.860            7.326
 2508 (vir)     1           6.436          -4.161          -3.130          -8.329            7.473
 2509 (vir)     1           6.444          -3.977          -2.742          -7.660            7.384
 2510 (vir)     1           6.451          -4.200          -2.854          -7.880            7.277
 2511 (vir)     1           6.451          -4.239          -3.044          -8.286            7.454
 2512 (vir)     1           6.458          -3.955          -2.656          -7.488            7.336
 2513 (vir)     1           6.461          -4.178          -2.936          -8.074            7.422
 2514 (vir)     1           6.475          -4.034          -2.658          -7.546            7.330
 2515 (vir)     1           6.478          -4.130          -2.845          -7.865            7.367
 2516 (vir)     1           6.488          -4.157          -2.860          -7.948            7.418
 2517 (vir)     1           6.499          -4.051          -2.781          -7.746            7.413
 2518 (vir)     1           6.508          -4.125          -2.844          -7.888            7.427
 2519 (vir)     1           6.512          -4.037          -2.782          -7.807            7.500
 2520 (vir)     1           6.519          -3.855          -2.604          -7.430            7.491
 2521 (vir)     1           6.532          -4.103          -2.869          -7.873            7.433
 2522 (vir)     1           6.540          -4.064          -2.794          -7.745            7.428
 2523 (vir)     1           6.552          -4.057          -2.628          -7.542            7.409
 2524 (vir)     1           6.552          -4.291          -2.908          -8.071            7.424
 2525 (vir)     1           6.556          -4.078          -2.779          -7.791            7.490
 2526 (vir)     1           6.558          -4.113          -2.730          -7.714            7.429
 2527 (vir)     1           6.559          -3.913          -2.694          -7.601            7.554
 2528 (vir)     1           6.570          -4.171          -2.851          -7.922            7.470
 2529 (vir)     1           6.579          -4.156          -2.770          -7.784            7.436
 2530 (vir)     1           6.582          -4.260          -2.895          -8.041            7.468
 2531 (vir)     1           6.592          -4.060          -2.728          -7.697            7.500
 2532 (vir)     1           6.599          -4.214          -2.793          -7.804            7.397
 2533 (vir)     1           6.605          -4.058          -2.707          -7.708            7.547
 2534 (vir)     1           6.614          -4.009          -2.650          -7.554            7.509
 2535 (vir)     1           6.615          -4.136          -2.802          -7.805            7.483
 2536 (vir)     1           6.621          -4.094          -2.780          -7.812            7.560
 2537 (vir)     1           6.641          -3.962          -2.677          -7.570            7.573
 2538 (vir)     1           6.644          -4.039          -2.758          -7.746            7.593
 2539 (vir)     1           6.644          -4.208          -2.836          -7.932            7.533
 2540 (vir)     1           6.656          -4.056          -2.714          -7.737            7.623
 2541 (vir)     1           6.664          -4.092          -2.749          -7.746            7.570
 2542 (vir)     1           6.666          -4.008          -2.677          -7.638            7.619
 2543 (vir)     1           6.683          -4.274          -3.099          -8.371            7.681
 2544 (vir)     1           6.685          -3.978          -2.562          -7.437            7.582
 2545 (vir)     1           6.694          -4.242          -3.073          -8.323            7.702
 2546 (vir)     1           6.696          -4.058          -2.594          -7.508            7.552
 2547 (vir)     1           6.701          -4.025          -2.764          -7.743            7.655
 2548 (vir)     1           6.707          -4.125          -2.738          -7.774            7.617
 2549 (vir)     1           6.710          -4.166          -2.823          -7.885            7.607
 2550 (vir)     1           6.733          -4.047          -2.724          -7.709            7.670
 2551 (vir)     1           6.733          -4.149          -2.842          -7.946            7.689
 2552 (vir)     1           6.741          -4.298          -2.946          -8.120            7.618
 2553 (vir)     1           6.758          -4.210          -2.872          -8.001            7.676
 2554 (vir)     1           6.760          -4.175          -2.804          -7.848            7.629
 2555 (vir)     1           6.762          -4.273          -2.785          -7.865            7.570
 2556 (vir)     1           6.773          -4.100          -2.696          -7.688            7.666
 2557 (vir)     1           6.775          -4.171          -2.767          -7.830            7.668
 2558 (vir)     1           6.780          -4.214          -2.735          -7.752            7.583
 2559 (vir)     1           6.789          -4.084          -2.636          -7.599            7.669
 2560 (vir)     1           6.794          -4.110          -2.730          -7.735            7.688
 2561 (vir)     1           6.796          -4.211          -2.773          -7.809            7.620
 2562 (vir)     1           6.814          -4.210          -2.717          -7.690            7.577
 2563 (vir)     1           6.830          -4.216          -2.736          -7.813            7.691
 2564 (vir)     1           6.833          -4.318          -2.794          -7.908            7.630
 2565 (vir)     1           6.839          -4.005          -2.569          -7.499            7.764
 2566 (vir)     1           6.840          -4.092          -2.611          -7.567            7.703
 2567 (vir)     1           6.847          -4.236          -2.806          -7.925            7.730
 2568 (vir)     1           6.854          -4.146          -2.737          -7.748            7.719
 2569 (vir)     1           6.860          -4.115          -2.690          -7.711            7.766
 2570 (vir)     1           6.866          -4.300          -2.829          -7.990            7.727
 2571 (vir)     1           6.869          -4.220          -2.791          -7.859            7.719
 2572 (vir)     1           6.873          -4.221          -2.739          -7.774            7.687
 2573 (vir)     1           6.887          -4.267          -2.786          -7.929            7.763
 2574 (vir)     1           6.893          -4.184          -2.700          -7.736            7.744
 2575 (vir)     1           6.895          -4.155          -2.647          -7.670            7.763
 2576 (vir)     1           6.898          -4.074          -2.693          -7.714            7.844
 2577 (vir)     1           6.904          -4.097          -2.706          -7.782            7.882
 2578 (vir)     1           6.909          -3.999          -2.540          -7.410            7.781
 2579 (vir)     1           6.919          -4.179          -2.713          -7.782            7.808
 2580 (vir)     1           6.921          -4.201          -2.668          -7.698            7.750
 2581 (vir)     1           6.939          -4.212          -2.751          -7.858            7.834
 2582 (vir)     1           6.944          -4.151          -2.636          -7.659            7.816
 2583 (vir)     1           6.949          -4.195          -2.817          -8.002            7.938
 2584 (vir)     1           6.958          -4.184          -2.657          -7.667            7.783
 2585 (vir)     1           6.960          -4.254          -2.879          -8.082            7.908
 2586 (vir)     1           6.966          -4.156          -2.673          -7.730            7.866
 2587 (vir)     1           6.976          -4.263          -2.861          -8.066            7.919
 2588 (vir)     1           6.983          -4.129          -2.650          -7.658            7.862
 2589 (vir)     1           6.985          -4.263          -2.737          -7.828            7.812
 2590 (vir)     1           6.986          -4.210          -2.720          -7.875            7.931
 2591 (vir)     1           6.998          -4.118          -2.572          -7.520            7.828
 2592 (vir)     1           7.001          -4.259          -2.761          -7.900            7.881
 2593 (vir)     1           7.010          -4.139          -2.645          -7.637            7.862
 2594 (vir)     1           7.016          -4.404          -2.758          -7.938            7.792
 2595 (vir)     1           7.027          -4.199          -2.635          -7.721            7.915
 2596 (vir)     1           7.032          -4.195          -2.692          -7.753            7.897
 2597 (vir)     1           7.044          -4.135          -2.614          -7.620            7.915
 2598 (vir)     1           7.047          -4.175          -2.544          -7.548            7.876
 2599 (vir)     1           7.053          -4.223          -2.670          -7.747            7.907
 2600 (vir)     1           7.053          -4.307          -2.622          -7.733            7.858
 2601 (vir)     1           7.060          -4.191          -2.699          -7.808            7.977
 2602 (vir)     1           7.062          -4.212          -2.617          -7.678            7.912
 2603 (vir)     1           7.075          -4.204          -2.618          -7.708            7.962
 2604 (vir)     1           7.079          -4.224          -2.610          -7.694            7.938
 2605 (vir)     1           7.083          -4.284          -2.665          -7.755            7.889
 2606 (vir)     1           7.088          -4.267          -2.764          -7.943            7.999
 2607 (vir)     1           7.091          -4.250          -2.571          -7.708            7.979
 2608 (vir)     1           7.100          -4.250          -2.670          -7.805            7.985
 2609 (vir)     1           7.102          -4.208          -2.816          -8.060            8.137
 2610 (vir)     1           7.107          -4.320          -2.625          -7.745            7.907
 2611 (vir)     1           7.111          -4.210          -2.531          -7.582            7.952
 2612 (vir)     1           7.118          -4.226          -2.584          -7.649            7.957
 2613 (vir)     1           7.122          -4.240          -2.748          -7.926            8.061
 2614 (vir)     1           7.123          -4.280          -2.639          -7.714            7.918
 2615 (vir)     1           7.131          -4.236          -2.682          -7.779            7.992
 2616 (vir)     1           7.134          -4.146          -2.615          -7.697            8.070
 2617 (vir)     1           7.135          -4.248          -2.644          -7.752            7.995
 2618 (vir)     1           7.145          -4.303          -2.790          -7.977            8.029
 2619 (vir)     1           7.153          -4.227          -2.534          -7.553            7.946
 2620 (vir)     1           7.158          -4.189          -2.574          -7.648            8.043
 2621 (vir)     1           7.159          -4.298          -2.660          -7.800            8.000
 2622 (vir)     1           7.167          -4.190          -2.652          -7.706            8.032
 2623 (vir)     1           7.168          -4.392          -2.690          -7.871            7.958
 2624 (vir)     1           7.178          -4.175          -2.542          -7.542            8.003
 2625 (vir)     1           7.180          -4.170          -2.638          -7.711            8.084
 2626 (vir)     1           7.188          -4.304          -2.635          -7.719            7.967
 2627 (vir)     1           7.191          -4.234          -2.660          -7.769            8.066
 2628 (vir)     1           7.198          -4.288          -2.745          -7.912            8.078
 2629 (vir)     1           7.216          -4.276          -2.670          -7.762            8.032
 2630 (vir)     1           7.220          -4.245          -2.651          -7.734            8.058
 2631 (vir)     1           7.224          -4.427          -2.704          -7.893            7.986
 2632 (vir)     1           7.227          -4.159          -2.547          -7.578            8.099
 2633 (vir)     1           7.235          -4.391          -2.740          -7.919            8.024
 2634 (vir)     1           7.237          -4.376          -2.973          -8.344            8.232
 2635 (vir)     1           7.238          -4.216          -2.582          -7.584            8.024
 2636 (vir)     1           7.240          -4.391          -2.743          -7.954            8.060
 2637 (vir)     1           7.252          -4.168          -2.620          -7.669            8.132
 2638 (vir)     1           7.254          -4.315          -2.709          -7.882            8.113
 2639 (vir)     1           7.257          -4.173          -2.525          -7.557            8.116
 2640 (vir)     1           7.271          -4.216          -2.546          -7.575            8.083
 2641 (vir)     1           7.274          -4.239          -2.676          -7.797            8.156
 2642 (vir)     1           7.274          -4.388          -2.651          -7.818            8.054
 2643 (vir)     1           7.283          -4.177          -2.576          -7.625            8.155
 2644 (vir)     1           7.289          -4.395          -2.492          -7.618            8.020
 2645 (vir)     1           7.292          -4.210          -2.534          -7.517            8.064
 2646 (vir)     1           7.303          -4.399          -2.764          -8.020            8.161
 2647 (vir)     1           7.304          -4.511          -2.792          -8.057            8.057
 2648 (vir)     1           7.308          -4.542          -2.764          -8.045            8.048
 2649 (vir)     1           7.312          -4.115          -2.514          -7.437            8.120
 2650 (vir)     1           7.317          -4.253          -2.656          -7.791            8.200
 2651 (vir)     1           7.324          -4.404          -2.694          -7.853            8.080
 2652 (vir)     1           7.328          -4.280          -2.579          -7.727            8.197
 2653 (vir)     1           7.336          -4.427          -2.782          -8.135            8.263
 2654 (vir)     1           7.336          -4.494          -2.839          -8.139            8.142
 2655 (vir)     1           7.350          -4.456          -2.689          -7.938            8.143
 2656 (vir)     1           7.352          -4.307          -2.569          -7.740            8.215
 2657 (vir)     1           7.357          -4.532          -2.766          -8.061            8.121
 2658 (vir)     1           7.360          -4.579          -2.882          -8.274            8.173
 2659 (vir)     1           7.363          -4.455          -2.650          -7.857            8.115
 2660 (vir)     1           7.368          -4.405          -2.627          -7.868            8.205
 2661 (vir)     1           7.376          -4.435          -2.713          -7.977            8.205
 2662 (vir)     1           7.380          -4.510          -2.755          -8.048            8.163
 2663 (vir)     1           7.382          -4.384          -2.742          -7.933            8.189
 2664 (vir)     1           7.388          -4.329          -2.624          -7.805            8.240
 2665 (vir)     1           7.395          -4.381          -2.688          -7.929            8.255
 2666 (vir)     1           7.396          -4.548          -2.732          -7.946            8.061
 2667 (vir)     1           7.403          -4.455          -2.729          -7.960            8.179
 2668 (vir)     1           7.407          -4.497          -2.745          -8.017            8.182
 2669 (vir)     1           7.413          -4.407          -2.752          -7.974            8.228
 2670 (vir)     1           7.418          -4.466          -2.749          -7.974            8.179
 2671 (vir)     1           7.420          -4.582          -2.798          -8.093            8.133
 2672 (vir)     1           7.421          -4.424          -2.761          -8.057            8.294
 2673 (vir)     1           7.424          -4.430          -2.681          -7.873            8.186
 2674 (vir)     1           7.425          -4.395          -2.846          -8.195            8.378
 2675 (vir)     1           7.431          -4.434          -2.710          -7.898            8.184
 2676 (vir)     1           7.432          -4.314          -2.641          -7.778            8.255
 2677 (vir)     1           7.444          -4.508          -2.793          -8.150            8.292
 2678 (vir)     1           7.447          -4.529          -2.715          -7.980            8.183
 2679 (vir)     1           7.459          -4.418          -2.676          -7.879            8.244
 2680 (vir)     1           7.470          -4.432          -2.795          -8.082            8.325
 2681 (vir)     1           7.470          -4.550          -2.856          -8.221            8.286
 2682 (vir)     1           7.475          -4.530          -2.743          -8.038            8.240
 2683 (vir)     1           7.483          -4.513          -2.631          -7.787            8.126
 2684 (vir)     1           7.484          -4.533          -2.701          -7.945            8.195
 2685 (vir)     1           7.496          -4.537          -2.706          -7.982            8.235
 2686 (vir)     1           7.496          -4.443          -2.725          -7.961            8.289
 2687 (vir)     1           7.499          -4.396          -2.702          -7.887            8.287
 2688 (vir)     1           7.500          -4.423          -2.802          -8.066            8.341
 2689 (vir)     1           7.509          -4.600          -2.710          -7.992            8.191
 2690 (vir)     1           7.513          -4.462          -2.694          -7.943            8.301
 2691 (vir)     1           7.513          -4.479          -2.682          -7.914            8.266
 2692 (vir)     1           7.525          -4.562          -2.680          -8.028            8.310
 2693 (vir)     1           7.525          -4.480          -2.756          -8.065            8.353
 2694 (vir)     1           7.529          -4.430          -2.636          -7.844            8.307
 2695 (vir)     1           7.533          -4.418          -2.588          -7.738            8.265
 2696 (vir)     1           7.537          -4.608          -2.696          -8.047            8.280
 2697 (vir)     1           7.542          -4.533          -2.776          -8.101            8.334
 2698 (vir)     1           7.555          -4.731          -2.701          -8.021            8.144
 2699 (vir)     1           7.557          -4.576          -2.730          -8.022            8.272
 2700 (vir)     1           7.562          -4.589          -2.706          -8.031            8.298
 2701 (vir)     1           7.562          -4.613          -2.841          -8.247            8.355
 2702 (vir)     1           7.569          -4.407          -2.725          -7.946            8.382
 2703 (vir)     1           7.570          -4.500          -2.719          -7.993            8.343
 2704 (vir)     1           7.587          -4.466          -2.815          -8.161            8.466
 2705 (vir)     1           7.592          -4.326          -2.610          -7.737            8.393
 2706 (vir)     1           7.593          -4.445          -2.596          -7.790            8.341
 2707 (vir)     1           7.594          -4.519          -2.802          -8.150            8.424
 2708 (vir)     1           7.607          -4.662          -2.823          -8.183            8.304
 2709 (vir)     1           7.612          -4.552          -2.831          -8.190            8.418
 2710 (vir)     1           7.615          -4.545          -2.716          -8.009            8.363
 2711 (vir)     1           7.619          -4.628          -2.817          -8.207            8.382
 2712 (vir)     1           7.626          -4.619          -2.752          -8.101            8.356
 2713 (vir)     1           7.630          -4.501          -2.812          -8.141            8.458
 2714 (vir)     1           7.632          -4.535          -2.839          -8.236            8.494
 2715 (vir)     1           7.638          -4.667          -2.813          -8.240            8.398
 2716 (vir)     1           7.648          -4.726          -2.733          -8.086            8.276
 2717 (vir)     1           7.651          -4.708          -2.800          -8.228            8.372
 2718 (vir)     1           7.659          -4.403          -2.716          -7.988            8.528
 2719 (vir)     1           7.669          -4.682          -2.700          -8.070            8.358
 2720 (vir)     1           7.672          -4.561          -2.822          -8.215            8.504
 2721 (vir)     1           7.679          -4.572          -2.817          -8.190            8.481
 2722 (vir)     1           7.680          -4.538          -2.697          -7.992            8.437
 2723 (vir)     1           7.686          -4.561          -2.785          -8.150            8.491
 2724 (vir)     1           7.689          -4.475          -2.726          -8.030            8.518
 2725 (vir)     1           7.689          -4.556          -2.847          -8.258            8.545
 2726 (vir)     1           7.695          -4.600          -2.871          -8.264            8.489
 2727 (vir)     1           7.698          -4.722          -2.802          -8.204            8.378
 2728 (vir)     1           7.705          -4.648          -2.759          -8.137            8.435
 2729 (vir)     1           7.713          -4.643          -2.823          -8.200            8.446
 2730 (vir)     1           7.720          -4.533          -2.795          -8.169            8.560
 2731 (vir)     1           7.725          -4.558          -2.807          -8.184            8.544
 2732 (vir)     1           7.725          -4.598          -2.863          -8.317            8.580
 2733 (vir)     1           7.729          -4.573          -2.788          -8.144            8.512
 2734 (vir)     1           7.741          -4.831          -2.838          -8.308            8.380
 2735 (vir)     1           7.742          -4.610          -2.877          -8.319            8.574
 2736 (vir)     1           7.755          -4.544          -2.688          -8.023            8.546
 2737 (vir)     1           7.760          -4.711          -2.767          -8.187            8.470
 2738 (vir)     1           7.766          -4.615          -2.758          -8.147            8.541
 2739 (vir)     1           7.775          -4.674          -2.773          -8.159            8.486
 2740 (vir)     1           7.777          -4.633          -2.804          -8.163            8.503
 2741 (vir)     1           7.780          -4.444          -2.735          -8.055            8.655
 2742 (vir)     1           7.783          -4.542          -2.768          -8.128            8.600
 2743 (vir)     1           7.789          -4.630          -2.710          -8.069            8.519
 2744 (vir)     1           7.793          -4.620          -2.824          -8.281            8.630
 2745 (vir)     1           7.808          -4.747          -2.904          -8.425            8.581
 2746 (vir)     1           7.813          -4.554          -2.797          -8.242            8.705
 2747 (vir)     1           7.822          -4.690          -2.751          -8.157            8.537
 2748 (vir)     1           7.822          -4.542          -2.841          -8.233            8.672
 2749 (vir)     1           7.825          -4.555          -2.687          -8.003            8.587
 2750 (vir)     1           7.827          -4.740          -2.955          -8.464            8.596
 2751 (vir)     1           7.838          -4.563          -2.695          -8.003            8.583
 2752 (vir)     1           7.840          -4.663          -2.721          -8.117            8.573
 2753 (vir)     1           7.844          -4.693          -2.799          -8.252            8.604
 2754 (vir)     1           7.852          -4.578          -2.681          -8.012            8.606
 2755 (vir)     1           7.855          -4.723          -2.780          -8.228            8.580
 2756 (vir)     1           7.856          -4.692          -2.892          -8.390            8.662
 2757 (vir)     1           7.861          -4.599          -2.779          -8.157            8.639
 2758 (vir)     1           7.862          -4.562          -2.701          -8.055            8.653
 2759 (vir)     1           7.875          -4.765          -2.997          -8.581            8.693
 2760 (vir)     1           7.882          -4.691          -2.953          -8.445            8.683
 2761 (vir)     1           7.899          -4.695          -2.860          -8.322            8.666
 2762 (vir)     1           7.902          -4.728          -2.854          -8.335            8.655
 2763 (vir)     1           7.907          -4.745          -2.888          -8.422            8.696
 2764 (vir)     1           7.908          -4.744          -2.853          -8.361            8.672
 2765 (vir)     1           7.910          -4.634          -2.748          -8.167            8.696
 2766 (vir)     1           7.910          -4.585          -2.795          -8.208            8.737
 2767 (vir)     1           7.918          -4.545          -2.683          -8.017            8.707
 2768 (vir)     1           7.926          -4.602          -2.765          -8.186            8.745
 2769 (vir)     1           7.932          -4.606          -2.760          -8.164            8.731
 2770 (vir)     1           7.936          -4.819          -3.011          -8.637            8.743
 2771 (vir)     1           7.938          -4.712          -2.838          -8.352            8.739
 2772 (vir)     1           7.947          -4.661          -2.882          -8.358            8.762
 2773 (vir)     1           7.948          -4.768          -2.803          -8.316            8.693
 2774 (vir)     1           7.961          -4.452          -2.676          -7.923            8.756
 2775 (vir)     1           7.967          -4.685          -2.879          -8.376            8.779
 2776 (vir)     1           7.968          -4.626          -2.803          -8.247            8.787
 2777 (vir)     1           7.972          -4.621          -2.724          -8.116            8.743
 2778 (vir)     1           7.977          -4.704          -2.926          -8.449            8.796
 2779 (vir)     1           7.985          -4.669          -2.734          -8.157            8.738
 2780 (vir)     1           7.986          -4.634          -2.742          -8.205            8.815
 2781 (vir)     1           7.994          -4.692          -2.799          -8.279            8.782
 2782 (vir)     1           7.999          -4.711          -2.821          -8.309            8.777
 2783 (vir)     1           8.001          -4.556          -2.708          -8.046            8.783
 2784 (vir)     1           8.007          -4.736          -2.842          -8.381            8.811
 2785 (vir)     1           8.009          -4.701          -2.754          -8.173            8.726
 2786 (vir)     1           8.016          -4.666          -2.737          -8.225            8.837
 2787 (vir)     1           8.027          -4.731          -2.830          -8.301            8.767
 2788 (vir)     1           8.028          -4.687          -2.775          -8.261            8.827
 2789 (vir)     1           8.032          -4.752          -2.868          -8.428            8.840
 2790 (vir)     1           8.032          -4.831          -2.883          -8.520            8.838
 2791 (vir)     1           8.054          -4.656          -2.676          -8.115            8.837
 2792 (vir)     1           8.054          -4.812          -2.988          -8.630            8.884
 2793 (vir)     1           8.054          -4.885          -2.766          -8.416            8.819
 2794 (vir)     1           8.062          -4.837          -2.919          -8.530            8.836
 2795 (vir)     1           8.072          -4.639          -2.780          -8.256            8.910
 2796 (vir)     1           8.072          -4.692          -2.812          -8.320            8.888
 2797 (vir)     1           8.078          -4.724          -2.762          -8.226            8.818
 2798 (vir)     1           8.085          -4.713          -2.822          -8.298            8.848
 2799 (vir)     1           8.088          -4.643          -2.778          -8.232            8.899
 2800 (vir)     1           8.091          -4.627          -2.730          -8.137            8.872
 2801 (vir)     1           8.095          -4.785          -2.911          -8.507            8.905
 2802 (vir)     1           8.101          -4.813          -2.991          -8.648            8.945
 2803 (vir)     1           8.108          -4.741          -2.937          -8.494            8.925
 2804 (vir)     1           8.108          -4.705          -2.834          -8.363            8.932
 2805 (vir)     1           8.108          -4.556          -2.696          -8.081            8.937
 2806 (vir)     1           8.122          -4.546          -2.684          -8.068            8.960
 2807 (vir)     1           8.124          -4.687          -2.811          -8.243            8.869
 2808 (vir)     1           8.131          -4.662          -2.795          -8.256            8.930
 2809 (vir)     1           8.134          -4.510          -2.626          -7.949            8.947
 2810 (vir)     1           8.136          -4.764          -2.810          -8.352            8.914
 2811 (vir)     1           8.138          -4.717          -2.843          -8.346            8.924
 2812 (vir)     1           8.150          -4.693          -2.816          -8.299            8.940
 2813 (vir)     1           8.151          -4.771          -2.807          -8.315            8.888
 2814 (vir)     1           8.158          -4.891          -2.978          -8.661            8.949
 2815 (vir)     1           8.163          -4.629          -2.650          -8.053            8.936
 2816 (vir)     1           8.167          -4.822          -2.949          -8.562            8.958
 2817 (vir)     1           8.171          -4.685          -2.852          -8.380            9.014
 2818 (vir)     1           8.174          -4.596          -2.759          -8.143            8.963
 2819 (vir)     1           8.187          -4.768          -2.771          -8.291            8.940
 2820 (vir)     1           8.192          -4.823          -2.927          -8.566            9.008
 2821 (vir)     1           8.194          -4.757          -2.853          -8.394            8.978
 2822 (vir)     1           8.199          -4.654          -2.702          -8.165            9.008
 2823 (vir)     1           8.199          -4.761          -2.899          -8.512            9.050
 2824 (vir)     1           8.204          -4.767          -2.830          -8.379            8.985
 2825 (vir)     1           8.211          -4.718          -2.864          -8.366            8.995
 2826 (vir)     1           8.213          -4.656          -2.716          -8.158            8.999
 2827 (vir)     1           8.218          -4.686          -2.701          -8.161            8.991
 2828 (vir)     1           8.225          -4.810          -2.835          -8.355            8.935
 2829 (vir)     1           8.227          -4.703          -2.796          -8.302            9.030
 2830 (vir)     1           8.232          -4.748          -2.778          -8.309            9.015
 2831 (vir)     1           8.236          -4.558          -2.665          -8.017            9.030
 2832 (vir)     1           8.242          -4.746          -2.828          -8.400            9.068
 2833 (vir)     1           8.243          -4.748          -2.897          -8.401            8.999
 2834 (vir)     1           8.251          -4.692          -2.735          -8.219            9.043
 2835 (vir)     1           8.261          -4.795          -2.881          -8.476            9.060
 2836 (vir)     1           8.262          -4.634          -2.706          -8.125            9.047
 2837 (vir)     1           8.269          -4.599          -2.617          -7.958            9.012
 2838 (vir)     1           8.274          -4.693          -2.696          -8.137            9.023
 2839 (vir)     1           8.280          -4.736          -2.778          -8.331            9.097
 2840 (vir)     1           8.284          -4.710          -2.758          -8.221            9.036
 2841 (vir)     1           8.284          -4.744          -2.690          -8.231            9.082
 2842 (vir)     1           8.291          -4.643          -2.661          -8.083            9.070
 2843 (vir)     1           8.292          -4.592          -2.748          -8.177            9.129
 2844 (vir)     1           8.298          -4.712          -2.720          -8.192            9.058
 2845 (vir)     1           8.303          -4.840          -2.781          -8.354            9.036
 2846 (vir)     1           8.307          -4.779          -2.734          -8.210            9.004
 2847 (vir)     1           8.316          -4.766          -2.776          -8.317            9.091
 2848 (vir)     1           8.319          -4.707          -2.799          -8.302            9.115
 2849 (vir)     1           8.329          -4.670          -2.730          -8.165            9.094
 2850 (vir)     1           8.332          -4.651          -2.719          -8.194            9.156
 2851 (vir)     1           8.340          -4.771          -2.791          -8.317            9.096
 2852 (vir)     1           8.340          -4.594          -2.657          -8.068            9.157
 2853 (vir)     1           8.348          -4.629          -2.675          -8.131            9.174
 2854 (vir)     1           8.355          -4.810          -2.945          -8.559            9.159
 2855 (vir)     1           8.356          -4.681          -2.725          -8.167            9.117
 2856 (vir)     1           8.357          -4.679          -2.708          -8.186            9.156
 2857 (vir)     1           8.365          -4.693          -2.659          -8.117            9.129
 2858 (vir)     1           8.368          -4.729          -2.667          -8.176            9.148
 2859 (vir)     1           8.377          -4.945          -2.798          -8.489            9.123
 2860 (vir)     1           8.382          -4.605          -2.670          -8.111            9.218
 2861 (vir)     1           8.391          -4.697          -2.677          -8.135            9.152
 2862 (vir)     1           8.391          -4.671          -2.762          -8.269            9.228
 2863 (vir)     1           8.398          -4.713          -2.731          -8.260            9.214
 2864 (vir)     1           8.402          -4.767          -2.767          -8.276            9.144
 2865 (vir)     1           8.416          -4.704          -2.721          -8.239            9.231
 2866 (vir)     1           8.417          -4.743          -2.748          -8.243            9.169
 2867 (vir)     1           8.424          -4.567          -2.662          -8.078            9.273
 2868 (vir)     1           8.426          -4.873          -2.821          -8.435            9.168
 2869 (vir)     1           8.438          -4.693          -2.656          -8.093            9.182
 2870 (vir)     1           8.438          -4.658          -2.707          -8.152            9.225
 2871 (vir)     1           8.443          -4.839          -2.752          -8.337            9.188
 2872 (vir)     1           8.446          -4.778          -2.778          -8.282            9.172
 2873 (vir)     1           8.449          -4.804          -2.757          -8.335            9.223
 2874 (vir)     1           8.456          -4.673          -2.682          -8.149            9.250
 2875 (vir)     1           8.460          -4.723          -2.761          -8.298            9.274
 2876 (vir)     1           8.468          -4.658          -2.726          -8.209            9.292
 2877 (vir)     1           8.468          -4.783          -2.750          -8.314            9.248
 2878 (vir)     1           8.482          -4.703          -2.800          -8.370            9.349
 2879 (vir)     1           8.487          -4.944          -2.791          -8.402            9.154
 2880 (vir)     1           8.489          -4.738          -2.803          -8.354            9.303
 2881 (vir)     1           8.495          -4.492          -2.538          -7.859            9.325
 2882 (vir)     1           8.498          -4.662          -2.694          -8.133            9.275
 2883 (vir)     1           8.504          -4.823          -2.696          -8.283            9.268
 2884 (vir)     1           8.505          -4.698          -2.642          -8.124            9.289
 2885 (vir)     1           8.507          -4.810          -2.775          -8.347            9.269
 2886 (vir)     1           8.513          -4.739          -2.750          -8.291            9.314
 2887 (vir)     1           8.517          -4.625          -2.694          -8.134            9.333
 2888 (vir)     1           8.519          -4.800          -2.842          -8.435            9.312
 2889 (vir)     1           8.532          -4.714          -2.718          -8.197            9.299
 2890 (vir)     1           8.539          -4.615          -2.617          -8.009            9.315
 2891 (vir)     1           8.539          -4.705          -2.696          -8.193            9.332
 2892 (vir)     1           8.543          -4.672          -2.618          -8.154            9.407
 2893 (vir)     1           8.548          -4.775          -2.635          -8.115            9.252
 2894 (vir)     1           8.564          -4.841          -2.687          -8.199            9.234
 2895 (vir)     1           8.567          -4.788          -2.671          -8.196            9.303
 2896 (vir)     1           8.568          -4.710          -2.695          -8.164            9.327
 2897 (vir)     1           8.576          -4.855          -2.845          -8.534            9.410
 2898 (vir)     1           8.584          -4.767          -2.671          -8.212            9.358
 2899 (vir)     1           8.589          -4.927          -2.694          -8.240            9.208
 2900 (vir)     1           8.591          -4.825          -2.737          -8.290            9.320
 2901 (vir)     1           8.596          -4.865          -2.808          -8.398            9.321
 2902 (vir)     1           8.599          -4.873          -2.775          -8.443            9.394
 2903 (vir)     1           8.604          -4.895          -2.786          -8.421            9.344
 2904 (vir)     1           8.610          -4.897          -2.870          -8.520            9.363
 2905 (vir)     1           8.611          -4.779          -2.706          -8.209            9.334
 2906 (vir)     1           8.612          -4.662          -2.701          -8.177            9.425
 2907 (vir)     1           8.615          -4.871          -2.741          -8.375            9.378
 2908 (vir)     1           8.623          -4.762          -2.719          -8.238            9.380
 2909 (vir)     1           8.627          -4.833          -2.742          -8.381            9.432
 2910 (vir)     1           8.634          -4.955          -2.765          -8.413            9.327
 2911 (vir)     1           8.639          -5.181          -2.740          -8.479            9.197
 2912 (vir)     1           8.644          -4.638          -2.677          -8.113            9.442
 2913 (vir)     1           8.652          -4.847          -2.646          -8.209            9.369
 2914 (vir)     1           8.653          -4.906          -2.784          -8.435            9.398
 2915 (vir)     1           8.657          -4.880          -2.710          -8.330            9.397
 2916 (vir)     1           8.667          -4.972          -2.765          -8.429            9.359
 2917 (vir)     1           8.669          -4.832          -2.698          -8.276            9.414
 2918 (vir)     1           8.673          -4.732          -2.616          -8.114            9.439
 2919 (vir)     1           8.678          -4.941          -2.828          -8.481            9.390
 2920 (vir)     1           8.682          -4.949          -2.680          -8.358            9.411
 2921 (vir)     1           8.683          -4.798          -2.717          -8.267            9.435
 2922 (vir)     1           8.686          -4.439          -2.534          -7.841            9.554
 2923 (vir)     1           8.703          -4.913          -2.747          -8.343            9.386
 2924 (vir)     1           8.705          -4.893          -2.763          -8.378            9.428
 2925 (vir)     1           8.712          -4.827          -2.733          -8.325            9.476
 2926 (vir)     1           8.714          -5.132          -2.756          -8.510            9.336
 2927 (vir)     1           8.718          -4.742          -2.742          -8.273            9.508
 2928 (vir)     1           8.720          -4.602          -2.601          -8.041            9.558
 2929 (vir)     1           8.723          -4.807          -2.616          -8.153            9.452
 2930 (vir)     1           8.728          -4.700          -2.581          -8.071            9.518
 2931 (vir)     1           8.735          -5.048          -2.963          -8.728            9.453
 2932 (vir)     1           8.735          -4.819          -2.687          -8.246            9.475
 2933 (vir)     1           8.744          -4.907          -2.714          -8.305            9.429
 2934 (vir)     1           8.744          -4.910          -2.727          -8.351            9.458
 2935 (vir)     1           8.747          -4.919          -2.788          -8.419            9.459
 2936 (vir)     1           8.754          -4.945          -2.655          -8.302            9.456
 2937 (vir)     1           8.769          -4.754          -2.680          -8.206            9.541
 2938 (vir)     1           8.771          -4.830          -2.740          -8.316            9.517
 2939 (vir)     1           8.776          -4.962          -2.804          -8.537            9.547
 2940 (vir)     1           8.778          -4.856          -2.733          -8.350            9.540
 2941 (vir)     1           8.784          -4.733          -2.572          -8.025            9.504
 2942 (vir)     1           8.785          -4.949          -2.700          -8.357            9.493
 2943 (vir)     1           8.791          -4.997          -2.830          -8.530            9.495
 2944 (vir)     1           8.794          -4.404          -2.585          -7.898            9.702
 2945 (vir)     1           8.799          -4.749          -2.637          -8.173            9.585
 2946 (vir)     1           8.800          -5.028          -2.775          -8.457            9.455
 2947 (vir)     1           8.805          -4.726          -2.667          -8.216            9.628
 2948 (vir)     1           8.814          -4.702          -2.653          -8.152            9.612
 2949 (vir)     1           8.818          -4.722          -2.712          -8.264            9.649
 2950 (vir)     1           8.823          -4.282          -2.423          -7.610            9.728
 2951 (vir)     1           8.831          -4.830          -2.710          -8.288            9.579
 2952 (vir)     1           8.835          -4.805          -2.639          -8.200            9.591
 2953 (vir)     1           8.843          -4.888          -2.730          -8.342            9.568
 2954 (vir)     1           8.844          -4.929          -2.793          -8.425            9.547
 2955 (vir)     1           8.853          -4.880          -2.800          -8.446            9.619
 2956 (vir)     1           8.854          -4.974          -2.848          -8.540            9.572
 2957 (vir)     1           8.869          -4.908          -2.722          -8.424            9.662
 2958 (vir)     1           8.871          -4.925          -2.785          -8.443            9.604
 2959 (vir)     1           8.871          -4.773          -2.607          -8.130            9.621
 2960 (vir)     1           8.880          -5.120          -2.918          -8.685            9.527
 2961 (vir)     1           8.883          -4.808          -2.686          -8.307            9.695
 2962 (vir)     1           8.890          -4.613          -2.605          -8.027            9.699
 2963 (vir)     1           8.892          -4.817          -2.637          -8.187            9.625
 2964 (vir)     1           8.892          -4.740          -2.638          -8.160            9.674
 2965 (vir)     1           8.898          -4.782          -2.628          -8.140            9.628
 2966 (vir)     1           8.899          -4.638          -2.593          -8.038            9.705
 2967 (vir)     1           8.902          -4.955          -2.734          -8.416            9.630
 2968 (vir)     1           8.905          -5.079          -2.854          -8.650            9.621
 2969 (vir)     1           8.906          -4.765          -2.644          -8.177            9.675
 2970 (vir)     1           8.915          -4.954          -2.838          -8.540            9.664
 2971 (vir)     1           8.922          -4.855          -2.752          -8.351            9.667
 2972 (vir)     1           8.924          -5.013          -2.726          -8.428            9.612
 2973 (vir)     1           8.930          -5.052          -2.828          -8.550            9.599
 2974 (vir)     1           8.932          -4.921          -2.722          -8.362            9.651
 2975 (vir)     1           8.940          -4.878          -2.737          -8.377            9.701
 2976 (vir)     1           8.943          -4.889          -2.688          -8.304            9.669
 2977 (vir)     1           8.947          -4.889          -2.687          -8.311            9.682
 2978 (vir)     1           8.954          -4.838          -2.687          -8.223            9.652
 2979 (vir)     1           8.962          -4.945          -2.856          -8.560            9.721
 2980 (vir)     1           8.962          -5.127          -2.897          -8.738            9.676
 2981 (vir)     1           8.976          -4.826          -2.675          -8.208            9.683
 2982 (vir)     1           8.983          -5.062          -2.814          -8.533            9.640
 2983 (vir)     1           8.985          -4.905          -2.711          -8.308            9.678
 2984 (vir)     1           8.987          -5.041          -2.742          -8.437            9.641
 2985 (vir)     1           8.996          -4.975          -2.746          -8.390            9.665
 2986 (vir)     1           9.000          -5.147          -2.891          -8.711            9.673
 2987 (vir)     1           9.004          -4.737          -2.572          -8.047            9.742
 2988 (vir)     1           9.009          -5.087          -2.820          -8.589            9.691
 2989 (vir)     1           9.020          -4.999          -2.796          -8.445            9.670
 2990 (vir)     1           9.022          -4.666          -2.531          -7.997            9.822
 2991 (vir)     1           9.023          -5.140          -2.851          -8.669            9.701
 2992 (vir)     1           9.031          -5.100          -2.822          -8.577            9.686
 2993 (vir)     1           9.032          -4.628          -2.511          -7.923            9.815
 2994 (vir)     1           9.039          -4.911          -2.660          -8.244            9.712
 2995 (vir)     1           9.041          -4.922          -2.700          -8.329            9.748
 2996 (vir)     1           9.048          -4.774          -2.644          -8.185            9.815
 2997 (vir)     1           9.056          -5.196          -2.906          -8.761            9.715
 2998 (vir)     1           9.057          -5.002          -2.769          -8.481            9.766
 2999 (vir)     1           9.064          -4.933          -2.712          -8.377            9.795
 3000 (vir)     1           9.069          -4.996          -2.712          -8.385            9.746
 3001 (vir)     1           9.073          -5.003          -2.776          -8.483            9.778
 3002 (vir)     1           9.080          -5.017          -2.766          -8.412            9.709
 3003 (vir)     1           9.086          -4.946          -2.713          -8.408            9.835
 3004 (vir)     1           9.086          -5.007          -2.780          -8.471            9.770
 3005 (vir)     1           9.101          -5.036          -2.811          -8.499            9.753
 3006 (vir)     1           9.114          -4.973          -2.690          -8.319            9.770
 3007 (vir)     1           9.121          -4.932          -2.723          -8.375            9.841
 3008 (vir)     1           9.125          -4.759          -2.575          -8.082            9.872
 3009 (vir)     1           9.127          -5.101          -2.752          -8.486            9.760
 3010 (vir)     1           9.134          -5.019          -2.772          -8.475            9.818
 3011 (vir)     1           9.141          -4.751          -2.590          -8.084            9.884
 3012 (vir)     1           9.148          -4.917          -2.691          -8.273            9.812
 3013 (vir)     1           9.149          -5.037          -2.756          -8.470            9.827
 3014 (vir)     1           9.158          -5.099          -2.819          -8.578            9.818
 3015 (vir)     1           9.162          -5.077          -2.777          -8.502            9.812
 3016 (vir)     1           9.171          -4.855          -2.600          -8.170            9.885
 3017 (vir)     1           9.174          -4.855          -2.674          -8.300            9.946
 3018 (vir)     1           9.187          -5.050          -2.742          -8.459            9.854
 3019 (vir)     1           9.190          -5.040          -2.774          -8.514            9.889
 3020 (vir)     1           9.195          -5.017          -2.755          -8.481            9.903
 3021 (vir)     1           9.197          -5.318          -2.962          -8.896            9.813
 3022 (vir)     1           9.210          -5.079          -2.796          -8.575            9.909
 3023 (vir)     1           9.214          -5.144          -2.807          -8.614            9.876
 3024 (vir)     1           9.223          -5.115          -2.834          -8.610            9.883
 3025 (vir)     1           9.224          -4.996          -2.759          -8.483            9.952
 3026 (vir)     1           9.231          -5.030          -2.754          -8.494            9.941
 3027 (vir)     1           9.234          -5.002          -2.764          -8.491            9.958
 3028 (vir)     1           9.240          -5.122          -2.823          -8.575            9.871
 3029 (vir)     1           9.248          -5.054          -2.713          -8.418            9.899
 3030 (vir)     1           9.251          -5.210          -2.898          -8.763            9.906
 3031 (vir)     1           9.255          -4.982          -2.684          -8.347            9.936
 3032 (vir)     1           9.263          -5.178          -2.874          -8.695            9.906
 3033 (vir)     1           9.265          -5.194          -2.766          -8.552            9.856
 3034 (vir)     1           9.276          -5.186          -2.896          -8.742            9.935
 3035 (vir)     1           9.281          -5.195          -2.918          -8.768            9.936
 3036 (vir)     1           9.291          -5.230          -2.853          -8.759            9.967
 3037 (vir)     1           9.296          -5.306          -2.925          -8.821            9.887
 3038 (vir)     1           9.300          -5.354          -2.952          -8.879            9.873
 3039 (vir)     1           9.303          -5.076          -2.755          -8.475            9.947
 3040 (vir)     1           9.318          -5.230          -2.794          -8.633            9.927
 3041 (vir)     1           9.325          -5.147          -2.805          -8.606            9.979
 3042 (vir)     1           9.331          -5.254          -2.828          -8.731            9.980
 3043 (vir)     1           9.333          -5.121          -2.792          -8.579           10.000
 3044 (vir)     1           9.339          -5.261          -2.795          -8.611            9.894
 3045 (vir)     1           9.343          -5.125          -2.856          -8.686           10.048
 3046 (vir)     1           9.347          -5.116          -2.832          -8.628           10.027
 3047 (vir)     1           9.357          -5.165          -2.891          -8.742           10.042
 3048 (vir)     1           9.359          -5.130          -2.814          -8.569            9.983
 3049 (vir)     1           9.363          -5.209          -2.826          -8.671            9.998
 3050 (vir)     1           9.378          -5.149          -2.771          -8.603           10.061
 3051 (vir)     1           9.379          -5.101          -2.790          -8.539           10.027
 3052 (vir)     1           9.380          -5.034          -2.876          -8.668           10.138
 3053 (vir)     1           9.385          -5.188          -2.867          -8.721           10.051
 3054 (vir)     1           9.397          -5.238          -2.918          -8.793           10.035
 3055 (vir)     1           9.398          -5.237          -2.883          -8.732           10.010
 3056 (vir)     1           9.408          -5.210          -2.847          -8.670           10.022
 3057 (vir)     1           9.415          -5.317          -2.973          -8.977           10.102
 3058 (vir)     1           9.421          -5.222          -2.869          -8.726           10.056
 3059 (vir)     1           9.432          -5.239          -2.929          -8.795           10.059
 3060 (vir)     1           9.435          -5.274          -2.931          -8.839           10.069
 3061 (vir)     1           9.443          -5.286          -2.863          -8.729           10.023
 3062 (vir)     1           9.447          -5.209          -2.851          -8.660           10.047
 3063 (vir)     1           9.459          -5.200          -2.829          -8.695           10.125
 3064 (vir)     1           9.467          -5.319          -2.939          -8.873           10.083
 3065 (vir)     1           9.468          -5.257          -2.866          -8.764           10.110
 3066 (vir)     1           9.486          -5.325          -2.887          -8.778           10.053
 3067 (vir)     1           9.487          -5.267          -2.901          -8.787           10.105
 3068 (vir)     1           9.499          -5.207          -2.799          -8.636           10.129
 3069 (vir)     1           9.499          -5.312          -2.866          -8.764           10.085
 3070 (vir)     1           9.513          -5.215          -2.908          -8.780           10.170
 3071 (vir)     1           9.514          -5.222          -2.908          -8.783           10.167
 3072 (vir)     1           9.519          -5.379          -2.951          -8.921           10.109
 3073 (vir)     1           9.528          -4.961          -2.801          -8.575           10.340
 3074 (vir)     1           9.534          -5.468          -2.996          -9.034           10.103
 3075 (vir)     1           9.538          -5.315          -2.886          -8.844           10.181
 3076 (vir)     1           9.555          -5.544          -2.957          -9.024           10.078
 3077 (vir)     1           9.562          -5.312          -2.838          -8.782           10.193
 3078 (vir)     1           9.566          -5.351          -2.888          -8.819           10.147
 3079 (vir)     1           9.577          -5.263          -2.876          -8.752           10.191
 3080 (vir)     1           9.595          -5.353          -2.915          -8.868           10.195
 3081 (vir)     1           9.595          -5.222          -2.847          -8.706           10.232
 3082 (vir)     1           9.603          -5.288          -2.894          -8.831           10.252
 3083 (vir)     1           9.608          -5.428          -2.967          -8.996           10.209
 3084 (vir)     1           9.622          -5.278          -2.827          -8.735           10.252
 3085 (vir)     1           9.632          -5.621          -3.040          -9.219           10.190
 3086 (vir)     1           9.649          -5.305          -2.886          -8.794           10.252
 3087 (vir)     1           9.670          -5.411          -2.957          -9.034           10.335
 3088 (vir)     1           9.670          -5.262          -2.865          -8.749           10.292
 3089 (vir)     1           9.683          -5.308          -2.816          -8.774           10.332
 3090 (vir)     1           9.685          -5.423          -2.941          -8.934           10.256
 3091 (vir)     1           9.691          -5.236          -2.883          -8.769           10.342
 3092 (vir)     1           9.697          -5.328          -2.885          -8.851           10.335
 3093 (vir)     1           9.700          -5.354          -2.896          -8.830           10.280
 3094 (vir)     1           9.702          -5.525          -3.011          -9.124           10.290
 3095 (vir)     1           9.720          -5.487          -2.991          -9.091           10.333
 3096 (vir)     1           9.734          -5.528          -2.989          -9.095           10.312
 3097 (vir)     1           9.740          -5.372          -2.917          -8.884           10.334
 3098 (vir)     1           9.752          -5.573          -3.099          -9.309           10.389
 3099 (vir)     1           9.753          -5.390          -2.953          -8.938           10.348
 3100 (vir)     1           9.778          -5.321          -2.845          -8.759           10.371
 3101 (vir)     1           9.780          -5.505          -2.989          -9.075           10.361
 3102 (vir)     1           9.785          -5.262          -2.829          -8.709           10.404
 3103 (vir)     1           9.787          -5.325          -2.813          -8.728           10.378
 3104 (vir)     1           9.802          -5.322          -2.845          -8.815           10.450
 3105 (vir)     1           9.813          -5.528          -3.027          -9.133           10.391
 3106 (vir)     1           9.819          -5.435          -3.032          -9.149           10.502
 3107 (vir)     1           9.821          -5.416          -2.882          -8.878           10.400
 3108 (vir)     1           9.822          -5.203          -2.808          -8.693           10.504
 3109 (vir)     1           9.828          -5.536          -3.088          -9.276           10.480
 3110 (vir)     1           9.835          -5.537          -3.074          -9.267           10.492
 3111 (vir)     1           9.835          -5.529          -3.059          -9.202           10.449
 3112 (vir)     1           9.849          -5.391          -2.874          -8.900           10.484
 3113 (vir)     1           9.858          -5.457          -2.923          -8.939           10.418
 3114 (vir)     1           9.868          -5.555          -3.007          -9.140           10.446
 3115 (vir)     1           9.871          -5.546          -3.003          -9.104           10.425
 3116 (vir)     1           9.877          -5.539          -2.972          -9.052           10.419
 3117 (vir)     1           9.885          -5.469          -3.025          -9.154           10.546
 3118 (vir)     1           9.887          -5.416          -2.948          -9.012           10.534
 3119 (vir)     1           9.897          -5.465          -2.962          -9.032           10.502
 3120 (vir)     1           9.902          -5.318          -2.845          -8.804           10.544
 3121 (vir)     1           9.907          -5.483          -3.099          -9.314           10.640
 3122 (vir)     1           9.908          -5.421          -2.933          -8.967           10.521
 3123 (vir)     1           9.916          -5.466          -2.973          -9.073           10.550
 3124 (vir)     1           9.921          -5.524          -3.027          -9.179           10.549
 3125 (vir)     1           9.933          -5.211          -2.810          -8.637           10.548
 3126 (vir)     1           9.936          -5.451          -2.944          -9.019           10.560
 3127 (vir)     1           9.940          -5.436          -3.014          -9.085           10.575
 3128 (vir)     1           9.945          -5.453          -3.084          -9.309           10.716
 3129 (vir)     1           9.952          -5.357          -2.935          -8.994           10.655
 3130 (vir)     1           9.953          -5.257          -2.827          -8.726           10.594
 3131 (vir)     1           9.963          -5.276          -2.860          -8.733           10.559
 3132 (vir)     1           9.969          -5.279          -2.865          -8.775           10.600
 3133 (vir)     1           9.969          -5.457          -2.919          -8.974           10.568
 3134 (vir)     1           9.978          -5.409          -3.005          -9.139           10.703
 3135 (vir)     1           9.983          -5.408          -2.970          -9.003           10.608
 3136 (vir)     1           9.987          -5.310          -2.834          -8.821           10.664
 3137 (vir)     1           9.995          -5.428          -2.974          -9.053           10.647
 3138 (vir)     1           9.998          -5.481          -2.953          -9.057           10.622
 3139 (vir)     1          10.006          -5.495          -2.945          -9.054           10.621
 3140 (vir)     1          10.013          -5.449          -2.973          -9.101           10.691
 3141 (vir)     1          10.022          -5.251          -2.800          -8.668           10.638
 3142 (vir)     1          10.035          -5.360          -2.941          -8.944           10.678
 3143 (vir)     1          10.038          -5.368          -2.927          -8.982           10.725
 3144 (vir)     1          10.040          -5.295          -2.782          -8.720           10.683
 3145 (vir)     1          10.043          -5.368          -2.919          -8.947           10.703
 3146 (vir)     1          10.049          -5.402          -2.933          -9.011           10.726
 3147 (vir)     1          10.052          -5.286          -2.915          -8.922           10.773
 3148 (vir)     1          10.062          -5.261          -2.836          -8.778           10.743
 3149 (vir)     1          10.066          -5.495          -2.995          -9.121           10.696
 3150 (vir)     1          10.069          -5.379          -2.892          -8.869           10.668
 3151 (vir)     1          10.083          -5.164          -2.753          -8.568           10.733
 3152 (vir)     1          10.087          -5.328          -2.815          -8.700           10.645
 3153 (vir)     1          10.087          -5.329          -2.895          -8.891           10.755
 3154 (vir)     1          10.095          -5.427          -2.914          -8.956           10.710
 3155 (vir)     1          10.107          -5.195          -2.795          -8.648           10.765
 3156 (vir)     1          10.118          -5.424          -2.851          -8.851           10.694
 3157 (vir)     1          10.119          -5.327          -2.828          -8.801           10.764
 3158 (vir)     1          10.131          -5.311          -2.807          -8.716           10.728
 3159 (vir)     1          10.134          -5.289          -2.787          -8.685           10.743
 3160 (vir)     1          10.141          -5.283          -2.869          -8.874           10.864
 3161 (vir)     1          10.141          -5.198          -2.697          -8.449           10.695
 3162 (vir)     1          10.153          -5.307          -2.830          -8.774           10.790
 3163 (vir)     1          10.159          -5.248          -2.792          -8.704           10.823
 3164 (vir)     1          10.171          -5.378          -2.894          -8.965           10.863
 3165 (vir)     1          10.173          -5.442          -2.911          -8.955           10.775
 3166 (vir)     1          10.182          -5.112          -2.664          -8.440           10.845
 3167 (vir)     1          10.195          -5.355          -2.873          -8.853           10.821
 3168 (vir)     1          10.214          -5.442          -2.879          -8.926           10.818
 3169 (vir)     1          10.217          -5.397          -2.794          -8.775           10.802
 3170 (vir)     1          10.223          -5.403          -2.862          -8.860           10.819
 3171 (vir)     1          10.235          -5.247          -2.751          -8.597           10.833
 3172 (vir)     1          10.241          -5.443          -2.800          -8.720           10.718
 3173 (vir)     1          10.245          -5.388          -2.825          -8.799           10.830
 3174 (vir)     1          10.256          -5.282          -2.756          -8.688           10.906
 3175 (vir)     1          10.258          -5.364          -2.862          -8.854           10.886
 3176 (vir)     1          10.262          -5.542          -2.902          -9.026           10.843
 3177 (vir)     1          10.272          -5.683          -2.981          -9.205           10.813
 3178 (vir)     1          10.283          -5.297          -2.789          -8.721           10.919
 3179 (vir)     1          10.288          -5.441          -2.905          -9.037           10.979
 3180 (vir)     1          10.301          -5.197          -2.683          -8.436           10.857
 3181 (vir)     1          10.304          -5.485          -3.001          -9.169           10.986
 3182 (vir)     1          10.311          -5.242          -2.742          -8.615           10.942
 3183 (vir)     1          10.312          -5.307          -2.774          -8.731           10.962
 3184 (vir)     1          10.320          -5.381          -2.825          -8.870           10.983
 3185 (vir)     1          10.332          -5.390          -2.867          -8.913           10.988
 3186 (vir)     1          10.341          -5.323          -2.761          -8.628           10.884
 3187 (vir)     1          10.347          -5.646          -2.887          -9.039           10.853
 3188 (vir)     1          10.353          -5.388          -2.827          -8.815           10.953
 3189 (vir)     1          10.354          -5.365          -2.743          -8.670           10.917
 3190 (vir)     1          10.361          -5.696          -2.948          -9.155           10.872
 3191 (vir)     1          10.371          -5.636          -2.948          -9.121           10.908
 3192 (vir)     1          10.378          -5.423          -2.842          -8.887           11.000
 3193 (vir)     1          10.387          -5.398          -2.815          -8.785           10.959
 3194 (vir)     1          10.404          -5.527          -2.902          -8.979           10.954
 3195 (vir)     1          10.408          -5.298          -2.759          -8.648           11.000
 3196 (vir)     1          10.412          -5.541          -2.852          -8.945           10.964
 3197 (vir)     1          10.421          -5.398          -2.801          -8.789           11.011
 3198 (vir)     1          10.424          -5.331          -2.743          -8.639           10.989
 3199 (vir)     1          10.428          -5.373          -2.717          -8.657           10.996
 3200 (vir)     1          10.432          -5.356          -2.739          -8.610           10.947
 3201 (vir)     1          10.438          -5.528          -2.862          -8.914           10.963
 3202 (vir)     1          10.445          -5.292          -2.694          -8.541           11.000
 3203 (vir)     1          10.455          -5.265          -2.757          -8.638           11.071
 3204 (vir)     1          10.469          -5.409          -2.736          -8.658           10.982
 3205 (vir)     1          10.474          -5.364          -2.852          -8.823           11.081
 3206 (vir)     1          10.480          -5.358          -2.791          -8.806           11.136
 3207 (vir)     1          10.484          -5.590          -2.900          -9.009           11.004
 3208 (vir)     1          10.492          -5.418          -2.766          -8.700           11.009
 3209 (vir)     1          10.498          -5.468          -2.826          -8.876           11.080
 3210 (vir)     1          10.499          -5.318          -2.674          -8.557           11.062
 3211 (vir)     1          10.506          -5.498          -2.802          -8.811           11.016
 3212 (vir)     1          10.524          -5.518          -2.814          -8.828           11.019
 3213 (vir)     1          10.524          -5.425          -2.806          -8.812           11.105
 3214 (vir)     1          10.537          -5.305          -2.701          -8.583           11.113
 3215 (vir)     1          10.546          -5.437          -2.771          -8.722           11.061
 3216 (vir)     1          10.550          -5.414          -2.730          -8.682           11.088
 3217 (vir)     1          10.553          -5.299          -2.741          -8.657           11.170
 3218 (vir)     1          10.563          -5.404          -2.738          -8.703           11.123
 3219 (vir)     1          10.573          -5.387          -2.793          -8.821           11.215
 3220 (vir)     1          10.573          -5.350          -2.700          -8.591           11.115
 3221 (vir)     1          10.591          -5.359          -2.741          -8.732           11.222
 3222 (vir)     1          10.600          -5.545          -2.962          -9.196           11.290
 3223 (vir)     1          10.622          -5.285          -2.609          -8.431           11.159
 3224 (vir)     1          10.629          -5.459          -2.794          -8.844           11.220
 3225 (vir)     1          10.639          -5.293          -2.684          -8.567           11.229
 3226 (vir)     1          10.645          -5.534          -2.802          -8.880           11.189
 3227 (vir)     1          10.650          -5.335          -2.710          -8.577           11.180
 3228 (vir)     1          10.656          -5.543          -2.831          -8.914           11.196
 3229 (vir)     1          10.661          -5.430          -2.725          -8.775           11.281
 3230 (vir)     1          10.676          -5.604          -2.832          -8.985           11.226
 3231 (vir)     1          10.687          -5.531          -2.767          -8.802           11.191
 3232 (vir)     1          10.687          -5.426          -2.733          -8.749           11.277
 3233 (vir)     1          10.704          -5.657          -2.808          -8.942           11.181
 3234 (vir)     1          10.705          -5.604          -2.904          -9.042           11.239
 3235 (vir)     1          10.718          -5.476          -2.793          -8.866           11.315
 3236 (vir)     1          10.729          -5.523          -2.808          -8.929           11.327
 3237 (vir)     1          10.732          -5.398          -2.727          -8.697           11.304
 3238 (vir)     1          10.733          -5.586          -2.774          -8.840           11.214
 3239 (vir)     1          10.755          -5.419          -2.772          -8.732           11.296
 3240 (vir)     1          10.757          -5.590          -2.787          -8.877           11.256
 3241 (vir)     1          10.766          -5.468          -2.784          -8.811           11.326
 3242 (vir)     1          10.768          -5.444          -2.794          -8.867           11.397
 3243 (vir)     1          10.789          -5.389          -2.749          -8.735           11.386
 3244 (vir)     1          10.793          -5.532          -2.785          -8.849           11.325
 3245 (vir)     1          10.796          -5.650          -2.891          -9.081           11.336
 3246 (vir)     1          10.799          -5.553          -2.799          -8.921           11.368
 3247 (vir)     1          10.802          -5.581          -2.736          -8.836           11.322
 3248 (vir)     1          10.805          -5.571          -2.776          -8.855           11.312
 3249 (vir)     1          10.812          -5.333          -2.670          -8.606           11.414
 3250 (vir)     1          10.821          -5.470          -2.747          -8.771           11.375
 3251 (vir)     1          10.825          -5.640          -2.870          -9.087           11.403
 3252 (vir)     1          10.842          -5.536          -2.816          -8.888           11.378
 3253 (vir)     1          10.842          -5.633          -2.809          -8.968           11.368
 3254 (vir)     1          10.852          -5.475          -2.746          -8.768           11.398
 3255 (vir)     1          10.856          -5.878          -2.947          -9.243           11.274
 3256 (vir)     1          10.865          -5.680          -2.845          -8.952           11.291
 3257 (vir)     1          10.874          -5.877          -2.821          -8.994           11.170
 3258 (vir)     1          10.876          -5.665          -2.853          -9.046           11.404
 3259 (vir)     1          10.891          -5.666          -2.860          -9.055           11.420
 3260 (vir)     1          10.892          -5.547          -2.785          -8.927           11.487
 3261 (vir)     1          10.905          -5.756          -2.933          -9.189           11.405
 3262 (vir)     1          10.912          -5.708          -2.829          -9.034           11.409
 3263 (vir)     1          10.915          -5.763          -2.842          -9.052           11.363
 3264 (vir)     1          10.928          -5.674          -2.857          -9.108           11.505
 3265 (vir)     1          10.936          -5.808          -2.911          -9.213           11.430
 3266 (vir)     1          10.940          -5.717          -2.827          -9.025           11.420
 3267 (vir)     1          10.956          -5.752          -2.861          -9.125           11.469
 3268 (vir)     1          10.962          -5.630          -2.751          -8.837           11.419
 3269 (vir)     1          10.964          -5.605          -2.768          -8.859           11.450
 3270 (vir)     1          10.970          -5.471          -2.731          -8.802           11.571
 3271 (vir)     1          10.973          -5.817          -2.877          -9.133           11.412
 3272 (vir)     1          10.977          -5.739          -2.870          -9.152           11.521
 3273 (vir)     1          10.980          -5.676          -2.797          -9.006           11.513
 3274 (vir)     1          10.987          -5.739          -2.839          -9.078           11.486
 3275 (vir)     1          10.989          -5.861          -2.906          -9.232           11.454
 3276 (vir)     1          10.993          -5.774          -2.926          -9.211           11.504
 3277 (vir)     1          11.004          -5.797          -3.017          -9.439           11.628
 3278 (vir)     1          11.013          -5.573          -2.781          -8.890           11.550
 3279 (vir)     1          11.019          -5.807          -2.898          -9.244           11.558
 3280 (vir)     1          11.025          -5.632          -2.823          -8.982           11.552
 3281 (vir)     1          11.033          -5.710          -2.883          -9.160           11.600
 3282 (vir)     1          11.036          -5.645          -2.810          -9.006           11.588
 3283 (vir)     1          11.043          -5.514          -2.708          -8.740           11.561
 3284 (vir)     1          11.045          -5.424          -2.681          -8.645           11.585
 3285 (vir)     1          11.064          -5.739          -2.886          -9.180           11.620
 3286 (vir)     1          11.071          -5.504          -2.723          -8.794           11.638
 3287 (vir)     1          11.072          -5.791          -2.861          -9.135           11.555
 3288 (vir)     1          11.097          -5.756          -2.801          -9.022           11.562
 3289 (vir)     1          11.103          -5.713          -2.867          -9.116           11.639
 3290 (vir)     1          11.103          -5.755          -2.899          -9.176           11.625
 3291 (vir)     1          11.107          -5.290          -2.616          -8.594           11.795
 3292 (vir)     1          11.117          -5.802          -2.879          -9.189           11.625
 3293 (vir)     1          11.127          -5.789          -2.821          -9.065           11.582
 3294 (vir)     1          11.129          -5.586          -2.736          -8.869           11.676
 3295 (vir)     1          11.144          -5.664          -2.841          -9.059           11.699
 3296 (vir)     1          11.153          -5.650          -2.703          -8.810           11.610
 3297 (vir)     1          11.153          -5.853          -2.929          -9.284           11.655
 3298 (vir)     1          11.157          -5.684          -2.773          -8.913           11.612
 3299 (vir)     1          11.168          -5.637          -2.801          -8.968           11.698
 3300 (vir)     1          11.178          -5.733          -2.871          -9.118           11.693
 3301 (vir)     1          11.185          -5.655          -2.717          -8.819           11.632
 3302 (vir)     1          11.188          -5.822          -2.885          -9.194           11.676
 3303 (vir)     1          11.200          -5.689          -2.831          -9.061           11.741
 3304 (vir)     1          11.202          -5.733          -2.853          -9.106           11.722
 3305 (vir)     1          11.206          -5.711          -2.818          -9.027           11.703
 3306 (vir)     1          11.207          -5.691          -2.839          -9.045           11.721
 3307 (vir)     1          11.216          -5.660          -2.721          -8.809           11.645
 3308 (vir)     1          11.227          -5.632          -2.741          -8.822           11.676
 3309 (vir)     1          11.230          -5.823          -2.844          -9.116           11.680
 3310 (vir)     1          11.241          -5.864          -2.980          -9.362           11.759
 3311 (vir)     1          11.265          -5.865          -2.821          -9.109           11.689
 3312 (vir)     1          11.272          -5.682          -2.729          -8.802           11.662
 3313 (vir)     1          11.275          -5.686          -2.765          -8.902           11.726
 3314 (vir)     1          11.280          -5.663          -2.799          -8.983           11.801
 3315 (vir)     1          11.288          -5.782          -2.759          -8.896           11.644
 3316 (vir)     1          11.298          -5.735          -2.848          -9.016           11.731
 3317 (vir)     1          11.306          -5.754          -2.786          -9.006           11.772
 3318 (vir)     1          11.314          -5.696          -2.840          -9.041           11.820
 3319 (vir)     1          11.318          -5.806          -2.808          -9.045           11.748
 3320 (vir)     1          11.320          -5.527          -2.676          -8.737           11.855
 3321 (vir)     1          11.332          -5.807          -2.774          -9.038           11.789
 3322 (vir)     1          11.346          -5.735          -2.824          -9.032           11.819
 3323 (vir)     1          11.355          -5.763          -2.797          -8.984           11.778
 3324 (vir)     1          11.357          -5.571          -2.684          -8.709           11.811
 3325 (vir)     1          11.379          -5.953          -2.890          -9.214           11.750
 3326 (vir)     1          11.383          -5.813          -2.827          -9.003           11.746
 3327 (vir)     1          11.384          -5.803          -2.810          -9.042           11.814
 3328 (vir)     1          11.396          -5.748          -2.765          -8.936           11.819
 3329 (vir)     1          11.397          -5.901          -2.867          -9.170           11.799
 3330 (vir)     1          11.412          -5.670          -2.743          -8.869           11.868
 3331 (vir)     1          11.417          -5.700          -2.766          -8.909           11.861
 3332 (vir)     1          11.422          -5.556          -2.617          -8.639           11.888
 3333 (vir)     1          11.425          -5.676          -2.746          -8.846           11.848
 3334 (vir)     1          11.431          -5.869          -2.795          -9.082           11.849
 3335 (vir)     1          11.438          -5.951          -2.849          -9.180           11.818
 3336 (vir)     1          11.451          -5.720          -2.771          -8.937           11.898
 3337 (vir)     1          11.459          -5.806          -2.733          -8.933           11.853
 3338 (vir)     1          11.463          -5.744          -2.793          -8.952           11.878
 3339 (vir)     1          11.481          -5.942          -2.818          -9.123           11.843
 3340 (vir)     1          11.487          -5.998          -2.835          -9.080           11.735
 3341 (vir)     1          11.493          -5.787          -2.744          -8.901           11.863
 3342 (vir)     1          11.496          -5.790          -2.740          -8.932           11.899
 3343 (vir)     1          11.506          -5.892          -2.831          -9.105           11.889
 3344 (vir)     1          11.521          -5.699          -2.775          -9.012           12.059
 3345 (vir)     1          11.525          -5.622          -2.718          -8.805           11.989
 3346 (vir)     1          11.530          -5.958          -2.850          -9.197           11.920
 3347 (vir)     1          11.542          -5.720          -2.755          -8.892           11.959
 3348 (vir)     1          11.543          -5.714          -2.772          -8.930           11.988
 3349 (vir)     1          11.548          -5.915          -2.810          -9.079           11.902
 3350 (vir)     1          11.556          -5.726          -2.757          -8.935           12.008
 3351 (vir)     1          11.574          -5.899          -2.761          -8.968           11.882
 3352 (vir)     1          11.587          -6.072          -2.833          -9.182           11.865
 3353 (vir)     1          11.601          -5.967          -2.879          -9.246           12.000
 3354 (vir)     1          11.615          -5.723          -2.756          -8.928           12.064
 3355 (vir)     1          11.621          -5.843          -2.800          -9.060           12.039
 3356 (vir)     1          11.633          -5.799          -2.796          -9.069           12.107
 3357 (vir)     1          11.647          -5.877          -2.766          -9.024           12.029
 3358 (vir)     1          11.662          -5.848          -2.798          -9.045           12.062
 3359 (vir)     1          11.665          -5.870          -2.802          -9.051           12.044
 3360 (vir)     1          11.670          -5.710          -2.695          -8.834           12.098
 3361 (vir)     1          11.691          -5.845          -2.803          -9.073           12.116
 3362 (vir)     1          11.700          -5.735          -2.707          -8.861           12.118
 3363 (vir)     1          11.704          -5.738          -2.689          -8.827           12.104
 3364 (vir)     1          11.710          -5.883          -2.830          -9.109           12.106
 3365 (vir)     1          11.716          -5.810          -2.862          -9.146           12.190
 3366 (vir)     1          11.740          -6.035          -2.871          -9.210           12.045
 3367 (vir)     1          11.747          -5.680          -2.715          -8.853           12.204
 3368 (vir)     1          11.756          -5.995          -2.944          -9.357           12.173
 3369 (vir)     1          11.764          -5.854          -2.787          -8.963           12.086
 3370 (vir)     1          11.769          -5.930          -2.853          -9.183           12.170
 3371 (vir)     1          11.784          -5.856          -2.783          -9.013           12.158
 3372 (vir)     1          11.787          -6.012          -2.838          -9.199           12.136
 3373 (vir)     1          11.797          -5.879          -2.782          -9.045           12.181
 3374 (vir)     1          11.805          -5.886          -2.810          -9.061           12.170
 3375 (vir)     1          11.813          -5.722          -2.753          -8.962           12.301
 3376 (vir)     1          11.816          -5.946          -2.778          -9.048           12.140
 3377 (vir)     1          11.817          -5.959          -2.790          -9.109           12.178
 3378 (vir)     1          11.842          -5.560          -2.657          -8.702           12.327
 3379 (vir)     1          11.844          -5.955          -2.791          -9.090           12.188
 3380 (vir)     1          11.851          -5.747          -2.742          -8.944           12.307
 3381 (vir)     1          11.861          -5.671          -2.662          -8.719           12.247
 3382 (vir)     1          11.866          -5.548          -2.703          -8.832           12.447
 3383 (vir)     1          11.873          -5.769          -2.723          -8.902           12.283
 3384 (vir)     1          11.877          -5.985          -2.833          -9.117           12.176
 3385 (vir)     1          11.893          -5.768          -2.776          -9.064           12.413
 3386 (vir)     1          11.907          -5.903          -2.866          -9.202           12.341
 3387 (vir)     1          11.911          -5.901          -2.756          -8.981           12.235
 3388 (vir)     1          11.922          -5.745          -2.729          -8.903           12.351
 3389 (vir)     1          11.925          -5.813          -2.761          -9.015           12.367
 3390 (vir)     1          11.950          -5.833          -2.805          -9.050           12.362
 3391 (vir)     1          11.955          -5.817          -2.739          -8.962           12.361
 3392 (vir)     1          11.957          -5.729          -2.705          -8.911           12.435
 3393 (vir)     1          11.959          -5.699          -2.721          -8.927           12.465
 3394 (vir)     1          11.960          -6.090          -2.853          -9.310           12.327
 3395 (vir)     1          11.979          -5.672          -2.712          -8.781           12.375
 3396 (vir)     1          11.983          -5.736          -2.650          -8.739           12.336
 3397 (vir)     1          11.989          -5.684          -2.686          -8.837           12.456
 3398 (vir)     1          11.991          -5.783          -2.770          -8.998           12.436
 3399 (vir)     1          11.998          -6.019          -2.839          -9.211           12.352
 3400 (vir)     1          12.009          -5.677          -2.675          -8.824           12.482
 3401 (vir)     1          12.033          -5.709          -2.663          -8.773           12.435
 3402 (vir)     1          12.038          -5.786          -2.759          -8.902           12.396
 3403 (vir)     1          12.039          -5.877          -2.772          -9.081           12.471
 3404 (vir)     1          12.045          -6.058          -2.867          -9.237           12.357
 3405 (vir)     1          12.059          -5.948          -2.802          -9.108           12.417
 3406 (vir)     1          12.065          -5.883          -2.820          -9.090           12.452
 3407 (vir)     1          12.088          -5.641          -2.589          -8.580           12.439
 3408 (vir)     1          12.097          -5.824          -2.755          -9.000           12.518
 3409 (vir)     1          12.101          -5.955          -2.859          -9.247           12.534
 3410 (vir)     1          12.105          -6.061          -2.858          -9.298           12.484
 3411 (vir)     1          12.109          -5.834          -2.760          -9.045           12.560
 3412 (vir)     1          12.110          -5.972          -2.855          -9.151           12.435
 3413 (vir)     1          12.117          -5.898          -2.798          -9.158           12.580
 3414 (vir)     1          12.130          -5.758          -2.666          -8.776           12.482
 3415 (vir)     1          12.142          -5.967          -2.850          -9.203           12.528
 3416 (vir)     1          12.145          -5.827          -2.761          -8.993           12.550
 3417 (vir)     1          12.148          -5.645          -2.647          -8.670           12.526
 3418 (vir)     1          12.151          -5.759          -2.772          -9.065           12.685
 3419 (vir)     1          12.168          -5.874          -2.802          -9.118           12.610
 3420 (vir)     1          12.173          -5.985          -2.817          -9.184           12.556
 3421 (vir)     1          12.183          -5.821          -2.754          -9.001           12.609
 3422 (vir)     1          12.195          -5.879          -2.788          -9.095           12.623
 3423 (vir)     1          12.196          -5.903          -2.823          -9.156           12.625
 3424 (vir)     1          12.209          -5.678          -2.678          -8.801           12.654
 3425 (vir)     1          12.210          -5.786          -2.727          -8.930           12.626
 3426 (vir)     1          12.219          -5.994          -2.850          -9.254           12.629
 3427 (vir)     1          12.226          -5.716          -2.774          -9.083           12.820
 3428 (vir)     1          12.232          -6.050          -2.796          -9.125           12.511
 3429 (vir)     1          12.237          -5.735          -2.704          -8.897           12.696
 3430 (vir)     1          12.241          -5.830          -2.770          -9.091           12.733
 3431 (vir)     1          12.244          -5.862          -2.803          -9.154           12.733
 3432 (vir)     1          12.267          -5.833          -2.761          -9.097           12.771
 3433 (vir)     1          12.278          -5.973          -2.838          -9.233           12.700
 3434 (vir)     1          12.279          -5.936          -2.782          -9.055           12.617
 3435 (vir)     1          12.287          -5.955          -2.798          -9.209           12.743
 3436 (vir)     1          12.292          -6.053          -2.907          -9.339           12.671
 3437 (vir)     1          12.304          -6.032          -2.841          -9.186           12.616
 3438 (vir)     1          12.305          -6.055          -2.874          -9.384           12.759
 3439 (vir)     1          12.311          -5.837          -2.709          -8.883           12.647
 3440 (vir)     1          12.329          -5.945          -2.814          -9.147           12.718
 3441 (vir)     1          12.336          -5.987          -2.842          -9.313           12.820
 3442 (vir)     1          12.336          -6.059          -2.836          -9.292           12.733
 3443 (vir)     1          12.345          -5.990          -2.829          -9.247           12.773
 3444 (vir)     1          12.348          -6.127          -2.869          -9.332           12.685
 3445 (vir)     1          12.350          -6.037          -2.811          -9.227           12.729
 3446 (vir)     1          12.359          -6.037          -2.884          -9.419           12.858
 3447 (vir)     1          12.361          -6.059          -2.823          -9.355           12.834
 3448 (vir)     1          12.372          -5.957          -2.868          -9.343           12.889
 3449 (vir)     1          12.393          -5.908          -2.839          -9.284           12.930
 3450 (vir)     1          12.399          -6.065          -2.862          -9.336           12.808
 3451 (vir)     1          12.403          -5.810          -2.719          -9.016           12.891
 3452 (vir)     1          12.420          -6.010          -2.787          -9.212           12.836
 3453 (vir)     1          12.424          -5.935          -2.823          -9.285           12.950
 3454 (vir)     1          12.424          -5.895          -2.801          -9.215           12.944
 3455 (vir)     1          12.427          -5.930          -2.794          -9.229           12.931
 3456 (vir)     1          12.439          -5.787          -2.770          -9.090           12.973
 3457 (vir)     1          12.448          -5.904          -2.808          -9.254           12.991
 3458 (vir)     1          12.450          -6.070          -2.899          -9.424           12.906
 3459 (vir)     1          12.463          -5.972          -2.800          -9.270           12.961
 3460 (vir)     1          12.471          -5.758          -2.640          -8.840           12.913
 3461 (vir)     1          12.474          -6.075          -2.884          -9.392           12.907
 3462 (vir)     1          12.483          -5.931          -2.801          -9.211           12.961
 3463 (vir)     1          12.488          -5.942          -2.743          -9.074           12.876
 3464 (vir)     1          12.498          -5.972          -2.818          -9.229           12.937
 3465 (vir)     1          12.509          -5.992          -2.867          -9.405           13.055
 3466 (vir)     1          12.519          -5.885          -2.717          -8.988           12.906
 3467 (vir)     1          12.524          -5.869          -2.754          -9.200           13.101
 3468 (vir)     1          12.533          -6.039          -2.840          -9.255           12.909
 3469 (vir)     1          12.543          -6.081          -2.830          -9.288           12.919
 3470 (vir)     1          12.551          -6.018          -2.771          -9.216           12.978
 3471 (vir)     1          12.558          -6.113          -2.863          -9.431           13.013
 3472 (vir)     1          12.566          -5.885          -2.721          -9.037           12.999
 3473 (vir)     1          12.571          -6.131          -2.827          -9.354           12.967
 3474 (vir)     1          12.575          -6.156          -2.862          -9.425           12.982
 3475 (vir)     1          12.583          -5.954          -2.808          -9.221           13.043
 3476 (vir)     1          12.586          -6.172          -2.861          -9.391           12.944
 3477 (vir)     1          12.589          -5.931          -2.712          -9.094           13.040
 3478 (vir)     1          12.601          -6.134          -2.821          -9.384           13.030
 3479 (vir)     1          12.619          -6.006          -2.808          -9.204           13.010
 3480 (vir)     1          12.619          -5.912          -2.703          -9.029           13.033
 3481 (vir)     1          12.625          -6.045          -2.806          -9.294           13.069
 3482 (vir)     1          12.634          -6.159          -2.782          -9.288           12.982
 3483 (vir)     1          12.638          -5.902          -2.698          -8.979           13.017
 3484 (vir)     1          12.640          -5.994          -2.798          -9.292           13.140
 3485 (vir)     1          12.651          -6.035          -2.790          -9.229           13.055
 3486 (vir)     1          12.657          -6.131          -2.946          -9.614           13.193
 3487 (vir)     1          12.662          -6.025          -2.737          -9.221           13.121
 3488 (vir)     1          12.663          -6.136          -2.807          -9.382           13.103
 3489 (vir)     1          12.667          -5.975          -2.712          -9.072           13.051
 3490 (vir)     1          12.668          -6.269          -2.874          -9.435           12.960
 3491 (vir)     1          12.673          -5.906          -2.729          -9.120           13.158
 3492 (vir)     1          12.688          -6.065          -2.800          -9.267           13.090
 3493 (vir)     1          12.688          -6.145          -2.834          -9.384           13.093
 3494 (vir)     1          12.700          -6.091          -2.770          -9.225           13.065
 3495 (vir)     1          12.701          -6.119          -2.768          -9.304           13.118
 3496 (vir)     1          12.710          -6.005          -2.789          -9.220           13.136
 3497 (vir)     1          12.714          -6.150          -2.896          -9.526           13.194
 3498 (vir)     1          12.718          -6.200          -2.904          -9.534           13.147
 3499 (vir)     1          12.725          -5.973          -2.750          -9.133           13.135
 3500 (vir)     1          12.730          -5.988          -2.768          -9.260           13.233
 3501 (vir)     1          12.732          -6.084          -2.786          -9.273           13.135
 3502 (vir)     1          12.738          -6.281          -2.849          -9.479           13.086
 3503 (vir)     1          12.742          -6.174          -2.798          -9.408           13.178
 3504 (vir)     1          12.749          -6.068          -2.823          -9.390           13.249
 3505 (vir)     1          12.762          -6.061          -2.754          -9.220           13.168
 3506 (vir)     1          12.766          -5.954          -2.727          -9.069           13.154
 3507 (vir)     1          12.770          -6.162          -2.810          -9.401           13.199
 3508 (vir)     1          12.773          -6.070          -2.806          -9.291           13.188
 3509 (vir)     1          12.781          -6.183          -2.749          -9.217           13.067
 3510 (vir)     1          12.791          -6.249          -2.939          -9.576           13.178
 3511 (vir)     1          12.794          -6.154          -2.790          -9.227           13.077
 3512 (vir)     1          12.815          -6.008          -2.760          -9.205           13.252
 3513 (vir)     1          12.815          -6.246          -2.820          -9.403           13.151
 3514 (vir)     1          12.817          -5.966          -2.799          -9.223           13.275
 3515 (vir)     1          12.820          -5.999          -2.757          -9.174           13.239
 3516 (vir)     1          12.833          -6.013          -2.794          -9.164           13.191
 3517 (vir)     1          12.840          -6.122          -2.931          -9.607           13.394
 3518 (vir)     1          12.840          -6.146          -2.809          -9.294           13.180
 3519 (vir)     1          12.848          -6.202          -2.879          -9.495           13.262
 3520 (vir)     1          12.858          -6.023          -2.761          -9.221           13.294
 3521 (vir)     1          12.868          -6.179          -2.772          -9.299           13.216
 3522 (vir)     1          12.872          -6.214          -2.809          -9.330           13.179
 3523 (vir)     1          12.878          -5.986          -2.747          -9.168           13.313
 3524 (vir)     1          12.886          -6.385          -2.962          -9.646           13.185
 3525 (vir)     1          12.887          -6.016          -2.801          -9.274           13.345
 3526 (vir)     1          12.896          -6.190          -2.846          -9.415           13.275
 3527 (vir)     1          12.899          -6.172          -2.805          -9.310           13.232
 3528 (vir)     1          12.902          -6.188          -2.795          -9.341           13.259
 3529 (vir)     1          12.910          -6.073          -2.719          -9.151           13.269
 3530 (vir)     1          12.922          -6.174          -2.789          -9.305           13.264
 3531 (vir)     1          12.925          -6.113          -2.773          -9.296           13.334
 3532 (vir)     1          12.928          -6.278          -2.814          -9.385           13.221
 3533 (vir)     1          12.930          -6.246          -2.871          -9.476           13.289
 3534 (vir)     1          12.944          -6.349          -2.858          -9.495           13.231
 3535 (vir)     1          12.946          -6.167          -2.788          -9.313           13.303
 3536 (vir)     1          12.953          -6.061          -2.734          -9.214           13.372
 3537 (vir)     1          12.973          -6.324          -2.935          -9.639           13.351
 3538 (vir)     1          12.975          -6.282          -2.834          -9.424           13.282
 3539 (vir)     1          12.978          -6.129          -2.792          -9.267           13.324
 3540 (vir)     1          12.983          -6.131          -2.808          -9.317           13.361
 3541 (vir)     1          12.991          -6.148          -2.786          -9.353           13.410
 3542 (vir)     1          12.999          -6.405          -2.948          -9.699           13.344
 3543 (vir)     1          13.009          -6.190          -2.756          -9.325           13.387
 3544 (vir)     1          13.011          -6.410          -2.906          -9.626           13.321
 3545 (vir)     1          13.017          -6.357          -2.886          -9.583           13.357
 3546 (vir)     1          13.028          -6.297          -2.858          -9.479           13.352
 3547 (vir)     1          13.033          -6.206          -2.795          -9.336           13.368
 3548 (vir)     1          13.038          -6.238          -2.792          -9.343           13.352
 3549 (vir)     1          13.041          -6.268          -2.834          -9.428           13.367
 3550 (vir)     1          13.051          -6.173          -2.790          -9.338           13.424
 3551 (vir)     1          13.052          -6.344          -2.818          -9.367           13.256
 3552 (vir)     1          13.061          -6.193          -2.785          -9.295           13.379
 3553 (vir)     1          13.063          -6.206          -2.793          -9.322           13.386
 3554 (vir)     1          13.080          -6.364          -2.844          -9.425           13.297
 3555 (vir)     1          13.089          -6.297          -2.824          -9.477           13.446
 3556 (vir)     1          13.093          -6.239          -2.805          -9.387           13.437
 3557 (vir)     1          13.096          -6.365          -2.832          -9.498           13.397
 3558 (vir)     1          13.108          -6.233          -2.772          -9.332           13.435
 3559 (vir)     1          13.110          -6.285          -2.872          -9.462           13.415
 3560 (vir)     1          13.120          -6.395          -2.846          -9.549           13.428
 3561 (vir)     1          13.129          -6.149          -2.732          -9.177           13.425
 3562 (vir)     1          13.133          -6.254          -2.808          -9.316           13.387
 3563 (vir)     1          13.145          -6.472          -2.910          -9.678           13.441
 3564 (vir)     1          13.148          -6.255          -2.801          -9.351           13.444
 3565 (vir)     1          13.155          -6.284          -2.794          -9.275           13.352
 3566 (vir)     1          13.164          -6.183          -2.768          -9.260           13.473
 3567 (vir)     1          13.171          -6.128          -2.751          -9.285           13.578
 3568 (vir)     1          13.172          -6.189          -2.832          -9.419           13.570
 3569 (vir)     1          13.183          -6.249          -2.730          -9.287           13.492
 3570 (vir)     1          13.187          -6.074          -2.711          -9.191           13.593
 3571 (vir)     1          13.195          -6.442          -2.804          -9.383           13.332
 3572 (vir)     1          13.213          -6.326          -2.817          -9.473           13.543
 3573 (vir)     1          13.220          -6.151          -2.739          -9.244           13.574
 3574 (vir)     1          13.226          -6.199          -2.784          -9.339           13.582
 3575 (vir)     1          13.229          -6.226          -2.770          -9.306           13.540
 3576 (vir)     1          13.237          -6.329          -2.806          -9.363           13.465
 3577 (vir)     1          13.244          -6.190          -2.676          -9.172           13.551
 3578 (vir)     1          13.260          -6.178          -2.775          -9.241           13.549
 3579 (vir)     1          13.269          -6.190          -2.728          -9.303           13.653
 3580 (vir)     1          13.272          -6.201          -2.714          -9.214           13.570
 3581 (vir)     1          13.281          -6.143          -2.675          -9.114           13.576
 3582 (vir)     1          13.293          -6.240          -2.734          -9.254           13.574
 3583 (vir)     1          13.293          -6.197          -2.759          -9.369           13.706
 3584 (vir)     1          13.298          -6.236          -2.794          -9.438           13.705
 3585 (vir)     1          13.315          -6.329          -2.820          -9.441           13.606
 3586 (vir)     1          13.318          -6.376          -2.805          -9.386           13.523
 3587 (vir)     1          13.328          -6.152          -2.669          -9.148           13.655
 3588 (vir)     1          13.335          -6.372          -2.752          -9.301           13.512
 3589 (vir)     1          13.340          -6.283          -2.784          -9.382           13.655
 3590 (vir)     1          13.346          -6.353          -2.777          -9.350           13.567
 3591 (vir)     1          13.355          -6.445          -2.884          -9.595           13.621
 3592 (vir)     1          13.360          -6.310          -2.791          -9.317           13.576
 3593 (vir)     1          13.367          -6.439          -2.781          -9.474           13.621
 3594 (vir)     1          13.374          -6.551          -2.904          -9.678           13.598
 3595 (vir)     1          13.378          -6.415          -2.754          -9.356           13.565
 3596 (vir)     1          13.378          -6.230          -2.748          -9.330           13.731
 3597 (vir)     1          13.383          -6.223          -2.761          -9.300           13.698
 3598 (vir)     1          13.398          -6.326          -2.739          -9.354           13.686
 3599 (vir)     1          13.398          -6.400          -2.779          -9.440           13.659
 3600 (vir)     1          13.408          -6.245          -2.695          -9.196           13.665
 3601 (vir)     1          13.409          -6.429          -2.824          -9.552           13.708
 3602 (vir)     1          13.421          -6.305          -2.767          -9.346           13.695
 3603 (vir)     1          13.424          -6.412          -2.825          -9.524           13.712
 3604 (vir)     1          13.427          -6.407          -2.801          -9.447           13.666
 3605 (vir)     1          13.451          -6.454          -2.783          -9.472           13.686
 3606 (vir)     1          13.459          -6.349          -2.720          -9.345           13.736
 3607 (vir)     1          13.461          -6.654          -2.881          -9.624           13.550
 3608 (vir)     1          13.466          -5.843          -2.573          -8.998           14.048
 3609 (vir)     1          13.477          -6.220          -2.674          -9.249           13.832
 3610 (vir)     1          13.480          -6.526          -2.801          -9.476           13.629
 3611 (vir)     1          13.484          -6.456          -2.843          -9.625           13.810
 3612 (vir)     1          13.486          -6.452          -2.774          -9.405           13.666
 3613 (vir)     1          13.492          -6.563          -2.806          -9.543           13.666
 3614 (vir)     1          13.509          -6.347          -2.796          -9.400           13.767
 3615 (vir)     1          13.518          -6.400          -2.849          -9.499           13.768
 3616 (vir)     1          13.523          -6.335          -2.732          -9.203           13.659
 3617 (vir)     1          13.529          -6.596          -2.903          -9.706           13.736
 3618 (vir)     1          13.530          -6.599          -2.893          -9.705           13.743
 3619 (vir)     1          13.548          -6.429          -2.773          -9.462           13.808
 3620 (vir)     1          13.554          -6.370          -2.787          -9.432           13.829
 3621 (vir)     1          13.560          -6.495          -2.813          -9.548           13.800
 3622 (vir)     1          13.564          -6.544          -2.824          -9.568           13.764
 3623 (vir)     1          13.571          -6.232          -2.768          -9.342           13.912
 3624 (vir)     1          13.574          -6.256          -2.771          -9.401           13.947
 3625 (vir)     1          13.581          -6.392          -2.814          -9.531           13.907
 3626 (vir)     1          13.599          -6.442          -2.845          -9.566           13.878
 3627 (vir)     1          13.608          -6.563          -2.818          -9.468           13.695
 3628 (vir)     1          13.621          -6.409          -2.827          -9.462           13.846
 3629 (vir)     1          13.624          -6.501          -2.745          -9.397           13.776
 3630 (vir)     1          13.628          -6.409          -2.765          -9.506           13.960
 3631 (vir)     1          13.633          -6.359          -2.773          -9.403           13.904
 3632 (vir)     1          13.635          -6.844          -2.963          -9.951           13.779
 3633 (vir)     1          13.640          -6.741          -2.928          -9.804           13.773
 3634 (vir)     1          13.644          -6.336          -2.677          -9.242           13.873
 3635 (vir)     1          13.651          -6.547          -2.828          -9.596           13.872
 3636 (vir)     1          13.655          -6.596          -2.829          -9.564           13.794
 3637 (vir)     1          13.664          -6.533          -2.818          -9.521           13.834
 3638 (vir)     1          13.671          -6.491          -2.820          -9.422           13.782
 3639 (vir)     1          13.679          -6.634          -2.914          -9.759           13.890
 3640 (vir)     1          13.680          -6.733          -2.927          -9.885           13.905
 3641 (vir)     1          13.687          -6.769          -2.950          -9.901           13.869
 3642 (vir)     1          13.699          -6.898          -2.981          -9.993           13.812
 3643 (vir)     1          13.708          -6.239          -2.736          -9.263           13.995
 3644 (vir)     1          13.717          -6.769          -2.935          -9.867           13.880
 3645 (vir)     1          13.719          -6.492          -2.797          -9.466           13.896
 3646 (vir)     1          13.730          -6.274          -2.686          -9.297           14.067
 3647 (vir)     1          13.737          -6.667          -2.859          -9.657           13.867
 3648 (vir)     1          13.738          -6.484          -2.835          -9.601           14.021
 3649 (vir)     1          13.745          -6.575          -2.873          -9.756           14.054
 3650 (vir)     1          13.750          -6.402          -2.794          -9.554           14.109
 3651 (vir)     1          13.760          -6.500          -2.837          -9.616           14.039
 3652 (vir)     1          13.772          -6.656          -2.859          -9.714           13.970
 3653 (vir)     1          13.779          -6.527          -2.741          -9.437           13.949
 3654 (vir)     1          13.783          -6.443          -2.788          -9.445           13.997
 3655 (vir)     1          13.784          -6.620          -2.849          -9.617           13.932
 3656 (vir)     1          13.796          -6.623          -2.833          -9.530           13.871
 3657 (vir)     1          13.797          -6.624          -2.844          -9.665           13.994
 3658 (vir)     1          13.811          -6.636          -2.761          -9.270           13.684
 3659 (vir)     1          13.813          -6.467          -2.708          -9.318           13.956
 3660 (vir)     1          13.823          -6.547          -2.775          -9.501           14.001
 3661 (vir)     1          13.829          -6.663          -2.806          -9.450           13.811
 3662 (vir)     1          13.829          -6.815          -2.877          -9.770           13.907
 3663 (vir)     1          13.834          -6.716          -2.871          -9.707           13.954
 3664 (vir)     1          13.842          -6.821          -2.854          -9.871           14.038
 3665 (vir)     1          13.865          -6.475          -2.710          -9.388           14.068
 3666 (vir)     1          13.868          -6.560          -2.763          -9.498           14.043
 3667 (vir)     1          13.875          -6.751          -2.825          -9.635           13.934
 3668 (vir)     1          13.886          -6.705          -2.830          -9.620           13.971
 3669 (vir)     1          13.895          -6.515          -2.756          -9.484           14.108
 3670 (vir)     1          13.906          -6.565          -2.772          -9.484           14.053
 3671 (vir)     1          13.913          -6.680          -2.786          -9.621           14.067
 3672 (vir)     1          13.915          -6.512          -2.747          -9.424           14.081
 3673 (vir)     1          13.923          -6.473          -2.788          -9.519           14.181
 3674 (vir)     1          13.926          -6.540          -2.737          -9.433           14.082
 3675 (vir)     1          13.937          -6.805          -2.896          -9.723           13.959
 3676 (vir)     1          13.938          -6.550          -2.804          -9.480           14.064
 3677 (vir)     1          13.946          -6.781          -2.859          -9.800           14.107
 3678 (vir)     1          13.947          -6.599          -2.757          -9.506           14.097
 3679 (vir)     1          13.960          -6.422          -2.687          -9.318           14.169
 3680 (vir)     1          13.971          -6.729          -2.842          -9.602           14.003
 3681 (vir)     1          13.976          -6.587          -2.775          -9.511           14.125
 3682 (vir)     1          13.978          -6.722          -2.879          -9.797           14.174
 3683 (vir)     1          13.987          -6.550          -2.778          -9.511           14.170
 3684 (vir)     1          13.994          -6.716          -2.764          -9.461           13.975
 3685 (vir)     1          14.026          -6.793          -2.858          -9.699           14.074
 3686 (vir)     1          14.033          -6.871          -2.867          -9.769           14.064
 3687 (vir)     1          14.037          -6.725          -2.771          -9.624           14.166
 3688 (vir)     1          14.051          -6.652          -2.739          -9.440           14.101
 3689 (vir)     1          14.051          -6.951          -2.935          -9.947           14.112
 3690 (vir)     1          14.068          -6.771          -2.873          -9.739           14.163
 3691 (vir)     1          14.068          -6.687          -2.798          -9.734           14.318
 3692 (vir)     1          14.077          -6.748          -2.771          -9.603           14.161
 3693 (vir)     1          14.079          -6.525          -2.743          -9.362           14.172
 3694 (vir)     1          14.089          -7.057          -2.919          -9.869           13.983
 3695 (vir)     1          14.093          -6.723          -2.778          -9.604           14.195
 3696 (vir)     1          14.095          -6.634          -2.762          -9.501           14.199
 3697 (vir)     1          14.102          -6.875          -2.922          -9.829           14.135
 3698 (vir)     1          14.122          -6.885          -2.835          -9.728           14.129
 3699 (vir)     1          14.123          -6.551          -2.750          -9.528           14.350
 3700 (vir)     1          14.132          -6.764          -2.838          -9.787           14.317
 3701 (vir)     1          14.151          -6.952          -2.934          -9.955           14.219
 3702 (vir)     1          14.158          -6.561          -2.713          -9.445           14.329
 3703 (vir)     1          14.169          -6.850          -2.780          -9.552           14.091
 3704 (vir)     1          14.189          -6.939          -2.810          -9.674           14.115
 3705 (vir)     1          14.191          -6.755          -2.770          -9.448           14.115
 3706 (vir)     1          14.193          -6.547          -2.664          -9.174           14.156
 3707 (vir)     1          14.211          -6.675          -2.732          -9.494           14.297
 3708 (vir)     1          14.212          -6.510          -2.666          -9.229           14.265
 3709 (vir)     1          14.228          -6.769          -2.761          -9.501           14.199
 3710 (vir)     1          14.234          -6.864          -2.871          -9.670           14.168
 3711 (vir)     1          14.242          -6.847          -2.820          -9.637           14.212
 3712 (vir)     1          14.251          -6.989          -2.795          -9.818           14.286
 3713 (vir)     1          14.257          -7.010          -2.912          -9.862           14.196
 3714 (vir)     1          14.268          -6.951          -2.894          -9.789           14.212
 3715 (vir)     1          14.276          -6.841          -2.748          -9.562           14.249
 3716 (vir)     1          14.290          -6.589          -2.642          -9.188           14.247
 3717 (vir)     1          14.297          -6.735          -2.730          -9.491           14.323
 3718 (vir)     1          14.307          -6.779          -2.768          -9.531           14.291
 3719 (vir)     1          14.320          -6.631          -2.745          -9.459           14.404
 3720 (vir)     1          14.344          -6.846          -2.854          -9.806           14.451
 3721 (vir)     1          14.347          -6.880          -2.843          -9.823           14.448
 3722 (vir)     1          14.354          -6.832          -2.861          -9.772           14.433
 3723 (vir)     1          14.356          -6.858          -2.790          -9.628           14.338
 3724 (vir)     1          14.369          -6.733          -2.749          -9.568           14.455
 3725 (vir)     1          14.370          -7.083          -2.927         -10.003           14.364
 3726 (vir)     1          14.374          -6.788          -2.771          -9.540           14.356
 3727 (vir)     1          14.387          -6.832          -2.732          -9.493           14.316
 3728 (vir)     1          14.394          -6.910          -2.856          -9.829           14.457
 3729 (vir)     1          14.408          -7.049          -2.914         -10.020           14.465
 3730 (vir)     1          14.419          -7.069          -2.916         -10.035           14.470
 3731 (vir)     1          14.424          -6.961          -2.800          -9.643           14.306
 3732 (vir)     1          14.426          -6.915          -2.807          -9.679           14.382
 3733 (vir)     1          14.447          -6.987          -2.783          -9.610           14.287
 3734 (vir)     1          14.448          -7.024          -2.813          -9.702           14.313
 3735 (vir)     1          14.455          -7.024          -2.862          -9.882           14.451
 3736 (vir)     1          14.462          -7.184          -2.920          -9.994           14.352
 3737 (vir)     1          14.464          -6.884          -2.782          -9.643           14.442
 3738 (vir)     1          14.482          -7.118          -2.897          -9.898           14.364
 3739 (vir)     1          14.498          -7.127          -2.835          -9.745           14.281
 3740 (vir)     1          14.504          -7.009          -2.889          -9.933           14.539
 3741 (vir)     1          14.518          -6.902          -2.818          -9.723           14.521
 3742 (vir)     1          14.521          -7.085          -2.904          -9.985           14.518
 3743 (vir)     1          14.538          -6.996          -2.819          -9.766           14.490
 3744 (vir)     1          14.539          -6.686          -2.747          -9.486           14.592
 3745 (vir)     1          14.546          -7.092          -2.880          -9.928           14.501
 3746 (vir)     1          14.550          -6.719          -2.743          -9.586           14.674
 3747 (vir)     1          14.567          -6.845          -2.779          -9.713           14.656
 3748 (vir)     1          14.574          -7.062          -2.868          -9.911           14.554
 3749 (vir)     1          14.579          -6.890          -2.820          -9.861           14.730
 3750 (vir)     1          14.589          -7.019          -2.781          -9.662           14.451
 3751 (vir)     1          14.598          -6.868          -2.798          -9.817           14.749
 3752 (vir)     1          14.603          -7.118          -2.849          -9.921           14.557
 3753 (vir)     1          14.611          -7.094          -2.844          -9.857           14.530
 3754 (vir)     1          14.626          -6.851          -2.775          -9.703           14.703
 3755 (vir)     1          14.630          -7.112          -2.851          -9.904           14.571
 3756 (vir)     1          14.640          -7.011          -2.840          -9.940           14.728
 3757 (vir)     1          14.646          -6.909          -2.797          -9.736           14.677
 3758 (vir)     1          14.653          -6.911          -2.857          -9.936           14.822
 3759 (vir)     1          14.653          -7.035          -2.843          -9.739           14.515
 3760 (vir)     1          14.673          -6.982          -2.841          -9.932           14.783
 3761 (vir)     1          14.682          -6.980          -2.809          -9.681           14.573
 3762 (vir)     1          14.689          -7.344          -2.950          -9.999           14.394
 3763 (vir)     1          14.705          -6.960          -2.765          -9.754           14.733
 3764 (vir)     1          14.708          -7.275          -2.927         -10.237           14.743
 3765 (vir)     1          14.710          -6.992          -2.838          -9.887           14.766
 3766 (vir)     1          14.725          -7.216          -2.843          -9.891           14.558
 3767 (vir)     1          14.738          -6.951          -2.799          -9.759           14.747
 3768 (vir)     1          14.757          -7.098          -2.838          -9.964           14.786
 3769 (vir)     1          14.780          -6.680          -2.577          -9.090           14.614
 3770 (vir)     1          14.783          -7.490          -3.033         -10.468           14.728
 3771 (vir)     1          14.787          -7.200          -2.853          -9.970           14.705
 3772 (vir)     1          14.794          -7.089          -2.759          -9.774           14.720
 3773 (vir)     1          14.795          -7.423          -2.981         -10.268           14.659
 3774 (vir)     1          14.802          -7.166          -2.811          -9.848           14.672
 3775 (vir)     1          14.809          -7.099          -2.813          -9.862           14.758
 3776 (vir)     1          14.827          -7.189          -2.872         -10.029           14.796
 3777 (vir)     1          14.827          -7.243          -2.876         -10.072           14.779
 3778 (vir)     1          14.832          -7.177          -2.822          -9.907           14.740
 3779 (vir)     1          14.836          -7.087          -2.834          -9.867           14.782
 3780 (vir)     1          14.851          -7.304          -2.887         -10.133           14.794
 3781 (vir)     1          14.859          -7.495          -2.985         -10.249           14.628
 3782 (vir)     1          14.862          -7.404          -2.932         -10.233           14.759
 3783 (vir)     1          14.867          -7.066          -2.777          -9.754           14.778
 3784 (vir)     1          14.880          -6.454          -2.713          -9.533           15.246
 3785 (vir)     1          14.881          -7.421          -2.991         -10.382           14.851
 3786 (vir)     1          14.903          -6.581          -2.733          -9.610           15.200
 3787 (vir)     1          14.909          -7.334          -2.937         -10.185           14.824
 3788 (vir)     1          14.912          -7.193          -2.905         -10.145           14.959
 3789 (vir)     1          14.926          -7.151          -2.832         -10.020           14.963
 3790 (vir)     1          14.948          -7.228          -2.848         -10.024           14.896
 3791 (vir)     1          14.949          -7.272          -2.874         -10.028           14.830
 3792 (vir)     1          14.954          -7.193          -2.774          -9.814           14.800
 3793 (vir)     1          14.975          -7.416          -2.917         -10.194           14.835
 3794 (vir)     1          14.985          -7.133          -2.782          -9.776           14.847
 3795 (vir)     1          14.988          -7.376          -2.940         -10.218           14.889
 3796 (vir)     1          14.997          -7.210          -2.883         -10.057           14.963
 3797 (vir)     1          15.012          -7.580          -2.986         -10.325           14.772
 3798 (vir)     1          15.016          -7.320          -2.849          -9.963           14.810
 3799 (vir)     1          15.018          -7.097          -2.770          -9.642           14.792
 3800 (vir)     1          15.037          -7.347          -2.849          -9.944           14.785
 3801 (vir)     1          15.044          -7.263          -2.854          -9.958           14.885
 3802 (vir)     1          15.049          -7.020          -2.787          -9.712           14.954
 3803 (vir)     1          15.066          -7.226          -2.880         -10.118           15.077
 3804 (vir)     1          15.067          -7.332          -2.899         -10.060           14.896
 3805 (vir)     1          15.071          -7.185          -2.796          -9.834           14.923
 3806 (vir)     1          15.081          -7.404          -2.953         -10.265           14.990
 3807 (vir)     1          15.085          -7.262          -2.888         -10.046           14.981
 3808 (vir)     1          15.099          -7.214          -2.805          -9.849           14.928
 3809 (vir)     1          15.100          -7.026          -2.717          -9.642           14.999
 3810 (vir)     1          15.105          -7.353          -2.899         -10.118           14.971
 3811 (vir)     1          15.117          -7.129          -2.789          -9.720           14.919
 3812 (vir)     1          15.155          -7.126          -2.811          -9.910           15.127
 3813 (vir)     1          15.158          -7.407          -2.888         -10.154           15.016
 3814 (vir)     1          15.160          -7.097          -2.766          -9.718           15.015
 3815 (vir)     1          15.169          -7.546          -2.940         -10.339           15.021
 3816 (vir)     1          15.188          -7.492          -2.930         -10.204           14.969
 3817 (vir)     1          15.194          -7.212          -2.835          -9.960           15.106
 3818 (vir)     1          15.212          -7.302          -2.845          -9.967           15.032
 3819 (vir)     1          15.212          -7.318          -2.860          -9.960           14.995
 3820 (vir)     1          15.224          -7.470          -2.890         -10.149           15.013
 3821 (vir)     1          15.232          -6.856          -2.665          -9.415           15.126
 3822 (vir)     1          15.235          -7.353          -2.897         -10.135           15.120
 3823 (vir)     1          15.252          -7.356          -2.808          -9.892           14.980
 3824 (vir)     1          15.262          -7.606          -2.927         -10.257           14.986
 3825 (vir)     1          15.276          -7.472          -2.893         -10.204           15.115
 3826 (vir)     1          15.280          -7.526          -2.928         -10.255           15.081
 3827 (vir)     1          15.296          -7.380          -2.832          -9.915           14.999
 3828 (vir)     1          15.307          -7.214          -2.800          -9.945           15.239
 3829 (vir)     1          15.314          -7.405          -2.892         -10.136           15.154
 3830 (vir)     1          15.323          -7.563          -2.954         -10.377           15.183
 3831 (vir)     1          15.327          -7.391          -2.852         -10.033           15.117
 3832 (vir)     1          15.330          -7.485          -2.965         -10.294           15.174
 3833 (vir)     1          15.335          -7.517          -2.904         -10.228           15.143
 3834 (vir)     1          15.350          -7.400          -2.855         -10.037           15.133
 3835 (vir)     1          15.365          -7.332          -2.781          -9.883           15.134
 3836 (vir)     1          15.380          -7.235          -2.824          -9.975           15.297
 3837 (vir)     1          15.395          -7.614          -2.955         -10.279           15.104
 3838 (vir)     1          15.402          -7.456          -2.860         -10.049           15.135
 3839 (vir)     1          15.403          -7.409          -2.888         -10.075           15.180
 3840 (vir)     1          15.417          -7.215          -2.821          -9.965           15.346
 3841 (vir)     1          15.432          -7.799          -3.012         -10.587           15.207
 3842 (vir)     1          15.444          -7.452          -2.822         -10.041           15.212
 3843 (vir)     1          15.461          -7.349          -2.800          -9.921           15.233
 3844 (vir)     1          15.476          -7.476          -2.787          -9.996           15.210
 3845 (vir)     1          15.476          -7.323          -2.807          -9.888           15.235
 3846 (vir)     1          15.481          -7.133          -2.800          -9.959           15.507
 3847 (vir)     1          15.488          -7.484          -2.845         -10.053           15.213
 3848 (vir)     1          15.507          -7.579          -2.943         -10.221           15.205
 3849 (vir)     1          15.513          -7.420          -2.779          -9.957           15.272
 3850 (vir)     1          15.523          -7.624          -2.882         -10.213           15.230
 3851 (vir)     1          15.536          -7.720          -2.939         -10.451           15.328
 3852 (vir)     1          15.552          -7.342          -2.782          -9.980           15.409
 3853 (vir)     1          15.557          -7.550          -2.890         -10.225           15.343
 3854 (vir)     1          15.565          -7.428          -2.905         -10.177           15.409
 3855 (vir)     1          15.587          -7.576          -2.892         -10.220           15.338
 3856 (vir)     1          15.599          -7.526          -2.894         -10.206           15.384
 3857 (vir)     1          15.608          -7.743          -2.929         -10.338           15.273
 3858 (vir)     1          15.618          -7.428          -2.840         -10.120           15.469
 3859 (vir)     1          15.621          -7.570          -2.892         -10.197           15.357
 3860 (vir)     1          15.629          -7.595          -2.854         -10.158           15.337
 3861 (vir)     1          15.643          -7.778          -2.974         -10.356           15.247
 3862 (vir)     1          15.643          -7.379          -2.762          -9.908           15.411
 3863 (vir)     1          15.657          -7.702          -2.906         -10.347           15.396
 3864 (vir)     1          15.674          -7.662          -2.886         -10.246           15.372
 3865 (vir)     1          15.674          -7.802          -2.946         -10.400           15.326
 3866 (vir)     1          15.687          -7.542          -2.839         -10.114           15.420
 3867 (vir)     1          15.702          -7.368          -2.840          -9.985           15.479
 3868 (vir)     1          15.704          -7.619          -2.881         -10.231           15.435
 3869 (vir)     1          15.730          -7.637          -2.890         -10.221           15.424
 3870 (vir)     1          15.737          -7.422          -2.792         -10.038           15.561
 3871 (vir)     1          15.742          -7.451          -2.796         -10.001           15.497
 3872 (vir)     1          15.769          -7.936          -2.980         -10.410           15.263
 3873 (vir)     1          15.769          -7.426          -2.747         -10.013           15.609
 3874 (vir)     1          15.778          -7.888          -2.958         -10.445           15.376
 3875 (vir)     1          15.790          -7.772          -2.909         -10.307           15.415
 3876 (vir)     1          15.800          -7.136          -2.760          -9.808           15.713
 3877 (vir)     1          15.815          -7.510          -2.791         -10.018           15.532
 3878 (vir)     1          15.825          -7.579          -2.782         -10.045           15.509
 3879 (vir)     1          15.825          -7.661          -2.900         -10.288           15.552
 3880 (vir)     1          15.849          -7.677          -2.902         -10.255           15.525
 3881 (vir)     1          15.853          -7.770          -2.888         -10.253           15.448
 3882 (vir)     1          15.860          -7.715          -2.906         -10.265           15.504
 3883 (vir)     1          15.863          -7.577          -2.806          -9.976           15.456
 3884 (vir)     1          15.883          -7.250          -2.707          -9.752           15.678
 3885 (vir)     1          15.885          -7.910          -3.017         -10.544           15.502
 3886 (vir)     1          15.897          -7.527          -2.801          -9.980           15.548
 3887 (vir)     1          15.915          -7.648          -2.882         -10.188           15.573
 3888 (vir)     1          15.922          -7.495          -2.837         -10.144           15.734
 3889 (vir)     1          15.944          -7.405          -2.833         -10.052           15.759
 3890 (vir)     1          15.950          -7.973          -2.991         -10.505           15.491
 3891 (vir)     1          15.964          -7.910          -2.957         -10.447           15.544
 3892 (vir)     1          15.972          -7.614          -2.816         -10.064           15.606
 3893 (vir)     1          15.987          -7.683          -2.890         -10.221           15.635
 3894 (vir)     1          15.990          -7.683          -2.851         -10.165           15.621
 3895 (vir)     1          16.009          -7.917          -2.997         -10.513           15.608
 3896 (vir)     1          16.028          -7.877          -2.956         -10.494           15.688
 3897 (vir)     1          16.032          -7.444          -2.738          -9.904           15.754
 3898 (vir)     1          16.034          -7.839          -2.930         -10.380           15.645
 3899 (vir)     1          16.051          -7.810          -2.943         -10.376           15.674
 3900 (vir)     1          16.057          -7.764          -2.892         -10.237           15.637
 3901 (vir)     1          16.076          -7.699          -2.919         -10.238           15.696
 3902 (vir)     1          16.091          -7.729          -2.912         -10.269           15.719
 3903 (vir)     1          16.097          -7.535          -2.810         -10.003           15.755
 3904 (vir)     1          16.100          -7.774          -2.893         -10.341           15.775
 3905 (vir)     1          16.112          -7.857          -2.930         -10.395           15.720
 3906 (vir)     1          16.123          -7.728          -2.870         -10.205           15.730
 3907 (vir)     1          16.134          -7.738          -2.904         -10.260           15.751
 3908 (vir)     1          16.143          -7.847          -2.897         -10.263           15.662
 3909 (vir)     1          16.156          -7.774          -2.943         -10.342           15.781
 3910 (vir)     1          16.173          -7.641          -2.829         -10.089           15.792
 3911 (vir)     1          16.173          -8.049          -2.989         -10.540           15.676
 3912 (vir)     1          16.203          -7.902          -2.920         -10.373           15.753
 3913 (vir)     1          16.206          -7.448          -2.758          -9.892           15.892
 3914 (vir)     1          16.219          -7.681          -2.886         -10.188           15.840
 3915 (vir)     1          16.233          -7.732          -2.856         -10.195           15.839
 3916 (vir)     1          16.235          -7.664          -2.830         -10.140           15.881
 3917 (vir)     1          16.242          -7.761          -2.893         -10.245           15.832
 3918 (vir)     1          16.254          -7.879          -2.920         -10.356           15.811
 3919 (vir)     1          16.273          -7.724          -2.838         -10.227           15.937
 3920 (vir)     1          16.291          -7.760          -2.846         -10.158           15.843
 3921 (vir)     1          16.299          -7.625          -2.791         -10.008           15.892
 3922 (vir)     1          16.303          -7.759          -2.890         -10.278           15.932
 3923 (vir)     1          16.316          -7.767          -2.909         -10.350           15.991
 3924 (vir)     1          16.330          -7.823          -2.912         -10.253           15.848
 3925 (vir)     1          16.333          -7.830          -2.881         -10.275           15.897
 3926 (vir)     1          16.351          -7.971          -2.889         -10.363           15.854
 3927 (vir)     1          16.367          -7.613          -2.799         -10.014           15.969
 3928 (vir)     1          16.370          -7.985          -2.931         -10.475           15.929
 3929 (vir)     1          16.390          -8.005          -2.928         -10.419           15.875
 3930 (vir)     1          16.397          -7.698          -2.807         -10.090           15.983
 3931 (vir)     1          16.399          -8.034          -2.907         -10.415           15.873
 3932 (vir)     1          16.402          -7.770          -2.819         -10.130           15.943
 3933 (vir)     1          16.412          -7.617          -2.778          -9.954           15.971
 3934 (vir)     1          16.429          -7.623          -2.863         -10.152           16.094
 3935 (vir)     1          16.438          -7.571          -2.762         -10.021           16.125
 3936 (vir)     1          16.439          -7.983          -2.847         -10.171           15.780
 3937 (vir)     1          16.467          -8.113          -2.992         -10.623           15.985
 3938 (vir)     1          16.494          -8.084          -2.952         -10.606           16.063
 3939 (vir)     1          16.502          -7.713          -2.791         -10.105           16.102
 3940 (vir)     1          16.504          -8.123          -3.091         -10.658           15.947
 3941 (vir)     1          16.525          -7.897          -2.845         -10.194           15.977
 3942 (vir)     1          16.535          -7.922          -2.909         -10.444           16.149
 3943 (vir)     1          16.539          -7.827          -2.849         -10.192           16.054
 3944 (vir)     1          16.553          -7.835          -2.849         -10.237           16.105
 3945 (vir)     1          16.557          -7.685          -2.807         -10.117           16.181
 3946 (vir)     1          16.559          -8.147          -2.889         -10.380           15.902
 3947 (vir)     1          16.579          -8.017          -2.932         -10.438           16.068
 3948 (vir)     1          16.607          -7.799          -2.791         -10.057           16.075
 3949 (vir)     1          16.607          -7.897          -2.848         -10.256           16.118
 3950 (vir)     1          16.620          -7.350          -2.650          -9.653           16.274
 3951 (vir)     1          16.625          -7.637          -2.704          -9.799           16.083
 3952 (vir)     1          16.656          -7.844          -2.905         -10.368           16.274
 3953 (vir)     1          16.657          -7.394          -2.593          -9.502           16.173
 3954 (vir)     1          16.672          -7.716          -2.780         -10.051           16.227
 3955 (vir)     1          16.672          -7.820          -2.805         -10.105           16.153
 3956 (vir)     1          16.698          -7.896          -2.831         -10.167           16.138
 3957 (vir)     1          16.706          -8.115          -2.931         -10.571           16.231
 3958 (vir)     1          16.713          -7.773          -2.784         -10.091           16.247
 3959 (vir)     1          16.725          -7.871          -2.871         -10.303           16.286
 3960 (vir)     1          16.730          -8.309          -2.952         -10.649           16.119
 3961 (vir)     1          16.735          -8.646          -2.992         -10.672           15.769
 3962 (vir)     1          16.757          -8.096          -3.026         -10.593           16.229
 3963 (vir)     1          16.761          -7.956          -2.873         -10.194           16.126
 3964 (vir)     1          16.777          -8.108          -2.921         -10.443           16.192
 3965 (vir)     1          16.783          -7.686          -2.797          -9.987           16.287
 3966 (vir)     1          16.792          -8.030          -2.959         -10.463           16.266
 3967 (vir)     1          16.798          -8.047          -2.939         -10.510           16.322
 3968 (vir)     1          16.817          -7.966          -2.885         -10.345           16.311
 3969 (vir)     1          16.823          -8.077          -2.940         -10.458           16.263
 3970 (vir)     1          16.838          -7.750          -2.805         -10.033           16.316
 3971 (vir)     1          16.859          -7.702          -2.813         -10.130           16.474
 3972 (vir)     1          16.860          -8.021          -2.872         -10.346           16.313
 3973 (vir)     1          16.890          -7.791          -2.741          -9.971           16.329
 3974 (vir)     1          16.898          -7.934          -2.813         -10.187           16.338
 3975 (vir)     1          16.917          -8.129          -2.968         -10.633           16.453
 3976 (vir)     1          16.936          -7.756          -2.812         -10.096           16.464
 3977 (vir)     1          16.946          -7.860          -2.802         -10.067           16.351
 3978 (vir)     1          16.948          -8.224          -2.993         -10.728           16.459
 3979 (vir)     1          16.967          -8.018          -2.907         -10.449           16.491
 3980 (vir)     1          16.981          -7.952          -2.855         -10.316           16.491
 3981 (vir)     1          16.984          -8.088          -2.855         -10.295           16.336
 3982 (vir)     1          17.004          -7.632          -2.741         -10.089           16.719
 3983 (vir)     1          17.006          -7.891          -2.889         -10.324           16.550
 3984 (vir)     1          17.013          -7.884          -2.875         -10.299           16.554
 3985 (vir)     1          17.032          -8.064          -2.918         -10.404           16.454
 3986 (vir)     1          17.046          -7.836          -2.787         -10.154           16.576
 3987 (vir)     1          17.059          -8.161          -2.911         -10.454           16.441
 3988 (vir)     1          17.061          -8.131          -2.933         -10.579           16.576
 3989 (vir)     1          17.070          -8.028          -2.800         -10.199           16.441
 3990 (vir)     1          17.111          -8.076          -2.829         -10.168           16.373
 3991 (vir)     1          17.112          -8.306          -2.944         -10.665           16.527
 3992 (vir)     1          17.126          -8.421          -2.986         -10.797           16.516
 3993 (vir)     1          17.146          -8.181          -2.938         -10.557           16.584
 3994 (vir)     1          17.154          -7.947          -2.835         -10.197           16.568
 3995 (vir)     1          17.162          -7.855          -2.719          -9.942           16.530
 3996 (vir)     1          17.179          -7.842          -2.794         -10.214           16.758
 3997 (vir)     1          17.183          -7.817          -2.738          -9.941           16.569
 3998 (vir)     1          17.185          -7.962          -2.823         -10.177           16.577
 3999 (vir)     1          17.205          -7.808          -2.729          -9.917           16.584
 4000 (vir)     1          17.214          -7.960          -2.861         -10.388           16.781
 4001 (vir)     1          17.230          -7.977          -2.805         -10.235           16.684
 4002 (vir)     1          17.236          -7.830          -2.847         -10.215           16.773
 4003 (vir)     1          17.240          -8.234          -2.871         -10.456           16.590
 4004 (vir)     1          17.248          -7.959          -2.897         -10.381           16.772
 4005 (vir)     1          17.257          -7.538          -2.639          -9.627           16.707
 4006 (vir)     1          17.263          -7.705          -2.800         -10.076           16.833
 4007 (vir)     1          17.277          -7.836          -2.843         -10.219           16.817
 4008 (vir)     1          17.278          -8.240          -2.884         -10.454           16.609
 4009 (vir)     1          17.292          -8.361          -2.994         -10.749           16.686
 4010 (vir)     1          17.304          -8.039          -2.832         -10.287           16.720
 4011 (vir)     1          17.320          -8.006          -2.811         -10.215           16.718
 4012 (vir)     1          17.330          -7.898          -2.766          -9.989           16.655
 4013 (vir)     1          17.339          -8.145          -2.850         -10.337           16.681
 4014 (vir)     1          17.343          -7.615          -2.664          -9.858           16.922
 4015 (vir)     1          17.368          -8.093          -2.817         -10.247           16.705
 4016 (vir)     1          17.380          -8.187          -2.913         -10.386           16.666
 4017 (vir)     1          17.381          -8.709          -3.046         -11.048           16.673
 4018 (vir)     1          17.395          -7.651          -2.655          -9.626           16.714
 4019 (vir)     1          17.405          -8.115          -2.805         -10.136           16.621
 4020 (vir)     1          17.414          -8.395          -2.960         -10.629           16.688
 4021 (vir)     1          17.442          -7.851          -2.786         -10.140           16.945
 4022 (vir)     1          17.453          -8.116          -2.863         -10.401           16.875
 4023 (vir)     1          17.477          -8.215          -2.913         -10.359           16.708
 4024 (vir)     1          17.487          -8.107          -2.852         -10.279           16.807
 4025 (vir)     1          17.491          -7.895          -2.738          -9.884           16.741
 4026 (vir)     1          17.516          -8.183          -2.887         -10.393           16.839
 4027 (vir)     1          17.517          -8.272          -2.911         -10.503           16.837
 4028 (vir)     1          17.528          -8.103          -2.768         -10.166           16.823
 4029 (vir)     1          17.528          -8.185          -2.942         -10.560           16.962
 4030 (vir)     1          17.539          -7.971          -2.771         -10.059           16.856
 4031 (vir)     1          17.567          -8.257          -2.886         -10.458           16.882
 4032 (vir)     1          17.569          -8.097          -2.773         -10.133           16.832
 4033 (vir)     1          17.588          -7.968          -2.879         -10.327           17.068
 4034 (vir)     1          17.593          -8.500          -3.006         -10.877           16.964
 4035 (vir)     1          17.596          -8.157          -2.778         -10.091           16.751
 4036 (vir)     1          17.604          -8.591          -3.032         -10.984           16.964
 4037 (vir)     1          17.643          -8.160          -2.786         -10.161           16.857
 4038 (vir)     1          17.665          -7.750          -2.719          -9.849           17.045
 4039 (vir)     1          17.666          -7.954          -2.797         -10.044           16.958
 4040 (vir)     1          17.693          -7.852          -2.777         -10.112           17.175
 4041 (vir)     1          17.699          -7.986          -2.766         -10.060           17.007
 4042 (vir)     1          17.710          -8.274          -2.868         -10.303           16.871
 4043 (vir)     1          17.712          -8.160          -2.828         -10.246           16.970
 4044 (vir)     1          17.731          -8.077          -2.835         -10.229           17.049
 4045 (vir)     1          17.740          -8.161          -2.856         -10.322           17.046
 4046 (vir)     1          17.751          -8.155          -2.833         -10.296           17.059
 4047 (vir)     1          17.762          -8.380          -2.921         -10.442           16.903
 4048 (vir)     1          17.763          -7.932          -2.773         -10.078           17.136
 4049 (vir)     1          17.767          -8.054          -2.849         -10.285           17.149
 4050 (vir)     1          17.793          -8.042          -2.792         -10.136           17.096
 4051 (vir)     1          17.799          -8.061          -2.817         -10.232           17.153
 4052 (vir)     1          17.810          -8.272          -2.903         -10.440           17.074
 4053 (vir)     1          17.830          -8.218          -2.880         -10.361           17.092
 4054 (vir)     1          17.833          -8.060          -2.716         -10.073           17.131
 4055 (vir)     1          17.842          -8.102          -2.859         -10.304           17.185
 4056 (vir)     1          17.853          -7.868          -2.698          -9.807           17.094
 4057 (vir)     1          17.866          -8.135          -2.842         -10.308           17.197
 4058 (vir)     1          17.875          -8.282          -2.880         -10.440           17.153
 4059 (vir)     1          17.879          -7.903          -2.792         -10.135           17.320
 4060 (vir)     1          17.886          -8.208          -2.879         -10.381           17.180
 4061 (vir)     1          17.893          -8.087          -2.817         -10.266           17.255
 4062 (vir)     1          17.894          -8.263          -2.900         -10.421           17.152
 4063 (vir)     1          17.908          -8.173          -2.862         -10.244           17.117
 4064 (vir)     1          17.921          -8.074          -2.837         -10.224           17.234
 4065 (vir)     1          17.926          -7.968          -2.804         -10.189           17.344
 4066 (vir)     1          17.930          -7.940          -2.760         -10.056           17.285
 4067 (vir)     1          17.939          -8.095          -2.829         -10.210           17.226
 4068 (vir)     1          17.942          -8.232          -2.874         -10.370           17.207
 4069 (vir)     1          17.956          -8.048          -2.828         -10.228           17.309
 4070 (vir)     1          17.977          -8.270          -2.857         -10.335           17.185
 4071 (vir)     1          18.000          -8.239          -2.837         -10.225           17.149
 4072 (vir)     1          18.002          -8.075          -2.813         -10.157           17.270
 4073 (vir)     1          18.016          -7.946          -2.833         -10.315           17.553
 4074 (vir)     1          18.018          -8.324          -2.806         -10.361           17.250
 4075 (vir)     1          18.021          -8.299          -2.886         -10.338           17.173
 4076 (vir)     1          18.045          -8.046          -2.825         -10.251           17.426
 4077 (vir)     1          18.051          -8.284          -2.844         -10.341           17.264
 4078 (vir)     1          18.057          -8.256          -2.849         -10.274           17.226
 4079 (vir)     1          18.064          -8.223          -2.774         -10.216           17.283
 4080 (vir)     1          18.065          -8.302          -2.878         -10.310           17.194
 4081 (vir)     1          18.078          -8.311          -2.831         -10.340           17.276
 4082 (vir)     1          18.079          -8.138          -2.824         -10.213           17.331
 4083 (vir)     1          18.091          -8.307          -2.866         -10.315           17.233
 4084 (vir)     1          18.100          -8.354          -2.809         -10.352           17.289
 4085 (vir)     1          18.118          -8.364          -2.851         -10.329           17.231
 4086 (vir)     1          18.122          -8.208          -2.857         -10.367           17.424
 4087 (vir)     1          18.142          -8.340          -2.842         -10.351           17.311
 4088 (vir)     1          18.145          -8.343          -2.908         -10.463           17.356
 4089 (vir)     1          18.154          -8.361          -2.841         -10.295           17.247
 4090 (vir)     1          18.160          -8.119          -2.829         -10.289           17.501
 4091 (vir)     1          18.161          -8.272          -2.873         -10.362           17.378
 4092 (vir)     1          18.173          -8.160          -2.772         -10.125           17.366
 4093 (vir)     1          18.188          -8.409          -2.915         -10.450           17.314
 4094 (vir)     1          18.191          -8.269          -2.844         -10.335           17.414
 4095 (vir)     1          18.206          -8.209          -2.855         -10.326           17.467
 4096 (vir)     1          18.210          -8.347          -2.846         -10.331           17.349
 4097 (vir)     1          18.222          -8.331          -2.885         -10.378           17.385
 4098 (vir)     1          18.226          -8.459          -2.863         -10.449           17.353
 4099 (vir)     1          18.247          -8.243          -2.844         -10.297           17.458
 4100 (vir)     1          18.258          -8.410          -2.814         -10.350           17.384
 4101 (vir)     1          18.265          -8.284          -2.844         -10.310           17.448
 4102 (vir)     1          18.266          -8.264          -2.792         -10.186           17.395
 4103 (vir)     1          18.281          -8.307          -2.872         -10.415           17.518
 4104 (vir)     1          18.284          -8.410          -2.885         -10.432           17.421
 4105 (vir)     1          18.308          -8.466          -2.799         -10.325           17.368
 4106 (vir)     1          18.327          -8.504          -2.873         -10.370           17.321
 4107 (vir)     1          18.327          -8.391          -2.852         -10.316           17.400
 4108 (vir)     1          18.376          -8.669          -2.907         -10.511           17.312
 4109 (vir)     1          18.376          -8.380          -2.839         -10.281           17.439
 4110 (vir)     1          18.382          -8.391          -2.845         -10.320           17.466
 4111 (vir)     1          18.383          -8.487          -2.847         -10.359           17.409
 4112 (vir)     1          18.412          -8.562          -2.828         -10.402           17.424
 4113 (vir)     1          18.413          -8.386          -2.841         -10.310           17.495
 4114 (vir)     1          18.434          -8.591          -2.816         -10.290           17.319
 4115 (vir)     1          18.446          -8.613          -2.897         -10.392           17.328
 4116 (vir)     1          18.469          -8.593          -2.883         -10.479           17.473
 4117 (vir)     1          18.470          -8.755          -2.928         -10.607           17.395
 4118 (vir)     1          18.476          -8.424          -2.788         -10.293           17.558
 4119 (vir)     1          18.508          -8.762          -2.884         -10.517           17.379
 4120 (vir)     1          18.526          -8.646          -2.849         -10.436           17.467
 4121 (vir)     1          18.553          -8.437          -2.769         -10.276           17.622
 4122 (vir)     1          18.558          -8.461          -2.823         -10.291           17.565
 4123 (vir)     1          18.574          -8.612          -2.816         -10.362           17.509
 4124 (vir)     1          18.586          -8.463          -2.820         -10.335           17.637
 4125 (vir)     1          18.591          -8.585          -2.883         -10.415           17.539
 4126 (vir)     1          18.609          -8.725          -2.814         -10.393           17.462
 4127 (vir)     1          18.624          -8.445          -2.829         -10.255           17.605
 4128 (vir)     1          18.631          -8.461          -2.725         -10.186           17.631
 4129 (vir)     1          18.638          -8.603          -2.732         -10.240           17.542
 4130 (vir)     1          18.647          -8.623          -2.816         -10.336           17.545
 4131 (vir)     1          18.651          -8.607          -2.822         -10.394           17.616
 4132 (vir)     1          18.655          -8.546          -2.826         -10.332           17.615
 4133 (vir)     1          18.664          -8.659          -2.690         -10.313           17.628
 4134 (vir)     1          18.674          -8.686          -2.768         -10.295           17.515
 4135 (vir)     1          18.684          -8.462          -2.641         -10.034           17.615
 4136 (vir)     1          18.687          -8.767          -2.768         -10.303           17.456
 4137 (vir)     1          18.696          -8.620          -2.813         -10.357           17.620
 4138 (vir)     1          18.709          -8.773          -2.805         -10.422           17.552
 4139 (vir)     1          18.710          -8.713          -2.795         -10.359           17.560
 4140 (vir)     1          18.725          -8.730          -2.826         -10.380           17.548
 4141 (vir)     1          18.743          -8.756          -2.849         -10.461           17.599
 4142 (vir)     1          18.744          -8.822          -2.773         -10.334           17.483
 4143 (vir)     1          18.761          -8.682          -2.830         -10.405           17.654
 4144 (vir)     1          18.771          -8.667          -2.800         -10.326           17.630
 4145 (vir)     1          18.777          -8.617          -2.785         -10.278           17.652
 4146 (vir)     1          18.789          -8.648          -2.781         -10.376           17.736
 4147 (vir)     1          18.792          -8.878          -2.838         -10.422           17.499
 4148 (vir)     1          18.812          -8.896          -2.767         -10.307           17.456
 4149 (vir)     1          18.814          -8.869          -2.819         -10.482           17.608
 4150 (vir)     1          18.819          -8.859          -2.816         -10.429           17.573
 4151 (vir)     1          18.822          -8.790          -2.838         -10.444           17.638
 4152 (vir)     1          18.837          -8.681          -2.826         -10.377           17.708
 4153 (vir)     1          18.842          -8.833          -2.772         -10.354           17.592
 4154 (vir)     1          18.852          -8.736          -2.843         -10.450           17.723
 4155 (vir)     1          18.878          -8.825          -2.731         -10.233           17.555
 4156 (vir)     1          18.888          -8.828          -2.833         -10.482           17.709
 4157 (vir)     1          18.902          -8.874          -2.856         -10.412           17.584
 4158 (vir)     1          18.905          -8.606          -2.773         -10.241           17.768
 4159 (vir)     1          18.918          -8.715          -2.818         -10.382           17.766
 4160 (vir)     1          18.920          -8.878          -2.894         -10.492           17.640
 4161 (vir)     1          18.958          -8.691          -2.725         -10.214           17.756
 4162 (vir)     1          18.959          -8.690          -2.729         -10.265           17.806
 4163 (vir)     1          18.964          -9.036          -2.851         -10.537           17.614
 4164 (vir)     1          18.974          -8.794          -2.832         -10.445           17.794
 4165 (vir)     1          18.977          -8.616          -2.711         -10.141           17.792
 4166 (vir)     1          18.995          -8.728          -2.798         -10.355           17.823
 4167 (vir)     1          19.003          -8.934          -2.825         -10.543           17.787
 4168 (vir)     1          19.008          -8.829          -2.827         -10.454           17.805
 4169 (vir)     1          19.011          -9.027          -2.858         -10.527           17.653
 4170 (vir)     1          19.023          -8.955          -2.857         -10.505           17.716
 4171 (vir)     1          19.026          -9.075          -2.888         -10.592           17.654
 4172 (vir)     1          19.031          -8.854          -2.802         -10.369           17.744
 4173 (vir)     1          19.043          -9.268          -2.912         -10.705           17.569
 4174 (vir)     1          19.050          -8.916          -2.879         -10.594           17.849
 4175 (vir)     1          19.054          -9.018          -2.851         -10.667           17.852
 4176 (vir)     1          19.076          -8.848          -2.775         -10.320           17.773
 4177 (vir)     1          19.076          -8.944          -2.809         -10.519           17.843
 4178 (vir)     1          19.084          -9.092          -2.868         -10.546           17.670
 4179 (vir)     1          19.084          -9.151          -2.904         -10.657           17.686
 4180 (vir)     1          19.088          -8.981          -2.867         -10.584           17.824
 4181 (vir)     1          19.100          -8.989          -2.838         -10.511           17.785
 4182 (vir)     1          19.101          -8.861          -2.865         -10.542           17.917
 4183 (vir)     1          19.108          -8.924          -2.784         -10.392           17.792
 4184 (vir)     1          19.111          -8.956          -2.822         -10.493           17.826
 4185 (vir)     1          19.111          -9.001          -2.862         -10.562           17.812
 4186 (vir)     1          19.122          -8.950          -2.851         -10.507           17.828
 4187 (vir)     1          19.128          -9.054          -2.827         -10.504           17.751
 4188 (vir)     1          19.134          -8.976          -2.846         -10.660           17.972
 4189 (vir)     1          19.148          -9.100          -2.903         -10.618           17.763
 4190 (vir)     1          19.149          -8.825          -2.827         -10.472           17.969
 4191 (vir)     1          19.163          -9.143          -2.900         -10.579           17.698
 4192 (vir)     1          19.177          -9.461          -2.897         -10.764           17.583
 4193 (vir)     1          19.179          -8.702          -2.724         -10.196           17.948
 4194 (vir)     1          19.189          -9.146          -2.884         -10.771           17.930
 4195 (vir)     1          19.194          -8.901          -2.829         -10.506           17.970
 4196 (vir)     1          19.201          -9.127          -2.818         -10.629           17.884
 4197 (vir)     1          19.220          -8.931          -2.858         -10.515           17.947
 4198 (vir)     1          19.223          -9.145          -2.897         -10.669           17.851
 4199 (vir)     1          19.229          -9.179          -2.878         -10.632           17.804
 4200 (vir)     1          19.231          -8.891          -2.812         -10.492           18.019
 4201 (vir)     1          19.240          -9.027          -2.775         -10.475           17.913
 4202 (vir)     1          19.240          -9.089          -2.876         -10.652           17.928
 4203 (vir)     1          19.255          -8.934          -2.866         -10.553           18.008
 4204 (vir)     1          19.264          -8.757          -2.736         -10.284           18.055
 4205 (vir)     1          19.265          -9.216          -2.922         -10.790           17.917
 4206 (vir)     1          19.274          -8.932          -2.768         -10.426           17.998
 4207 (vir)     1          19.278          -8.960          -2.813         -10.440           17.946
 4208 (vir)     1          19.285          -9.072          -2.871         -10.528           17.870
 4209 (vir)     1          19.292          -8.924          -2.779         -10.408           17.997
 4210 (vir)     1          19.292          -9.189          -2.942         -10.763           17.925
 4211 (vir)     1          19.306          -9.020          -2.806         -10.494           17.975
 4212 (vir)     1          19.310          -9.043          -2.846         -10.607           18.028
 4213 (vir)     1          19.314          -8.827          -2.726         -10.190           17.952
 4214 (vir)     1          19.315          -8.892          -2.813         -10.420           18.029
 4215 (vir)     1          19.335          -8.949          -2.949         -10.633           18.071
 4216 (vir)     1          19.345          -9.229          -2.832         -10.630           17.913
 4217 (vir)     1          19.351          -8.858          -2.848         -10.443           18.088
 4218 (vir)     1          19.364          -9.108          -2.929         -10.627           17.954
 4219 (vir)     1          19.364          -9.047          -2.871         -10.500           17.945
 4220 (vir)     1          19.371          -9.265          -2.961         -10.735           17.880
 4221 (vir)     1          19.409          -9.261          -2.845         -10.658           17.961
 4222 (vir)     1          19.411          -9.223          -2.876         -10.672           17.985
 4223 (vir)     1          19.415          -9.028          -2.836         -10.571           18.121
 4224 (vir)     1          19.430          -9.239          -2.897         -10.715           18.008
 4225 (vir)     1          19.453          -9.129          -2.894         -10.636           18.066
 4226 (vir)     1          19.458          -8.951          -2.866         -10.548           18.189
 4227 (vir)     1          19.476          -9.224          -2.951         -10.760           18.061
 4228 (vir)     1          19.495          -9.046          -2.813         -10.443           18.079
 4229 (vir)     1          19.508          -9.131          -2.881         -10.495           17.990
 4230 (vir)     1          19.509          -8.914          -2.865         -10.457           18.188
 4231 (vir)     1          19.518          -9.086          -2.829         -10.485           18.088
 4232 (vir)     1          19.539          -9.083          -2.858         -10.549           18.147
 4233 (vir)     1          19.547          -9.094          -2.858         -10.552           18.147
 4234 (vir)     1          19.559          -9.044          -2.824         -10.467           18.158
 4235 (vir)     1          19.575          -9.131          -2.904         -10.634           18.175
 4236 (vir)     1          19.583          -9.100          -2.926         -10.636           18.193
 4237 (vir)     1          19.594          -8.963          -2.835         -10.421           18.218
 4238 (vir)     1          19.598          -9.127          -2.873         -10.562           18.160
 4239 (vir)     1          19.600          -9.121          -2.863         -10.583           18.198
 4240 (vir)     1          19.622          -9.184          -2.966         -10.651           18.122
 4241 (vir)     1          19.629          -9.052          -2.811         -10.411           18.176
 4242 (vir)     1          19.652          -9.015          -2.860         -10.500           18.277
 4243 (vir)     1          19.663          -9.106          -2.842         -10.478           18.193
 4244 (vir)     1          19.674          -9.067          -2.845         -10.524           18.286
 4245 (vir)     1          19.675          -9.103          -2.856         -10.613           18.329
 4246 (vir)     1          19.687          -9.196          -2.885         -10.600           18.206
 4247 (vir)     1          19.688          -9.210          -2.903         -10.663           18.239
 4248 (vir)     1          19.703          -9.060          -2.818         -10.439           18.263
 4249 (vir)     1          19.704          -9.087          -2.873         -10.572           18.315
 4250 (vir)     1          19.724          -9.048          -2.887         -10.499           18.288
 4251 (vir)     1          19.728          -9.158          -2.852         -10.503           18.221
 4252 (vir)     1          19.737          -9.152          -2.906         -10.575           18.254
 4253 (vir)     1          19.738          -9.192          -2.875         -10.586           18.257
 4254 (vir)     1          19.753          -8.966          -2.829         -10.421           18.380
 4255 (vir)     1          19.756          -9.271          -2.878         -10.600           18.206
 4256 (vir)     1          19.783          -9.210          -2.899         -10.626           18.301
 4257 (vir)     1          19.791          -9.183          -2.909         -10.606           18.304
 4258 (vir)     1          19.795          -9.201          -2.934         -10.629           18.290
 4259 (vir)     1          19.803          -9.200          -2.809         -10.511           18.305
 4260 (vir)     1          19.806          -9.309          -2.913         -10.678           18.262
 4261 (vir)     1          19.813          -9.064          -2.853         -10.447           18.343
 4262 (vir)     1          19.828          -9.138          -2.886         -10.532           18.337
 4263 (vir)     1          19.841          -9.250          -2.864         -10.587           18.314
 4264 (vir)     1          19.869          -9.159          -2.879         -10.563           18.394
 4265 (vir)     1          19.876          -9.151          -2.836         -10.482           18.370
 4266 (vir)     1          19.884          -9.156          -2.929         -10.660           18.459
 4267 (vir)     1          19.895          -9.305          -2.904         -10.655           18.341
 4268 (vir)     1          19.912          -9.398          -2.973         -10.773           18.315
 4269 (vir)     1          19.926          -9.238          -2.877         -10.564           18.375
 4270 (vir)     1          19.928          -9.028          -2.889         -10.507           18.518
 4271 (vir)     1          19.938          -9.109          -2.865         -10.495           18.459
 4272 (vir)     1          19.945          -9.075          -2.832         -10.402           18.441
 4273 (vir)     1          19.961          -9.009          -2.812         -10.420           18.560
 4274 (vir)     1          19.970          -9.150          -2.865         -10.531           18.485
 4275 (vir)     1          19.987          -9.242          -2.941         -10.660           18.464
 4276 (vir)     1          19.994          -9.261          -2.876         -10.589           18.445
 4277 (vir)     1          20.006          -9.475          -2.986         -10.855           18.400
 4278 (vir)     1          20.016          -9.059          -2.778         -10.409           18.587
 4279 (vir)     1          20.032          -9.129          -2.841         -10.500           18.562
 4280 (vir)     1          20.040          -9.228          -2.887         -10.625           18.550
 4281 (vir)     1          20.058          -9.423          -2.971         -10.803           18.467
 4282 (vir)     1          20.075          -9.287          -2.916         -10.657           18.529
 4283 (vir)     1          20.081          -9.382          -2.942         -10.719           18.476
 4284 (vir)     1          20.082          -9.003          -2.775         -10.320           18.626
 4285 (vir)     1          20.103          -9.346          -2.921         -10.730           18.567
 4286 (vir)     1          20.105          -9.291          -2.928         -10.675           18.561
 4287 (vir)     1          20.124          -9.178          -2.823         -10.547           18.670
 4288 (vir)     1          20.150          -9.233          -2.837         -10.455           18.535
 4289 (vir)     1          20.189          -9.171          -2.831         -10.479           18.665
 4290 (vir)     1          20.189          -9.347          -2.895         -10.662           18.610
 4291 (vir)     1          20.198          -9.193          -2.790         -10.488           18.703
 4292 (vir)     1          20.214          -9.186          -2.872         -10.498           18.654
 4293 (vir)     1          20.232          -9.376          -2.907         -10.770           18.718
 4294 (vir)     1          20.232          -9.530          -2.881         -10.671           18.491
 4295 (vir)     1          20.249          -9.145          -2.744         -10.342           18.702
 4296 (vir)     1          20.271          -9.455          -2.948         -10.838           18.706
 4297 (vir)     1          20.278          -9.403          -2.951         -10.757           18.680
 4298 (vir)     1          20.282          -9.546          -2.999         -10.815           18.552
 4299 (vir)     1          20.288          -9.558          -2.938         -10.749           18.541
 4300 (vir)     1          20.299          -9.067          -2.851         -10.429           18.809
 4301 (vir)     1          20.314          -9.284          -2.783         -10.395           18.642
 4302 (vir)     1          20.324          -9.243          -2.851         -10.507           18.737
 4303 (vir)     1          20.335          -9.427          -2.902         -10.708           18.713
 4304 (vir)     1          20.366          -9.276          -2.800         -10.480           18.770
 4305 (vir)     1          20.374          -9.066          -2.708         -10.358           18.959
 4306 (vir)     1          20.379          -9.176          -2.716         -10.377           18.864
 4307 (vir)     1          20.391          -9.385          -2.871         -10.626           18.761
 4308 (vir)     1          20.408          -9.726          -2.982         -10.905           18.606
 4309 (vir)     1          20.410          -9.349          -2.914         -10.712           18.859
 4310 (vir)     1          20.419          -9.459          -2.861         -10.591           18.691
 4311 (vir)     1          20.424          -9.442          -2.927         -10.780           18.834
 4312 (vir)     1          20.444          -9.633          -2.986         -10.783           18.609
 4313 (vir)     1          20.456          -9.229          -2.840         -10.577           18.964
 4314 (vir)     1          20.463          -9.716          -2.995         -10.910           18.662
 4315 (vir)     1          20.464          -9.547          -2.982         -10.835           18.770
 4316 (vir)     1          20.494          -9.397          -2.833         -10.550           18.814
 4317 (vir)     1          20.495          -9.227          -2.848         -10.534           18.953
 4318 (vir)     1          20.526          -9.312          -2.898         -10.623           18.939
 4319 (vir)     1          20.533          -9.257          -2.821         -10.511           18.964
 4320 (vir)     1          20.534          -9.529          -2.900         -10.660           18.765
 4321 (vir)     1          20.555          -9.585          -3.035         -10.923           18.858
 4322 (vir)     1          20.557          -9.237          -2.860         -10.536           18.995
 4323 (vir)     1          20.564          -9.405          -2.964         -10.794           18.989
 4324 (vir)     1          20.572          -9.365          -2.830         -10.531           18.908
 4325 (vir)     1          20.587          -9.323          -2.821         -10.525           18.969
 4326 (vir)     1          20.597          -9.292          -2.817         -10.459           18.947
 4327 (vir)     1          20.600          -9.568          -2.878         -10.681           18.835
 4328 (vir)     1          20.620          -9.435          -2.872         -10.646           18.959
 4329 (vir)     1          20.625          -9.594          -2.881         -10.686           18.835
 4330 (vir)     1          20.643          -9.549          -2.841         -10.534           18.787
 4331 (vir)     1          20.644          -9.215          -2.828         -10.342           18.943
 4332 (vir)     1          20.656          -9.418          -2.833         -10.497           18.903
 4333 (vir)     1          20.663          -9.181          -2.739         -10.383           19.126
 4334 (vir)     1          20.674          -9.229          -2.735         -10.359           19.070
 4335 (vir)     1          20.687          -9.356          -2.819         -10.553           19.066
 4336 (vir)     1          20.698          -9.442          -2.838         -10.549           18.966
 4337 (vir)     1          20.713          -9.348          -2.807         -10.564           19.121
 4338 (vir)     1          20.716          -9.108          -2.682         -10.256           19.182
 4339 (vir)     1          20.728          -9.341          -2.844         -10.497           19.040
 4340 (vir)     1          20.752          -9.593          -2.888         -10.800           19.071
 4341 (vir)     1          20.754          -9.637          -2.892         -10.607           18.833
 4342 (vir)     1          20.772          -9.485          -2.834         -10.568           19.021
 4343 (vir)     1          20.774          -9.678          -2.897         -10.704           18.902
 4344 (vir)     1          20.787          -9.427          -2.811         -10.465           19.014
 4345 (vir)     1          20.792          -9.458          -2.835         -10.577           19.076
 4346 (vir)     1          20.803          -9.508          -2.869         -10.760           19.185
 4347 (vir)     1          20.822          -9.385          -2.814         -10.508           19.131
 4348 (vir)     1          20.836          -9.639          -2.884         -10.614           18.927
 4349 (vir)     1          20.842          -9.521          -2.782         -10.505           19.044
 4350 (vir)     1          20.843          -9.748          -2.929         -10.687           18.853
 4351 (vir)     1          20.857          -9.811          -2.971         -10.813           18.888
 4352 (vir)     1          20.869          -9.307          -2.788         -10.448           19.222
 4353 (vir)     1          20.876          -9.741          -2.924         -10.671           18.882
 4354 (vir)     1          20.898          -9.663          -2.973         -10.783           19.045
 4355 (vir)     1          20.907          -9.468          -2.759         -10.427           19.108
 4356 (vir)     1          20.909          -9.676          -2.889         -10.695           19.039
 4357 (vir)     1          20.924          -9.778          -2.978         -10.863           19.031
 4358 (vir)     1          20.932          -9.772          -2.943         -10.815           19.032
 4359 (vir)     1          20.939          -9.630          -2.878         -10.602           19.032
 4360 (vir)     1          20.944          -9.677          -2.889         -10.652           19.030
 4361 (vir)     1          20.952          -9.141          -2.623         -10.115           19.303
 4362 (vir)     1          20.956          -9.520          -2.841         -10.544           19.139
 4363 (vir)     1          20.958          -9.663          -2.888         -10.634           19.041
 4364 (vir)     1          20.965          -9.727          -2.925         -10.730           19.042
 4365 (vir)     1          21.011          -9.589          -2.903         -10.640           19.160
 4366 (vir)     1          21.015          -9.348          -2.866         -10.498           19.299
 4367 (vir)     1          21.032          -9.602          -2.886         -10.635           19.178
 4368 (vir)     1          21.038          -9.377          -2.794         -10.553           19.420
 4369 (vir)     1          21.050         -10.107          -3.027         -11.109           19.025
 4370 (vir)     1          21.053          -9.578          -2.837         -10.520           19.158
 4371 (vir)     1          21.069          -9.649          -2.846         -10.498           19.072
 4372 (vir)     1          21.071          -9.752          -2.923         -10.759           19.156
 4373 (vir)     1          21.101          -9.549          -2.863         -10.557           19.246
 4374 (vir)     1          21.111          -9.761          -2.863         -10.736           19.223
 4375 (vir)     1          21.118         -10.089          -3.006         -11.062           19.085
 4376 (vir)     1          21.136          -9.826          -2.948         -10.847           19.209
 4377 (vir)     1          21.145          -9.657          -2.865         -10.688           19.310
 4378 (vir)     1          21.176          -9.602          -2.825         -10.547           19.296
 4379 (vir)     1          21.179          -9.711          -2.850         -10.543           19.161
 4380 (vir)     1          21.182          -9.735          -2.861         -10.602           19.187
 4381 (vir)     1          21.194          -9.738          -2.853         -10.686           19.289
 4382 (vir)     1          21.201          -9.836          -2.951         -10.769           19.184
 4383 (vir)     1          21.213          -9.901          -2.904         -10.764           19.173
 4384 (vir)     1          21.215          -9.828          -2.938         -10.758           19.206
 4385 (vir)     1          21.224          -9.748          -2.975         -10.799           19.300
 4386 (vir)     1          21.239          -9.931          -2.900         -10.737           19.145
 4387 (vir)     1          21.250          -9.496          -2.796         -10.320           19.278
 4388 (vir)     1          21.257         -10.159          -2.960         -11.025           19.163
 4389 (vir)     1          21.260          -9.821          -2.922         -10.800           19.317
 4390 (vir)     1          21.260          -9.883          -2.929         -10.664           19.111
 4391 (vir)     1          21.285          -9.824          -2.873         -10.761           19.348
 4392 (vir)     1          21.297          -9.874          -2.867         -10.856           19.413
 4393 (vir)     1          21.305          -9.832          -2.901         -10.685           19.257
 4394 (vir)     1          21.328          -9.393          -2.734         -10.248           19.450
 4395 (vir)     1          21.331          -9.953          -2.930         -10.707           19.155
 4396 (vir)     1          21.343          -9.961          -2.861         -10.632           19.154
 4397 (vir)     1          21.351          -9.752          -2.862         -10.628           19.365
 4398 (vir)     1          21.365          -9.835          -2.884         -10.692           19.338
 4399 (vir)     1          21.374          -9.825          -2.876         -10.552           19.225
 4400 (vir)     1          21.380          -9.746          -2.876         -10.575           19.332
 4401 (vir)     1          21.409          -9.589          -2.769         -10.364           19.415
 4402 (vir)     1          21.427          -9.629          -2.769         -10.290           19.318
 4403 (vir)     1          21.431          -9.822          -2.903         -10.629           19.335
 4404 (vir)     1          21.443         -10.203          -3.008         -10.882           19.114
 4405 (vir)     1          21.454          -9.901          -2.947         -10.713           19.320
 4406 (vir)     1          21.455          -9.759          -2.771         -10.342           19.267
 4407 (vir)     1          21.477         -10.151          -3.126         -11.112           19.313
 4408 (vir)     1          21.484          -9.776          -2.747         -10.290           19.250
 4409 (vir)     1          21.511          -9.767          -2.803         -10.509           19.450
 4410 (vir)     1          21.519          -9.738          -2.813         -10.396           19.364
 4411 (vir)     1          21.529          -9.792          -2.898         -10.650           19.488
 4412 (vir)     1          21.554          -9.956          -2.880         -10.573           19.291
 4413 (vir)     1          21.555          -9.793          -2.878         -10.623           19.506
 4414 (vir)     1          21.562          -9.660          -2.768         -10.368           19.503
 4415 (vir)     1          21.573          -9.817          -2.852         -10.581           19.485
 4416 (vir)     1          21.595         -10.098          -2.960         -10.905           19.441
 4417 (vir)     1          21.601          -9.650          -2.732         -10.219           19.439
 4418 (vir)     1          21.623          -9.686          -2.796         -10.313           19.453
 4419 (vir)     1          21.646          -9.809          -2.867         -10.564           19.534
 4420 (vir)     1          21.662         -10.140          -2.939         -10.730           19.313
 4421 (vir)     1          21.700         -10.171          -3.071         -11.001           19.459
 4422 (vir)     1          21.705          -9.891          -2.901         -10.670           19.584
 4423 (vir)     1          21.711          -9.970          -2.913         -10.634           19.462
 4424 (vir)     1          21.727         -10.289          -2.954         -10.800           19.284
 4425 (vir)     1          21.742         -10.156          -2.911         -10.762           19.438
 4426 (vir)     1          21.754          -9.955          -2.779         -10.625           19.646
 4427 (vir)     1          21.759          -9.851          -2.817         -10.610           19.702
 4428 (vir)     1          21.763         -10.298          -2.982         -10.837           19.320
 4429 (vir)     1          21.768         -10.370          -2.977         -10.878           19.299
 4430 (vir)     1          21.773         -10.027          -2.929         -10.752           19.568
 4431 (vir)     1          21.785         -10.089          -2.925         -10.733           19.504
 4432 (vir)     1          21.808         -10.506          -3.041         -11.042           19.304
 4433 (vir)     1          21.816         -10.495          -3.016         -11.044           19.349
 4434 (vir)     1          21.823          -9.933          -2.874         -10.599           19.616
 4435 (vir)     1          21.845         -10.145          -2.933         -10.720           19.486
 4436 (vir)     1          21.855          -9.790          -2.778         -10.343           19.630
 4437 (vir)     1          21.868          -9.956          -2.845         -10.553           19.620
 4438 (vir)     1          21.869          -9.982          -2.906         -10.661           19.642
 4439 (vir)     1          21.888         -10.598          -3.036         -11.019           19.273
 4440 (vir)     1          21.896          -9.950          -2.820         -10.497           19.623
 4441 (vir)     1          21.896          -9.866          -2.835         -10.423           19.619
 4442 (vir)     1          21.919          -9.910          -2.794         -10.427           19.642
 4443 (vir)     1          21.941          -9.939          -2.778         -10.405           19.630
 4444 (vir)     1          21.942         -10.118          -2.865         -10.645           19.604
 4445 (vir)     1          21.949         -10.149          -2.964         -10.787           19.623
 4446 (vir)     1          21.970          -9.968          -2.834         -10.508           19.677
 4447 (vir)     1          21.974          -9.926          -2.794         -10.450           19.703
 4448 (vir)     1          21.984         -10.011          -2.803         -10.461           19.631
 4449 (vir)     1          21.996         -10.127          -2.831         -10.583           19.622
 4450 (vir)     1          22.003         -10.096          -2.868         -10.618           19.656
 4451 (vir)     1          22.007         -10.046          -2.839         -10.479           19.602
 4452 (vir)     1          22.021         -10.195          -2.871         -10.666           19.622
 4453 (vir)     1          22.034          -9.912          -2.752         -10.337           19.707
 4454 (vir)     1          22.057         -10.155          -2.828         -10.572           19.647
 4455 (vir)     1          22.061          -9.836          -2.713         -10.258           19.771
 4456 (vir)     1          22.073         -10.269          -2.953         -10.791           19.642
 4457 (vir)     1          22.083         -10.295          -2.827         -10.676           19.636
 4458 (vir)     1          22.090         -10.018          -2.814         -10.526           19.784
 4459 (vir)     1          22.119          -9.992          -2.760         -10.398           19.765
 4460 (vir)     1          22.128         -10.096          -2.873         -10.533           19.691
 4461 (vir)     1          22.132          -9.833          -2.810         -10.406           19.895
 4462 (vir)     1          22.140          -9.905          -2.761         -10.262           19.736
 4463 (vir)     1          22.161          -9.822          -2.708         -10.222           19.853
 4464 (vir)     1          22.178         -10.046          -2.807         -10.536           19.862
 4465 (vir)     1          22.199          -9.916          -2.749         -10.418           19.953
 4466 (vir)     1          22.217         -10.108          -2.880         -10.526           19.755
 4467 (vir)     1          22.220         -10.072          -2.820         -10.520           19.849
 4468 (vir)     1          22.261         -10.026          -2.804         -10.422           19.853
 4469 (vir)     1          22.261         -10.033          -2.829         -10.459           19.858
 4470 (vir)     1          22.280         -10.084          -2.851         -10.547           19.893
 4471 (vir)     1          22.289          -9.994          -2.778         -10.375           19.893
 4472 (vir)     1          22.294         -10.001          -2.808         -10.437           19.922
 4473 (vir)     1          22.314          -9.915          -2.757         -10.347           19.989
 4474 (vir)     1          22.318         -10.307          -2.877         -10.620           19.754
 4475 (vir)     1          22.329         -10.184          -2.748         -10.307           19.704
 4476 (vir)     1          22.331         -10.775          -2.978         -11.049           19.626
 4477 (vir)     1          22.331          -9.973          -2.755         -10.430           20.033
 4478 (vir)     1          22.358         -10.570          -2.932         -10.896           19.751
 4479 (vir)     1          22.390         -10.109          -2.719         -10.374           19.936
 4480 (vir)     1          22.405          -9.932          -2.707         -10.350           20.115
 4481 (vir)     1          22.408         -10.086          -2.755         -10.347           19.915
 4482 (vir)     1          22.409         -10.089          -2.797         -10.511           20.033
 4483 (vir)     1          22.433         -10.142          -2.747         -10.423           19.968
 4484 (vir)     1          22.439         -10.063          -2.734         -10.496           20.138
 4485 (vir)     1          22.462         -10.127          -2.777         -10.455           20.013
 4486 (vir)     1          22.465         -10.262          -2.813         -10.490           19.880
 4487 (vir)     1          22.470          -9.984          -2.727         -10.308           20.068
 4488 (vir)     1          22.475         -10.497          -2.882         -10.729           19.825
 4489 (vir)     1          22.493         -10.309          -2.801         -10.574           19.957
 4490 (vir)     1          22.501         -10.197          -2.797         -10.428           19.935
 4491 (vir)     1          22.512         -10.121          -2.761         -10.427           20.058
 4492 (vir)     1          22.516         -10.109          -2.723         -10.411           20.095
 4493 (vir)     1          22.519         -10.085          -2.775         -10.499           20.157
 4494 (vir)     1          22.534         -10.179          -2.770         -10.426           20.011
 4495 (vir)     1          22.555         -10.296          -2.762         -10.499           19.996
 4496 (vir)     1          22.575         -10.289          -2.776         -10.463           19.973
 4497 (vir)     1          22.592          -9.921          -2.683         -10.169           20.156
 4498 (vir)     1          22.595         -10.209          -2.791         -10.512           20.108
 4499 (vir)     1          22.605         -10.532          -2.858         -10.662           19.876
 4500 (vir)     1          22.610         -10.370          -2.784         -10.551           20.007
 4501 (vir)     1          22.632         -10.217          -2.779         -10.439           20.075
 4502 (vir)     1          22.644         -10.174          -2.742         -10.339           20.066
 4503 (vir)     1          22.667         -10.223          -2.754         -10.423           20.113
 4504 (vir)     1          22.678         -10.558          -2.877         -10.716           19.958
 4505 (vir)     1          22.683         -10.057          -2.700         -10.235           20.160
 4506 (vir)     1          22.686         -10.378          -2.800         -10.566           20.073
 4507 (vir)     1          22.710         -10.391          -2.828         -10.575           20.065
 4508 (vir)     1          22.716         -10.720          -2.843         -10.813           19.966
 4509 (vir)     1          22.727         -10.176          -2.717         -10.315           20.149
 4510 (vir)     1          22.744         -10.397          -2.818         -10.556           20.085
 4511 (vir)     1          22.752         -10.199          -2.774         -10.432           20.212
 4512 (vir)     1          22.757         -10.682          -2.865         -10.684           19.895
 4513 (vir)     1          22.779         -10.404          -2.832         -10.670           20.212
 4514 (vir)     1          22.792         -10.315          -2.740         -10.381           20.118
 4515 (vir)     1          22.811         -10.909          -2.922         -10.957           19.936
 4516 (vir)     1          22.816         -10.476          -2.795         -10.559           20.104
 4517 (vir)     1          22.817         -10.391          -2.765         -10.483           20.144
 4518 (vir)     1          22.829         -10.763          -2.880         -10.827           20.013
 4519 (vir)     1          22.851         -10.678          -2.869         -10.822           20.127
 4520 (vir)     1          22.860         -10.249          -2.742         -10.484           20.352
 4521 (vir)     1          22.876         -10.507          -2.815         -10.670           20.224
 4522 (vir)     1          22.884         -10.232          -2.715         -10.296           20.234
 4523 (vir)     1          22.888         -10.418          -2.782         -10.594           20.282
 4524 (vir)     1          22.903         -10.216          -2.740         -10.471           20.418
 4525 (vir)     1          22.906         -10.487          -2.744         -10.659           20.333
 4526 (vir)     1          22.915         -10.475          -2.790         -10.549           20.198
 4527 (vir)     1          22.924         -10.526          -2.827         -10.705           20.277
 4528 (vir)     1          22.930         -10.507          -2.803         -10.624           20.244
 4529 (vir)     1          22.933         -10.536          -2.806         -10.756           20.346
 4530 (vir)     1          22.949         -10.314          -2.682         -10.480           20.433
 4531 (vir)     1          22.953         -10.255          -2.695         -10.338           20.342
 4532 (vir)     1          22.958         -10.343          -2.745         -10.499           20.369
 4533 (vir)     1          22.980         -10.382          -2.718         -10.355           20.235
 4534 (vir)     1          22.986         -10.631          -2.794         -10.698           20.260
 4535 (vir)     1          23.004         -10.426          -2.744         -10.509           20.343
 4536 (vir)     1          23.010         -10.459          -2.762         -10.539           20.326
 4537 (vir)     1          23.026         -10.450          -2.737         -10.418           20.256
 4538 (vir)     1          23.042         -10.556          -2.720         -10.436           20.202
 4539 (vir)     1          23.046         -10.472          -2.758         -10.548           20.364
 4540 (vir)     1          23.062         -10.550          -2.792         -10.626           20.346
 4541 (vir)     1          23.068         -10.567          -2.724         -10.374           20.151
 4542 (vir)     1          23.069         -10.464          -2.722         -10.541           20.424
 4543 (vir)     1          23.086         -10.539          -2.781         -10.650           20.415
 4544 (vir)     1          23.096         -10.608          -2.787         -10.567           20.269
 4545 (vir)     1          23.097         -10.562          -2.803         -10.677           20.409
 4546 (vir)     1          23.103         -10.405          -2.648         -10.383           20.432
 4547 (vir)     1          23.112         -10.413          -2.773         -10.507           20.433
 4548 (vir)     1          23.113         -10.657          -2.836         -10.804           20.424
 4549 (vir)     1          23.132         -10.610          -2.826         -10.693           20.389
 4550 (vir)     1          23.138         -10.398          -2.720         -10.422           20.443
 4551 (vir)     1          23.139         -10.710          -2.808         -10.624           20.246
 4552 (vir)     1          23.153         -10.550          -2.854         -10.701           20.450
 4553 (vir)     1          23.160         -10.483          -2.760         -10.496           20.413
 4554 (vir)     1          23.167         -10.971          -3.001         -11.082           20.276
 4555 (vir)     1          23.172         -10.529          -2.774         -10.541           20.410
 4556 (vir)     1          23.176         -11.599          -3.024         -11.384           19.937
 4557 (vir)     1          23.183         -10.684          -2.910         -10.847           20.436
 4558 (vir)     1          23.184         -10.816          -2.885         -10.883           20.365
 4559 (vir)     1          23.200         -10.915          -2.827         -10.786           20.243
 4560 (vir)     1          23.211         -10.463          -2.742         -10.428           20.434
 4561 (vir)     1          23.213         -10.533          -2.772         -10.508           20.416
 4562 (vir)     1          23.215         -10.631          -2.832         -10.653           20.405
 4563 (vir)     1          23.241         -10.660          -2.750         -10.522           20.352
 4564 (vir)     1          23.254         -10.458          -2.709         -10.392           20.478
 4565 (vir)     1          23.255         -10.375          -2.673         -10.299           20.506
 4566 (vir)     1          23.273         -10.718          -2.732         -10.509           20.332
 4567 (vir)     1          23.275         -10.442          -2.665         -10.312           20.479
 4568 (vir)     1          23.299         -10.530          -2.644         -10.384           20.509
 4569 (vir)     1          23.302         -10.663          -2.712         -10.593           20.520
 4570 (vir)     1          23.331         -10.605          -2.654         -10.539           20.611
 4571 (vir)     1          23.340         -10.611          -2.685         -10.518           20.562
 4572 (vir)     1          23.351         -10.468          -2.688         -10.235           20.431
 4573 (vir)     1          23.352         -10.552          -2.675         -10.414           20.539
 4574 (vir)     1          23.365         -10.630          -2.724         -10.498           20.510
 4575 (vir)     1          23.381         -10.585          -2.743         -10.598           20.651
 4576 (vir)     1          23.381         -10.546          -2.654         -10.297           20.478
 4577 (vir)     1          23.405         -10.719          -2.679         -10.366           20.373
 4578 (vir)     1          23.425         -10.643          -2.703         -10.274           20.352
 4579 (vir)     1          23.431         -10.551          -2.677         -10.326           20.530
 4580 (vir)     1          23.444         -10.501          -2.593         -10.173           20.522
 4581 (vir)     1          23.474         -10.609          -2.671         -10.416           20.610
 4582 (vir)     1          23.479         -10.671          -2.640         -10.333           20.501
 4583 (vir)     1          23.482         -10.471          -2.603         -10.228           20.636
 4584 (vir)     1          23.487         -10.668          -2.682         -10.391           20.528
 4585 (vir)     1          23.509         -10.503          -2.605         -10.276           20.678
 4586 (vir)     1          23.519         -10.899          -2.705         -10.518           20.433
 4587 (vir)     1          23.532         -10.796          -2.679         -10.468           20.525
 4588 (vir)     1          23.546         -10.820          -2.710         -10.533           20.549
 4589 (vir)     1          23.557         -10.745          -2.653         -10.397           20.556
 4590 (vir)     1          23.562         -10.454          -2.601         -10.107           20.613
 4591 (vir)     1          23.573         -10.754          -2.683         -10.380           20.516
 4592 (vir)     1          23.581         -10.722          -2.718         -10.489           20.630
 4593 (vir)     1          23.591         -10.535          -2.649         -10.213           20.620
 4594 (vir)     1          23.596         -10.789          -2.631         -10.645           20.821
 4595 (vir)     1          23.598         -10.825          -2.740         -10.626           20.659
 4596 (vir)     1          23.630         -10.735          -2.687         -10.434           20.641
 4597 (vir)     1          23.647         -10.850          -2.668         -10.588           20.717
 4598 (vir)     1          23.648         -10.707          -2.606         -10.195           20.530
 4599 (vir)     1          23.669         -10.560          -2.600         -10.161           20.670
 4600 (vir)     1          23.672         -10.420          -2.567          -9.964           20.648
 4601 (vir)     1          23.695         -10.521          -2.596         -10.060           20.638
 4602 (vir)     1          23.707         -10.539          -2.645         -10.194           20.717
 4603 (vir)     1          23.712         -10.539          -2.578         -10.000           20.595
 4604 (vir)     1          23.736         -10.822          -2.672         -10.309           20.550
 4605 (vir)     1          23.745         -10.416          -2.529          -9.952           20.752
 4606 (vir)     1          23.769         -10.686          -2.594         -10.152           20.642
 4607 (vir)     1          23.774         -10.503          -2.590         -10.075           20.756
 4608 (vir)     1          23.789         -10.558          -2.607         -10.130           20.754
 4609 (vir)     1          23.813         -10.554          -2.526         -10.066           20.799
 4610 (vir)     1          23.821         -10.583          -2.587         -10.038           20.690
 4611 (vir)     1          23.828         -10.861          -2.658         -10.476           20.786
 4612 (vir)     1          23.835         -10.654          -2.578         -10.162           20.765
 4613 (vir)     1          23.843         -10.524          -2.552          -9.978           20.745
 4614 (vir)     1          23.847         -10.809          -2.650         -10.401           20.789
 4615 (vir)     1          23.853         -10.730          -2.624         -10.213           20.711
 4616 (vir)     1          23.877         -10.664          -2.596         -10.148           20.766
 4617 (vir)     1          23.887         -10.633          -2.643         -10.248           20.859
 4618 (vir)     1          23.894         -10.698          -2.618         -10.309           20.888
 4619 (vir)     1          23.906         -10.595          -2.567         -10.006           20.750
 4620 (vir)     1          23.938         -10.585          -2.579         -10.124           20.898
 4621 (vir)     1          23.941         -10.654          -2.609         -10.100           20.779
 4622 (vir)     1          23.962         -10.618          -2.581         -10.116           20.879
 4623 (vir)     1          23.975         -10.624          -2.517          -9.849           20.682
 4624 (vir)     1          23.982         -10.596          -2.517          -9.802           20.671
 4625 (vir)     1          24.011         -10.641          -2.584          -9.994           20.780
 4626 (vir)     1          24.024         -10.683          -2.536          -9.815           20.620
 4627 (vir)     1          24.035         -10.600          -2.544          -9.869           20.760
 4628 (vir)     1          24.051         -10.836          -2.605         -10.232           20.841
 4629 (vir)     1          24.052         -10.617          -2.539          -9.950           20.846
 4630 (vir)     1          24.070         -10.497          -2.460          -9.792           20.905
 4631 (vir)     1          24.080         -10.384          -2.480          -9.748           20.964
 4632 (vir)     1          24.105         -10.633          -2.544          -9.989           20.917
 4633 (vir)     1          24.119         -10.523          -2.552          -9.849           20.893
 4634 (vir)     1          24.144         -10.740          -2.518          -9.910           20.795
 4635 (vir)     1          24.144         -10.084          -2.395          -9.456           21.121
 4636 (vir)     1          24.146         -10.415          -2.503          -9.679           20.906
 4637 (vir)     1          24.160         -10.836          -2.569         -10.329           21.084
 4638 (vir)     1          24.164         -10.926          -2.677         -10.502           21.063
 4639 (vir)     1          24.185         -10.820          -2.594         -10.099           20.871
 4640 (vir)     1          24.202         -10.472          -2.490          -9.703           20.943
 4641 (vir)     1          24.216         -10.679          -2.558          -9.966           20.945
 4642 (vir)     1          24.219         -10.714          -2.515          -9.867           20.858
 4643 (vir)     1          24.237         -10.548          -2.495          -9.923           21.118
 4644 (vir)     1          24.244         -10.855          -2.579         -10.229           21.040
 4645 (vir)     1          24.255         -10.789          -2.548         -10.079           20.998
 4646 (vir)     1          24.279         -10.755          -2.525          -9.960           20.959
 4647 (vir)     1          24.285         -10.781          -2.521          -9.763           20.746
 4648 (vir)     1          24.297         -10.740          -2.569          -9.942           20.930
 4649 (vir)     1          24.314         -10.721          -2.559          -9.966           21.001
 4650 (vir)     1          24.315         -10.909          -2.671         -10.121           20.856
 4651 (vir)     1          24.344         -10.585          -2.459          -9.758           21.058
 4652 (vir)     1          24.351         -10.915          -2.553         -10.059           20.943
 4653 (vir)     1          24.366         -10.890          -2.575         -10.073           20.974
 4654 (vir)     1          24.373         -10.610          -2.470          -9.698           20.992
 4655 (vir)     1          24.393         -10.777          -2.512          -9.805           20.908
 4656 (vir)     1          24.409         -10.563          -2.437          -9.629           21.038
 4657 (vir)     1          24.425         -10.992          -2.612         -10.175           20.995
 4658 (vir)     1          24.439         -10.967          -2.574         -10.080           20.977
 4659 (vir)     1          24.443         -10.826          -2.575          -9.856           20.898
 4660 (vir)     1          24.456         -10.908          -2.565          -9.998           20.982
 4661 (vir)     1          24.473         -10.699          -2.458          -9.783           21.100
 4662 (vir)     1          24.476         -10.596          -2.470          -9.706           21.115
 4663 (vir)     1          24.497         -10.596          -2.564          -9.899           21.236
 4664 (vir)     1          24.517         -10.439          -2.424          -9.477           21.131
 4665 (vir)     1          24.527         -10.747          -2.454          -9.750           21.076
 4666 (vir)     1          24.528         -10.687          -2.501          -9.770           21.109
 4667 (vir)     1          24.535         -10.871          -2.597         -10.065           21.132
 4668 (vir)     1          24.539         -11.091          -2.547         -10.144           21.045
 4669 (vir)     1          24.563         -10.713          -2.528          -9.803           21.125
 4670 (vir)     1          24.570         -10.730          -2.478          -9.729           21.090
 4671 (vir)     1          24.587         -10.641          -2.503          -9.722           21.166
 4672 (vir)     1          24.588         -10.955          -2.603         -10.068           21.098
 4673 (vir)     1          24.614         -10.670          -2.501          -9.793           21.236
 4674 (vir)     1          24.641         -10.865          -2.521          -9.997           21.251
 4675 (vir)     1          24.641         -10.938          -2.578          -9.969           21.094
 4676 (vir)     1          24.653         -10.870          -2.570         -10.038           21.251
 4677 (vir)     1          24.663         -10.731          -2.467          -9.636           21.101
 4678 (vir)     1          24.674         -11.037          -2.587          -9.971           21.021
 4679 (vir)     1          24.685         -10.636          -2.448          -9.431           21.032
 4680 (vir)     1          24.692         -10.503          -2.407          -9.437           21.219
 4681 (vir)     1          24.708         -10.871          -2.534          -9.845           21.148
 4682 (vir)     1          24.722         -11.020          -2.575         -10.120           21.246
 4683 (vir)     1          24.727         -10.946          -2.548          -9.965           21.199
 4684 (vir)     1          24.744         -10.952          -2.535          -9.933           21.189
 4685 (vir)     1          24.757         -10.865          -2.514          -9.720           21.098
 4686 (vir)     1          24.785         -10.809          -2.470          -9.808           21.315
 4687 (vir)     1          24.797         -11.105          -2.573          -9.934           21.053
 4688 (vir)     1          24.810         -10.902          -2.442          -9.664           21.130
 4689 (vir)     1          24.810         -11.100          -2.548          -9.934           21.096
 4690 (vir)     1          24.814         -10.843          -2.531          -9.950           21.389
 4691 (vir)     1          24.821         -11.047          -2.552         -10.028           21.251
 4692 (vir)     1          24.831         -10.847          -2.485          -9.657           21.156
 4693 (vir)     1          24.839         -10.877          -2.515          -9.836           21.283
 4694 (vir)     1          24.853         -10.766          -2.461          -9.780           21.406
 4695 (vir)     1          24.858         -10.883          -2.467          -9.809           21.318
 4696 (vir)     1          24.871         -10.970          -2.554          -9.824           21.172
 4697 (vir)     1          24.874         -10.832          -2.468          -9.725           21.299
 4698 (vir)     1          24.876         -10.842          -2.478          -9.786           21.342
 4699 (vir)     1          24.891         -10.841          -2.493          -9.787           21.344
 4700 (vir)     1          24.903         -10.740          -2.415          -9.550           21.297
 4701 (vir)     1          24.918         -11.082          -2.562          -9.941           21.216
 4702 (vir)     1          24.930         -11.012          -2.472          -9.737           21.183
 4703 (vir)     1          24.949         -10.774          -2.450          -9.541           21.266
 4704 (vir)     1          24.964         -10.802          -2.464          -9.717           21.415
 4705 (vir)     1          24.981         -10.869          -2.495          -9.592           21.210
 4706 (vir)     1          24.998         -10.990          -2.491          -9.798           21.314
 4707 (vir)     1          25.008         -10.436          -2.311          -9.279           21.541
 4708 (vir)     1          25.011         -10.974          -2.521          -9.728           21.244
 4709 (vir)     1          25.021         -10.783          -2.432          -9.568           21.374
 4710 (vir)     1          25.024         -10.781          -2.485          -9.693           21.451
 4711 (vir)     1          25.060         -11.060          -2.469          -9.774           21.305
 4712 (vir)     1          25.086         -11.142          -2.545          -9.806           21.204
 4713 (vir)     1          25.094         -11.264          -2.551         -10.053           21.332
 4714 (vir)     1          25.131         -10.993          -2.479          -9.679           21.338
 4715 (vir)     1          25.136         -11.167          -2.550          -9.897           21.316
 4716 (vir)     1          25.143         -11.124          -2.546          -9.820           21.293
 4717 (vir)     1          25.151         -10.914          -2.409          -9.512           21.340
 4718 (vir)     1          25.162         -11.215          -2.515          -9.816           21.247
 4719 (vir)     1          25.190         -11.236          -2.510          -9.793           21.238
 4720 (vir)     1          25.202         -11.108          -2.476          -9.763           21.381
 4721 (vir)     1          25.223         -11.221          -2.489          -9.798           21.311
 4722 (vir)     1          25.245         -11.178          -2.498          -9.764           21.334
 4723 (vir)     1          25.271         -10.985          -2.414          -9.575           21.447
 4724 (vir)     1          25.273         -11.149          -2.550          -9.874           21.447
 4725 (vir)     1          25.280         -10.652          -2.302          -9.246           21.571
 4726 (vir)     1          25.286         -11.024          -2.481          -9.655           21.436
 4727 (vir)     1          25.311         -11.201          -2.468          -9.814           21.456
 4728 (vir)     1          25.331         -11.300          -2.510          -9.960           21.480
 4729 (vir)     1          25.332         -11.129          -2.472          -9.702           21.433
 4730 (vir)     1          25.350         -11.233          -2.477          -9.787           21.427
 4731 (vir)     1          25.369         -11.203          -2.471          -9.712           21.407
 4732 (vir)     1          25.395         -11.284          -2.517          -9.803           21.397
 4733 (vir)     1          25.395         -11.334          -2.520          -9.755           21.297
 4734 (vir)     1          25.419         -11.412          -2.576          -9.953           21.384
 4735 (vir)     1          25.429         -11.308          -2.545          -9.793           21.369
 4736 (vir)     1          25.451         -11.267          -2.491          -9.823           21.516
 4737 (vir)     1          25.487         -10.674          -2.274          -9.235           21.774
 4738 (vir)     1          25.506         -11.240          -2.423          -9.614           21.457
 4739 (vir)     1          25.509          -5.249          -2.407          -9.410           27.263
 4740 (vir)     1          25.524         -11.155          -2.446          -9.640           21.564
 4741 (vir)     1          25.535         -11.172          -2.389          -9.539           21.514
 4742 (vir)     1          25.548         -11.095          -2.367          -9.509           21.596
 4743 (vir)     1          25.581         -11.135          -2.373          -9.558           21.630
 4744 (vir)     1          25.583         -11.300          -2.480          -9.589           21.393
 4745 (vir)     1          25.589         -11.261          -2.474          -9.608           21.462
 4746 (vir)     1          25.600         -11.053          -2.353          -9.438           21.633
 4747 (vir)     1          25.622         -11.503          -2.529          -9.719           21.309
 4748 (vir)     1          25.645         -10.993          -2.300          -9.326           21.678
 4749 (vir)     1          25.654         -10.898          -2.283          -9.264           21.737
 4750 (vir)     1          25.665         -11.219          -2.366          -9.692           21.772
 4751 (vir)     1          25.681         -11.179          -2.326          -9.598           21.773
 4752 (vir)     1          25.683         -11.458          -2.482          -9.647           21.390
 4753 (vir)     1          25.689         -11.268          -2.416          -9.448           21.452
 4754 (vir)     1          25.704           5.766          -2.373          -9.388           38.485
 4755 (vir)     1          25.728         -11.046          -2.310          -9.456           21.828
 4756 (vir)     1          25.754           6.098          -2.410          -9.601           39.043
 4757 (vir)     1          25.760         -11.460          -2.453          -9.870           21.716
 4758 (vir)     1          25.798         -11.329          -2.431          -9.601           21.638
 4759 (vir)     1          25.798         -11.803          -2.636         -10.068           21.426
 4760 (vir)     1          25.821         -11.460          -2.457          -9.769           21.672
 4761 (vir)     1          25.826           6.051          -2.432          -9.600           39.046
 4762 (vir)     1          25.856           6.227          -2.563          -9.781           39.301
 4763 (vir)     1          25.881           6.294          -2.497          -9.769           39.448
 4764 (vir)     1          25.907         -11.707          -2.543          -9.979           21.636
 4765 (vir)     1          25.915         -11.733          -2.499          -9.991           21.674
 4766 (vir)     1          25.939           5.907          -2.366          -9.474           38.955
 4767 (vir)     1          25.943           6.274          -2.478          -9.799           39.539
 4768 (vir)     1          25.989           6.344          -2.455          -9.633           39.511
 4769 (vir)     1          25.995           6.101          -2.435          -9.557           39.218
 4770 (vir)     1          26.001         -11.753          -2.497          -9.924           21.675
 4771 (vir)     1          26.027           6.049          -2.439          -9.675           39.312
 4772 (vir)     1          26.043           5.955          -2.453          -9.669           39.214
 4773 (vir)     1          26.054          -5.611          -2.485          -9.932           27.889
 4774 (vir)     1          26.062           6.233          -2.480          -9.866           39.680
 4775 (vir)     1          26.133           6.327          -2.480          -9.885           39.865
 4776 (vir)     1          26.168           6.167          -2.386          -9.744           39.693
 4777 (vir)     1          26.182           6.299          -2.535          -9.798           39.743
 4778 (vir)     1          26.186           6.161          -2.436          -9.861           39.772
 4779 (vir)     1          26.230           6.083          -2.499          -9.807           39.621
 4780 (vir)     1          26.234           5.908          -2.344          -9.509           39.306
 4781 (vir)     1          26.237          -6.769          -2.555         -10.175           27.088
 4782 (vir)     1          26.255           6.331          -2.506          -9.692           39.771
 4783 (vir)     1          26.269         -11.783          -2.433          -9.770           21.822
 4784 (vir)     1          26.276           6.307          -2.479          -9.729           39.833
 4785 (vir)     1          26.279          -6.016          -2.502          -9.521           27.282
 4786 (vir)     1          26.294          -6.233          -2.629          -9.841           27.274
 4787 (vir)     1          26.346          -6.176          -2.524          -9.612           27.258
 4788 (vir)     1          26.425           6.197          -2.439          -9.805           39.988
 4789 (vir)     1          26.429           6.151          -2.525          -9.833           39.888
 4790 (vir)     1          26.442          -6.499          -2.545          -9.829           27.228
 4791 (vir)     1          26.474           6.378          -2.463          -9.864           40.252
 4792 (vir)     1          26.504          -6.706          -2.436          -9.589           26.951
 4793 (vir)     1          26.536         -11.846          -2.526          -9.629           21.794
 4794 (vir)     1          26.545          -6.297          -2.541          -9.444           27.150
 4795 (vir)     1          26.589          -6.383          -2.493          -9.597           27.310
 4796 (vir)     1          26.590           6.450          -2.496          -9.793           40.337
 4797 (vir)     1          26.622          -6.733          -2.446          -8.760           26.202
 4798 (vir)     1          26.660          -6.637          -2.476          -8.891           26.438
 4799 (vir)     1          26.672          -6.344          -2.484          -9.339           27.183
 4800 (vir)     1          26.690          -7.145          -2.488          -9.728           26.785
 4801 (vir)     1          26.806          -6.429          -2.594          -9.646           27.429
 4802 (vir)     1          26.818          -6.756          -2.667          -9.730           27.125
 4803 (vir)     1          26.856          -6.955          -2.306          -9.096           26.691
 4804 (vir)     1          26.894          -6.975          -2.462          -9.310           26.767
 4805 (vir)     1          26.952          -7.047          -2.323          -9.102           26.683
 4806 (vir)     1          27.001          -7.663          -2.610          -9.607           26.335
 4807 (vir)     1          27.042          -7.033          -2.460          -9.369           26.919
 4808 (vir)     1          27.131          -7.075          -2.535          -9.421           26.941
 4809 (vir)     1          27.169          -8.512          -2.617          -9.777           25.816
 4810 (vir)     1          27.230          -7.846          -2.645          -9.718           26.457
 4811 (vir)     1          27.244          -7.761          -2.544          -9.446           26.385
 4812 (vir)     1          27.268          -7.302          -2.543          -9.379           26.801
 4813 (vir)     1          27.288          -7.170          -2.611          -9.568           27.075
 4814 (vir)     1          27.313          -7.307          -2.444          -8.830           26.392
 4815 (vir)     1          27.358          -7.826          -2.458          -9.285           26.359
 4816 (vir)     1          27.366          -8.552          -2.436          -9.333           25.710
 4817 (vir)     1          27.449          -7.629          -2.638          -9.578           26.759
 4818 (vir)     1          27.493          -8.171          -2.348          -9.102           26.076
 4819 (vir)     1          27.501          -7.599          -2.684          -9.780           26.997
 4820 (vir)     1          27.583          -7.684          -2.361          -8.879           26.417
 4821 (vir)     1          27.592         -12.037          -2.296          -8.674           21.933
 4822 (vir)     1          27.672          -7.601          -2.429          -9.075           26.716
 4823 (vir)     1          27.753          -7.444          -2.564          -9.504           27.250
 4824 (vir)     1          27.791          -8.641          -2.621          -9.734           26.263
 4825 (vir)     1          27.819          -7.873          -2.617          -9.689           27.018
 4826 (vir)     1          27.855          -8.378          -2.577          -9.513           26.412
 4827 (vir)     1          27.882          -7.957          -2.598          -9.485           26.811
 4828 (vir)     1          27.915          -7.982          -2.560          -9.449           26.822
 4829 (vir)     1          27.938          -8.362          -2.659          -9.776           26.692
 4830 (vir)     1          27.976         -12.298          -2.387          -8.795           22.087
 4831 (vir)     1          27.990         -12.768          -2.645          -9.658           22.235
 4832 (vir)     1          27.992          -8.197          -2.610          -9.597           26.781
 4833 (vir)     1          28.039         -12.664          -2.583          -9.488           22.280
 4834 (vir)     1          28.047           4.986          -2.389          -9.135           39.780
 4835 (vir)     1          28.102           5.149          -2.470          -9.152           39.933
 4836 (vir)     1          28.112          -8.517          -2.615          -9.592           26.571
 4837 (vir)     1          28.161          -8.144          -2.589          -9.568           26.996
 4838 (vir)     1          28.201           5.234          -2.537          -9.304           40.203
 4839 (vir)     1          28.249         -12.852          -2.488          -9.268           22.177
 4840 (vir)     1          28.330         -12.714          -2.429          -9.117           22.303
 4841 (vir)     1          28.331          -8.301          -2.576          -9.496           26.950
 4842 (vir)     1          28.346           5.233          -2.561          -9.458           40.477
 4843 (vir)     1          28.396         -12.987          -2.531          -9.341           22.220
 4844 (vir)     1          28.420           4.275          -2.640          -9.602           39.656
 4845 (vir)     1          28.425          -9.089          -2.492          -9.242           26.086
 4846 (vir)     1          28.486           4.631          -2.641          -9.664           40.139
 4847 (vir)     1          28.531          -4.342          -2.549          -9.300           30.940
 4848 (vir)     1          28.562          -4.161          -2.541          -9.347           31.206
 4849 (vir)     1          28.642          -3.728          -2.563          -9.492           31.844
 4850 (vir)     1          28.656          -2.373          -2.572          -9.644           33.354
 4851 (vir)     1          28.657           4.697          -2.583          -9.321           40.092
 4852 (vir)     1          28.725          -0.302          -2.583          -9.636           35.476
 4853 (vir)     1          28.756           4.829          -2.539          -9.474           40.520
 4854 (vir)     1          28.771           4.852          -2.554          -9.407           40.476
 4855 (vir)     1          28.809           1.251          -2.559          -9.452           36.953
 4856 (vir)     1          28.823           4.868          -2.489          -9.316           40.518
 4857 (vir)     1          28.912           4.882          -2.488          -9.270           40.576
 4858 (vir)     1          28.961           3.137          -2.615          -9.380           38.863
 4859 (vir)     1          29.028           4.852          -2.546          -9.384           40.718
 4860 (vir)     1          29.070           4.659          -2.550          -9.403           40.582
 4861 (vir)     1          29.079           4.677          -2.449          -8.990           40.297
 4862 (vir)     1          29.147           4.763          -2.504          -9.384           40.790
 4863 (vir)     1          29.150           4.830          -2.551          -9.332           40.761
 4864 (vir)     1          29.176           4.827          -2.618          -9.410           40.795
 4865 (vir)     1          29.187           4.970          -2.596          -9.364           40.924
 4866 (vir)     1          29.271           4.791          -2.569          -9.454           40.945
 4867 (vir)     1          29.287           4.736          -2.534          -9.311           40.800
 4868 (vir)     1          29.295           4.824          -2.499          -9.225           40.845
 4869 (vir)     1          29.355           4.693          -2.564          -9.452           40.935
 4870 (vir)     1          29.392           4.935          -2.543          -9.401           41.185
 4871 (vir)     1          29.466           4.803          -2.569          -9.595           41.296
 4872 (vir)     1          29.485           5.014          -2.596          -9.463           41.366
 4873 (vir)     1          29.501           4.956          -2.580          -9.454           41.330
 4874 (vir)     1          29.514           4.478          -2.472          -9.132           40.651
 4875 (vir)     1          29.552           4.638          -2.492          -9.124           40.822
 4876 (vir)     1          29.602           4.701          -2.546          -9.432           41.189
 4877 (vir)     1          29.689           4.681          -2.489          -9.189           41.069
 4878 (vir)     1          29.703           4.885          -2.505          -9.264           41.346
 4879 (vir)     1          29.714           5.131          -2.637          -9.684           41.893
 4880 (vir)     1          29.760           4.507          -2.480          -9.201           40.989
 4881 (vir)     1          29.840           4.937          -2.543          -9.515           41.750
 4882 (vir)     1          29.863           4.695          -2.495          -9.390           41.451
 4883 (vir)     1          29.910           4.833          -2.557          -9.446           41.632
 4884 (vir)     1          29.929           4.694          -2.590          -9.386           41.419
 4885 (vir)     1          29.948           5.409          -2.714         -10.053           42.697
 4886 (vir)     1          29.993           5.346          -2.718          -9.954           42.576
 4887 (vir)     1          29.999           5.621          -2.738         -10.151           43.033
 4888 (vir)     1          30.032           4.936          -2.586          -9.588           41.970
 4889 (vir)     1          30.048           4.771          -2.555          -9.646           41.910
 4890 (vir)     1          30.066           4.992          -2.593          -9.627           42.093
 4891 (vir)     1          30.113           4.877          -2.566          -9.437           41.861
 4892 (vir)     1          30.127           4.957          -2.677          -9.806           42.213
 4893 (vir)     1          30.155           4.908          -2.585          -9.554           42.032
 4894 (vir)     1          30.163           4.775          -2.578          -9.477           41.837
 4895 (vir)     1          30.195           5.040          -2.614          -9.600           42.220
 4896 (vir)     1          30.218           4.948          -2.668          -9.740           42.238
 4897 (vir)     1          30.240          -9.893          -2.696         -10.173           27.824
 4898 (vir)     1          30.248           4.868          -2.627          -9.655           42.144
 4899 (vir)     1          30.291           4.826          -2.628          -9.695           42.184
 4900 (vir)     1          30.357           4.833          -2.672          -9.787           42.306
 4901 (vir)     1          30.360           5.398          -2.692          -9.980           43.045
 4902 (vir)     1          30.379           5.049          -2.698          -9.864           42.594
 4903 (vir)     1          30.385           5.388          -2.700          -9.891           42.963
 4904 (vir)     1          30.444           5.033          -2.627          -9.832           42.682
 4905 (vir)     1          30.452           5.308          -2.751         -10.080           43.089
 4906 (vir)     1          30.500           4.885          -2.662          -9.775           42.497
 4907 (vir)     1          30.520           5.191          -2.695          -9.918           42.934
 4908 (vir)     1          30.548           5.135          -2.698          -9.899           42.884
 4909 (vir)     1          30.554           5.374          -2.741         -10.114           43.301
 4910 (vir)     1          30.571           4.896          -2.662          -9.736           42.542
 4911 (vir)     1          30.581           5.204          -2.824         -10.239           43.200
 4912 (vir)     1          30.600           4.724          -2.642          -9.744           42.425
 4913 (vir)     1          30.613           4.741          -2.708          -9.740           42.386
 4914 (vir)     1          30.616           4.873          -2.655          -9.681           42.515
 4915 (vir)     1          30.688           4.978          -2.661          -9.754           42.760
 4916 (vir)     1          30.692           5.164          -2.715          -9.971           43.111
 4917 (vir)     1          30.717           5.238          -2.778         -10.155           43.333
 4918 (vir)     1          30.769           4.946          -2.671          -9.701           42.744
 4919 (vir)     1          30.801           5.069          -2.687          -9.909           43.092
 4920 (vir)     1          30.804           4.894          -2.717          -9.794           42.775
 4921 (vir)     1          30.841           4.906          -2.706          -9.742           42.782
 4922 (vir)     1          30.860           4.970          -2.636          -9.564           42.758
 4923 (vir)     1          30.889           4.664          -2.611          -9.441           42.383
 4924 (vir)     1          30.920           4.899          -2.739          -9.817           42.897
 4925 (vir)     1          30.959           5.172          -2.710          -9.852           43.273
 4926 (vir)     1          31.028           4.859          -2.669          -9.569           42.786
 4927 (vir)     1          31.046           4.552          -2.581          -9.427           42.445
 4928 (vir)     1          31.096           4.572          -2.562          -9.326           42.433
 4929 (vir)     1          31.147           4.593          -2.540          -9.099           42.299
 4930 (vir)     1          31.185           4.493          -2.551          -9.248           42.375
 4931 (vir)     1          31.191           4.502          -2.603          -9.504           42.593
 4932 (vir)     1          31.232           4.449          -2.572          -9.420           42.529
 4933 (vir)     1          31.234           4.427          -2.622          -9.419           42.458
 4934 (vir)     1          31.289           4.394          -2.630          -9.550           42.603
 4935 (vir)     1          31.319           4.408          -2.579          -9.342           42.490
 4936 (vir)     1          31.341           4.577          -2.575          -9.291           42.634
 4937 (vir)     1          31.441           4.448          -2.531          -9.211           42.569
 4938 (vir)     1          31.513           4.273          -2.580          -9.277           42.483
 4939 (vir)     1          31.514           4.476          -2.704          -9.667           42.954
 4940 (vir)     1          31.567           4.181          -2.531          -9.252           42.469
 4941 (vir)     1          31.594           4.213          -2.495          -9.042           42.354
 4942 (vir)     1          31.619           4.410          -2.544          -9.309           42.794
 4943 (vir)     1          31.638           4.594          -2.622          -9.486           43.096
 4944 (vir)     1          31.690           4.539          -2.672          -9.528           43.086
 4945 (vir)     1          31.759           4.371          -2.575          -9.337           42.893
 4946 (vir)     1          31.765           4.581          -2.699          -9.638           43.286
 4947 (vir)     1          31.828           4.349          -2.613          -9.289           42.853
 4948 (vir)     1          31.830           4.746          -2.689          -9.567           43.454
 4949 (vir)     1          31.903           4.268          -2.580          -9.241           42.831
 4950 (vir)     1          31.960           4.349          -2.707          -9.529           43.131
 4951 (vir)     1          32.018           4.391          -2.607          -9.301           43.103
 4952 (vir)     1          32.096           4.104          -2.606          -9.213           42.807
 4953 (vir)     1          32.105           3.938          -2.426          -8.835           42.452
 4954 (vir)     1          32.155           4.067          -2.489          -8.998           42.731
 4955 (vir)     1          32.172           4.066          -2.623          -9.358           42.972
 4956 (vir)     1          32.250           4.147          -2.544          -9.140           42.993
 4957 (vir)     1          32.316           3.887          -2.582          -9.163           42.784
 4958 (vir)     1          32.324           4.121          -2.574          -9.116           42.987
 4959 (vir)     1          32.434           4.108          -2.586          -9.183           43.139
 4960 (vir)     1          32.445           4.279          -2.666          -9.259           43.318
 4961 (vir)     1          32.511           3.949          -2.608          -9.198           43.050
 4962 (vir)     1          32.541           4.045          -2.543          -8.917           42.960
 4963 (vir)     1          32.597           4.147          -2.664          -9.255           43.334
 4964 (vir)     1          32.614           4.356          -2.657          -9.257           43.569
 4965 (vir)     1          32.660           3.958          -2.518          -8.939           43.040
 4966 (vir)     1          32.812           4.140          -2.621          -9.223           43.554
 4967 (vir)     1          32.865           3.655          -2.508          -9.068           43.080
 4968 (vir)     1          32.888           4.022          -2.671          -9.278           43.517
 4969 (vir)     1          32.981           3.807          -2.565          -9.213           43.435
 4970 (vir)     1          33.011           3.962          -2.686          -9.397           43.684
 4971 (vir)     1          33.051           3.855          -2.404          -8.424           42.926
 4972 (vir)     1          33.179           4.078          -2.659          -9.179           43.777
 4973 (vir)     1          33.201           4.004          -2.710          -9.336           43.831
 4974 (vir)     1          33.224           4.258          -2.690          -9.389           44.181
 4975 (vir)     1          33.233           3.949          -2.504          -8.642           43.320
 4976 (vir)     1          33.330           3.961          -2.606          -9.021           43.706
 4977 (vir)     1          33.366           3.772          -2.518          -8.814           43.433
 4978 (vir)     1          33.394           3.978          -2.719          -9.356           44.009
 4979 (vir)     1          33.471           4.008          -2.661          -9.204           44.022
 4980 (vir)     1          33.508           3.912          -2.610          -9.029           43.838
 4981 (vir)     1          33.525           3.991          -2.699          -9.280           44.097
 4982 (vir)     1          33.588           3.642          -2.620          -8.943           43.552
 4983 (vir)     1          33.645           3.773          -2.603          -8.998           43.812
 4984 (vir)     1          33.701           3.793          -2.575          -8.848           43.767
 4985 (vir)     1          33.763           3.801          -2.577          -8.957           43.945
 4986 (vir)     1          33.855           3.711          -2.607          -9.008           43.966
 4987 (vir)     1          33.913           3.872          -2.600          -8.908           44.093
 4988 (vir)     1          34.167           3.472          -2.600          -8.982           44.021
 4989 (vir)     1          34.276           3.585          -2.590          -8.652           43.923
 4990 (vir)     1          34.363           3.527          -2.480          -8.738           44.148
 4991 (vir)     1          34.467           3.565          -2.588          -8.840           44.284
 4992 (vir)     1          34.484           3.387          -2.600          -8.870           44.142
 4993 (vir)     1          34.598           3.556          -2.546          -8.820           44.428
 4994 (vir)     1          34.678           3.326          -2.667          -9.186           44.523
 4995 (vir)     1          34.705           3.549          -2.532          -8.746           44.467
 4996 (vir)     1          34.771           3.622          -2.593          -8.801           44.601
 4997 (vir)     1          34.915           3.748          -2.660          -9.046           45.049
 4998 (vir)     1          34.952           3.776          -2.591          -8.846           44.983
 4999 (vir)     1          34.963           3.361          -2.623          -8.933           44.634
 5000 (vir)     1          34.982           3.680          -2.544          -8.819           44.938
 5001 (vir)     1          35.000           3.673          -2.650          -8.889           44.911
 5002 (vir)     1          35.161           3.213          -2.545          -8.705           44.534
 5003 (vir)     1          35.191           3.413          -2.687          -9.086           45.002
 5004 (vir)     1          35.267           3.799          -2.422          -8.665           45.309
 5005 (vir)     1          35.271           3.710          -2.402          -8.532           45.111
 5006 (vir)     1          35.298           3.566          -2.614          -8.876           45.126
 5007 (vir)     1          35.340           3.203          -2.539          -8.674           44.678
 5008 (vir)     1          35.466           3.411          -2.654          -8.955           45.179
 5009 (vir)     1          35.554           3.671          -2.576          -8.784           45.432
 5010 (vir)     1          35.655           3.373          -2.556          -8.788           45.259
 5011 (vir)     1          35.696           3.687          -2.496          -8.611           45.497
 5012 (vir)     1          35.769           3.525          -2.578          -8.741           45.457
 5013 (vir)     1          35.923           2.983          -2.412          -9.333           45.828
 5014 (vir)     1          35.925           3.163          -2.551          -8.726           45.263
 5015 (vir)     1          36.017           4.329          -2.513          -8.789           46.623
 5016 (vir)     1          36.025           3.403          -2.625          -8.833           45.635
 5017 (vir)     1          36.162           2.930          -2.487          -8.944           45.549
 5018 (vir)     1          36.163           3.057          -2.577          -8.833           45.475
 5019 (vir)     1          36.193           3.565          -2.479          -8.519           45.799
 5020 (vir)     1          36.245           3.078          -2.535          -8.595           45.382
 5021 (vir)     1          36.367           3.003          -2.597          -8.855           45.628
 5022 (vir)     1          36.376           3.302          -2.607          -8.780           45.852
 5023 (vir)     1          36.584           3.153          -2.594          -8.640           45.784
 5024 (vir)     1          36.635           3.177          -2.735          -8.939           46.016
 5025 (vir)     1          36.704           2.973          -2.674          -8.820           45.824
 5026 (vir)     1          36.900           3.714          -2.624          -8.868           46.858
 5027 (vir)     1          37.028           2.978          -2.561          -8.516           45.961
 5028 (vir)     1          37.064           3.082          -2.528          -8.545           46.162
 5029 (vir)     1          37.114           2.924          -2.640          -8.710           46.108
 5030 (vir)     1          37.257           3.198          -2.678          -8.756           46.532
 5031 (vir)     1          37.274           3.029          -2.643          -8.713           46.373
 5032 (vir)     1          37.374           3.049          -2.500          -8.366           46.289
 5033 (vir)     1          37.463           3.174          -2.723          -8.865           46.778
 5034 (vir)     1          37.617           3.036          -2.647          -8.796           46.802
 5035 (vir)     1          37.637           2.656          -2.605          -8.734           46.422
 5036 (vir)     1          37.657           2.774          -2.666          -8.789           46.554
 5037 (vir)     1          37.976           2.918          -2.542          -8.351           46.702
 5038 (vir)     1          38.004           3.124          -2.669          -8.640           47.099
 5039 (vir)     1          38.121           2.699          -2.641          -8.517           46.695
 5040 (vir)     1          38.249           2.795          -2.683          -8.753           47.114
 5041 (vir)     1          38.256           2.910          -2.647          -8.688           47.206
 5042 (vir)     1          38.371           2.886          -2.623          -8.573           47.207
 5043 (vir)     1          38.395           2.642          -2.721          -8.744           47.060
 5044 (vir)     1          38.422           2.718          -2.550          -8.570           47.161
 5045 (vir)     1          38.474           3.428          -2.624          -8.656           47.933
 5046 (vir)     1          38.638           2.474          -2.524          -8.458           47.047
 5047 (vir)     1          38.693           2.763          -2.675          -8.628           47.409
 5048 (vir)     1          38.882           2.604          -2.593          -8.527           47.420
 5049 (vir)     1          38.887           2.270          -2.633          -8.548           47.071
 5050 (vir)     1          39.033           2.573          -2.665          -8.663           47.604
 5051 (vir)     1          39.142           2.647          -2.645          -8.548           47.693
 5052 (vir)     1          39.364           2.467          -2.446          -8.556           47.941
 5053 (vir)     1          39.415           2.634          -2.695          -8.655           48.009
 5054 (vir)     1          39.519           2.458          -2.447          -8.298           47.827
 5055 (vir)     1          39.601           2.604          -2.680          -8.593           48.118
 5056 (vir)     1          39.705           2.377          -2.538          -8.714           48.258
 5057 (vir)     1          39.719           2.095          -2.605          -8.689           47.898
 5058 (vir)     1          39.750           2.689          -2.607          -8.636           48.468
 5059 (vir)     1          39.872           2.302          -2.586          -8.610           48.198
 5060 (vir)     1          39.946           2.478          -2.622          -8.506           48.308
 5061 (vir)     1          39.996           2.557          -2.491          -8.794           48.856
 5062 (vir)     1          40.043           2.372          -2.559          -8.446           48.302
 5063 (vir)     1          40.076           2.310          -2.612          -8.610           48.384
 5064 (vir)     1          40.224           2.182          -2.433          -8.685           48.658
 5065 (vir)     1          40.322           2.475          -2.732          -8.611           48.677
 5066 (vir)     1          40.357           2.405          -2.542          -8.650           48.870
 5067 (vir)     1          40.407           2.128          -2.435          -8.752           48.852
 5068 (vir)     1          40.442           2.392          -2.599          -8.551           48.786
 5069 (vir)     1          40.541           2.379          -2.521          -8.702           49.101
 5070 (vir)     1          40.632           2.094          -2.393          -8.627           48.961
 5071 (vir)     1          40.723           2.079          -2.181          -8.915           49.535
 5072 (vir)     1          40.905           2.029          -2.249          -8.701           49.386
 5073 (vir)     1          40.906           2.206          -2.565          -8.398           48.945
 5074 (vir)     1          41.072           2.244          -2.788          -8.488           49.017
 5075 (vir)     1          41.095           2.155          -2.733          -8.464           48.982
 5076 (vir)     1          41.263           2.208          -2.636          -8.553           49.388
 5077 (vir)     1          41.399           2.455          -2.652          -8.642           49.845
 5078 (vir)     1          41.410           2.218          -2.636          -8.513           49.504
 5079 (vir)     1          41.562           2.325          -2.570          -8.337           49.654
 5080 (vir)     1          41.746           2.119          -2.698          -8.467           49.634
 5081 (vir)     1          41.789           2.165          -2.690          -8.508           49.772
 5082 (vir)     1          41.827           2.198          -2.707          -8.343           49.661
 5083 (vir)     1          41.920           2.202          -2.676          -8.209           49.655
 5084 (vir)     1          42.121           2.068          -2.622          -8.379           49.946
 5085 (vir)     1          42.174           2.145          -2.625          -8.329           50.023
 5086 (vir)     1          42.421           2.429          -2.704          -8.312           50.457
 5087 (vir)     1          42.715           2.075          -2.618          -8.573           50.746
 5088 (vir)     1          42.717           1.872          -2.359          -8.636           50.866
 5089 (vir)     1          42.857           1.870          -2.626          -8.430           50.532
 5090 (vir)     1          42.909           1.781          -2.174          -8.938           51.453
 5091 (vir)     1          42.947           1.871          -2.622          -8.561           50.757
 5092 (vir)     1          43.069           1.693          -1.947          -9.036           51.851
 5093 (vir)     1          43.360           1.873          -2.618          -8.460           51.075
 5094 (vir)     1          43.465           1.804          -2.552          -8.545           51.262
 5095 (vir)     1          43.921           1.829          -2.576          -8.576           51.749
 5096 (vir)     1          43.946           1.857          -2.594          -8.531           51.741
 5097 (vir)     1          44.160           1.929          -2.465          -7.933           51.557
 5098 (vir)     1          44.401           1.975          -2.232          -8.868           53.012
 5099 (vir)     1          44.597           1.802          -2.558          -8.395           52.235
 5100 (vir)     1          44.599           1.914          -2.556          -8.411           52.369
 5101 (vir)     1          44.752           1.743          -1.866          -8.788           53.418
 5102 (vir)     1          44.940           1.708          -2.388          -8.711           52.972
 5103 (vir)     1          45.026           1.683          -2.198          -8.894           53.406
 5104 (vir)     1          45.148           1.916          -2.818          -8.566           52.812
 5105 (vir)     1          45.468           1.582          -1.878          -9.045           54.217
 5106 (vir)     1          45.774           1.724          -2.537          -8.258           53.219
 5107 (vir)     1          45.778           1.881          -2.579          -8.238           53.319
 5108 (vir)     1          46.291           1.632          -2.131          -8.576           54.367
 5109 (vir)     1          46.378           1.478          -2.398          -8.118           53.576
 5110 (vir)     1          46.429           1.840          -2.550          -7.933           53.652
 5111 (vir)     1          46.548           1.694          -2.230          -8.131           54.142
 5112 (vir)     1          46.622           1.377          -1.916          -8.770           54.853
 5113 (vir)     1          47.854           1.617          -1.785          -9.011           56.697
 5114 (vir)     1          48.197           1.634          -1.729          -9.288           57.391
 5115 (vir)     1          48.262           1.242          -1.677          -9.156           56.983
 5116 (vir)     1          48.984           1.228          -1.650          -9.283           57.845
 5117 (vir)     1          49.509           1.351          -1.657          -8.881           58.084
 5118 (vir)     1          49.622           1.283          -1.702          -8.541           57.745
 5119 (vir)     1          49.623           1.181          -1.782          -8.078           57.101
 5120 (vir)     1          49.912           1.104          -1.664          -8.064           57.416
 5121 (vir)     1          50.086           1.331          -1.761          -8.975           58.631
 5122 (vir)     1          50.483           1.348          -1.686          -8.879           59.023
 5123 (vir)     1          50.556           1.454          -1.781          -8.443           58.672
 5124 (vir)     1          50.614           1.237          -1.676          -8.516           58.691
 5125 (vir)     1          50.806           1.440          -1.679          -8.455           59.022
 5126 (vir)     1          50.813           1.575          -1.657          -8.435           59.166
 5127 (vir)     1          50.839           1.516          -1.666          -8.448           59.138
 5128 (vir)     1          50.897           1.433          -1.653          -8.417           59.094
 5129 (vir)     1          50.951           1.682          -1.714          -8.292           59.212
 5130 (vir)     1          51.029           1.550          -1.735          -8.268           59.112
 5131 (vir)     1          51.111           1.320          -1.648          -8.427           59.210
 5132 (vir)     1          51.154           1.371          -1.712          -8.528           59.341
 5133 (vir)     1          51.171           1.455          -1.672          -8.450           59.405
 5134 (vir)     1          51.194           1.480          -1.649          -8.298           59.323
 5135 (vir)     1          51.314           1.470          -1.730          -8.354           59.408
 5136 (vir)     1          51.314           1.646          -1.732          -8.336           59.564
 5137 (vir)     1          51.394           1.601          -1.706          -8.263           59.552
 5138 (vir)     1          51.423           1.639          -1.701          -8.403           59.764
 5139 (vir)     1          51.499           1.441          -1.619          -8.214           59.535
 5140 (vir)     1          51.579           1.434          -1.714          -8.370           59.669
 5141 (vir)     1          51.639           1.559          -1.697          -8.414           59.914
 5142 (vir)     1          51.645           1.607          -1.724          -8.423           59.952
 5143 (vir)     1          51.744           1.191          -1.691          -8.607           59.850
 5144 (vir)     1          51.805           1.328          -1.743          -8.461           59.852
 5145 (vir)     1          51.825           1.180          -1.784          -8.309           59.530
 5146 (vir)     1          51.927           2.052          -1.694          -8.232           60.517
 5147 (vir)     1          51.936           1.313          -1.666          -8.302           59.885
 5148 (vir)     1          51.964           1.428          -1.678          -8.363           60.077
 5149 (vir)     1          52.030           1.579          -1.708          -8.454           60.355
 5150 (vir)     1          52.092           1.471          -1.671          -8.297           60.188
 5151 (vir)     1          52.104           1.423          -1.661          -8.279           60.145
 5152 (vir)     1          52.146           1.383          -1.644          -8.338           60.223
 5153 (vir)     1          52.218           1.389          -1.662          -8.662           60.608
 5154 (vir)     1          52.319           1.148          -1.669          -8.336           60.135
 5155 (vir)     1          52.366           1.673          -1.689          -8.288           60.637
 5156 (vir)     1          52.385           1.741          -1.680          -8.349           60.795
 5157 (vir)     1          52.441           1.484          -1.660          -8.544           60.808
 5158 (vir)     1          52.446           1.470          -1.680          -8.315           60.550
 5159 (vir)     1          52.549           1.618          -1.694          -8.340           60.812
 5160 (vir)     1          52.555           1.502          -1.632          -8.349           60.773
 5161 (vir)     1          52.620           1.330          -1.639          -8.383           60.694
 5162 (vir)     1          52.677           1.503          -1.681          -8.319           60.818
 5163 (vir)     1          52.715           1.532          -1.681          -8.429           60.994
 5164 (vir)     1          52.723           1.494          -1.675          -8.364           60.905
 5165 (vir)     1          52.795           1.616          -1.710          -8.369           61.071
 5166 (vir)     1          52.840           1.173          -1.696          -8.564           60.881
 5167 (vir)     1          52.894           1.539          -1.622          -8.011           60.822
 5168 (vir)     1          52.934           1.608          -1.675          -8.404           61.271
 5169 (vir)     1          52.983           1.517          -1.675          -8.373           61.197
 5170 (vir)     1          53.001           1.372          -1.651          -8.432           61.154
 5171 (vir)     1          53.057           1.900          -1.653          -8.233           61.537
 5172 (vir)     1          53.133           1.306          -1.653          -8.376           61.161
 5173 (vir)     1          53.174           1.694          -1.670          -8.256           61.454
 5174 (vir)     1          53.188           1.188          -1.649          -8.397           61.125
 5175 (vir)     1          53.280           1.521          -1.672          -8.346           61.476
 5176 (vir)     1          53.288           1.284          -1.678          -8.471           61.366
 5177 (vir)     1          53.308           1.718          -1.642          -8.282           61.665
 5178 (vir)     1          53.313           1.610          -1.660          -8.357           61.620
 5179 (vir)     1          53.465           1.339          -1.705          -8.373           61.473
 5180 (vir)     1          53.490           2.424          -1.712          -8.307           62.509
 5181 (vir)     1          53.514           1.310          -1.633          -8.366           61.558
 5182 (vir)     1          53.579           1.311          -1.632          -8.550           61.808
 5183 (vir)     1          53.610           0.923          -1.585          -8.314           61.263
 5184 (vir)     1          53.660           1.176          -1.636          -8.307           61.506
 5185 (vir)     1          53.771           1.322          -1.670          -8.376           61.800
 5186 (vir)     1          53.884           1.262          -1.726          -8.557           61.977
 5187 (vir)     1          53.900           1.246          -1.662          -8.256           61.739
 5188 (vir)     1          54.033           1.280          -1.643          -8.471           62.140
 5189 (vir)     1          54.098           1.354          -1.704          -8.359           62.106
 5190 (vir)     1          54.164           1.396          -1.672          -8.400           62.289
 5191 (vir)     1          54.169           1.330          -1.731          -8.307           62.075
 5192 (vir)     1          54.271           1.346          -1.603          -7.974           61.987
 5193 (vir)     1          54.350           1.192          -1.703          -8.422           62.260
 5194 (vir)     1          54.367           1.035          -1.556          -8.414           62.260
 5195 (vir)     1          54.393           1.151          -1.626          -8.271           62.189
 5196 (vir)     1          54.428           1.488          -1.695          -8.313           62.535
 5197 (vir)     1          54.468           0.934          -1.516          -8.431           62.317
 5198 (vir)     1          54.472           1.169          -1.591          -8.070           62.120
 5199 (vir)     1          54.708           1.315          -1.696          -7.787           62.114
 5200 (vir)     1          54.723           1.131          -1.652          -8.459           62.662
 5201 (vir)     1          54.888           1.184          -1.660          -8.224           62.636
 5202 (vir)     1          54.903           1.050          -1.676          -8.278           62.555
 5203 (vir)     1          54.959           1.184          -1.667          -8.376           62.853
 5204 (vir)     1          55.049           1.238          -1.672          -8.369           62.984
 5205 (vir)     1          55.150           1.087          -1.630          -8.236           62.844
 5206 (vir)     1          55.165           1.488          -1.720          -8.375           63.308
 5207 (vir)     1          55.249           0.999          -1.601          -8.348           62.995
 5208 (vir)     1          55.259           1.134          -1.648          -8.364           63.110
 5209 (vir)     1          55.315           1.196          -1.655          -8.335           63.191
 5210 (vir)     1          55.337           1.214          -1.657          -8.389           63.283
 5211 (vir)     1          55.406           1.213          -1.691          -8.464           63.392
 5212 (vir)     1          55.551           0.985          -1.579          -8.293           63.249
 5213 (vir)     1          55.569           1.220          -1.761          -8.413           63.440
 5214 (vir)     1          55.613           1.233          -1.679          -8.440           63.608
 5215 (vir)     1          55.617           1.191          -1.711          -8.624           63.722
 5216 (vir)     1          55.743           1.251          -1.555          -7.855           63.293
 5217 (vir)     1          55.816           1.392          -1.568          -7.647           63.286
 5218 (vir)     1          55.879           1.421          -1.675          -8.341           63.966
 5219 (vir)     1          55.963           1.299          -1.669          -8.381           63.974
 5220 (vir)     1          55.967           1.153          -1.660          -8.442           63.901
 5221 (vir)     1          56.105           1.084          -1.572          -8.126           63.742
 5222 (vir)     1          56.172           1.110          -1.620          -8.516           64.178
 5223 (vir)     1          56.295           1.101          -1.635          -8.461           64.222
 5224 (vir)     1          56.327           1.105          -1.621          -8.547           64.358
 5225 (vir)     1          56.374           1.193          -1.672          -8.509           64.404
 5226 (vir)     1          56.375           1.079          -1.599          -8.402           64.257
 5227 (vir)     1          56.438           1.036          -1.540          -8.765           64.698
 5228 (vir)     1          56.592           1.109          -1.611          -8.312           64.403
 5229 (vir)     1          56.627           1.083          -1.700          -8.189           64.199
 5230 (vir)     1          56.654           1.084          -1.637          -8.549           64.650
 5231 (vir)     1          56.674           1.116          -1.616          -8.670           64.845
 5232 (vir)     1          56.759           1.223          -1.744          -8.463           64.701
 5233 (vir)     1          56.785           1.337          -1.499          -7.637           64.260
 5234 (vir)     1          56.952           1.201          -1.570          -8.069           64.651
 5235 (vir)     1          57.038           1.348          -1.755          -7.435           64.066
 5236 (vir)     1          57.047           1.340          -1.556          -7.851           64.682
 5237 (vir)     1          57.129           1.059          -1.590          -8.373           64.971
 5238 (vir)     1          57.164           1.137          -1.552          -8.072           64.820
 5239 (vir)     1          57.193           1.075          -1.632          -8.583           65.219
 5240 (vir)     1          57.220           1.131          -1.599          -8.315           65.067
 5241 (vir)     1          57.223           1.077          -1.605          -8.373           65.069
 5242 (vir)     1          57.272           1.148          -1.606          -8.251           65.066
 5243 (vir)     1          57.375           1.044          -1.513          -8.341           65.247
 5244 (vir)     1          57.443           1.316          -1.543          -7.542           64.759
 5245 (vir)     1          57.472           1.038          -1.574          -8.400           65.336
 5246 (vir)     1          57.579           1.268          -1.722          -8.285           65.410
 5247 (vir)     1          57.705           1.256          -1.467          -7.700           65.194
 5248 (vir)     1          57.813           1.094          -1.569          -8.491           65.829
 5249 (vir)     1          57.828           1.155          -1.647          -8.527           65.863
 5250 (vir)     1          57.906           1.115          -1.629          -8.771           66.164
 5251 (vir)     1          57.963           1.188          -1.499          -7.901           65.554
 5252 (vir)     1          57.992           1.053          -1.571          -8.372           65.847
 5253 (vir)     1          57.992           1.093          -1.536          -8.065           65.615
 5254 (vir)     1          58.025           1.167          -1.500          -8.001           65.693
 5255 (vir)     1          58.128           1.099          -1.574          -8.401           66.054
 5256 (vir)     1          58.225           1.046          -1.527          -8.197           65.940
 5257 (vir)     1          58.237           1.028          -1.502          -8.428           66.190
 5258 (vir)     1          58.335           1.104          -1.530          -8.185           66.094
 5259 (vir)     1          58.370           1.085          -1.546          -8.178           66.087
 5260 (vir)     1          58.457           1.135          -1.553          -8.345           66.385
 5261 (vir)     1          58.556           1.177          -1.611          -8.905           67.029
 5262 (vir)     1          58.587           1.098          -1.564          -8.690           66.810
 5263 (vir)     1          58.685           1.118          -1.501          -7.979           66.280
 5264 (vir)     1          58.741           1.182          -1.513          -8.303           66.714
 5265 (vir)     1          58.757           1.069          -1.498          -8.079           66.407
 5266 (vir)     1          58.860           1.077          -1.525          -8.225           66.636
 5267 (vir)     1          58.872           1.224          -1.439          -7.698           66.355
 5268 (vir)     1          58.960           1.117          -1.483          -7.983           66.578
 5269 (vir)     1          59.002           1.081          -1.499          -8.139           66.722
 5270 (vir)     1          59.019           1.137          -1.472          -8.103           66.788
 5271 (vir)     1          59.108           1.092          -1.533          -8.787           67.453
 5272 (vir)     1          59.118           1.041          -1.567          -8.399           66.991
 5273 (vir)     1          59.155           1.026          -1.541          -8.340           66.980
 5274 (vir)     1          59.274           1.107          -1.525          -8.192           67.048
 5275 (vir)     1          59.278           1.068          -1.476          -8.134           67.004
 5276 (vir)     1          59.367           1.067          -1.507          -8.072           66.999
 5277 (vir)     1          59.477           1.072          -1.469          -8.067           67.147
 5278 (vir)     1          59.488           1.088          -1.554          -8.447           67.469
 5279 (vir)     1          59.539           1.115          -1.519          -8.382           67.518
 5280 (vir)     1          59.569           1.074          -1.435          -7.951           67.158
 5281 (vir)     1          59.572           1.036          -1.610          -8.102           67.101
 5282 (vir)     1          59.691           1.070          -1.544          -8.059           67.277
 5283 (vir)     1          59.799           1.023          -1.498          -8.138           67.462
 5284 (vir)     1          59.823           1.041          -1.462          -8.707           68.109
 5285 (vir)     1          59.886           1.019          -1.579          -8.149           67.475
 5286 (vir)     1          59.912           1.076          -1.424          -7.942           67.506
 5287 (vir)     1          59.917           1.130          -1.557          -8.336           67.827
 5288 (vir)     1          60.008           1.057          -1.539          -8.394           67.920
 5289 (vir)     1          60.020           1.077          -1.734          -8.045           67.407
 5290 (vir)     1          60.084           1.058          -1.558          -8.124           67.709
 5291 (vir)     1          60.093           1.062          -1.546          -8.319           67.928
 5292 (vir)     1          60.206           1.009          -1.486          -8.189           67.918
 5293 (vir)     1          60.285           0.948          -1.472          -8.128           67.889
 5294 (vir)     1          60.397           1.037          -1.472          -8.187           68.149
 5295 (vir)     1          60.430           0.977          -1.504          -8.062           67.966
 5296 (vir)     1          60.481           1.030          -1.456          -8.223           68.278
 5297 (vir)     1          60.586           0.978          -1.523          -8.034           68.075
 5298 (vir)     1          60.659           0.954          -1.522          -8.092           68.183
 5299 (vir)     1          60.701           1.107          -1.676          -8.001           68.134
 5300 (vir)     1          60.762           0.995          -1.497          -8.175           68.436
 5301 (vir)     1          60.793           0.946          -1.470          -8.107           68.377
 5302 (vir)     1          60.847           0.996          -1.473          -8.256           68.626
 5303 (vir)     1          60.968           1.050          -1.464          -8.265           68.820
 5304 (vir)     1          61.053           1.004          -1.506          -8.055           68.605
 5305 (vir)     1          61.122           0.990          -1.478          -8.096           68.730
 5306 (vir)     1          61.339           1.023          -1.479          -8.210           69.093
 5307 (vir)     1          61.386           1.055          -1.405          -8.054           69.089
 5308 (vir)     1          61.459           0.958          -1.484          -8.086           69.019
 5309 (vir)     1          61.572           1.027          -1.476          -8.089           69.212
 5310 (vir)     1          61.645           1.029          -1.548          -8.580           69.706
 5311 (vir)     1          61.645           0.978          -1.452          -8.403           69.574
 5312 (vir)     1          61.719           0.941          -1.443          -8.243           69.460
 5313 (vir)     1          61.836           0.991          -1.502          -8.140           69.466
 5314 (vir)     1          61.886           0.953          -1.463          -8.004           69.380
 5315 (vir)     1          62.054           0.945          -1.435          -8.525           70.089
 5316 (vir)     1          62.100           1.039          -1.459          -8.050           69.730
 5317 (vir)     1          62.105           1.057          -1.485          -8.673           70.350
 5318 (vir)     1          62.158           0.890          -1.417          -8.126           69.757
 5319 (vir)     1          62.282           1.020          -1.417          -7.972           69.857
 5320 (vir)     1          62.339           0.900          -1.420          -8.251           70.070
 5321 (vir)     1          62.441           0.921          -1.458          -8.260           70.165
 5322 (vir)     1          62.527           0.938          -1.402          -8.535           70.598
 5323 (vir)     1          62.725           0.997          -1.393          -8.133           70.461
 5324 (vir)     1          62.740           1.045          -1.411          -8.024           70.398
 5325 (vir)     1          62.823           0.984          -1.504          -8.223           70.527
 5326 (vir)     1          62.907           0.965          -1.416          -8.201           70.656
 5327 (vir)     1          62.989           0.967          -1.400          -8.166           70.722
 5328 (vir)     1          62.990           0.949          -1.484          -8.122           70.577
 5329 (vir)     1          63.117           0.975          -1.398          -8.129           70.823
 5330 (vir)     1          63.274           0.996          -1.438          -8.139           70.971
 5331 (vir)     1          63.309           0.986          -1.441          -8.079           70.933
 5332 (vir)     1          63.345           0.948          -1.427          -8.278           71.145
 5333 (vir)     1          63.358           1.044          -1.424          -8.005           70.983
 5334 (vir)     1          63.421           0.905          -1.390          -8.165           71.101
 5335 (vir)     1          63.544           0.829          -1.360          -8.061           71.074
 5336 (vir)     1          63.610           0.872          -1.403          -8.120           71.200
 5337 (vir)     1          63.643           0.943          -1.344          -8.006           71.248
 5338 (vir)     1          63.683           0.940          -1.469          -7.878           71.032
 5339 (vir)     1          63.757           0.974          -1.417          -8.401           71.715
 5340 (vir)     1          63.800           0.943          -1.477          -8.079           71.345
 5341 (vir)     1          63.962           0.888          -1.417          -8.115           71.548
 5342 (vir)     1          63.971           0.896          -1.407          -8.211           71.671
 5343 (vir)     1          64.095           0.932          -1.426          -9.144           72.745
 5344 (vir)     1          64.130           0.888          -1.398          -8.187           71.807
 5345 (vir)     1          64.148           0.899          -1.373          -8.001           71.674
 5346 (vir)     1          64.264           0.909          -1.405          -7.933           71.701
 5347 (vir)     1          64.296           0.956          -1.470          -8.309           72.092
 5348 (vir)     1          64.538           0.851          -1.557          -8.044           71.876
 5349 (vir)     1          64.604           0.838          -1.477          -8.233           72.198
 5350 (vir)     1          64.637           0.878          -1.420          -7.942           72.037
 5351 (vir)     1          64.765           0.873          -1.378          -8.091           72.351
 5352 (vir)     1          64.804           0.974          -1.653          -7.894           72.019
 5353 (vir)     1          64.819           0.888          -1.348          -7.922           72.282
 5354 (vir)     1          64.891           0.870          -1.524          -8.116           72.353
 5355 (vir)     1          65.046           0.855          -1.530          -8.053           72.425
 5356 (vir)     1          65.134           0.953          -1.553          -7.985           72.518
 5357 (vir)     1          65.180           0.892          -1.439          -8.235           72.868
 5358 (vir)     1          65.206           0.921          -1.438          -8.009           72.697
 5359 (vir)     1          65.344           0.839          -1.387          -7.976           72.773
 5360 (vir)     1          65.391           0.903          -1.430          -8.146           73.009
 5361 (vir)     1          65.424           0.860          -1.324          -7.821           72.782
 5362 (vir)     1          65.567           0.834          -1.385          -8.092           73.107
 5363 (vir)     1          65.577           1.042          -1.165          -7.573           73.027
 5364 (vir)     1          65.762           0.809          -1.386          -8.353           73.538
 5365 (vir)     1          65.791           0.862          -1.396          -8.088           73.345
 5366 (vir)     1          65.868           0.844          -1.298          -8.114           73.527
 5367 (vir)     1          65.901           0.837          -1.392          -8.589           73.935
 5368 (vir)     1          65.967           0.830          -1.373          -8.135           73.559
 5369 (vir)     1          65.990           0.883          -1.414          -7.898           73.357
 5370 (vir)     1          66.126           0.845          -1.393          -8.156           73.734
 5371 (vir)     1          66.177           0.809          -1.354          -8.202           73.835
 5372 (vir)     1          66.200           0.813          -1.373          -7.929           73.569
 5373 (vir)     1          66.229           0.856          -1.389          -8.061           73.757
 5374 (vir)     1          66.248           0.857          -1.273          -8.071           73.903
 5375 (vir)     1          66.343           0.845          -1.285          -7.828           73.731
 5376 (vir)     1          66.487           0.808          -1.396          -8.184           74.082
 5377 (vir)     1          66.525           0.807          -1.405          -8.002           73.928
 5378 (vir)     1          66.531           0.907          -1.330          -8.438           74.546
 5379 (vir)     1          66.580           0.751          -1.280          -7.897           73.947
 5380 (vir)     1          66.675           0.769          -1.310          -7.940           74.074
 5381 (vir)     1          66.715           0.839          -1.304          -7.798           74.049
 5382 (vir)     1          66.735           0.815          -1.226          -7.813           74.136
 5383 (vir)     1          66.859           0.835          -1.419          -8.128           74.403
 5384 (vir)     1          66.873           0.917          -1.279          -8.091           74.602
 5385 (vir)     1          66.883           0.828          -1.276          -7.931           74.366
 5386 (vir)     1          66.961           0.850          -1.344          -7.947           74.415
 5387 (vir)     1          67.000           0.804          -1.306          -8.086           74.585
 5388 (vir)     1          67.026           0.808          -1.335          -8.573           75.073
 5389 (vir)     1          67.098           0.827          -1.356          -7.954           74.523
 5390 (vir)     1          67.135           0.792          -1.315          -7.764           74.375
 5391 (vir)     1          67.144           0.860          -1.335          -7.824           74.493
 5392 (vir)     1          67.188           0.745          -1.273          -7.741           74.401
 5393 (vir)     1          67.313           0.789          -1.320          -7.990           74.771
 5394 (vir)     1          67.359           0.733          -1.305          -7.987           74.775
 5395 (vir)     1          67.400           0.791          -1.343          -7.875           74.723
 5396 (vir)     1          67.428           0.756          -1.369          -8.064           74.880
 5397 (vir)     1          67.484           0.865          -1.375          -7.995           74.969
 5398 (vir)     1          67.498           0.891          -1.318          -8.101           75.172
 5399 (vir)     1          67.546           0.848          -1.344          -7.964           75.015
 5400 (vir)     1          67.781           0.766          -1.326          -7.893           75.114
 5401 (vir)     1          67.783           0.798          -1.358          -8.238           75.460
 5402 (vir)     1          67.812           0.806          -1.344          -7.888           75.162
 5403 (vir)     1          68.019           0.882          -1.290          -7.817           75.428
 5404 (vir)     1          68.085           0.830          -1.316          -7.874           75.473
 5405 (vir)     1          68.101           0.719          -1.289          -7.929           75.460
 5406 (vir)     1          68.133           0.749          -1.257          -7.855           75.480
 5407 (vir)     1          68.240           0.805          -1.330          -8.062           75.776
 5408 (vir)     1          68.324           0.884          -1.228          -7.818           75.798
 5409 (vir)     1          68.327           0.775          -1.338          -7.996           75.760
 5410 (vir)     1          68.353           0.829          -1.249          -7.836           75.769
 5411 (vir)     1          68.451           0.831          -1.289          -7.999           75.991
 5412 (vir)     1          68.476           0.805          -1.279          -7.950           75.952
 5413 (vir)     1          68.513           0.834          -1.355          -8.062           76.054
 5414 (vir)     1          68.535           0.901          -1.320          -7.751           75.867
 5415 (vir)     1          68.616           0.967          -1.314          -7.835           76.103
 5416 (vir)     1          68.717           0.835          -1.328          -8.011           76.235
 5417 (vir)     1          68.777           0.870          -1.532          -7.878           75.993
 5418 (vir)     1          68.893           0.821          -1.360          -8.031           76.386
 5419 (vir)     1          68.928           0.811          -1.302          -7.934           76.371
 5420 (vir)     1          69.015           0.804          -1.320          -7.902           76.401
 5421 (vir)     1          69.053           0.716          -1.285          -7.867           76.351
 5422 (vir)     1          69.107           0.638          -1.334          -7.764           76.175
 5423 (vir)     1          69.181           0.761          -1.369          -7.965           76.538
 5424 (vir)     1          69.229           0.827          -1.328          -7.845           76.572
 5425 (vir)     1          69.295           0.913          -2.031          -7.738           75.915
 5426 (vir)     1          69.427           0.689          -1.393          -9.239           77.962
 5427 (vir)     1          69.434           0.740          -1.485          -7.799           76.487
 5428 (vir)     1          69.563           0.814          -1.420          -8.221           77.178
 5429 (vir)     1          69.616           0.808          -1.370          -7.988           77.043
 5430 (vir)     1          69.682           0.781          -1.257          -7.947           77.153
 5431 (vir)     1          69.788           0.838          -1.397          -8.305           77.534
 5432 (vir)     1          69.838           0.781          -1.337          -8.022           77.305
 5433 (vir)     1          69.980           0.791          -1.297          -7.973           77.448
 5434 (vir)     1          70.007           0.811          -1.284          -8.085           77.619
 5435 (vir)     1          70.029           0.830          -1.237          -7.791           77.413
 5436 (vir)     1          70.053           0.749          -1.253          -7.966           77.515
 5437 (vir)     1          70.102           0.802          -1.311          -8.168           77.761
 5438 (vir)     1          70.136           0.793          -1.296          -8.178           77.811
 5439 (vir)     1          70.153           0.832          -1.291          -8.079           77.773
 5440 (vir)     1          70.215           0.739          -1.271          -7.997           77.680
 5441 (vir)     1          70.373           0.816          -1.469          -8.712           78.431
 5442 (vir)     1          70.383           0.869          -1.269          -7.859           77.843
 5443 (vir)     1          70.424           0.778          -1.332          -8.087           77.957
 5444 (vir)     1          70.506           0.769          -1.350          -8.122           78.047
 5445 (vir)     1          70.507           0.847          -1.493          -8.965           78.827
 5446 (vir)     1          70.670           0.749          -1.347          -8.209           78.281
 5447 (vir)     1          70.693           0.853          -1.290          -8.047           78.304
 5448 (vir)     1          70.807           0.805          -1.246          -8.059           78.425
 5449 (vir)     1          70.818           0.883          -1.239          -8.069           78.531
 5450 (vir)     1          70.838           0.812          -1.294          -7.991           78.347
 5451 (vir)     1          70.846           0.877          -1.234          -8.088           78.577
 5452 (vir)     1          70.852           0.830          -1.247          -8.063           78.498
 5453 (vir)     1          70.860           0.753          -1.273          -8.390           78.730
 5454 (vir)     1          70.872           0.881          -1.291          -8.078           78.541
 5455 (vir)     1          70.909           0.766          -1.285          -8.010           78.399
 5456 (vir)     1          70.921           0.919          -1.295          -8.069           78.615
 5457 (vir)     1          71.005           0.871          -1.271          -8.049           78.653
 5458 (vir)     1          71.046           0.743          -1.289          -8.327           78.828
 5459 (vir)     1          71.093           0.805          -1.279          -8.262           78.882
 5460 (vir)     1          71.114           0.812          -1.309          -8.124           78.742
 5461 (vir)     1          71.124           0.767          -1.500          -9.115           79.507
 5462 (vir)     1          71.184           0.806          -1.318          -8.250           78.922
 5463 (vir)     1          71.220           0.770          -1.282          -7.845           78.553
 5464 (vir)     1          71.245           0.778          -1.345          -8.012           78.691
 5465 (vir)     1          71.272           0.818          -1.342          -8.210           78.958
 5466 (vir)     1          71.320           0.852          -1.319          -7.946           78.799
 5467 (vir)     1          71.344           0.820          -1.325          -8.015           78.855
 5468 (vir)     1          71.416           0.810          -1.313          -8.044           78.957
 5469 (vir)     1          71.438           0.704          -1.431          -8.666           79.377
 5470 (vir)     1          71.477           0.825          -1.542          -9.207           79.967
 5471 (vir)     1          71.508           0.787          -1.399          -8.497           79.393
 5472 (vir)     1          71.638           0.752          -1.447          -8.735           79.679
 5473 (vir)     1          71.640           0.774          -1.459          -9.448           80.402
 5474 (vir)     1          71.789           0.798          -1.350          -8.127           79.365
 5475 (vir)     1          71.835           0.814          -1.266          -8.162           79.545
 5476 (vir)     1          71.863           0.899          -1.312          -7.815           79.265
 5477 (vir)     1          71.880           0.791          -1.283          -7.975           79.363
 5478 (vir)     1          71.922           0.793          -1.336          -8.432           79.811
 5479 (vir)     1          71.926           0.829          -1.399          -7.828           79.184
 5480 (vir)     1          71.974           0.781          -1.410          -8.593           79.940
 5481 (vir)     1          72.013           0.848          -1.556          -7.808           79.113
 5482 (vir)     1          72.065           0.817          -1.457          -9.211           80.636
 5483 (vir)     1          72.098           0.796          -1.336          -7.900           79.458
 5484 (vir)     1          72.137           0.772          -1.312          -8.258           79.856
 5485 (vir)     1          72.196           0.787          -1.400          -7.843           79.425
 5486 (vir)     1          72.294           0.825          -1.434          -9.240           80.925
 5487 (vir)     1          72.362           0.804          -1.349          -7.992           79.810
 5488 (vir)     1          72.395           0.778          -1.382          -8.801           80.592
 5489 (vir)     1          72.572           0.778          -1.383          -8.793           80.760
 5490 (vir)     1          72.622           0.839          -1.371          -7.961           80.051
 5491 (vir)     1          72.738           0.888          -1.309          -7.844           80.162
 5492 (vir)     1          72.820           0.774          -1.314          -8.362           80.642
 5493 (vir)     1          72.872           0.858          -1.323          -7.937           80.343
 5494 (vir)     1          72.884           0.745          -1.291          -7.994           80.332
 5495 (vir)     1          72.946           0.708          -1.359          -8.550           80.844
 5496 (vir)     1          73.012           0.749          -1.396          -9.080           81.445
 5497 (vir)     1          73.106           0.775          -1.383          -8.253           80.751
 5498 (vir)     1          73.139           0.687          -1.227          -7.909           80.508
 5499 (vir)     1          73.167           0.768          -1.298          -7.968           80.606
 5500 (vir)     1          73.194           0.722          -1.411          -8.670           81.176
 5501 (vir)     1          73.253           0.658          -1.379          -8.632           81.164
 5502 (vir)     1          73.555           0.820          -1.425          -8.860           81.809
 5503 (vir)     1          73.664           0.777          -1.386          -8.066           81.121
 5504 (vir)     1          73.687           0.717          -1.384          -8.479           81.498
 5505 (vir)     1          73.744           0.726          -1.349          -8.223           81.344
 5506 (vir)     1          73.748           0.820          -1.403          -8.268           81.433
 5507 (vir)     1          73.815           0.799          -1.358          -7.813           81.069
 5508 (vir)     1          73.847           0.818          -1.359          -7.968           81.273
 5509 (vir)     1          74.193           0.818          -1.318          -8.054           81.747
 5510 (vir)     1          74.234           0.846          -1.258          -8.015           81.837
 5511 (vir)     1          74.284           0.745          -1.288          -7.983           81.724
 5512 (vir)     1          74.323           0.769          -1.343          -8.000           81.749
 5513 (vir)     1          74.407           0.738          -1.389          -8.645           82.402
 5514 (vir)     1          74.461           0.685          -1.298          -7.908           81.756
 5515 (vir)     1          74.491           0.748          -1.374          -7.996           81.861
 5516 (vir)     1          74.730           0.699          -1.367          -8.078           82.140
 5517 (vir)     1          74.750           0.703          -1.379          -8.789           82.863
 5518 (vir)     1          74.863           0.738          -1.388          -8.448           82.661
 5519 (vir)     1          74.980           0.757          -1.371          -8.107           82.473
 5520 (vir)     1          75.117           0.833          -1.274          -7.917           82.592
 5521 (vir)     1          75.238           0.814          -1.297          -7.685           82.439
 5522 (vir)     1          75.239           0.729          -1.380          -8.326           82.914
 5523 (vir)     1          75.257           0.763          -1.319          -7.799           82.500
 5524 (vir)     1          75.302           0.787          -1.374          -7.886           82.600
 5525 (vir)     1          75.469           0.709          -1.372          -8.787           83.593
 5526 (vir)     1          75.670           0.785          -1.405          -7.708           82.758
 5527 (vir)     1          75.684           0.779          -1.401          -7.750           82.812
 5528 (vir)     1          75.857           0.728          -1.377          -8.219           83.427
 5529 (vir)     1          75.991           0.762          -1.489          -9.140           84.404
 5530 (vir)     1          76.016           0.745          -1.392          -7.691           83.060
 5531 (vir)     1          76.109           0.733          -1.400          -8.230           83.671
 5532 (vir)     1          76.165           0.698          -1.390          -8.099           83.572
 5533 (vir)     1          76.240           0.762          -1.420          -7.889           83.472
 5534 (vir)     1          76.304           0.595          -1.398          -8.500           84.001
 5535 (vir)     1          76.523           0.755          -1.569          -9.856           85.565
 5536 (vir)     1          76.754           0.724          -1.586          -9.506           85.397
 5537 (vir)     1          76.900           0.688          -1.416          -7.808           83.979
 5538 (vir)     1          76.966           0.664          -1.364          -7.780           84.046
 5539 (vir)     1          77.015           0.816          -1.544          -7.818           84.105
 5540 (vir)     1          77.170           0.668          -1.509          -8.433           84.761
 5541 (vir)     1          77.364           0.754          -1.496          -8.423           85.045
 5542 (vir)     1          77.436           0.722          -1.442          -7.642           84.357
 5543 (vir)     1          77.614           0.739          -1.452          -7.654           84.555
 5544 (vir)     1          77.696           0.727          -1.483          -7.804           84.744
 5545 (vir)     1          77.870           0.803          -1.694         -10.759           87.739
 5546 (vir)     1          78.040           0.692          -1.495          -7.909           85.146
 5547 (vir)     1          78.048           0.692          -1.513          -7.763           84.990
 5548 (vir)     1          78.203           0.674          -1.479          -7.872           85.270
 5549 (vir)     1          78.235           0.682          -1.498          -7.806           85.225
 5550 (vir)     1          78.958           0.638          -1.896         -12.462           90.162
 5551 (vir)     1          79.470           0.684          -1.564          -7.723           86.313
 5552 (vir)     1          79.534           0.681          -1.571          -7.674           86.319
 5553 (vir)     1          79.586           0.668          -1.574          -7.705           86.385
 5554 (vir)     1          79.615           0.672          -1.579          -7.693           86.401
 5555 (vir)     1          80.065           0.722          -2.011         -12.575           91.351
 5556 (vir)     1          80.970           0.820          -1.670         -12.922           93.043
 5557 (vir)     1          81.712           0.731          -1.908         -12.900           93.435
 5558 (vir)     1          81.816           0.914          -1.742         -12.880           93.869
 5559 (vir)     1          82.028           0.669          -1.891         -12.806           93.611
 5560 (vir)     1          82.357           0.822          -1.706         -12.799           94.272
 
