 
  kpoint:       1             coordinate:     0.0000    0.0000    0.0000                  spin:  1
 
    n           k   ϵ_nk^DFT (eV)     Σ^c_nk (eV)     Σ^x_nk (eV)    v_nk^xc (eV)   ϵ_nk^G0W0 (eV)
 
    1 (occ)     1         -19.419           6.901         -20.085         -12.147          -20.456
    2 (occ)     1         -19.216           8.845         -20.053         -12.182          -18.242
    3 (occ)     1         -18.992           8.217         -19.965         -12.179          -18.561
    4 (occ)     1         -18.924           8.218         -19.997         -12.234          -18.469
    5 (occ)     1         -18.804           7.840         -19.943         -12.217          -18.690
    6 (occ)     1         -18.556           7.734         -19.922         -12.302          -18.441
    7 (occ)     1         -18.517           7.525         -19.884         -12.269          -18.608
    8 (occ)     1         -18.316           7.344         -19.770         -12.235          -18.507
    9 (occ)     1         -18.156           7.186         -19.810         -12.335          -18.444
   10 (occ)     1         -18.150           7.138         -19.759         -12.278          -18.493
   11 (occ)     1         -18.143           7.377         -19.826         -12.372          -18.220
   12 (occ)     1         -17.882           6.915         -19.710         -12.332          -18.345
   13 (occ)     1         -17.736           6.913         -19.708         -12.402          -18.129
   14 (occ)     1         -17.727           7.143         -19.711         -12.428          -17.866
   15 (occ)     1         -17.534           6.665         -19.645         -12.399          -18.114
   16 (occ)     1         -17.433           6.686         -19.514         -12.325          -17.936
   17 (occ)     1         -17.357           7.042         -19.573         -12.438          -17.450
   18 (occ)     1         -17.337           6.629         -19.589         -12.442          -17.855
   19 (occ)     1         -17.284           6.594         -19.511         -12.378          -17.823
   20 (occ)     1         -17.184           6.368         -19.557         -12.448          -17.926
   21 (occ)     1         -17.134           7.330         -19.461         -12.429          -16.836
   22 (occ)     1         -17.025           6.446         -19.467         -12.440          -17.606
   23 (occ)     1         -16.955           6.502         -19.468         -12.478          -17.443
   24 (occ)     1         -16.837           6.278         -19.469         -12.492          -17.536
   25 (occ)     1         -16.713           6.363         -19.377         -12.495          -17.233
   26 (occ)     1         -16.687           6.443         -19.341         -12.475          -17.110
   27 (occ)     1         -16.586           6.186         -19.368         -12.525          -17.244
   28 (occ)     1         -16.444           6.129         -19.275         -12.494          -17.096
   29 (occ)     1         -16.411           6.095         -19.194         -12.429          -17.081
   30 (occ)     1         -16.350           5.963         -19.294         -12.540          -17.141
   31 (occ)     1         -16.032           5.874         -19.133         -12.511          -16.780
   32 (occ)     1         -15.856           5.590         -19.228         -12.563          -16.931
   33 (occ)     1         -15.855           5.589         -19.230         -12.565          -16.930
   34 (occ)     1         -15.174           5.445         -18.777         -12.508          -15.997
   35 (occ)     1         -14.918           5.313         -18.679         -12.511          -15.772
   36 (occ)     1         -14.885           5.261         -18.672         -12.493          -15.803
   37 (occ)     1         -14.857           5.211         -18.613         -12.470          -15.789
   38 (occ)     1         -14.684           5.070         -18.513         -12.443          -15.683
   39 (occ)     1         -14.519           5.041         -18.541         -12.485          -15.534
   40 (occ)     1         -14.450           4.932         -18.461         -12.483          -15.495
   41 (occ)     1         -14.272           5.076         -18.415         -12.556          -15.055
   42 (occ)     1         -14.210           4.800         -18.485         -12.544          -15.350
   43 (occ)     1         -14.100           4.982         -18.321         -12.476          -14.963
   44 (occ)     1         -14.020           4.862         -18.193         -12.451          -14.899
   45 (occ)     1         -13.927           4.747         -18.291         -12.548          -14.923
   46 (occ)     1         -13.843           4.950         -18.119         -12.395          -14.616
   47 (occ)     1         -13.840           4.945         -18.128         -12.414          -14.609
   48 (occ)     1         -13.785           4.884         -18.062         -12.356          -14.607
   49 (occ)     1         -13.778           4.767         -18.187         -12.489          -14.710
   50 (occ)     1         -13.641           4.873         -17.845         -12.118          -14.494
   51 (occ)     1         -13.575           4.595         -18.086         -12.486          -14.580
   52 (occ)     1         -13.458           4.690         -17.894         -12.266          -14.396
   53 (occ)     1         -13.338           4.747         -17.592         -11.962          -14.221
   54 (occ)     1         -13.090           4.342         -17.931         -12.539          -14.139
   55 (occ)     1         -12.942           4.436         -17.631         -12.232          -13.905
   56 (occ)     1         -12.857           4.510         -17.312         -11.885          -13.775
   57 (occ)     1         -12.676           4.145         -17.814         -12.591          -13.754
   58 (occ)     1         -12.445           4.034         -17.729         -12.609          -13.531
   59 (occ)     1         -12.321           4.120         -17.372         -12.249          -13.324
   60 (occ)     1         -12.225           4.170         -17.008         -11.866          -13.198
   61 (occ)     1         -11.674           3.769         -17.146         -12.321          -12.730
   62 (occ)     1         -11.505           3.747         -16.660         -11.864          -12.554
   63 (occ)     1         -11.146           3.465         -17.028         -12.468          -12.240
   64 (occ)     1         -10.792           3.274         -16.226         -11.808          -11.936
   65 (occ)     1         -10.567           2.966         -15.626         -11.306          -11.921
   66 (occ)     1         -10.554           2.985         -15.614         -11.312          -11.872
   67 (occ)     1         -10.495           2.853         -15.673         -11.431          -11.883
   68 (occ)     1         -10.492           2.852         -15.712         -11.443          -11.910
   69 (occ)     1         -10.405           2.758         -15.815         -11.535          -11.927
   70 (occ)     1         -10.360           2.752         -15.754         -11.575          -11.788
   71 (occ)     1         -10.302           2.806         -15.688         -11.553          -11.630
   72 (occ)     1         -10.280           2.758         -15.719         -11.606          -11.635
   73 (occ)     1         -10.262           2.674         -15.958         -11.665          -11.882
   74 (occ)     1         -10.256           2.711         -15.877         -11.639          -11.784
   75 (occ)     1         -10.170           2.644         -16.023         -11.794          -11.755
   76 (occ)     1         -10.104           2.616         -15.857         -11.740          -11.605
   77 (occ)     1         -10.074           2.678         -15.887         -11.709          -11.573
   78 (occ)     1          -9.992           2.573         -15.607         -11.655          -11.371
   79 (occ)     1          -9.954           2.665         -15.630         -11.672          -11.247
   80 (occ)     1          -9.910           2.668         -15.378         -11.543          -11.077
   81 (occ)     1          -9.884           2.598         -15.665         -11.739          -11.212
   82 (occ)     1          -9.842           2.592         -15.566         -11.653          -11.164
   83 (occ)     1          -9.822           2.588         -15.600         -11.669          -11.165
   84 (occ)     1          -9.776           2.477         -15.826         -11.843          -11.282
   85 (occ)     1          -9.722           2.515         -15.377         -11.753          -10.832
   86 (occ)     1          -9.686           2.484         -15.752         -11.873          -11.080
   87 (occ)     1          -9.622           2.417         -15.363         -11.713          -10.855
   88 (occ)     1          -9.617           2.458         -15.519         -11.762          -10.915
   89 (occ)     1          -9.575           2.450         -15.423         -11.714          -10.835
   90 (occ)     1          -9.489           2.404         -15.386         -11.712          -10.760
   91 (occ)     1          -9.474           2.400         -15.392         -11.790          -10.677
   92 (occ)     1          -9.378           2.295         -15.396         -11.850          -10.629
   93 (occ)     1          -9.329           2.678         -15.838         -12.078          -10.411
   94 (occ)     1          -9.311           2.253         -15.306         -11.872          -10.492
   95 (occ)     1          -9.294           2.270         -15.426         -11.907          -10.542
   96 (occ)     1          -9.222           2.214         -15.265         -11.840          -10.433
   97 (occ)     1          -9.122           2.225         -15.318         -11.773          -10.441
   98 (occ)     1          -8.933           2.237         -15.436         -11.988          -10.144
   99 (occ)     1          -8.835           2.257         -15.452         -11.905          -10.125
  100 (occ)     1          -8.721           2.243         -15.183         -11.721           -9.940
  101 (occ)     1          -8.679           2.404         -14.761         -11.200           -9.836
  102 (occ)     1          -8.664           2.412         -14.724         -11.160           -9.816
  103 (occ)     1          -8.630           2.337         -14.783         -11.260           -9.816
  104 (occ)     1          -8.503           1.974         -15.130         -12.009           -9.650
  105 (occ)     1          -8.482           2.311         -14.850         -11.293           -9.727
  106 (occ)     1          -8.317           2.177         -14.808         -11.430           -9.518
  107 (occ)     1          -8.247           2.163         -14.948         -11.500           -9.532
  108 (occ)     1          -8.214           2.164         -15.004         -11.604           -9.450
  109 (occ)     1          -8.191           2.111         -14.883         -11.497           -9.466
  110 (occ)     1          -8.182           2.123         -14.851         -11.538           -9.372
  111 (occ)     1          -8.138           2.179         -14.822         -11.422           -9.358
  112 (occ)     1          -8.105           2.048         -15.028         -11.751           -9.333
  113 (occ)     1          -8.046           1.838         -15.056         -12.009           -9.255
  114 (occ)     1          -8.025           2.091         -14.779         -11.489           -9.223
  115 (occ)     1          -7.981           2.014         -14.698         -11.464           -9.200
  116 (occ)     1          -7.940           2.094         -14.451         -11.197           -9.099
  117 (occ)     1          -7.907           1.936         -14.576         -11.537           -9.010
  118 (occ)     1          -7.900           2.082         -14.566         -11.294           -9.090
  119 (occ)     1          -7.865           2.002         -14.551         -11.393           -9.021
  120 (occ)     1          -7.834           1.819         -14.845         -11.846           -9.014
  121 (occ)     1          -7.805           1.897         -14.649         -11.581           -8.976
  122 (occ)     1          -7.760           1.935         -14.661         -11.510           -8.976
  123 (occ)     1          -7.713           1.939         -14.559         -11.474           -8.859
  124 (occ)     1          -7.685           1.816         -14.681         -11.688           -8.862
  125 (occ)     1          -7.631           2.060         -14.400         -11.193           -8.777
  126 (occ)     1          -7.628           1.819         -14.605         -11.698           -8.715
  127 (occ)     1          -7.559           1.886         -14.485         -11.465           -8.692
  128 (occ)     1          -7.523           1.856         -14.650         -11.627           -8.691
  129 (occ)     1          -7.518           1.854         -14.504         -11.537           -8.632
  130 (occ)     1          -7.488           1.683         -14.800         -11.949           -8.657
  131 (occ)     1          -7.470           1.893         -14.378         -11.314           -8.642
  132 (occ)     1          -7.339           1.530         -14.909         -12.208           -8.510
  133 (occ)     1          -7.096           1.701         -14.235         -11.399           -8.230
  134 (occ)     1          -7.083           1.728         -14.235         -11.372           -8.218
  135 (occ)     1          -7.083           1.496         -14.721         -12.008           -8.300
  136 (occ)     1          -7.033           1.692         -14.317         -11.479           -8.178
  137 (occ)     1          -6.987           1.480         -14.654         -11.998           -8.162
  138 (occ)     1          -6.939           1.558         -14.262         -11.490           -8.154
  139 (occ)     1          -6.835           1.574         -14.265         -11.482           -8.045
  140 (occ)     1          -6.806           1.523         -14.224         -11.387           -8.121
  141 (occ)     1          -6.796           1.594         -13.993         -11.187           -8.008
  142 (occ)     1          -6.768           1.491         -14.291         -11.485           -8.084
  143 (occ)     1          -6.527           1.422         -14.075         -11.455           -7.725
  144 (occ)     1          -6.464           1.515         -13.660         -10.968           -7.640
  145 (occ)     1          -6.458           1.474         -13.731         -11.111           -7.604
  146 (occ)     1          -6.453           1.410         -13.765         -11.245           -7.563
  147 (occ)     1          -6.427           1.478         -13.798         -11.150           -7.597
  148 (occ)     1          -6.324           1.476         -13.675         -10.998           -7.526
  149 (occ)     1          -6.262           1.451         -13.665         -11.067           -7.409
  150 (occ)     1          -6.210           1.434         -13.750         -11.099           -7.427
  151 (occ)     1          -6.181           1.394         -13.613         -11.029           -7.370
  152 (occ)     1          -6.128           1.400         -13.725         -11.105           -7.349
  153 (occ)     1          -6.109           1.325         -13.691         -11.213           -7.262
  154 (occ)     1          -6.076           1.316         -13.730         -11.222           -7.268
  155 (occ)     1          -6.061           1.352         -13.706         -11.203           -7.213
  156 (occ)     1          -6.038           1.349         -13.703         -11.159           -7.233
  157 (occ)     1          -6.031           1.261         -13.798         -11.399           -7.169
  158 (occ)     1          -6.011           1.288         -13.693         -11.254           -7.162
  159 (occ)     1          -5.975           1.253         -13.688         -11.314           -7.096
  160 (occ)     1          -5.909           1.287         -13.676         -11.223           -7.074
  161 (occ)     1          -5.854           1.248         -13.646         -11.278           -6.974
  162 (occ)     1          -5.820           1.258         -13.710         -11.303           -6.969
  163 (occ)     1          -5.810           1.223         -13.576         -11.202           -6.960
  164 (occ)     1          -5.778           1.269         -13.718         -11.292           -6.934
  165 (occ)     1          -5.685           1.117         -13.635         -11.387           -6.816
  166 (occ)     1          -5.675           1.035         -13.427         -11.338           -6.728
  167 (occ)     1          -5.604           1.059         -13.547         -11.384           -6.708
  168 (occ)     1          -5.567           1.023         -13.600         -11.477           -6.667
  169 (occ)     1          -5.502           1.038         -13.766         -11.635           -6.595
  170 (occ)     1          -5.462           1.014         -13.746         -11.624           -6.571
  171 (occ)     1          -5.136           0.808         -13.472         -11.589           -6.212
  172 (occ)     1          -4.981           0.677         -13.184         -11.480           -6.007
  173 (vir)     1          -3.435          -2.497          -6.394          -9.980           -2.346
  174 (vir)     1          -3.087          -2.722          -6.318         -10.191           -1.935
  175 (vir)     1          -3.041          -2.909          -6.196         -10.295           -1.851
  176 (vir)     1          -3.013          -2.789          -6.186         -10.126           -1.862
  177 (vir)     1          -2.990          -2.931          -6.167         -10.285           -1.802
  178 (vir)     1          -2.966          -2.789          -6.243         -10.171           -1.828
  179 (vir)     1          -2.906          -2.899          -6.078         -10.188           -1.696
  180 (vir)     1          -2.853          -2.698          -6.143          -9.940           -1.753
  181 (vir)     1          -2.780          -2.928          -6.246         -10.360           -1.594
  182 (vir)     1          -2.631          -2.801          -6.065         -10.044           -1.454
  183 (vir)     1          -2.609          -2.911          -5.996         -10.135           -1.381
  184 (vir)     1          -2.547          -2.938          -6.003         -10.156           -1.332
  185 (vir)     1          -2.536          -2.962          -5.926         -10.105           -1.318
  186 (vir)     1          -2.458          -2.995          -6.046         -10.257           -1.242
  187 (vir)     1          -2.453          -3.153          -5.743         -10.187           -1.162
  188 (vir)     1          -2.367          -2.998          -6.135         -10.318           -1.181
  189 (vir)     1          -2.357          -2.962          -5.876         -10.077           -1.118
  190 (vir)     1          -2.327          -3.080          -6.070         -10.359           -1.118
  191 (vir)     1          -2.272          -3.075          -6.005         -10.323           -1.029
  192 (vir)     1          -2.221          -3.152          -6.105         -10.552           -0.926
  193 (vir)     1          -2.194          -3.103          -5.952         -10.385           -0.864
  194 (vir)     1          -2.184          -3.207          -6.129         -10.607           -0.913
  195 (vir)     1          -2.130          -3.071          -6.016         -10.326           -0.891
  196 (vir)     1          -2.122          -3.079          -5.634          -9.968           -0.868
  197 (vir)     1          -2.090          -3.105          -6.001         -10.326           -0.870
  198 (vir)     1          -2.078          -3.145          -5.910         -10.285           -0.848
  199 (vir)     1          -2.068          -3.003          -5.935         -10.135           -0.871
  200 (vir)     1          -2.066          -3.053          -5.580          -9.845           -0.855
  201 (vir)     1          -1.990          -3.131          -5.852         -10.213           -0.759
  202 (vir)     1          -1.973          -3.092          -5.822         -10.192           -0.695
  203 (vir)     1          -1.971          -3.133          -5.943         -10.327           -0.720
  204 (vir)     1          -1.958          -3.147          -5.919         -10.311           -0.713
  205 (vir)     1          -1.926          -3.132          -5.873         -10.272           -0.659
  206 (vir)     1          -1.898          -3.201          -5.922         -10.361           -0.660
  207 (vir)     1          -1.895          -3.194          -5.904         -10.338           -0.655
  208 (vir)     1          -1.823          -3.261          -6.096         -10.603           -0.577
  209 (vir)     1          -1.786          -3.236          -5.937         -10.405           -0.555
  210 (vir)     1          -1.776          -3.200          -5.996         -10.396           -0.576
  211 (vir)     1          -1.706          -3.257          -5.960         -10.453           -0.470
  212 (vir)     1          -1.643          -3.249          -5.751         -10.218           -0.425
  213 (vir)     1          -1.614          -3.321          -5.978         -10.526           -0.387
  214 (vir)     1          -1.589          -3.244          -5.699         -10.168           -0.364
  215 (vir)     1          -1.550          -3.290          -5.925         -10.500           -0.264
  216 (vir)     1          -1.525          -3.299          -5.960         -10.503           -0.281
  217 (vir)     1          -1.520          -3.320          -5.878         -10.455           -0.263
  218 (vir)     1          -1.506          -3.357          -6.098         -10.698           -0.263
  219 (vir)     1          -1.487          -3.262          -5.637         -10.155           -0.232
  220 (vir)     1          -1.456          -3.288          -5.805         -10.327           -0.222
  221 (vir)     1          -1.412          -3.223          -5.574          -9.984           -0.225
  222 (vir)     1          -1.402          -3.172          -5.387          -9.719           -0.242
  223 (vir)     1          -1.344          -3.454          -6.028         -10.764           -0.062
  224 (vir)     1          -1.309          -3.353          -5.705         -10.271           -0.096
  225 (vir)     1          -1.286          -3.405          -5.858         -10.505           -0.044
  226 (vir)     1          -1.224          -3.380          -5.568         -10.205            0.033
  227 (vir)     1          -1.211          -3.025          -4.432          -8.654           -0.013
  228 (vir)     1          -1.203          -3.300          -5.522         -10.129            0.104
  229 (vir)     1          -1.097          -3.353          -5.564         -10.168            0.154
  230 (vir)     1          -1.085          -3.267          -5.235          -9.758            0.171
  231 (vir)     1          -1.035          -3.439          -5.693         -10.413            0.246
  232 (vir)     1          -1.025          -3.372          -5.538         -10.166            0.231
  233 (vir)     1          -1.021          -3.256          -5.229          -9.808            0.303
  234 (vir)     1          -0.977          -3.287          -5.109          -9.623            0.248
  235 (vir)     1          -0.908          -3.272          -5.003          -9.517            0.335
  236 (vir)     1          -0.867          -3.410          -5.397         -10.014            0.340
  237 (vir)     1          -0.833          -3.164          -4.755          -9.173            0.420
  238 (vir)     1          -0.764          -3.354          -5.125          -9.730            0.487
  239 (vir)     1          -0.752          -3.165          -4.664          -9.006            0.425
  240 (vir)     1          -0.716          -3.385          -5.108          -9.667            0.458
  241 (vir)     1          -0.670          -3.487          -5.339         -10.086            0.590
  242 (vir)     1          -0.657          -3.406          -5.145          -9.712            0.505
  243 (vir)     1          -0.607          -3.399          -5.027          -9.631            0.599
  244 (vir)     1          -0.580          -3.463          -5.227          -9.917            0.646
  245 (vir)     1          -0.506          -3.353          -4.888          -9.482            0.735
  246 (vir)     1          -0.461          -3.095          -4.260          -8.533            0.718
  247 (vir)     1          -0.436          -3.195          -4.638          -9.025            0.756
  248 (vir)     1          -0.408          -3.470          -5.027          -9.666            0.761
  249 (vir)     1          -0.380          -3.186          -4.337          -8.745            0.842
  250 (vir)     1          -0.303          -3.540          -5.074          -9.821            0.905
  251 (vir)     1          -0.286          -3.418          -4.907          -9.490            0.879
  252 (vir)     1          -0.269          -2.826          -3.664          -7.516            0.757
  253 (vir)     1          -0.199          -2.945          -3.958          -8.078            0.976
  254 (vir)     1          -0.193          -3.292          -4.509          -8.983            0.989
  255 (vir)     1          -0.156          -3.243          -4.480          -8.865            0.986
  256 (vir)     1          -0.148          -3.188          -4.323          -8.688            1.028
  257 (vir)     1          -0.120          -3.553          -5.060          -9.874            1.141
  258 (vir)     1          -0.106          -2.843          -3.655          -7.582            0.978
  259 (vir)     1          -0.106          -3.372          -4.786          -9.505            1.240
  260 (vir)     1          -0.025          -3.371          -4.672          -9.267            1.200
  261 (vir)     1           0.091          -3.210          -4.263          -8.596            1.215
  262 (vir)     1           0.099          -2.999          -3.913          -7.978            1.165
  263 (vir)     1           0.148          -3.281          -4.343          -8.787            1.311
  264 (vir)     1           0.204          -3.533          -4.787          -9.503            1.386
  265 (vir)     1           0.289          -3.304          -4.125          -8.530            1.390
  266 (vir)     1           0.343          -3.516          -4.713          -9.411            1.526
  267 (vir)     1           0.357          -2.973          -3.653          -7.678            1.408
  268 (vir)     1           0.383          -3.610          -4.671          -9.422            1.524
  269 (vir)     1           0.442          -3.114          -3.891          -8.107            1.544
  270 (vir)     1           0.451          -3.588          -4.895          -9.709            1.677
  271 (vir)     1           0.642          -3.280          -4.050          -8.413            1.724
  272 (vir)     1           0.649          -2.803          -3.559          -7.489            1.775
  273 (vir)     1           0.664          -2.770          -3.174          -6.965            1.686
  274 (vir)     1           0.704          -3.217          -3.908          -8.228            1.806
  275 (vir)     1           0.717          -3.388          -4.175          -8.689            1.842
  276 (vir)     1           0.737          -2.508          -3.072          -6.641            1.799
  277 (vir)     1           0.754          -2.982          -3.519          -7.554            1.807
  278 (vir)     1           0.775          -2.857          -3.614          -7.662            1.966
  279 (vir)     1           0.793          -3.050          -3.523          -7.620            1.840
  280 (vir)     1           0.804          -3.081          -3.540          -7.736            1.919
  281 (vir)     1           0.841          -2.772          -3.084          -6.920            1.905
  282 (vir)     1           0.899          -2.916          -3.459          -7.545            2.069
  283 (vir)     1           0.914          -2.624          -2.896          -6.579            1.973
  284 (vir)     1           0.918          -2.858          -3.347          -7.300            2.014
  285 (vir)     1           0.938          -2.892          -3.514          -7.635            2.168
  286 (vir)     1           1.000          -2.809          -3.138          -7.035            2.088
  287 (vir)     1           1.052          -2.774          -3.293          -7.190            2.175
  288 (vir)     1           1.062          -2.775          -3.165          -7.052            2.175
  289 (vir)     1           1.109          -2.707          -2.914          -6.670            2.158
  290 (vir)     1           1.121          -2.769          -3.082          -6.991            2.262
  291 (vir)     1           1.141          -3.156          -3.660          -7.986            2.311
  292 (vir)     1           1.180          -3.060          -3.542          -7.714            2.292
  293 (vir)     1           1.207          -2.852          -3.064          -7.001            2.291
  294 (vir)     1           1.231          -2.820          -3.232          -7.143            2.322
  295 (vir)     1           1.278          -2.979          -3.336          -7.417            2.381
  296 (vir)     1           1.324          -2.882          -3.151          -7.122            2.414
  297 (vir)     1           1.334          -2.700          -2.728          -6.457            2.362
  298 (vir)     1           1.365          -2.695          -2.877          -6.660            2.452
  299 (vir)     1           1.410          -2.712          -2.684          -6.398            2.412
  300 (vir)     1           1.417          -2.774          -2.706          -6.456            2.392
  301 (vir)     1           1.472          -3.071          -3.371          -7.577            2.607
  302 (vir)     1           1.480          -2.683          -2.699          -6.401            2.499
  303 (vir)     1           1.507          -2.917          -3.255          -7.347            2.682
  304 (vir)     1           1.509          -2.595          -2.692          -6.367            2.588
  305 (vir)     1           1.555          -2.715          -2.833          -6.645            2.652
  306 (vir)     1           1.586          -2.881          -2.987          -6.926            2.644
  307 (vir)     1           1.614          -2.665          -2.846          -6.592            2.696
  308 (vir)     1           1.642          -2.666          -2.712          -6.415            2.680
  309 (vir)     1           1.672          -2.975          -3.058          -7.119            2.757
  310 (vir)     1           1.705          -2.879          -3.042          -7.035            2.818
  311 (vir)     1           1.726          -2.789          -2.972          -6.896            2.861
  312 (vir)     1           1.738          -2.793          -2.585          -6.327            2.686
  313 (vir)     1           1.746          -3.051          -3.369          -7.522            2.847
  314 (vir)     1           1.826          -3.066          -3.224          -7.444            2.981
  315 (vir)     1           1.842          -2.806          -2.758          -6.597            2.875
  316 (vir)     1           1.911          -2.882          -2.897          -6.814            2.946
  317 (vir)     1           1.923          -3.039          -3.150          -7.293            3.027
  318 (vir)     1           1.930          -2.693          -2.730          -6.531            3.038
  319 (vir)     1           1.987          -3.165          -3.309          -7.586            3.099
  320 (vir)     1           2.000          -3.039          -3.116          -7.266            3.111
  321 (vir)     1           2.020          -2.936          -2.850          -6.841            3.075
  322 (vir)     1           2.068          -2.940          -2.822          -6.777            3.081
  323 (vir)     1           2.073          -3.050          -2.946          -6.962            3.039
  324 (vir)     1           2.114          -2.842          -2.886          -6.826            3.212
  325 (vir)     1           2.128          -2.818          -2.578          -6.346            3.079
  326 (vir)     1           2.142          -2.952          -3.086          -7.192            3.296
  327 (vir)     1           2.166          -3.044          -3.001          -7.061            3.182
  328 (vir)     1           2.185          -3.096          -2.941          -7.022            3.170
  329 (vir)     1           2.209          -3.113          -3.103          -7.282            3.276
  330 (vir)     1           2.213          -3.105          -3.093          -7.227            3.242
  331 (vir)     1           2.269          -2.911          -2.814          -6.707            3.251
  332 (vir)     1           2.283          -3.060          -3.090          -7.306            3.438
  333 (vir)     1           2.287          -2.726          -2.605          -6.404            3.360
  334 (vir)     1           2.365          -3.117          -3.106          -7.359            3.502
  335 (vir)     1           2.384          -2.816          -2.757          -6.689            3.499
  336 (vir)     1           2.414          -3.158          -3.103          -7.378            3.532
  337 (vir)     1           2.423          -2.822          -2.738          -6.653            3.515
  338 (vir)     1           2.428          -3.060          -3.069          -7.263            3.562
  339 (vir)     1           2.442          -2.950          -2.892          -7.015            3.616
  340 (vir)     1           2.530          -3.027          -3.024          -7.205            3.685
  341 (vir)     1           2.558          -3.030          -2.844          -6.935            3.619
  342 (vir)     1           2.566          -2.926          -2.844          -6.864            3.660
  343 (vir)     1           2.578          -3.010          -2.834          -6.947            3.681
  344 (vir)     1           2.593          -3.302          -3.086          -7.425            3.631
  345 (vir)     1           2.651          -3.149          -2.890          -7.056            3.668
  346 (vir)     1           2.660          -3.074          -2.880          -7.090            3.796
  347 (vir)     1           2.710          -3.032          -3.006          -7.188            3.859
  348 (vir)     1           2.715          -2.892          -2.547          -6.511            3.787
  349 (vir)     1           2.748          -3.380          -3.379          -7.946            3.935
  350 (vir)     1           2.781          -3.033          -2.772          -6.854            3.829
  351 (vir)     1           2.795          -3.303          -3.085          -7.442            3.849
  352 (vir)     1           2.810          -3.085          -3.000          -7.328            4.054
  353 (vir)     1           2.861          -3.458          -3.229          -7.717            3.891
  354 (vir)     1           2.869          -3.215          -2.995          -7.259            3.918
  355 (vir)     1           2.889          -3.273          -3.125          -7.541            4.032
  356 (vir)     1           2.951          -3.299          -3.107          -7.496            4.041
  357 (vir)     1           2.958          -3.274          -3.239          -7.697            4.143
  358 (vir)     1           2.973          -3.245          -3.149          -7.535            4.113
  359 (vir)     1           2.999          -3.265          -3.189          -7.677            4.223
  360 (vir)     1           3.064          -3.122          -3.028          -7.315            4.229
  361 (vir)     1           3.114          -3.180          -2.890          -7.223            4.268
  362 (vir)     1           3.119          -3.325          -2.957          -7.387            4.224
  363 (vir)     1           3.121          -3.185          -2.986          -7.320            4.271
  364 (vir)     1           3.169          -3.208          -2.990          -7.332            4.303
  365 (vir)     1           3.217          -3.175          -3.018          -7.388            4.412
  366 (vir)     1           3.223          -3.219          -2.776          -6.954            4.182
  367 (vir)     1           3.267          -3.207          -2.884          -7.224            4.400
  368 (vir)     1           3.299          -3.047          -2.741          -6.930            4.441
  369 (vir)     1           3.316          -3.450          -3.120          -7.684            4.431
  370 (vir)     1           3.391          -3.517          -3.217          -7.759            4.418
  371 (vir)     1           3.436          -3.461          -3.011          -7.509            4.474
  372 (vir)     1           3.445          -3.301          -2.893          -7.341            4.592
  373 (vir)     1           3.490          -3.230          -2.999          -7.513            4.773
  374 (vir)     1           3.503          -3.200          -2.767          -7.053            4.589
  375 (vir)     1           3.512          -3.184          -2.812          -7.123            4.639
  376 (vir)     1           3.558          -3.137          -2.674          -6.928            4.676
  377 (vir)     1           3.568          -3.258          -2.941          -7.422            4.791
  378 (vir)     1           3.634          -3.228          -2.837          -7.131            4.699
  379 (vir)     1           3.665          -3.444          -2.997          -7.473            4.697
  380 (vir)     1           3.738          -3.171          -2.303          -6.326            4.590
  381 (vir)     1           3.745          -3.236          -2.808          -7.169            4.870
  382 (vir)     1           3.753          -3.375          -2.909          -7.341            4.810
  383 (vir)     1           3.779          -3.479          -2.855          -7.339            4.785
  384 (vir)     1           3.788          -3.241          -2.753          -7.086            4.880
  385 (vir)     1           3.833          -3.154          -2.654          -6.871            4.896
  386 (vir)     1           3.848          -3.412          -2.723          -7.224            4.937
  387 (vir)     1           3.862          -2.978          -2.505          -6.599            4.979
  388 (vir)     1           3.913          -3.114          -2.700          -6.895            4.994
  389 (vir)     1           3.920          -3.342          -2.907          -7.296            4.968
  390 (vir)     1           3.941          -3.505          -3.142          -7.737            5.031
  391 (vir)     1           3.980          -3.402          -2.759          -7.242            5.061
  392 (vir)     1           4.018          -3.296          -2.776          -7.163            5.109
  393 (vir)     1           4.037          -3.471          -2.892          -7.488            5.162
  394 (vir)     1           4.099          -3.241          -2.455          -6.560            4.963
  395 (vir)     1           4.118          -3.344          -2.829          -7.328            5.274
  396 (vir)     1           4.120          -3.468          -2.745          -7.206            5.114
  397 (vir)     1           4.144          -3.508          -2.681          -7.118            5.072
  398 (vir)     1           4.165          -3.297          -2.580          -6.868            5.157
  399 (vir)     1           4.186          -3.584          -2.834          -7.343            5.111
  400 (vir)     1           4.241          -3.371          -2.857          -7.383            5.396
  401 (vir)     1           4.272          -3.619          -2.776          -7.323            5.200
  402 (vir)     1           4.275          -3.533          -2.695          -7.139            5.186
  403 (vir)     1           4.319          -3.422          -2.613          -6.983            5.267
  404 (vir)     1           4.337          -3.126          -2.370          -6.510            5.351
  405 (vir)     1           4.375          -3.283          -2.545          -6.851            5.399
  406 (vir)     1           4.390          -3.473          -2.820          -7.409            5.506
  407 (vir)     1           4.422          -3.419          -2.696          -7.227            5.534
  408 (vir)     1           4.448          -3.469          -2.742          -7.259            5.496
  409 (vir)     1           4.476          -3.272          -2.532          -6.843            5.515
  410 (vir)     1           4.524          -3.105          -2.557          -6.812            5.674
  411 (vir)     1           4.540          -3.414          -2.658          -7.077            5.545
  412 (vir)     1           4.593          -3.185          -2.234          -6.315            5.489
  413 (vir)     1           4.593          -3.303          -2.559          -6.921            5.653
  414 (vir)     1           4.638          -3.409          -2.826          -7.444            5.847
  415 (vir)     1           4.655          -3.221          -2.573          -6.934            5.795
  416 (vir)     1           4.672          -3.239          -2.506          -6.877            5.805
  417 (vir)     1           4.690          -3.387          -2.491          -6.916            5.728
  418 (vir)     1           4.731          -3.218          -2.507          -6.852            5.857
  419 (vir)     1           4.758          -3.422          -2.631          -7.096            5.801
  420 (vir)     1           4.778          -3.050          -2.497          -6.671            5.902
  421 (vir)     1           4.794          -3.424          -2.609          -7.118            5.879
  422 (vir)     1           4.847          -3.282          -2.434          -6.763            5.894
  423 (vir)     1           4.894          -3.015          -2.290          -6.382            5.971
  424 (vir)     1           4.897          -3.269          -2.372          -6.702            5.958
  425 (vir)     1           4.913          -3.049          -2.144          -6.201            5.921
  426 (vir)     1           4.961          -3.524          -2.775          -7.401            6.063
  427 (vir)     1           4.997          -3.443          -2.416          -6.834            5.972
  428 (vir)     1           5.062          -3.214          -2.382          -6.735            6.201
  429 (vir)     1           5.066          -3.197          -2.322          -6.502            6.048
  430 (vir)     1           5.108          -3.410          -2.499          -6.883            6.082
  431 (vir)     1           5.128          -3.244          -2.161          -6.348            6.071
  432 (vir)     1           5.175          -3.513          -2.751          -7.472            6.382
  433 (vir)     1           5.194          -3.182          -2.355          -6.684            6.341
  434 (vir)     1           5.199          -3.339          -2.377          -6.762            6.244
  435 (vir)     1           5.243          -3.103          -2.304          -6.524            6.359
  436 (vir)     1           5.251          -3.330          -2.290          -6.587            6.217
  437 (vir)     1           5.272          -3.421          -2.474          -6.987            6.365
  438 (vir)     1           5.318          -3.187          -2.377          -6.696            6.449
  439 (vir)     1           5.350          -3.181          -2.322          -6.585            6.432
  440 (vir)     1           5.350          -3.190          -2.206          -6.454            6.408
  441 (vir)     1           5.403          -3.156          -2.225          -6.463            6.486
  442 (vir)     1           5.415          -2.938          -2.131          -6.183            6.529
  443 (vir)     1           5.439          -3.090          -2.086          -6.160            6.423
  444 (vir)     1           5.461          -3.485          -2.501          -7.107            6.581
  445 (vir)     1           5.480          -3.203          -2.295          -6.658            6.639
  446 (vir)     1           5.543          -3.366          -2.510          -7.098            6.765
  447 (vir)     1           5.580          -3.420          -2.644          -7.303            6.819
  448 (vir)     1           5.584          -3.397          -2.504          -7.074            6.756
  449 (vir)     1           5.607          -3.273          -2.260          -6.621            6.695
  450 (vir)     1           5.646          -3.327          -2.351          -6.758            6.726
  451 (vir)     1           5.661          -3.520          -2.601          -7.289            6.829
  452 (vir)     1           5.671          -3.195          -2.368          -6.720            6.828
  453 (vir)     1           5.673          -3.329          -2.390          -6.874            6.828
  454 (vir)     1           5.740          -3.316          -2.345          -6.812            6.890
  455 (vir)     1           5.761          -3.330          -2.326          -6.784            6.889
  456 (vir)     1           5.832          -3.171          -2.136          -6.418            6.943
  457 (vir)     1           5.849          -3.133          -2.101          -6.312            6.927
  458 (vir)     1           5.880          -3.247          -2.237          -6.588            6.984
  459 (vir)     1           5.889          -3.184          -2.176          -6.452            6.981
  460 (vir)     1           5.914          -3.482          -2.388          -7.027            7.071
  461 (vir)     1           5.939          -3.528          -2.427          -7.070            7.053
  462 (vir)     1           5.977          -3.366          -2.298          -6.803            7.116
  463 (vir)     1           6.039          -3.286          -2.309          -6.750            7.195
  464 (vir)     1           6.054          -3.862          -2.293          -6.971            6.871
  465 (vir)     1           6.062          -3.427          -2.392          -6.973            7.215
  466 (vir)     1           6.063          -3.081          -2.034          -6.237            7.186
  467 (vir)     1           6.093          -3.182          -2.079          -6.366            7.198
  468 (vir)     1           6.138          -3.519          -2.499          -7.228            7.349
  469 (vir)     1           6.148          -3.358          -2.165          -6.590            7.215
  470 (vir)     1           6.174          -3.253          -2.184          -6.566            7.303
  471 (vir)     1           6.215          -3.484          -2.382          -7.044            7.392
  472 (vir)     1           6.233          -3.573          -2.499          -7.252            7.413
  473 (vir)     1           6.265          -3.241          -2.118          -6.467            7.373
  474 (vir)     1           6.277          -3.339          -2.205          -6.657            7.391
  475 (vir)     1           6.290          -3.161          -2.048          -6.344            7.425
  476 (vir)     1           6.300          -3.363          -2.191          -6.636            7.382
  477 (vir)     1           6.315          -3.310          -2.127          -6.536            7.414
  478 (vir)     1           6.385          -3.347          -2.162          -6.680            7.556
  479 (vir)     1           6.410          -3.190          -1.989          -6.265            7.496
  480 (vir)     1           6.427          -3.364          -2.147          -6.659            7.576
  481 (vir)     1           6.466          -3.517          -2.207          -6.838            7.579
  482 (vir)     1           6.466          -3.542          -2.247          -6.993            7.670
  483 (vir)     1           6.502          -3.314          -2.099          -6.512            7.601
  484 (vir)     1           6.529          -3.813          -2.477          -7.381            7.620
  485 (vir)     1           6.548          -3.303          -1.968          -6.352            7.628
  486 (vir)     1           6.562          -3.450          -2.108          -6.671            7.675
  487 (vir)     1           6.596          -3.582          -2.205          -6.863            7.672
  488 (vir)     1           6.602          -3.437          -2.315          -6.973            7.822
  489 (vir)     1           6.610          -3.458          -2.061          -6.622            7.713
  490 (vir)     1           6.619          -3.583          -2.158          -6.850            7.728
  491 (vir)     1           6.672          -3.171          -2.006          -6.334            7.829
  492 (vir)     1           6.709          -3.361          -2.083          -6.600            7.864
  493 (vir)     1           6.739          -3.750          -2.561          -7.539            7.966
  494 (vir)     1           6.740          -3.292          -1.932          -6.289            7.805
  495 (vir)     1           6.749          -3.347          -2.136          -6.700            7.966
  496 (vir)     1           6.816          -3.351          -2.156          -6.649            7.957
  497 (vir)     1           6.818          -3.451          -1.986          -6.493            7.875
  498 (vir)     1           6.844          -3.218          -1.923          -6.253            7.956
  499 (vir)     1           6.858          -3.616          -2.282          -7.161            8.120
  500 (vir)     1           6.876          -3.450          -2.097          -6.733            8.061
  501 (vir)     1           6.879          -3.521          -2.150          -6.808            8.016
  502 (vir)     1           6.898          -3.405          -2.060          -6.593            8.027
  503 (vir)     1           6.923          -3.718          -2.413          -7.294            8.086
  504 (vir)     1           6.932          -3.415          -2.122          -6.652            8.047
  505 (vir)     1           6.952          -3.633          -2.319          -7.125            8.125
  506 (vir)     1           6.971          -3.521          -1.970          -6.543            8.023
  507 (vir)     1           6.976          -3.583          -2.027          -6.693            8.059
  508 (vir)     1           7.004          -3.489          -2.153          -6.810            8.172
  509 (vir)     1           7.013          -3.405          -2.007          -6.567            8.169
  510 (vir)     1           7.039          -3.636          -2.274          -7.077            8.205
  511 (vir)     1           7.063          -3.536          -2.189          -6.894            8.233
  512 (vir)     1           7.077          -3.452          -1.931          -6.479            8.173
  513 (vir)     1           7.103          -3.551          -2.070          -6.728            8.210
  514 (vir)     1           7.166          -3.319          -1.944          -6.402            8.305
  515 (vir)     1           7.169          -3.489          -2.064          -6.695            8.310
  516 (vir)     1           7.187          -3.252          -1.822          -6.143            8.256
  517 (vir)     1           7.208          -3.574          -2.107          -6.831            8.359
  518 (vir)     1           7.261          -3.356          -1.861          -6.324            8.367
  519 (vir)     1           7.261          -3.584          -2.160          -6.979            8.496
  520 (vir)     1           7.297          -3.447          -2.051          -6.654            8.453
  521 (vir)     1           7.356          -3.790          -2.174          -7.068            8.461
  522 (vir)     1           7.375          -3.680          -2.174          -6.950            8.471
  523 (vir)     1           7.386          -3.393          -1.924          -6.407            8.475
  524 (vir)     1           7.403          -3.489          -2.028          -6.634            8.520
  525 (vir)     1           7.422          -3.353          -1.960          -6.446            8.555
  526 (vir)     1           7.440          -3.730          -2.266          -7.205            8.648
  527 (vir)     1           7.467          -3.651          -2.140          -6.924            8.600
  528 (vir)     1           7.486          -3.614          -2.154          -6.952            8.669
  529 (vir)     1           7.510          -3.403          -2.003          -6.594            8.698
  530 (vir)     1           7.517          -3.634          -2.123          -6.940            8.700
  531 (vir)     1           7.527          -3.596          -2.069          -6.814            8.676
  532 (vir)     1           7.588          -3.790          -2.082          -6.943            8.659
  533 (vir)     1           7.600          -3.588          -2.183          -7.021            8.851
  534 (vir)     1           7.637          -3.980          -2.286          -7.361            8.733
  535 (vir)     1           7.644          -3.637          -2.106          -6.912            8.813
  536 (vir)     1           7.662          -3.649          -2.198          -7.045            8.860
  537 (vir)     1           7.669          -3.907          -2.254          -7.256            8.764
  538 (vir)     1           7.705          -3.578          -2.129          -6.904            8.903
  539 (vir)     1           7.711          -3.659          -2.080          -6.863            8.835
  540 (vir)     1           7.737          -3.852          -2.264          -7.296            8.917
  541 (vir)     1           7.747          -3.878          -2.268          -7.333            8.934
  542 (vir)     1           7.773          -3.753          -2.123          -6.965            8.862
  543 (vir)     1           7.811          -3.907          -2.315          -7.399            8.988
  544 (vir)     1           7.835          -3.987          -2.326          -7.437            8.959
  545 (vir)     1           7.863          -3.894          -2.374          -7.455            9.051
  546 (vir)     1           7.882          -3.781          -2.165          -7.149            9.085
  547 (vir)     1           7.896          -3.531          -2.129          -6.888            9.125
  548 (vir)     1           7.900          -3.503          -1.973          -6.634            9.057
  549 (vir)     1           7.923          -3.747          -2.199          -7.256            9.232
  550 (vir)     1           7.945          -4.038          -2.330          -7.516            9.093
  551 (vir)     1           7.951          -3.671          -2.078          -6.823            9.025
  552 (vir)     1           7.980          -3.798          -2.160          -7.125            9.147
  553 (vir)     1           8.004          -3.854          -2.264          -7.292            9.179
  554 (vir)     1           8.023          -3.831          -2.256          -7.298            9.234
  555 (vir)     1           8.043          -3.717          -2.234          -7.203            9.295
  556 (vir)     1           8.105          -3.878          -2.146          -7.145            9.226
  557 (vir)     1           8.119          -3.727          -2.266          -7.260            9.385
  558 (vir)     1           8.140          -3.668          -1.944          -6.697            9.226
  559 (vir)     1           8.144          -3.603          -2.183          -7.158            9.517
  560 (vir)     1           8.176          -4.069          -2.380          -7.603            9.330
  561 (vir)     1           8.181          -3.897          -2.282          -7.332            9.334
  562 (vir)     1           8.211          -3.689          -2.052          -6.849            9.318
  563 (vir)     1           8.219          -3.922          -2.183          -7.205            9.319
  564 (vir)     1           8.260          -3.795          -2.169          -7.183            9.479
  565 (vir)     1           8.328          -3.647          -2.110          -6.888            9.460
  566 (vir)     1           8.343          -3.609          -1.933          -6.643            9.444
  567 (vir)     1           8.358          -3.677          -1.959          -6.772            9.494
  568 (vir)     1           8.386          -3.773          -2.055          -6.952            9.511
  569 (vir)     1           8.396          -3.834          -2.070          -6.988            9.480
  570 (vir)     1           8.418          -3.564          -1.952          -6.749            9.652
  571 (vir)     1           8.431          -4.194          -2.364          -7.684            9.557
  572 (vir)     1           8.481          -3.613          -1.982          -6.758            9.644
  573 (vir)     1           8.507          -3.860          -2.142          -7.136            9.641
  574 (vir)     1           8.523          -3.676          -1.989          -6.823            9.681
  575 (vir)     1           8.546          -3.798          -2.191          -7.239            9.797
  576 (vir)     1           8.582          -3.605          -1.971          -6.769            9.774
  577 (vir)     1           8.595          -3.849          -2.157          -7.239            9.827
  578 (vir)     1           8.613          -3.897          -2.140          -7.153            9.729
  579 (vir)     1           8.660          -3.851          -2.159          -7.195            9.844
  580 (vir)     1           8.670          -3.486          -1.854          -6.604            9.934
  581 (vir)     1           8.689          -4.098          -2.363          -7.685            9.913
  582 (vir)     1           8.690          -4.118          -2.357          -7.679            9.894
  583 (vir)     1           8.719          -3.739          -2.127          -7.121            9.974
  584 (vir)     1           8.742          -3.747          -2.038          -6.966            9.923
  585 (vir)     1           8.793          -3.899          -2.133          -7.181            9.942
  586 (vir)     1           8.837          -3.682          -1.986          -6.915           10.085
  587 (vir)     1           8.856          -3.813          -2.088          -7.017            9.973
  588 (vir)     1           8.861          -3.863          -2.165          -7.231           10.065
  589 (vir)     1           8.891          -3.718          -2.014          -6.946           10.105
  590 (vir)     1           8.903          -3.708          -2.108          -7.098           10.185
  591 (vir)     1           8.955          -3.902          -2.071          -7.080           10.062
  592 (vir)     1           8.966          -3.690          -1.976          -6.838           10.139
  593 (vir)     1           8.993          -3.940          -2.030          -7.105           10.128
  594 (vir)     1           9.031          -3.865          -2.056          -7.103           10.213
  595 (vir)     1           9.036          -3.810          -2.079          -7.095           10.242
  596 (vir)     1           9.037          -3.830          -2.184          -7.282           10.304
  597 (vir)     1           9.063          -3.577          -1.873          -6.669           10.282
  598 (vir)     1           9.138          -3.585          -1.963          -6.885           10.475
  599 (vir)     1           9.150          -3.797          -2.085          -7.175           10.443
  600 (vir)     1           9.197          -3.828          -1.980          -6.951           10.340
  601 (vir)     1           9.218          -3.872          -2.081          -7.177           10.443
  602 (vir)     1           9.221          -3.936          -1.977          -6.953           10.260
  603 (vir)     1           9.225          -4.098          -2.243          -7.499           10.383
  604 (vir)     1           9.244          -3.832          -2.004          -7.013           10.420
  605 (vir)     1           9.285          -3.730          -1.960          -6.892           10.488
  606 (vir)     1           9.287          -3.546          -1.790          -6.580           10.530
  607 (vir)     1           9.332          -3.738          -1.849          -6.721           10.465
  608 (vir)     1           9.373          -3.940          -2.040          -7.074           10.466
  609 (vir)     1           9.407          -3.690          -1.916          -6.767           10.569
  610 (vir)     1           9.417          -3.661          -1.892          -6.741           10.604
  611 (vir)     1           9.464          -3.651          -1.977          -6.935           10.772
  612 (vir)     1           9.475          -3.977          -2.146          -7.304           10.656
  613 (vir)     1           9.487          -3.926          -2.013          -7.019           10.566
  614 (vir)     1           9.511          -3.913          -2.078          -7.320           10.840
  615 (vir)     1           9.525          -3.820          -2.002          -7.117           10.819
  616 (vir)     1           9.538          -3.867          -2.054          -7.133           10.750
  617 (vir)     1           9.554          -4.000          -2.054          -7.109           10.609
  618 (vir)     1           9.580          -4.011          -2.022          -7.126           10.674
  619 (vir)     1           9.617          -3.871          -2.073          -7.223           10.895
  620 (vir)     1           9.628          -3.937          -1.997          -7.106           10.801
  621 (vir)     1           9.656          -3.903          -2.021          -7.059           10.791
  622 (vir)     1           9.724          -4.106          -2.176          -7.434           10.876
  623 (vir)     1           9.766          -4.056          -2.108          -7.336           10.936
  624 (vir)     1           9.781          -4.094          -2.095          -7.268           10.859
  625 (vir)     1           9.854          -3.847          -1.906          -6.895           10.996
  626 (vir)     1           9.858          -3.976          -1.943          -6.984           10.923
  627 (vir)     1           9.863          -3.967          -2.061          -7.274           11.109
  628 (vir)     1           9.869          -4.114          -2.103          -7.375           11.027
  629 (vir)     1           9.900          -3.528          -1.890          -6.903           11.385
  630 (vir)     1           9.928          -4.020          -2.120          -7.308           11.096
  631 (vir)     1           9.975          -3.852          -1.888          -6.839           11.074
  632 (vir)     1          10.008          -4.107          -2.024          -7.267           11.144
  633 (vir)     1          10.011          -4.019          -2.111          -7.288           11.168
  634 (vir)     1          10.024          -3.879          -2.041          -7.173           11.277
  635 (vir)     1          10.054          -3.857          -1.870          -6.905           11.232
  636 (vir)     1          10.084          -3.946          -1.947          -7.038           11.230
  637 (vir)     1          10.105          -4.310          -2.213          -7.574           11.156
  638 (vir)     1          10.121          -3.920          -1.986          -7.145           11.360
  639 (vir)     1          10.153          -3.896          -1.970          -7.056           11.342
  640 (vir)     1          10.164          -3.750          -1.946          -7.010           11.478
  641 (vir)     1          10.220          -3.953          -1.944          -7.080           11.403
  642 (vir)     1          10.229          -4.292          -2.165          -7.556           11.328
  643 (vir)     1          10.232          -3.957          -2.090          -7.339           11.524
  644 (vir)     1          10.248          -4.052          -1.986          -7.107           11.317
  645 (vir)     1          10.292          -3.896          -2.015          -7.255           11.636
  646 (vir)     1          10.314          -4.082          -2.038          -7.254           11.447
  647 (vir)     1          10.342          -4.007          -2.121          -7.442           11.657
  648 (vir)     1          10.363          -3.974          -2.051          -7.360           11.698
  649 (vir)     1          10.373          -3.929          -2.030          -7.252           11.667
  650 (vir)     1          10.438          -4.178          -2.054          -7.388           11.593
  651 (vir)     1          10.445          -3.934          -1.990          -7.240           11.760
  652 (vir)     1          10.466          -4.014          -1.979          -7.219           11.692
  653 (vir)     1          10.504          -4.039          -2.033          -7.420           11.852
  654 (vir)     1          10.511          -4.126          -1.994          -7.245           11.637
  655 (vir)     1          10.531          -3.901          -2.054          -7.351           11.926
  656 (vir)     1          10.542          -4.273          -2.247          -7.782           11.804
  657 (vir)     1          10.568          -3.877          -1.844          -6.945           11.793
  658 (vir)     1          10.604          -4.211          -2.032          -7.310           11.671
  659 (vir)     1          10.616          -4.223          -2.050          -7.461           11.804
  660 (vir)     1          10.649          -4.302          -2.078          -7.467           11.736
  661 (vir)     1          10.684          -4.077          -1.986          -7.277           11.899
  662 (vir)     1          10.718          -3.859          -1.830          -6.850           11.879
  663 (vir)     1          10.738          -4.217          -2.006          -7.314           11.829
  664 (vir)     1          10.758          -4.054          -1.946          -7.221           11.980
  665 (vir)     1          10.769          -3.836          -1.933          -7.089           12.090
  666 (vir)     1          10.803          -3.907          -1.904          -7.078           12.070
  667 (vir)     1          10.838          -4.355          -2.154          -7.667           11.995
  668 (vir)     1          10.855          -4.109          -1.936          -7.185           11.994
  669 (vir)     1          10.866          -4.210          -2.026          -7.406           12.037
  670 (vir)     1          10.901          -4.345          -2.160          -7.693           12.089
  671 (vir)     1          10.921          -3.979          -1.891          -7.119           12.170
  672 (vir)     1          10.949          -4.180          -2.012          -7.374           12.131
  673 (vir)     1          10.974          -4.025          -1.930          -7.126           12.145
  674 (vir)     1          11.007          -4.492          -2.232          -7.813           12.096
  675 (vir)     1          11.022          -3.974          -1.814          -6.960           12.195
  676 (vir)     1          11.037          -4.187          -2.056          -7.468           12.262
  677 (vir)     1          11.054          -4.201          -1.999          -7.330           12.184
  678 (vir)     1          11.074          -4.044          -1.926          -7.194           12.298
  679 (vir)     1          11.088          -4.060          -1.826          -6.982           12.184
  680 (vir)     1          11.111          -4.084          -1.961          -7.299           12.365
  681 (vir)     1          11.129          -4.204          -1.956          -7.291           12.261
  682 (vir)     1          11.142          -4.117          -1.931          -7.214           12.309
  683 (vir)     1          11.189          -4.202          -1.988          -7.371           12.369
  684 (vir)     1          11.223          -4.361          -2.105          -7.599           12.356
  685 (vir)     1          11.228          -3.896          -1.902          -7.121           12.551
  686 (vir)     1          11.255          -4.273          -1.983          -7.373           12.372
  687 (vir)     1          11.269          -4.323          -2.056          -7.498           12.388
  688 (vir)     1          11.293          -4.219          -2.053          -7.510           12.531
  689 (vir)     1          11.310          -4.113          -1.871          -7.102           12.428
  690 (vir)     1          11.352          -4.015          -2.009          -7.360           12.688
  691 (vir)     1          11.356          -4.059          -1.969          -7.417           12.745
  692 (vir)     1          11.393          -4.358          -2.058          -7.531           12.509
  693 (vir)     1          11.422          -4.246          -1.989          -7.364           12.551
  694 (vir)     1          11.431          -4.483          -2.114          -7.697           12.531
  695 (vir)     1          11.482          -4.437          -2.150          -7.814           12.708
  696 (vir)     1          11.504          -4.361          -2.078          -7.647           12.711
  697 (vir)     1          11.510          -4.354          -2.038          -7.573           12.690
  698 (vir)     1          11.550          -4.279          -1.961          -7.374           12.684
  699 (vir)     1          11.558          -4.257          -2.052          -7.529           12.777
  700 (vir)     1          11.577          -3.848          -1.922          -7.311           13.118
  701 (vir)     1          11.600          -4.170          -1.944          -7.278           12.764
  702 (vir)     1          11.604          -4.065          -2.006          -7.476           13.008
  703 (vir)     1          11.656          -4.439          -2.068          -7.654           12.803
  704 (vir)     1          11.679          -4.041          -1.967          -7.395           13.066
  705 (vir)     1          11.707          -4.323          -1.969          -7.391           12.806
  706 (vir)     1          11.709          -4.679          -2.150          -7.826           12.706
  707 (vir)     1          11.767          -4.436          -2.042          -7.596           12.884
  708 (vir)     1          11.773          -4.164          -1.914          -7.287           12.983
  709 (vir)     1          11.799          -4.278          -2.136          -7.773           13.157
  710 (vir)     1          11.843          -4.251          -2.124          -7.826           13.294
  711 (vir)     1          11.898          -4.455          -2.014          -7.580           13.010
  712 (vir)     1          11.904          -4.174          -1.927          -7.372           13.174
  713 (vir)     1          11.920          -4.268          -2.142          -7.840           13.349
  714 (vir)     1          11.931          -4.259          -2.054          -7.687           13.305
  715 (vir)     1          11.949          -3.932          -1.757          -6.958           13.218
  716 (vir)     1          11.972          -4.484          -2.077          -7.706           13.117
  717 (vir)     1          11.981          -4.567          -2.065          -7.731           13.080
  718 (vir)     1          12.026          -4.388          -2.081          -7.776           13.333
  719 (vir)     1          12.072          -4.165          -1.969          -7.523           13.461
  720 (vir)     1          12.115          -4.446          -2.056          -7.738           13.352
  721 (vir)     1          12.122          -3.812          -1.953          -7.535           13.892
  722 (vir)     1          12.130          -4.349          -1.999          -7.533           13.315
  723 (vir)     1          12.153          -4.125          -1.900          -7.320           13.448
  724 (vir)     1          12.173          -4.452          -2.183          -8.014           13.552
  725 (vir)     1          12.206          -4.776          -2.265          -8.249           13.414
  726 (vir)     1          12.228          -4.441          -2.010          -7.617           13.394
  727 (vir)     1          12.303          -3.985          -1.841          -7.245           13.723
  728 (vir)     1          12.306          -4.504          -2.034          -7.714           13.483
  729 (vir)     1          12.323          -3.714          -1.718          -6.985           13.876
  730 (vir)     1          12.340          -4.229          -1.912          -7.412           13.611
  731 (vir)     1          12.350          -4.395          -1.981          -7.581           13.555
  732 (vir)     1          12.382          -4.530          -2.084          -7.756           13.524
  733 (vir)     1          12.391          -4.584          -2.057          -7.711           13.460
  734 (vir)     1          12.432          -3.988          -1.892          -7.316           13.868
  735 (vir)     1          12.457          -4.426          -2.039          -7.759           13.752
  736 (vir)     1          12.474          -4.428          -2.023          -7.665           13.688
  737 (vir)     1          12.497          -4.657          -2.098          -7.869           13.611
  738 (vir)     1          12.523          -4.339          -2.094          -7.856           13.945
  739 (vir)     1          12.539          -4.332          -1.987          -7.560           13.780
  740 (vir)     1          12.554          -4.151          -1.907          -7.430           13.926
  741 (vir)     1          12.572          -4.469          -2.029          -7.745           13.819
  742 (vir)     1          12.582          -4.449          -1.918          -7.515           13.729
  743 (vir)     1          12.637          -4.477          -2.039          -7.755           13.875
  744 (vir)     1          12.645          -4.400          -1.885          -7.442           13.802
  745 (vir)     1          12.711          -4.108          -1.775          -7.150           13.978
  746 (vir)     1          12.718          -4.179          -1.965          -7.578           14.152
  747 (vir)     1          12.727          -4.332          -1.991          -7.677           14.082
  748 (vir)     1          12.731          -4.494          -2.050          -7.801           13.988
  749 (vir)     1          12.770          -3.956          -1.879          -7.419           14.353
  750 (vir)     1          12.792          -4.447          -1.939          -7.551           13.958
  751 (vir)     1          12.798          -4.720          -2.244          -8.211           14.046
  752 (vir)     1          12.846          -4.333          -1.993          -7.644           14.164
  753 (vir)     1          12.850          -4.659          -2.122          -8.022           14.091
  754 (vir)     1          12.887          -4.491          -2.066          -7.877           14.207
  755 (vir)     1          12.915          -4.801          -2.177          -8.182           14.119
  756 (vir)     1          12.920          -4.661          -2.163          -8.105           14.201
  757 (vir)     1          12.940          -4.353          -2.028          -7.829           14.388
  758 (vir)     1          12.950          -4.388          -1.906          -7.469           14.126
  759 (vir)     1          12.986          -4.359          -2.000          -7.813           14.440
  760 (vir)     1          13.013          -4.063          -1.741          -7.147           14.357
  761 (vir)     1          13.052          -4.744          -2.246          -8.287           14.349
  762 (vir)     1          13.055          -4.509          -1.954          -7.657           14.249
  763 (vir)     1          13.083          -4.499          -1.968          -7.686           14.302
  764 (vir)     1          13.110          -3.803          -2.066          -7.964           15.204
  765 (vir)     1          13.123          -4.592          -2.061          -7.788           14.259
  766 (vir)     1          13.181          -4.590          -2.123          -8.059           14.528
  767 (vir)     1          13.193          -4.568          -2.093          -8.009           14.541
  768 (vir)     1          13.207          -4.882          -2.122          -8.047           14.251
  769 (vir)     1          13.212          -4.618          -2.061          -7.934           14.467
  770 (vir)     1          13.270          -4.512          -2.059          -7.912           14.612
  771 (vir)     1          13.271          -4.742          -2.125          -8.077           14.481
  772 (vir)     1          13.291          -4.258          -1.905          -7.537           14.665
  773 (vir)     1          13.326          -4.592          -2.032          -7.893           14.596
  774 (vir)     1          13.372          -4.595          -2.035          -7.911           14.653
  775 (vir)     1          13.399          -4.431          -1.948          -7.675           14.695
  776 (vir)     1          13.414          -4.569          -2.012          -7.933           14.766
  777 (vir)     1          13.444          -4.785          -1.988          -7.776           14.447
  778 (vir)     1          13.473          -4.328          -1.887          -7.520           14.778
  779 (vir)     1          13.507          -4.474          -2.031          -7.912           14.914
  780 (vir)     1          13.520          -4.238          -1.835          -7.391           14.837
  781 (vir)     1          13.548          -4.271          -1.833          -7.471           14.914
  782 (vir)     1          13.548          -4.386          -1.762          -7.176           14.576
  783 (vir)     1          13.578          -4.575          -2.018          -7.862           14.847
  784 (vir)     1          13.605          -4.454          -1.885          -7.561           14.827
  785 (vir)     1          13.626          -4.230          -1.965          -7.754           15.185
  786 (vir)     1          13.678          -4.120          -1.891          -7.557           15.224
  787 (vir)     1          13.685          -4.750          -1.985          -7.811           14.761
  788 (vir)     1          13.713          -4.687          -2.067          -7.961           14.919
  789 (vir)     1          13.736          -4.933          -2.074          -8.031           14.761
  790 (vir)     1          13.744          -4.707          -2.101          -8.144           15.080
  791 (vir)     1          13.754          -4.385          -1.746          -7.195           14.818
  792 (vir)     1          13.780          -4.810          -2.056          -8.048           14.961
  793 (vir)     1          13.817          -4.611          -1.940          -7.677           14.942
  794 (vir)     1          13.846          -4.371          -1.882          -7.560           15.153
  795 (vir)     1          13.847          -4.466          -1.919          -7.669           15.131
  796 (vir)     1          13.884          -4.365          -1.802          -7.484           15.202
  797 (vir)     1          13.930          -4.620          -2.030          -8.017           15.298
  798 (vir)     1          13.968          -4.491          -1.829          -7.526           15.173
  799 (vir)     1          14.003          -4.504          -1.779          -7.318           15.038
  800 (vir)     1          14.019          -4.302          -1.809          -7.420           15.328
  801 (vir)     1          14.033          -4.516          -1.865          -7.636           15.288
  802 (vir)     1          14.054          -4.434          -1.871          -7.600           15.350
  803 (vir)     1          14.082          -5.067          -2.102          -8.145           15.059
  804 (vir)     1          14.098          -4.888          -2.005          -7.889           15.094
  805 (vir)     1          14.103          -4.348          -1.853          -7.553           15.455
  806 (vir)     1          14.119          -4.487          -1.793          -7.424           15.262
  807 (vir)     1          14.148          -4.882          -2.025          -7.959           15.201
  808 (vir)     1          14.153          -4.455          -1.931          -7.752           15.520
  809 (vir)     1          14.165          -4.830          -2.039          -8.007           15.302
  810 (vir)     1          14.219          -4.806          -1.917          -7.741           15.236
  811 (vir)     1          14.264          -4.416          -1.701          -7.206           15.354
  812 (vir)     1          14.267          -4.796          -1.920          -7.810           15.361
  813 (vir)     1          14.297          -4.587          -1.855          -7.605           15.460
  814 (vir)     1          14.346          -4.804          -2.001          -7.922           15.462
  815 (vir)     1          14.349          -4.939          -2.020          -7.969           15.359
  816 (vir)     1          14.399          -4.844          -1.961          -7.913           15.507
  817 (vir)     1          14.411          -4.784          -2.071          -8.223           15.780
  818 (vir)     1          14.423          -4.441          -1.812          -7.567           15.738
  819 (vir)     1          14.461          -4.553          -1.982          -7.925           15.851
  820 (vir)     1          14.478          -4.802          -1.988          -8.006           15.693
  821 (vir)     1          14.490          -4.951          -1.979          -7.875           15.436
  822 (vir)     1          14.505          -4.647          -1.950          -7.837           15.745
  823 (vir)     1          14.535          -4.739          -1.869          -7.591           15.517
  824 (vir)     1          14.568          -4.521          -1.852          -7.657           15.851
  825 (vir)     1          14.571          -4.361          -1.806          -7.468           15.873
  826 (vir)     1          14.616          -4.408          -1.824          -7.554           15.938
  827 (vir)     1          14.619          -5.190          -2.097          -8.253           15.585
  828 (vir)     1          14.653          -4.398          -1.870          -7.746           16.132
  829 (vir)     1          14.670          -4.694          -1.983          -8.008           16.001
  830 (vir)     1          14.691          -4.787          -1.920          -7.744           15.727
  831 (vir)     1          14.738          -4.307          -1.892          -7.722           16.261
  832 (vir)     1          14.744          -5.184          -2.126          -8.391           15.825
  833 (vir)     1          14.763          -4.500          -1.811          -7.574           16.027
  834 (vir)     1          14.772          -4.570          -1.760          -7.442           15.884
  835 (vir)     1          14.779          -4.832          -1.865          -7.738           15.819
  836 (vir)     1          14.825          -4.375          -1.779          -7.527           16.198
  837 (vir)     1          14.830          -4.303          -1.892          -7.710           16.346
  838 (vir)     1          14.869          -4.459          -1.930          -7.899           16.379
  839 (vir)     1          14.899          -4.840          -1.887          -7.758           15.929
  840 (vir)     1          14.912          -4.839          -1.878          -7.777           15.971
  841 (vir)     1          14.938          -4.800          -1.980          -8.101           16.259
  842 (vir)     1          14.958          -4.473          -1.710          -7.375           16.149
  843 (vir)     1          15.017          -4.311          -1.959          -7.979           16.726
  844 (vir)     1          15.046          -4.490          -1.995          -8.071           16.633
  845 (vir)     1          15.068          -4.170          -1.672          -7.247           16.474
  846 (vir)     1          15.121          -4.412          -1.775          -7.516           16.450
  847 (vir)     1          15.132          -5.191          -2.082          -8.325           16.184
  848 (vir)     1          15.177          -5.054          -1.933          -7.935           16.125
  849 (vir)     1          15.201          -5.201          -2.008          -8.111           16.103
  850 (vir)     1          15.217          -4.346          -1.710          -7.371           16.531
  851 (vir)     1          15.224          -4.619          -2.061          -8.342           16.886
  852 (vir)     1          15.239          -5.119          -1.992          -8.098           16.227
  853 (vir)     1          15.278          -4.359          -1.781          -7.526           16.664
  854 (vir)     1          15.304          -4.477          -1.876          -7.829           16.780
  855 (vir)     1          15.306          -5.019          -1.903          -7.822           16.206
  856 (vir)     1          15.318          -4.244          -1.728          -7.434           16.780
  857 (vir)     1          15.382          -4.828          -1.837          -7.665           16.382
  858 (vir)     1          15.403          -4.723          -1.965          -8.102           16.818
  859 (vir)     1          15.415          -5.031          -1.944          -7.992           16.432
  860 (vir)     1          15.433          -5.012          -1.885          -7.845           16.381
  861 (vir)     1          15.458          -4.318          -1.907          -7.957           17.191
  862 (vir)     1          15.476          -5.065          -1.951          -7.978           16.438
  863 (vir)     1          15.497          -4.881          -1.824          -7.695           16.486
  864 (vir)     1          15.540          -4.561          -1.810          -7.742           16.911
  865 (vir)     1          15.557          -4.445          -1.665          -7.341           16.788
  866 (vir)     1          15.558          -4.939          -1.781          -7.618           16.456
  867 (vir)     1          15.588          -5.042          -1.888          -7.908           16.565
  868 (vir)     1          15.603          -4.309          -1.754          -7.502           17.042
  869 (vir)     1          15.618          -4.990          -1.830          -7.792           16.590
  870 (vir)     1          15.687          -4.561          -1.857          -7.840           17.109
  871 (vir)     1          15.688          -4.691          -1.834          -7.747           16.910
  872 (vir)     1          15.723          -4.368          -1.904          -7.960           17.411
  873 (vir)     1          15.731          -4.993          -1.805          -7.721           16.654
  874 (vir)     1          15.754          -5.236          -2.039          -8.238           16.718
  875 (vir)     1          15.788          -4.583          -1.806          -7.758           17.156
  876 (vir)     1          15.825          -5.486          -2.014          -8.321           16.646
  877 (vir)     1          15.839          -5.110          -1.890          -7.945           16.783
  878 (vir)     1          15.849          -4.695          -2.026          -8.334           17.461
  879 (vir)     1          15.854          -5.255          -1.905          -7.945           16.639
  880 (vir)     1          15.886          -4.616          -1.870          -7.912           17.312
  881 (vir)     1          15.933          -5.106          -1.857          -7.848           16.818
  882 (vir)     1          15.940          -5.235          -1.941          -8.092           16.855
  883 (vir)     1          15.965          -4.495          -1.895          -8.033           17.607
  884 (vir)     1          16.011          -4.589          -1.800          -7.769           17.390
  885 (vir)     1          16.044          -5.187          -1.866          -7.901           16.892
  886 (vir)     1          16.046          -4.582          -1.842          -7.905           17.527
  887 (vir)     1          16.086          -4.516          -1.751          -7.630           17.448
  888 (vir)     1          16.145          -4.549          -1.787          -7.728           17.536
  889 (vir)     1          16.149          -5.286          -2.016          -8.352           17.198
  890 (vir)     1          16.187          -5.173          -1.849          -7.891           17.057
  891 (vir)     1          16.230          -4.760          -1.934          -8.167           17.702
  892 (vir)     1          16.246          -4.604          -1.851          -7.920           17.711
  893 (vir)     1          16.260          -5.306          -1.946          -8.167           17.174
  894 (vir)     1          16.311          -5.353          -1.946          -8.216           17.228
  895 (vir)     1          16.328          -5.294          -1.948          -8.157           17.244
  896 (vir)     1          16.359          -4.405          -1.703          -7.558           17.808
  897 (vir)     1          16.360          -5.192          -1.771          -7.760           17.158
  898 (vir)     1          16.392          -4.954          -1.888          -8.073           17.623
  899 (vir)     1          16.411          -5.332          -1.943          -8.152           17.289
  900 (vir)     1          16.417          -4.797          -1.927          -8.141           17.834
  901 (vir)     1          16.461          -4.909          -1.932          -8.263           17.883
  902 (vir)     1          16.470          -5.319          -2.030          -8.418           17.540
  903 (vir)     1          16.471          -5.339          -1.869          -7.987           17.250
  904 (vir)     1          16.504          -5.382          -1.885          -8.062           17.298
  905 (vir)     1          16.529          -5.135          -1.771          -7.721           17.344
  906 (vir)     1          16.534          -5.157          -1.825          -7.876           17.427
  907 (vir)     1          16.575          -5.161          -1.703          -7.631           17.342
  908 (vir)     1          16.656          -5.588          -2.030          -8.485           17.522
  909 (vir)     1          16.670          -4.849          -1.922          -8.203           18.101
  910 (vir)     1          16.679          -5.135          -1.836          -7.996           17.704
  911 (vir)     1          16.680          -4.852          -1.983          -8.267           18.110
  912 (vir)     1          16.731          -5.537          -1.975          -8.348           17.566
  913 (vir)     1          16.751          -5.711          -1.959          -8.312           17.393
  914 (vir)     1          16.767          -5.346          -1.897          -8.117           17.641
  915 (vir)     1          16.779          -5.289          -1.856          -8.010           17.643
  916 (vir)     1          16.806          -5.453          -1.920          -8.218           17.651
  917 (vir)     1          16.868          -4.928          -1.822          -7.946           18.064
  918 (vir)     1          16.870          -5.460          -1.873          -8.008           17.545
  919 (vir)     1          16.910          -5.427          -1.927          -8.194           17.749
  920 (vir)     1          16.913          -5.423          -1.940          -8.245           17.795
  921 (vir)     1          16.939          -5.420          -1.794          -7.892           17.617
  922 (vir)     1          16.953          -5.506          -1.961          -8.323           17.809
  923 (vir)     1          16.996          -5.636          -1.916          -8.229           17.674
  924 (vir)     1          17.005          -4.799          -1.869          -8.111           18.449
  925 (vir)     1          17.011          -5.327          -1.838          -7.971           17.816
  926 (vir)     1          17.060          -5.389          -1.840          -8.048           17.879
  927 (vir)     1          17.082          -4.627          -1.751          -7.787           18.491
  928 (vir)     1          17.102          -5.764          -1.949          -8.370           17.759
  929 (vir)     1          17.141          -5.523          -1.912          -8.224           17.930
  930 (vir)     1          17.184          -5.772          -2.115          -8.708           18.005
  931 (vir)     1          17.218          -5.697          -1.882          -8.206           17.845
  932 (vir)     1          17.238          -4.577          -1.828          -7.991           18.824
  933 (vir)     1          17.243          -5.406          -1.854          -8.071           18.053
  934 (vir)     1          17.252          -5.504          -1.843          -8.049           17.953
  935 (vir)     1          17.267          -5.685          -1.854          -8.142           17.870
  936 (vir)     1          17.318          -5.768          -2.006          -8.522           18.066
  937 (vir)     1          17.358          -4.654          -1.759          -7.872           18.816
  938 (vir)     1          17.361          -5.013          -1.884          -8.232           18.696
  939 (vir)     1          17.409          -5.285          -1.782          -7.895           18.237
  940 (vir)     1          17.432          -5.730          -1.922          -8.328           18.107
  941 (vir)     1          17.494          -5.278          -1.760          -7.857           18.313
  942 (vir)     1          17.521          -5.432          -1.836          -8.040           18.293
  943 (vir)     1          17.568          -5.649          -1.906          -8.314           18.326
  944 (vir)     1          17.582          -5.487          -1.661          -7.681           18.115
  945 (vir)     1          17.611          -5.493          -1.755          -7.902           18.265
  946 (vir)     1          17.618          -6.023          -1.974          -8.429           18.049
  947 (vir)     1          17.663          -5.413          -1.803          -8.008           18.454
  948 (vir)     1          17.695          -5.728          -1.898          -8.278           18.347
  949 (vir)     1          17.752          -5.349          -1.757          -7.873           18.519
  950 (vir)     1          17.760          -5.095          -1.805          -8.069           18.930
  951 (vir)     1          17.786          -6.048          -1.933          -8.377           18.183
  952 (vir)     1          17.794          -5.253          -1.629          -7.559           18.471
  953 (vir)     1          17.797          -5.669          -1.925          -8.379           18.583
  954 (vir)     1          17.832          -5.791          -1.981          -8.567           18.627
  955 (vir)     1          17.883          -5.752          -1.971          -8.538           18.697
  956 (vir)     1          17.906          -5.566          -1.890          -8.209           18.659
  957 (vir)     1          17.967          -5.474          -1.825          -8.066           18.734
  958 (vir)     1          17.983          -5.542          -1.801          -8.060           18.701
  959 (vir)     1          18.000          -6.221          -1.979          -8.594           18.394
  960 (vir)     1          18.020          -5.877          -1.938          -8.475           18.680
  961 (vir)     1          18.054          -5.858          -1.893          -8.240           18.543
  962 (vir)     1          18.088          -5.298          -1.659          -7.693           18.824
  963 (vir)     1          18.126          -5.699          -1.878          -8.320           18.869
  964 (vir)     1          18.129          -5.885          -1.782          -8.057           18.519
  965 (vir)     1          18.156          -5.443          -1.655          -7.698           18.757
  966 (vir)     1          18.163          -5.899          -2.003          -8.638           18.899
  967 (vir)     1          18.196          -5.664          -1.825          -8.177           18.883
  968 (vir)     1          18.230          -5.799          -1.848          -8.261           18.844
  969 (vir)     1          18.288          -5.565          -1.764          -8.056           19.015
  970 (vir)     1          18.292          -5.675          -1.814          -8.179           18.983
  971 (vir)     1          18.324          -5.471          -1.718          -7.886           19.021
  972 (vir)     1          18.340          -5.637          -1.661          -7.751           18.793
  973 (vir)     1          18.361          -5.752          -1.830          -8.240           19.018
  974 (vir)     1          18.402          -5.601          -1.797          -8.150           19.154
  975 (vir)     1          18.447          -6.214          -1.892          -8.412           18.752
  976 (vir)     1          18.449          -5.712          -1.826          -8.185           19.096
  977 (vir)     1          18.505          -5.890          -1.894          -8.419           19.140
  978 (vir)     1          18.511          -5.834          -1.895          -8.433           19.214
  979 (vir)     1          18.544          -6.238          -2.046          -8.861           19.122
  980 (vir)     1          18.563          -5.808          -1.837          -8.278           19.196
  981 (vir)     1          18.615          -5.625          -1.719          -7.952           19.223
  982 (vir)     1          18.623          -5.551          -1.659          -7.819           19.233
  983 (vir)     1          18.628          -5.520          -1.698          -7.913           19.322
  984 (vir)     1          18.648          -5.789          -1.870          -8.286           19.275
  985 (vir)     1          18.681          -5.838          -1.915          -8.470           19.398
  986 (vir)     1          18.702          -5.721          -1.770          -8.145           19.356
  987 (vir)     1          18.745          -6.276          -2.043          -8.854           19.280
  988 (vir)     1          18.752          -5.731          -1.823          -8.216           19.415
  989 (vir)     1          18.757          -5.764          -1.811          -8.206           19.388
  990 (vir)     1          18.792          -5.880          -1.847          -8.356           19.421
  991 (vir)     1          18.809          -6.112          -2.021          -8.838           19.515
  992 (vir)     1          18.863          -6.018          -1.922          -8.576           19.499
  993 (vir)     1          18.872          -6.073          -1.910          -8.489           19.378
  994 (vir)     1          18.913          -6.177          -1.847          -8.392           19.282
  995 (vir)     1          18.946          -5.688          -1.750          -8.083           19.591
  996 (vir)     1          18.966          -6.224          -1.971          -8.707           19.477
  997 (vir)     1          18.973          -6.034          -1.882          -8.472           19.529
  998 (vir)     1          19.024          -6.071          -1.932          -8.669           19.691
  999 (vir)     1          19.036          -5.434          -1.608          -7.710           19.704
 1000 (vir)     1          19.075          -6.172          -1.952          -8.653           19.603
 1001 (vir)     1          19.077          -5.938          -1.847          -8.413           19.705
 1002 (vir)     1          19.116          -6.046          -1.901          -8.578           19.748
 1003 (vir)     1          19.121          -6.048          -1.858          -8.490           19.704
 1004 (vir)     1          19.139          -6.035          -1.899          -8.558           19.763
 1005 (vir)     1          19.183          -5.810          -1.810          -8.238           19.801
 1006 (vir)     1          19.187          -6.085          -1.888          -8.572           19.787
 1007 (vir)     1          19.188          -6.118          -1.871          -8.491           19.691
 1008 (vir)     1          19.229          -6.010          -1.856          -8.429           19.791
 1009 (vir)     1          19.267          -5.772          -1.712          -8.077           19.860
 1010 (vir)     1          19.278          -5.809          -1.780          -8.254           19.943
 1011 (vir)     1          19.320          -6.199          -1.950          -8.764           19.935
 1012 (vir)     1          19.357          -6.067          -1.834          -8.487           19.944
 1013 (vir)     1          19.418          -6.276          -1.896          -8.587           19.833
 1014 (vir)     1          19.424          -6.212          -1.941          -8.696           19.967
 1015 (vir)     1          19.438          -6.285          -1.945          -8.656           19.864
 1016 (vir)     1          19.527          -6.187          -1.941          -8.714           20.113
 1017 (vir)     1          19.571          -6.202          -1.937          -8.704           20.135
 1018 (vir)     1          19.584          -5.881          -1.792          -8.261           20.173
 1019 (vir)     1          19.594          -6.204          -1.998          -8.875           20.267
 1020 (vir)     1          19.601          -6.074          -1.919          -8.670           20.279
 1021 (vir)     1          19.654          -5.927          -1.790          -8.323           20.261
 1022 (vir)     1          19.658          -6.234          -1.926          -8.704           20.201
 1023 (vir)     1          19.679          -6.239          -1.993          -8.888           20.335
 1024 (vir)     1          19.693          -6.024          -1.810          -8.354           20.213
 1025 (vir)     1          19.709          -6.099          -1.823          -8.432           20.219
 1026 (vir)     1          19.772          -6.285          -1.960          -8.800           20.327
 1027 (vir)     1          19.842          -6.212          -1.866          -8.578           20.342
 1028 (vir)     1          19.852          -6.331          -1.979          -8.829           20.372
 1029 (vir)     1          19.867          -5.777          -1.729          -8.111           20.473
 1030 (vir)     1          19.877          -6.096          -1.819          -8.451           20.414
 1031 (vir)     1          19.928          -6.234          -1.922          -8.666           20.438
 1032 (vir)     1          19.955          -6.043          -1.803          -8.384           20.492
 1033 (vir)     1          19.967          -6.183          -1.846          -8.565           20.503
 1034 (vir)     1          19.993          -6.160          -1.911          -8.699           20.620
 1035 (vir)     1          20.006          -6.239          -1.905          -8.647           20.509
 1036 (vir)     1          20.056          -6.082          -1.856          -8.548           20.667
 1037 (vir)     1          20.097          -6.112          -1.784          -8.390           20.591
 1038 (vir)     1          20.144          -6.078          -1.763          -8.272           20.575
 1039 (vir)     1          20.169          -6.267          -1.971          -8.900           20.831
 1040 (vir)     1          20.178          -6.122          -1.878          -8.621           20.799
 1041 (vir)     1          20.189          -6.074          -1.788          -8.387           20.714
 1042 (vir)     1          20.208          -6.183          -1.873          -8.618           20.771
 1043 (vir)     1          20.229          -6.050          -1.799          -8.410           20.790
 1044 (vir)     1          20.238          -5.868          -1.720          -8.201           20.851
 1045 (vir)     1          20.262          -6.093          -1.814          -8.454           20.809
 1046 (vir)     1          20.347          -6.305          -1.816          -8.616           20.842
 1047 (vir)     1          20.348          -6.235          -1.866          -8.571           20.817
 1048 (vir)     1          20.399          -6.221          -1.828          -8.488           20.838
 1049 (vir)     1          20.405          -5.997          -1.727          -8.250           20.932
 1050 (vir)     1          20.441          -6.637          -1.993          -8.995           20.806
 1051 (vir)     1          20.463          -6.205          -1.853          -8.662           21.067
 1052 (vir)     1          20.514          -6.485          -1.943          -8.900           20.987
 1053 (vir)     1          20.522          -6.171          -1.842          -8.572           21.081
 1054 (vir)     1          20.571          -6.157          -1.766          -8.394           21.042
 1055 (vir)     1          20.602          -6.297          -1.822          -8.555           21.037
 1056 (vir)     1          20.611          -6.195          -1.795          -8.416           21.038
 1057 (vir)     1          20.628          -6.089          -1.777          -8.380           21.142
 1058 (vir)     1          20.631          -6.192          -1.864          -8.669           21.244
 1059 (vir)     1          20.721          -6.318          -1.857          -8.646           21.192
 1060 (vir)     1          20.728          -6.554          -1.943          -8.897           21.128
 1061 (vir)     1          20.782          -6.393          -1.864          -8.590           21.116
 1062 (vir)     1          20.787          -6.069          -1.824          -8.602           21.495
 1063 (vir)     1          20.791          -6.084          -1.752          -8.369           21.325
 1064 (vir)     1          20.826          -6.387          -1.907          -8.935           21.468
 1065 (vir)     1          20.844          -6.268          -1.834          -8.612           21.354
 1066 (vir)     1          20.868          -6.435          -1.913          -8.814           21.334
 1067 (vir)     1          20.922          -6.594          -2.034          -9.141           21.434
 1068 (vir)     1          20.961          -6.435          -1.865          -8.694           21.356
 1069 (vir)     1          20.987          -6.550          -1.927          -8.886           21.396
 1070 (vir)     1          21.032          -6.352          -1.769          -8.478           21.390
 1071 (vir)     1          21.046          -6.506          -1.860          -8.745           21.425
 1072 (vir)     1          21.083          -6.389          -1.812          -8.599           21.481
 1073 (vir)     1          21.086          -6.533          -1.861          -8.736           21.428
 1074 (vir)     1          21.089          -6.494          -1.881          -8.775           21.490
 1075 (vir)     1          21.104          -6.169          -1.778          -8.371           21.527
 1076 (vir)     1          21.157          -6.339          -1.884          -8.820           21.755
 1077 (vir)     1          21.158          -6.504          -1.833          -8.648           21.469
 1078 (vir)     1          21.168          -6.406          -1.891          -8.838           21.709
 1079 (vir)     1          21.218          -6.583          -1.928          -8.978           21.684
 1080 (vir)     1          21.275          -6.265          -1.814          -8.527           21.723
 1081 (vir)     1          21.320          -6.752          -2.019          -9.151           21.701
 1082 (vir)     1          21.362          -6.196          -1.759          -8.460           21.867
 1083 (vir)     1          21.366          -6.623          -1.898          -8.800           21.646
 1084 (vir)     1          21.368          -6.511          -1.860          -8.623           21.620
 1085 (vir)     1          21.397          -6.324          -1.812          -8.566           21.826
 1086 (vir)     1          21.426          -6.410          -1.757          -8.521           21.780
 1087 (vir)     1          21.524          -6.637          -1.913          -8.934           21.909
 1088 (vir)     1          21.541          -6.330          -1.777          -8.565           21.999
 1089 (vir)     1          21.559          -6.649          -1.916          -8.949           21.943
 1090 (vir)     1          21.598          -6.104          -1.711          -8.286           22.070
 1091 (vir)     1          21.606          -6.293          -1.767          -8.492           22.038
 1092 (vir)     1          21.617          -6.395          -1.891          -8.863           22.194
 1093 (vir)     1          21.626          -6.598          -1.828          -8.711           21.912
 1094 (vir)     1          21.650          -6.325          -1.753          -8.457           22.030
 1095 (vir)     1          21.670          -6.640          -1.981          -9.055           22.104
 1096 (vir)     1          21.694          -6.416          -1.747          -8.463           21.994
 1097 (vir)     1          21.714          -6.446          -1.736          -8.524           22.056
 1098 (vir)     1          21.799          -6.563          -1.817          -8.662           22.081
 1099 (vir)     1          21.827          -6.424          -1.846          -8.665           22.221
 1100 (vir)     1          21.851          -6.442          -1.818          -8.585           22.175
 1101 (vir)     1          21.890          -6.529          -1.839          -8.751           22.273
 1102 (vir)     1          21.922          -6.375          -1.846          -8.835           22.536
 1103 (vir)     1          21.968          -6.652          -1.814          -8.657           22.160
 1104 (vir)     1          21.969          -6.499          -1.840          -8.854           22.484
 1105 (vir)     1          22.040          -6.555          -1.804          -8.688           22.368
 1106 (vir)     1          22.051          -6.509          -1.777          -8.627           22.392
 1107 (vir)     1          22.069          -6.328          -1.698          -8.382           22.424
 1108 (vir)     1          22.135          -6.435          -1.841          -8.759           22.617
 1109 (vir)     1          22.163          -6.868          -1.861          -8.887           22.321
 1110 (vir)     1          22.166          -6.535          -1.908          -8.998           22.721
 1111 (vir)     1          22.224          -6.759          -1.910          -9.072           22.627
 1112 (vir)     1          22.240          -6.289          -1.753          -8.554           22.752
 1113 (vir)     1          22.258          -6.461          -1.731          -8.502           22.569
 1114 (vir)     1          22.293          -6.361          -1.729          -8.445           22.648
 1115 (vir)     1          22.302          -6.276          -1.734          -8.496           22.788
 1116 (vir)     1          22.323          -6.576          -1.801          -8.750           22.696
 1117 (vir)     1          22.330          -6.444          -1.712          -8.357           22.531
 1118 (vir)     1          22.374          -6.489          -1.801          -8.665           22.749
 1119 (vir)     1          22.403          -6.662          -1.843          -8.812           22.711
 1120 (vir)     1          22.431          -6.525          -1.741          -8.593           22.757
 1121 (vir)     1          22.476          -6.680          -1.780          -8.693           22.710
 1122 (vir)     1          22.488          -6.532          -1.833          -8.814           22.937
 1123 (vir)     1          22.508          -6.690          -1.790          -8.728           22.756
 1124 (vir)     1          22.576          -6.646          -1.789          -8.724           22.865
 1125 (vir)     1          22.582          -6.774          -1.839          -8.810           22.779
 1126 (vir)     1          22.608          -6.308          -1.642          -8.247           22.905
 1127 (vir)     1          22.614          -6.789          -1.837          -8.864           22.852
 1128 (vir)     1          22.632          -7.100          -1.967          -9.304           22.870
 1129 (vir)     1          22.658          -6.192          -1.762          -8.673           23.376
 1130 (vir)     1          22.702          -6.436          -1.724          -8.476           23.017
 1131 (vir)     1          22.748          -6.952          -1.941          -9.161           23.016
 1132 (vir)     1          22.767          -6.842          -1.820          -8.863           22.969
 1133 (vir)     1          22.778          -6.604          -1.728          -8.525           22.972
 1134 (vir)     1          22.786          -7.032          -1.902          -9.075           22.926
 1135 (vir)     1          22.793          -7.073          -1.865          -9.013           22.868
 1136 (vir)     1          22.855          -6.592          -1.831          -8.777           23.209
 1137 (vir)     1          22.861          -6.432          -1.725          -8.521           23.224
 1138 (vir)     1          22.899          -6.907          -1.798          -8.815           23.010
 1139 (vir)     1          22.900          -6.834          -1.774          -8.682           22.973
 1140 (vir)     1          22.963          -6.577          -1.639          -8.428           23.175
 1141 (vir)     1          22.969          -6.964          -1.821          -8.862           23.046
 1142 (vir)     1          22.989          -6.200          -1.564          -8.135           23.359
 1143 (vir)     1          23.024          -6.710          -1.746          -8.671           23.239
 1144 (vir)     1          23.032          -6.593          -1.748          -8.601           23.292
 1145 (vir)     1          23.132          -6.642          -1.710          -8.549           23.329
 1146 (vir)     1          23.139          -6.569          -1.739          -8.651           23.482
 1147 (vir)     1          23.182          -6.787          -1.714          -8.582           23.263
 1148 (vir)     1          23.200          -6.463          -1.644          -8.362           23.456
 1149 (vir)     1          23.226          -6.786          -1.769          -8.787           23.458
 1150 (vir)     1          23.250          -7.305          -1.901          -9.169           23.212
 1151 (vir)     1          23.253          -6.578          -1.672          -8.445           23.447
 1152 (vir)     1          23.268          -6.723          -1.709          -8.606           23.443
 1153 (vir)     1          23.326          -6.848          -1.753          -8.714           23.438
 1154 (vir)     1          23.383          -6.656          -1.594          -8.256           23.389
 1155 (vir)     1          23.413          -6.783          -1.679          -8.525           23.476
 1156 (vir)     1          23.435          -6.623          -1.704          -8.603           23.712
 1157 (vir)     1          23.461          -6.668          -1.724          -8.688           23.757
 1158 (vir)     1          23.506          -6.861          -1.735          -8.625           23.536
 1159 (vir)     1          23.566          -6.648          -1.688          -8.586           23.816
 1160 (vir)     1          23.579          -6.948          -1.740          -8.713           23.605
 1161 (vir)     1          23.634          -6.394          -1.526          -8.149           23.863
 1162 (vir)     1          23.688          -6.577          -1.596          -8.297           23.812
 1163 (vir)     1          23.693          -6.598          -1.575          -8.230           23.750
 1164 (vir)     1          23.701          -7.192          -1.754          -8.877           23.633
 1165 (vir)     1          23.767          -6.425          -1.641          -8.580           24.282
 1166 (vir)     1          23.801          -6.681          -1.660          -8.518           23.977
 1167 (vir)     1          23.817          -6.551          -1.585          -8.331           24.013
 1168 (vir)     1          23.861          -6.715          -1.612          -8.401           23.935
 1169 (vir)     1          23.865          -6.792          -1.640          -8.463           23.895
 1170 (vir)     1          23.916          -6.750          -1.662          -8.486           23.990
 1171 (vir)     1          23.933          -6.789          -1.621          -8.334           23.857
 1172 (vir)     1          24.031          -7.014          -1.678          -8.604           23.943
 1173 (vir)     1          24.049          -6.634          -1.572          -8.288           24.131
 1174 (vir)     1          24.091          -6.561          -1.604          -8.444           24.370
 1175 (vir)     1          24.116          -6.481          -1.581          -8.334           24.389
 1176 (vir)     1          24.121          -6.830          -1.575          -8.347           24.063
 1177 (vir)     1          24.144          -6.942          -1.677          -8.660           24.186
 1178 (vir)     1          24.188          -6.686          -1.557          -8.189           24.134
 1179 (vir)     1          24.229          -6.758          -1.544          -8.213           24.140
 1180 (vir)     1          24.252          -7.117          -1.681          -8.665           24.119
 1181 (vir)     1          24.267          -7.138          -1.652          -8.625           24.102
 1182 (vir)     1          24.342          -7.128          -1.725          -8.777           24.266
 1183 (vir)     1          24.410          -6.969          -1.650          -8.611           24.402
 1184 (vir)     1          24.437          -6.732          -1.662          -8.622           24.665
 1185 (vir)     1          24.444          -7.056          -1.745          -8.874           24.517
 1186 (vir)     1          24.453          -6.882          -1.606          -8.504           24.468
 1187 (vir)     1          24.504          -6.891          -1.561          -8.333           24.385
 1188 (vir)     1          24.548          -6.974          -1.642          -8.571           24.504
 1189 (vir)     1          24.555          -6.801          -1.595          -8.407           24.565
 1190 (vir)     1          24.576          -7.161          -1.570          -8.400           24.245
 1191 (vir)     1          24.595          -6.513          -1.572          -8.391           24.901
 1192 (vir)     1          24.607          -6.779          -1.537          -8.250           24.541
 1193 (vir)     1          24.615          -6.624          -1.545          -8.304           24.750
 1194 (vir)     1          24.682          -7.352          -1.685          -8.658           24.302
 1195 (vir)     1          24.703          -6.983          -1.555          -8.317           24.482
 1196 (vir)     1          24.732          -6.587          -1.563          -8.433           25.015
 1197 (vir)     1          24.771          -6.806          -1.503          -8.245           24.706
 1198 (vir)     1          24.778          -6.917          -1.584          -8.380           24.658
 1199 (vir)     1          24.851          -7.022          -1.643          -8.664           24.850
 1200 (vir)     1          24.869          -7.071          -1.596          -8.596           24.798
 1201 (vir)     1          24.894          -6.649          -1.593          -8.492           25.145
 1202 (vir)     1          24.931          -6.722          -1.538          -8.313           24.983
 1203 (vir)     1          24.946          -6.960          -1.603          -8.581           24.963
 1204 (vir)     1          25.014          -6.633          -1.562          -8.509           25.327
 1205 (vir)     1          25.040          -7.159          -1.626          -8.573           24.829
 1206 (vir)     1          25.090          -6.645          -1.504          -8.260           25.201
 1207 (vir)     1          25.096          -7.031          -1.619          -8.611           25.057
 1208 (vir)     1          25.124          -6.985          -1.595          -8.520           25.064
 1209 (vir)     1          25.136          -6.917          -1.625          -8.607           25.200
 1210 (vir)     1          25.174          -7.288          -1.694          -8.872           25.064
 1211 (vir)     1          25.264          -6.870          -1.613          -8.516           25.297
 1212 (vir)     1          25.272          -6.902          -1.677          -8.801           25.494
 1213 (vir)     1          25.302          -7.329          -1.707          -8.934           25.201
 1214 (vir)     1          25.344          -7.495          -1.705          -8.821           24.964
 1215 (vir)     1          25.353          -6.732          -1.528          -8.347           25.440
 1216 (vir)     1          25.424          -7.059          -1.590          -8.540           25.314
 1217 (vir)     1          25.437          -7.445          -1.699          -8.803           25.096
 1218 (vir)     1          25.450          -6.866          -1.551          -8.441           25.474
 1219 (vir)     1          25.499          -6.904          -1.541          -8.362           25.415
 1220 (vir)     1          25.529          -6.853          -1.549          -8.359           25.486
 1221 (vir)     1          25.542          -7.187          -1.636          -8.689           25.408
 1222 (vir)     1          25.620          -7.503          -1.674          -8.841           25.285
 1223 (vir)     1          25.646          -6.995          -1.648          -8.659           25.662
 1224 (vir)     1          25.651          -7.184          -1.582          -8.542           25.427
 1225 (vir)     1          25.680          -7.655          -1.710          -8.937           25.252
 1226 (vir)     1          25.730          -6.742          -1.593          -8.644           26.039
 1227 (vir)     1          25.746          -7.195          -1.638          -8.707           25.620
 1228 (vir)     1          25.760          -7.364          -1.660          -8.653           25.388
 1229 (vir)     1          25.794          -6.785          -1.539          -8.486           25.955
 1230 (vir)     1          25.798          -7.103          -1.578          -8.554           25.671
 1231 (vir)     1          25.904          -7.654          -1.551          -8.309           25.008
 1232 (vir)     1          25.912          -7.374          -1.600          -8.630           25.568
 1233 (vir)     1          25.979          -7.487          -1.640          -8.823           25.675
 1234 (vir)     1          26.013          -7.276          -1.623          -8.762           25.876
 1235 (vir)     1          26.030          -6.933          -1.558          -8.521           26.061
 1236 (vir)     1          26.030          -7.435          -1.711          -9.063           25.946
 1237 (vir)     1          26.110          -6.609          -1.594          -8.740           26.647
 1238 (vir)     1          26.123          -7.468          -1.668          -8.903           25.890
 1239 (vir)     1          26.234          -6.830          -1.594          -8.566           26.376
 1240 (vir)     1          26.247          -6.732          -1.501          -8.332           26.346
 1241 (vir)     1          26.282          -7.446          -1.658          -8.839           26.018
 1242 (vir)     1          26.306          -7.459          -1.623          -8.721           25.945
 1243 (vir)     1          26.350          -7.044          -1.496          -8.324           26.134
 1244 (vir)     1          26.370          -7.962          -1.704          -9.000           25.705
 1245 (vir)     1          26.405          -7.089          -1.513          -8.344           26.147
 1246 (vir)     1          26.474          -7.120          -1.527          -8.516           26.344
 1247 (vir)     1          26.535          -7.006          -1.513          -8.371           26.387
 1248 (vir)     1          26.544          -7.182          -1.569          -8.636           26.429
 1249 (vir)     1          26.576          -6.827          -1.640          -8.964           27.073
 1250 (vir)     1          26.577          -6.942          -1.548          -8.593           26.680
 1251 (vir)     1          26.605          -7.374          -1.597          -8.724           26.358
 1252 (vir)     1          26.611          -7.101          -1.618          -8.777           26.669
 1253 (vir)     1          26.630          -7.135          -1.569          -8.712           26.638
 1254 (vir)     1          26.652          -7.454          -1.652          -8.894           26.439
 1255 (vir)     1          26.737          -7.035          -1.615          -8.859           26.946
 1256 (vir)     1          26.741          -6.795          -1.480          -8.415           26.881
 1257 (vir)     1          26.840          -7.612          -1.622          -8.756           26.362
 1258 (vir)     1          26.848          -7.007          -1.542          -8.582           26.881
 1259 (vir)     1          26.856          -7.204          -1.573          -8.691           26.769
 1260 (vir)     1          26.901          -6.431          -1.529          -8.588           27.530
 1261 (vir)     1          26.914          -7.398          -1.650          -8.950           26.815
 1262 (vir)     1          26.924          -7.778          -1.741          -9.166           26.572
 1263 (vir)     1          26.954          -7.262          -1.611          -8.788           26.869
 1264 (vir)     1          27.040          -7.535          -1.596          -8.739           26.649
 1265 (vir)     1          27.115          -7.515          -1.596          -8.800           26.803
 1266 (vir)     1          27.132          -6.791          -1.549          -8.632           27.425
 1267 (vir)     1          27.186          -6.979          -1.572          -8.717           27.353
 1268 (vir)     1          27.246          -7.103          -1.591          -8.811           27.363
 1269 (vir)     1          27.268          -7.097          -1.522          -8.594           27.244
 1270 (vir)     1          27.292          -7.052          -1.537          -8.606           27.308
 1271 (vir)     1          27.311          -7.290          -1.615          -8.837           27.243
 1272 (vir)     1          27.356          -7.130          -1.581          -8.737           27.382
 1273 (vir)     1          27.368          -7.193          -1.513          -8.462           27.124
 1274 (vir)     1          27.404          -7.320          -1.576          -8.786           27.294
 1275 (vir)     1          27.431          -7.206          -1.541          -8.582           27.267
 1276 (vir)     1          27.443          -7.227          -1.567          -8.766           27.415
 1277 (vir)     1          27.516          -6.998          -1.489          -8.573           27.603
 1278 (vir)     1          27.537          -7.884          -1.658          -9.053           27.049
 1279 (vir)     1          27.606          -7.614          -1.513          -8.433           26.913
 1280 (vir)     1          27.665          -7.522          -1.538          -8.568           27.172
 1281 (vir)     1          27.697          -7.104          -1.550          -8.689           27.732
 1282 (vir)     1          27.733          -7.328          -1.538          -8.643           27.510
 1283 (vir)     1          27.814          -7.624          -1.661          -9.124           27.652
 1284 (vir)     1          27.844          -7.454          -1.612          -8.941           27.719
 1285 (vir)     1          27.863          -7.769          -1.535          -8.627           27.187
 1286 (vir)     1          27.892          -7.608          -1.655          -9.067           27.697
 1287 (vir)     1          27.963          -7.247          -1.517          -8.478           27.677
 1288 (vir)     1          27.969          -6.943          -1.459          -8.427           27.994
 1289 (vir)     1          27.971          -7.243          -1.614          -8.956           28.070
 1290 (vir)     1          28.016          -7.219          -1.540          -8.608           27.865
 1291 (vir)     1          28.111          -7.705          -1.574          -8.876           27.708
 1292 (vir)     1          28.118          -7.317          -1.512          -8.561           27.851
 1293 (vir)     1          28.174          -7.234          -1.520          -8.598           28.018
 1294 (vir)     1          28.236          -6.511          -1.488          -8.549           28.787
 1295 (vir)     1          28.269          -8.006          -1.523          -8.677           27.417
 1296 (vir)     1          28.284          -7.508          -1.506          -8.568           27.838
 1297 (vir)     1          28.349          -7.667          -1.575          -8.797           27.904
 1298 (vir)     1          28.379          -6.135          -1.420          -8.287           29.111
 1299 (vir)     1          28.440          -7.571          -1.543          -8.715           28.042
 1300 (vir)     1          28.451          -6.713          -1.496          -8.645           28.887
 1301 (vir)     1          28.524           2.796          -1.449          -8.488           38.359
 1302 (vir)     1          28.582          -6.885          -1.487          -8.511           28.722
 1303 (vir)     1          28.627          -7.805          -1.516          -8.615           27.922
 1304 (vir)     1          28.628          -6.943          -1.563          -8.767           28.889
 1305 (vir)     1          28.680          -7.483          -1.502          -8.627           28.321
 1306 (vir)     1          28.713          -6.823          -1.435          -8.476           28.931
 1307 (vir)     1          28.761          -7.079          -1.529          -8.725           28.878
 1308 (vir)     1          28.832          -7.306          -1.420          -8.392           28.498
 1309 (vir)     1          28.850          -8.081          -1.536          -8.685           27.918
 1310 (vir)     1          28.870          -7.363          -1.502          -8.571           28.577
 1311 (vir)     1          28.943           4.212          -1.496          -8.581           40.240
 1312 (vir)     1          28.982          -7.202          -1.449          -8.463           28.795
 1313 (vir)     1          29.022          -5.445          -1.444          -8.492           30.625
 1314 (vir)     1          29.048          -7.329          -1.508          -8.693           28.905
 1315 (vir)     1          29.074          -7.206          -1.439          -8.487           28.916
 1316 (vir)     1          29.106          -7.254          -1.472          -8.491           28.871
 1317 (vir)     1          29.134           3.927          -1.465          -8.561           40.157
 1318 (vir)     1          29.146          -7.566          -1.499          -8.588           28.670
 1319 (vir)     1          29.184          -7.127          -1.455          -8.564           29.165
 1320 (vir)     1          29.201           4.234          -1.554          -8.837           40.718
 1321 (vir)     1          29.232          -7.497          -1.555          -8.963           29.143
 1322 (vir)     1          29.242          -6.677          -1.546          -8.811           29.830
 1323 (vir)     1          29.300          -7.446          -1.479          -8.688           29.063
 1324 (vir)     1          29.449          -6.372          -1.485          -8.757           30.349
 1325 (vir)     1          29.466           4.052          -1.473          -8.644           40.689
 1326 (vir)     1          29.520           4.221          -1.414          -8.436           40.763
 1327 (vir)     1          29.609           4.092          -1.415          -8.420           40.706
 1328 (vir)     1          29.618          -6.515          -1.545          -8.913           30.470
 1329 (vir)     1          29.656          -7.065          -1.472          -8.598           29.717
 1330 (vir)     1          29.670          -7.470          -1.480          -8.565           29.285
 1331 (vir)     1          29.726           4.072          -1.400          -8.375           40.773
 1332 (vir)     1          29.742           4.274          -1.504          -8.865           41.377
 1333 (vir)     1          29.891           4.159          -1.513          -8.789           41.326
 1334 (vir)     1          29.906           4.124          -1.451          -8.683           41.262
 1335 (vir)     1          29.918          -6.636          -1.500          -8.773           30.556
 1336 (vir)     1          29.966          -6.130          -1.363          -8.209           30.681
 1337 (vir)     1          29.992           3.952          -1.420          -8.455           40.978
 1338 (vir)     1          30.054           4.097          -1.431          -8.506           41.226
 1339 (vir)     1          30.076           4.148          -1.440          -8.632           41.415
 1340 (vir)     1          30.098           3.968          -1.400          -8.430           41.097
 1341 (vir)     1          30.151           4.057          -1.384          -8.395           41.219
 1342 (vir)     1          30.194           4.154          -1.480          -8.724           41.592
 1343 (vir)     1          30.215           4.105          -1.471          -8.651           41.501
 1344 (vir)     1          30.276           4.205          -1.431          -8.634           41.685
 1345 (vir)     1          30.304           3.967          -1.416          -8.426           41.280
 1346 (vir)     1          30.339           4.229          -1.470          -8.734           41.832
 1347 (vir)     1          30.401           4.071          -1.480          -8.690           41.683
 1348 (vir)     1          30.414           4.352          -1.471          -8.797           42.092
 1349 (vir)     1          30.457          -8.057          -1.458          -8.662           29.604
 1350 (vir)     1          30.474           3.996          -1.355          -8.327           41.442
 1351 (vir)     1          30.520           3.982          -1.414          -8.537           41.625
 1352 (vir)     1          30.583           3.888          -1.422          -8.495           41.544
 1353 (vir)     1          30.614          -8.473          -1.457          -8.504           29.187
 1354 (vir)     1          30.626          -8.075          -1.379          -8.336           29.508
 1355 (vir)     1          30.656           3.966          -1.436          -8.605           41.791
 1356 (vir)     1          30.661           3.965          -1.445          -8.590           41.771
 1357 (vir)     1          30.722           4.118          -1.448          -8.655           42.047
 1358 (vir)     1          30.769          -8.539          -1.413          -8.394           29.210
 1359 (vir)     1          30.780           3.635          -1.394          -8.295           41.317
 1360 (vir)     1          30.801           3.851          -1.408          -8.502           41.745
 1361 (vir)     1          30.818           3.905          -1.381          -8.401           41.743
 1362 (vir)     1          30.913           3.928          -1.361          -8.336           41.815
 1363 (vir)     1          30.923           3.973          -1.341          -8.335           41.890
 1364 (vir)     1          30.931           4.043          -1.378          -8.446           42.043
 1365 (vir)     1          30.934           3.887          -1.396          -8.430           41.855
 1366 (vir)     1          31.038           3.826          -1.313          -8.199           41.750
 1367 (vir)     1          31.071           3.851          -1.355          -8.259           41.827
 1368 (vir)     1          31.119           3.937          -1.416          -8.623           42.262
 1369 (vir)     1          31.132          -5.762          -1.316          -8.149           32.204
 1370 (vir)     1          31.201          -6.528          -1.448          -8.694           31.920
 1371 (vir)     1          31.210           3.838          -1.364          -8.374           42.059
 1372 (vir)     1          31.243           3.915          -1.362          -8.441           42.236
 1373 (vir)     1          31.312           3.932          -1.420          -8.688           42.512
 1374 (vir)     1          31.327           3.982          -1.373          -8.499           42.435
 1375 (vir)     1          31.466           3.815          -1.314          -8.255           42.222
 1376 (vir)     1          31.487           3.792          -1.359          -8.380           42.300
 1377 (vir)     1          31.491          -6.051          -1.341          -8.335           32.435
 1378 (vir)     1          31.548           3.968          -1.381          -8.518           42.653
 1379 (vir)     1          31.553           4.013          -1.392          -8.604           42.778
 1380 (vir)     1          31.668           3.960          -1.392          -8.582           42.818
 1381 (vir)     1          31.671           3.947          -1.327          -8.395           42.686
 1382 (vir)     1          31.740           3.796          -1.305          -8.217           42.448
 1383 (vir)     1          31.759           3.782          -1.341          -8.433           42.633
 1384 (vir)     1          31.836          -6.338          -1.311          -8.265           32.451
 1385 (vir)     1          31.901          -6.184          -1.321          -8.390           32.785
 1386 (vir)     1          31.908           3.738          -1.328          -8.304           42.623
 1387 (vir)     1          31.931           3.568          -1.223          -7.926           42.203
 1388 (vir)     1          31.972           3.904          -1.343          -8.469           43.002
 1389 (vir)     1          32.062           3.640          -1.336          -8.429           42.795
 1390 (vir)     1          32.087          -5.841          -1.237          -7.973           32.982
 1391 (vir)     1          32.122           3.983          -1.381          -8.661           43.385
 1392 (vir)     1          32.156          -6.539          -1.357          -8.608           32.868
 1393 (vir)     1          32.207          -5.515          -1.369          -8.687           34.011
 1394 (vir)     1          32.214           3.912          -1.296          -8.267           43.096
 1395 (vir)     1          32.281           3.436          -1.305          -8.216           42.629
 1396 (vir)     1          32.328          -5.932          -1.279          -8.217           33.335
 1397 (vir)     1          32.349           3.740          -1.270          -8.231           43.050
 1398 (vir)     1          32.375          -5.707          -1.390          -8.694           33.972
 1399 (vir)     1          32.438           3.719          -1.284          -8.237           43.111
 1400 (vir)     1          32.491          -6.177          -1.291          -8.315           33.339
 1401 (vir)     1          32.536           3.529          -1.310          -8.298           43.053
 1402 (vir)     1          32.619          -6.558          -1.280          -8.187           32.968
 1403 (vir)     1          32.621           3.675          -1.308          -8.376           43.363
 1404 (vir)     1          32.720          -6.059          -1.241          -8.038           33.459
 1405 (vir)     1          32.759          -6.206          -1.291          -8.272           33.534
 1406 (vir)     1          32.804           3.504          -1.316          -8.347           43.341
 1407 (vir)     1          32.817           3.968          -1.366          -8.737           44.156
 1408 (vir)     1          32.879           3.544          -1.263          -8.141           43.301
 1409 (vir)     1          32.951          -5.519          -1.205          -7.954           34.181
 1410 (vir)     1          33.015          -5.431          -1.293          -8.199           34.489
 1411 (vir)     1          33.026          -4.940          -1.312          -8.272           35.046
 1412 (vir)     1          33.122          -6.385          -1.322          -8.366           33.781
 1413 (vir)     1          33.175          -5.467          -1.160          -7.850           34.396
 1414 (vir)     1          33.258          -5.646          -1.261          -8.115           34.466
 1415 (vir)     1          33.258           3.639          -1.317          -8.439           44.018
 1416 (vir)     1          33.304           3.445          -1.294          -8.310           43.765
 1417 (vir)     1          33.312          -4.061          -1.304          -8.414           36.360
 1418 (vir)     1          33.344          -5.484          -1.286          -8.327           34.902
 1419 (vir)     1          33.481          -5.713          -1.281          -8.250           34.738
 1420 (vir)     1          33.505           3.482          -1.279          -8.270           43.979
 1421 (vir)     1          33.569          -6.587          -1.277          -8.344           34.049
 1422 (vir)     1          33.581          -5.370          -1.304          -8.349           35.257
 1423 (vir)     1          33.606          -6.571          -1.368          -8.645           34.312
 1424 (vir)     1          33.681           3.505          -1.335          -8.459           44.310
 1425 (vir)     1          33.761          -5.909          -1.282          -8.294           34.863
 1426 (vir)     1          33.834          -6.767          -1.235          -8.071           33.904
 1427 (vir)     1          33.865          -4.148          -1.283          -8.317           36.752
 1428 (vir)     1          33.886          -5.059          -1.190          -7.892           35.530
 1429 (vir)     1          33.944          -6.535          -1.355          -8.570           34.623
 1430 (vir)     1          33.951          -6.288          -1.271          -8.277           34.669
 1431 (vir)     1          34.028          -6.730          -1.269          -8.101           34.131
 1432 (vir)     1          34.076           3.405          -1.255          -8.194           44.420
 1433 (vir)     1          34.099           3.767          -1.385          -8.770           45.251
 1434 (vir)     1          34.134           3.478          -1.368          -8.693           44.937
 1435 (vir)     1          34.155          -6.139          -1.308          -8.336           35.045
 1436 (vir)     1          34.171          -6.273          -1.273          -8.260           34.884
 1437 (vir)     1          34.189          -6.008          -1.259          -8.148           35.069
 1438 (vir)     1          34.272          -6.960          -1.320          -8.520           34.511
 1439 (vir)     1          34.347          -5.513          -1.298          -8.382           35.918
 1440 (vir)     1          34.418          -6.896          -1.337          -8.324           34.509
 1441 (vir)     1          34.437          -6.835          -1.347          -8.507           34.762
 1442 (vir)     1          34.503          -6.688          -1.253          -8.236           34.798
 1443 (vir)     1          34.549          -5.244          -1.272          -8.345           36.377
 1444 (vir)     1          34.619          -6.070          -1.234          -8.248           35.562
 1445 (vir)     1          34.647          -6.608          -1.307          -8.405           35.137
 1446 (vir)     1          34.720           3.199          -1.250          -8.084           44.753
 1447 (vir)     1          34.721          -6.366          -1.289          -8.490           35.557
 1448 (vir)     1          34.798           3.366          -1.319          -8.481           45.326
 1449 (vir)     1          34.831          -5.545          -1.242          -8.195           36.239
 1450 (vir)     1          34.873          -5.899          -1.217          -8.060           35.817
 1451 (vir)     1          34.946          -6.269          -1.319          -8.496           35.854
 1452 (vir)     1          34.990          -6.050          -1.265          -8.265           35.941
 1453 (vir)     1          35.026          -5.937          -1.282          -8.311           36.118
 1454 (vir)     1          35.041          -5.023          -1.285          -8.402           37.134
 1455 (vir)     1          35.108          -4.997          -1.193          -7.998           36.915
 1456 (vir)     1          35.172          -6.084          -1.242          -8.219           36.065
 1457 (vir)     1          35.194          -5.987          -1.249          -8.199           36.157
 1458 (vir)     1          35.283          -6.360          -1.278          -8.327           35.972
 1459 (vir)     1          35.325           3.073          -1.259          -8.258           45.396
 1460 (vir)     1          35.412           3.329          -1.333          -8.483           45.891
 1461 (vir)     1          35.422          -6.176          -1.263          -8.217           36.199
 1462 (vir)     1          35.442           3.199          -1.250          -8.279           45.669
 1463 (vir)     1          35.485          -6.194          -1.330          -8.469           36.430
 1464 (vir)     1          35.591          -6.094          -1.322          -8.523           36.698
 1465 (vir)     1          35.640          -6.742          -1.373          -8.784           36.308
 1466 (vir)     1          35.748          -6.002          -1.252          -8.283           36.778
 1467 (vir)     1          35.779          -6.287          -1.263          -8.138           36.367
 1468 (vir)     1          35.797          -5.576          -1.249          -8.140           37.112
 1469 (vir)     1          35.836          -4.331          -1.245          -8.189           38.449
 1470 (vir)     1          35.885          -5.302          -1.316          -8.443           37.710
 1471 (vir)     1          35.951          -5.205          -1.212          -8.088           37.622
 1472 (vir)     1          35.964          -5.779          -1.286          -8.430           37.328
 1473 (vir)     1          35.990           2.924          -1.272          -8.427           46.069
 1474 (vir)     1          36.113          -6.143          -1.256          -8.259           36.972
 1475 (vir)     1          36.117           3.080          -1.285          -8.330           46.243
 1476 (vir)     1          36.156           3.019          -1.240          -8.224           46.159
 1477 (vir)     1          36.206           3.293          -1.391          -8.741           46.849
 1478 (vir)     1          36.257           3.133          -1.259          -8.271           46.403
 1479 (vir)     1          36.295           3.153          -1.265          -8.343           46.525
 1480 (vir)     1          36.404          -5.916          -1.262          -8.497           37.724
 1481 (vir)     1          36.432          -6.598          -1.353          -8.672           37.153
 1482 (vir)     1          36.507           3.306          -1.293          -8.555           47.076
 1483 (vir)     1          36.532          -5.920          -1.301          -8.513           37.824
 1484 (vir)     1          36.549           3.094          -1.283          -8.418           46.778
 1485 (vir)     1          36.623           3.089          -1.306          -8.451           46.857
 1486 (vir)     1          36.658          -4.802          -1.265          -8.262           38.853
 1487 (vir)     1          36.696           3.138          -1.289          -8.428           46.974
 1488 (vir)     1          36.741           2.966          -1.248          -8.187           46.645
 1489 (vir)     1          36.840           3.144          -1.358          -8.694           47.319
 1490 (vir)     1          36.889           3.079          -1.185          -8.063           46.847
 1491 (vir)     1          36.912           2.952          -1.261          -8.406           47.009
 1492 (vir)     1          37.021           3.155          -1.366          -8.768           47.578
 1493 (vir)     1          37.049           2.962          -1.237          -8.194           46.967
 1494 (vir)     1          37.145           3.168          -1.347          -8.632           47.598
 1495 (vir)     1          37.169           3.036          -1.246          -8.313           47.273
 1496 (vir)     1          37.234           3.068          -1.251          -8.326           47.377
 1497 (vir)     1          37.272           3.095          -1.304          -8.479           47.542
 1498 (vir)     1          37.355           3.123          -1.269          -8.433           47.642
 1499 (vir)     1          37.358           2.972          -1.276          -8.436           47.490
 1500 (vir)     1          37.454           2.913          -1.152          -8.009           47.224
 1501 (vir)     1          37.486           2.910          -1.243          -8.266           47.419
 1502 (vir)     1          37.564           3.061          -1.248          -8.375           47.752
 1503 (vir)     1          37.574           2.908          -1.315          -8.556           47.723
 1504 (vir)     1          37.587           3.128          -1.277          -8.459           47.897
 1505 (vir)     1          37.689           3.219          -1.332          -8.708           48.284
 1506 (vir)     1          37.696           3.205          -1.303          -8.582           48.180
 1507 (vir)     1          37.764           3.000          -1.251          -8.360           47.873
 1508 (vir)     1          37.778           3.000          -1.298          -8.567           48.046
 1509 (vir)     1          37.830           2.860          -1.220          -8.313           47.783
 1510 (vir)     1          37.845           3.185          -1.271          -8.541           48.300
 1511 (vir)     1          37.883           3.081          -1.247          -8.383           48.099
 1512 (vir)     1          37.925           2.970          -1.189          -8.096           47.802
 1513 (vir)     1          38.014           3.077          -1.299          -8.629           48.421
 1514 (vir)     1          38.017           2.693          -1.252          -8.511           47.968
 1515 (vir)     1          38.126           3.017          -1.316          -8.686           48.513
 1516 (vir)     1          38.154           3.292          -1.305          -8.650           48.789
 1517 (vir)     1          38.187           2.967          -1.362          -8.917           48.708
 1518 (vir)     1          38.331           2.941          -1.356          -8.805           48.720
 1519 (vir)     1          38.337           3.036          -1.268          -8.462           48.567
 1520 (vir)     1          38.380           3.100          -1.283          -8.634           48.831
 1521 (vir)     1          38.410           2.986          -1.238          -8.375           48.532
 1522 (vir)     1          38.476           2.931          -1.157          -8.043           48.293
 1523 (vir)     1          38.553           2.925          -1.273          -8.518           48.724
 1524 (vir)     1          38.555           2.803          -1.191          -8.175           48.340
 1525 (vir)     1          38.629           3.049          -1.274          -8.563           48.967
 1526 (vir)     1          38.697           2.806          -1.280          -8.546           48.770
 1527 (vir)     1          38.714           3.071          -1.199          -8.311           48.898
 1528 (vir)     1          38.818           3.040          -1.282          -8.641           49.217
 1529 (vir)     1          38.830           2.836          -1.267          -8.619           49.018
 1530 (vir)     1          38.894           2.854          -1.183          -8.252           48.816
 1531 (vir)     1          38.926           2.940          -1.261          -8.483           49.087
 1532 (vir)     1          39.014           2.941          -1.285          -8.592           49.262
 1533 (vir)     1          39.029           2.718          -1.267          -8.550           49.030
 1534 (vir)     1          39.066           3.032          -1.331          -8.816           49.584
 1535 (vir)     1          39.093           2.772          -1.295          -8.522           49.093
 1536 (vir)     1          39.147           2.890          -1.224          -8.354           49.165
 1537 (vir)     1          39.202           2.867          -1.150          -8.004           48.924
 1538 (vir)     1          39.211           2.773          -1.222          -8.351           49.113
 1539 (vir)     1          39.293           2.938          -1.281          -8.736           49.686
 1540 (vir)     1          39.357           2.971          -1.332          -8.832           49.829
 1541 (vir)     1          39.463           2.674          -1.229          -8.426           49.334
 1542 (vir)     1          39.493           2.945          -1.228          -8.377           49.587
 1543 (vir)     1          39.623           2.770          -1.266          -8.519           49.646
 1544 (vir)     1          39.693           2.836          -1.282          -8.598           49.845
 1545 (vir)     1          39.712           2.738          -1.286          -8.656           49.820
 1546 (vir)     1          39.773           2.678          -1.303          -8.759           49.907
 1547 (vir)     1          39.815           2.946          -1.325          -8.805           50.240
 1548 (vir)     1          39.840           2.693          -1.230          -8.430           49.733
 1549 (vir)     1          39.922           2.914          -1.324          -8.742           50.253
 1550 (vir)     1          39.928           2.977          -1.327          -8.807           50.386
 1551 (vir)     1          40.024           2.731          -1.247          -8.531           50.039
 1552 (vir)     1          40.042           2.719          -1.270          -8.626           50.117
 1553 (vir)     1          40.079           2.815          -1.272          -8.674           50.296
 1554 (vir)     1          40.155           2.824          -1.299          -8.746           50.426
 1555 (vir)     1          40.202           2.707          -1.282          -8.729           50.356
 1556 (vir)     1          40.266           2.871          -1.247          -8.453           50.343
 1557 (vir)     1          40.412           2.896          -1.307          -8.857           50.858
 1558 (vir)     1          40.418           2.834          -1.266          -8.565           50.551
 1559 (vir)     1          40.466           2.676          -1.265          -8.687           50.563
 1560 (vir)     1          40.604           2.738          -1.224          -8.408           50.525
 1561 (vir)     1          40.635           2.791          -1.235          -8.501           50.692
 1562 (vir)     1          40.746           2.925          -1.326          -8.917           51.263
 1563 (vir)     1          40.814           2.871          -1.287          -8.765           51.163
 1564 (vir)     1          40.838           2.623          -1.309          -8.902           51.055
 1565 (vir)     1          40.923           2.790          -1.252          -8.608           51.069
 1566 (vir)     1          40.947           2.784          -1.309          -8.835           51.257
 1567 (vir)     1          40.999           2.853          -1.346          -9.072           51.579
 1568 (vir)     1          41.100           2.594          -1.215          -8.468           50.946
 1569 (vir)     1          41.121           2.496          -1.237          -8.695           51.075
 1570 (vir)     1          41.194           2.820          -1.275          -8.792           51.531
 1571 (vir)     1          41.225           2.518          -1.309          -8.785           51.220
 1572 (vir)     1          41.365           2.580          -1.314          -8.882           51.513
 1573 (vir)     1          41.415           2.621          -1.254          -8.709           51.491
 1574 (vir)     1          41.490           2.591          -1.201          -8.548           51.426
 1575 (vir)     1          41.602           2.810          -1.304          -8.882           51.991
 1576 (vir)     1          41.605           2.546          -1.209          -8.595           51.537
 1577 (vir)     1          41.747           2.403          -1.251          -8.717           51.615
 1578 (vir)     1          41.753           2.775          -1.297          -8.886           52.117
 1579 (vir)     1          41.754           2.673          -1.264          -8.665           51.828
 1580 (vir)     1          41.818           2.621          -1.232          -8.573           51.780
 1581 (vir)     1          41.854           2.720          -1.328          -8.972           52.219
 1582 (vir)     1          41.894           2.586          -1.288          -8.782           51.975
 1583 (vir)     1          42.002           2.366          -1.213          -8.623           51.777
 1584 (vir)     1          42.031           2.707          -1.297          -8.869           52.311
 1585 (vir)     1          42.123           2.527          -1.239          -8.643           52.054
 1586 (vir)     1          42.172           2.583          -1.201          -8.479           52.033
 1587 (vir)     1          42.178           2.512          -1.304          -8.887           52.273
 1588 (vir)     1          42.251           2.551          -1.225          -8.519           52.096
 1589 (vir)     1          42.265           2.672          -1.253          -8.830           52.513
 1590 (vir)     1          42.350           2.674          -1.287          -8.910           52.646
 1591 (vir)     1          42.423           2.505          -1.188          -8.466           52.206
 1592 (vir)     1          42.519           2.636          -1.268          -8.884           52.770
 1593 (vir)     1          42.568           2.470          -1.267          -8.863           52.634
 1594 (vir)     1          42.631           2.353          -1.220          -8.647           52.412
 1595 (vir)     1          42.722           2.532          -1.239          -8.736           52.751
 1596 (vir)     1          42.799           2.500          -1.202          -8.599           52.696
 1597 (vir)     1          42.852           2.635          -1.254          -8.864           53.096
 1598 (vir)     1          42.976           2.674          -1.250          -8.860           53.259
 1599 (vir)     1          42.981           2.518          -1.327          -9.052           53.224
 1600 (vir)     1          43.006           2.673          -1.251          -8.799           53.227
 1601 (vir)     1          43.083           2.413          -1.232          -8.775           53.039
 1602 (vir)     1          43.124           2.630          -1.271          -8.997           53.480
 1603 (vir)     1          43.179           2.389          -1.205          -8.617           52.980
 1604 (vir)     1          43.231           2.682          -1.305          -9.139           53.747
 1605 (vir)     1          43.306           2.594          -1.246          -8.858           53.511
 1606 (vir)     1          43.375           2.488          -1.289          -9.013           53.586
 1607 (vir)     1          43.446           2.505          -1.261          -9.007           53.697
 1608 (vir)     1          43.522           2.386          -1.189          -8.678           53.396
 1609 (vir)     1          43.527           2.354          -1.188          -8.507           53.199
 1610 (vir)     1          43.583           2.451          -1.208          -8.711           53.536
 1611 (vir)     1          43.599           2.343          -1.216          -8.675           53.401
 1612 (vir)     1          43.833           2.522          -1.239          -8.924           54.041
 1613 (vir)     1          43.836           2.282          -1.196          -8.691           53.613
 1614 (vir)     1          43.882           2.468          -1.242          -8.820           53.928
 1615 (vir)     1          43.928           2.256          -1.146          -8.441           53.479
 1616 (vir)     1          43.929           2.645          -1.299          -9.182           54.458
 1617 (vir)     1          44.117           2.534          -1.268          -9.017           54.400
 1618 (vir)     1          44.170           2.338          -1.194          -8.647           53.961
 1619 (vir)     1          44.192           2.707          -1.296          -9.108           54.711
 1620 (vir)     1          44.309           2.594          -1.329          -9.266           54.840
 1621 (vir)     1          44.339           2.896          -1.247          -8.939           54.927
 1622 (vir)     1          44.365           2.322          -1.273          -9.009           54.423
 1623 (vir)     1          44.466           2.700          -1.232          -8.907           54.841
 1624 (vir)     1          44.470           2.314          -1.220          -8.876           54.440
 1625 (vir)     1          44.537           2.473          -1.245          -8.854           54.619
 1626 (vir)     1          44.555           2.628          -1.230          -9.010           54.963
 1627 (vir)     1          44.657           2.552          -1.199          -8.691           54.701
 1628 (vir)     1          44.868           2.879          -1.197          -8.706           55.256
 1629 (vir)     1          44.931           2.552          -1.267          -9.000           55.215
 1630 (vir)     1          44.979           2.762          -1.230          -8.962           55.473
 1631 (vir)     1          44.994           2.209          -1.159          -8.568           54.612
 1632 (vir)     1          45.056           2.163          -1.116          -8.411           54.513
 1633 (vir)     1          45.090           2.300          -1.235          -8.893           55.049
 1634 (vir)     1          45.263           2.488          -1.262          -9.094           55.583
 1635 (vir)     1          45.290           2.229          -1.188          -8.698           55.029
 1636 (vir)     1          45.345           2.942          -1.296          -9.150           56.141
 1637 (vir)     1          45.369           2.219          -1.237          -8.871           55.222
 1638 (vir)     1          45.442           2.541          -1.239          -8.834           55.578
 1639 (vir)     1          45.523           2.918          -1.213          -8.851           56.079
 1640 (vir)     1          45.649           1.960          -1.157          -8.629           55.080
 1641 (vir)     1          45.723           3.179          -1.233          -9.075           56.745
 1642 (vir)     1          45.821           2.425          -1.304          -9.281           56.222
 1643 (vir)     1          45.839           2.288          -1.265          -9.081           55.942
 1644 (vir)     1          45.839           2.195          -1.239          -8.964           55.759
 1645 (vir)     1          45.939           2.500          -1.265          -9.079           56.253
 1646 (vir)     1          45.994           2.193          -1.152          -8.633           55.667
 1647 (vir)     1          46.039           2.801          -1.230          -8.997           56.607
 1648 (vir)     1          46.190           2.793          -1.254          -9.069           56.798
 1649 (vir)     1          46.192           2.705          -1.215          -8.888           56.570
 1650 (vir)     1          46.332           2.520          -1.401          -9.735           57.186
 1651 (vir)     1          46.410           2.052          -1.217          -8.969           56.213
 1652 (vir)     1          46.454           2.024          -1.152          -8.602           55.929
 1653 (vir)     1          46.493           2.316          -1.220          -8.912           56.501
 1654 (vir)     1          46.504           3.050          -1.199          -8.869           57.224
 1655 (vir)     1          46.567           2.342          -1.236          -8.994           56.667
 1656 (vir)     1          46.677           1.984          -1.122          -8.558           56.098
 1657 (vir)     1          46.792           2.816          -1.151          -8.645           57.102
 1658 (vir)     1          46.889           2.785          -1.229          -8.941           57.386
 1659 (vir)     1          46.951           2.540          -1.242          -9.050           57.298
 1660 (vir)     1          47.011           2.555          -1.171          -8.767           57.162
 1661 (vir)     1          47.101           2.874          -1.165          -8.745           57.555
 1662 (vir)     1          47.177           2.031          -1.224          -8.985           56.969
 1663 (vir)     1          47.215           2.990          -1.160          -8.819           57.863
 1664 (vir)     1          47.356           2.058          -1.283          -9.197           57.328
 1665 (vir)     1          47.519           2.757          -1.183          -8.835           57.927
 1666 (vir)     1          47.520           2.910          -1.210          -9.007           58.227
 1667 (vir)     1          47.583           2.049          -1.180          -8.832           57.284
 1668 (vir)     1          47.649           2.162          -1.200          -8.832           57.444
 1669 (vir)     1          47.652           2.128          -1.204          -8.971           57.548
 1670 (vir)     1          47.874           2.088          -1.217          -8.999           57.745
 1671 (vir)     1          47.883           2.490          -1.194          -8.906           58.085
 1672 (vir)     1          47.996           2.694          -1.156          -8.850           58.384
 1673 (vir)     1          48.062           2.762          -1.126          -8.717           58.415
 1674 (vir)     1          48.084           3.102          -1.217          -9.013           58.981
 1675 (vir)     1          48.185           3.060          -1.183          -9.001           59.064
 1676 (vir)     1          48.292           2.725          -1.223          -9.074           58.869
 1677 (vir)     1          48.406           2.408          -1.211          -9.034           58.637
 1678 (vir)     1          48.494           2.625          -1.177          -8.953           58.895
 1679 (vir)     1          48.612           2.788          -1.267          -9.214           59.347
 1680 (vir)     1          48.729           2.449          -1.296          -9.305           59.186
 1681 (vir)     1          48.837           2.666          -1.192          -8.953           59.263
 1682 (vir)     1          48.896           2.463          -1.184          -8.914           59.089
 1683 (vir)     1          48.903           2.383          -1.239          -9.111           59.158
 1684 (vir)     1          49.089           2.230          -1.203          -9.031           59.147
 1685 (vir)     1          49.091           2.392          -1.257          -9.225           59.451
 1686 (vir)     1          49.239           2.185          -1.178          -8.825           59.070
 1687 (vir)     1          49.297           2.189          -1.217          -8.988           59.257
 1688 (vir)     1          49.333           2.992          -1.177          -8.955           60.103
 1689 (vir)     1          49.584           2.003          -1.168          -9.005           59.424
 1690 (vir)     1          49.637           2.300          -1.201          -9.010           59.746
 1691 (vir)     1          49.723           2.317          -1.280          -9.285           60.046
 1692 (vir)     1          49.744           2.406          -1.247          -9.295           60.198
 1693 (vir)     1          49.767           1.921          -1.164          -8.852           59.376
 1694 (vir)     1          49.860           2.212          -1.247          -9.254           60.080
 1695 (vir)     1          50.024           2.670          -1.251          -9.133           60.575
 1696 (vir)     1          50.024           2.603          -1.183          -9.000           60.445
 1697 (vir)     1          50.132           2.081          -1.110          -8.734           59.836
 1698 (vir)     1          50.161           2.366          -1.280          -9.341           60.587
 1699 (vir)     1          50.276           2.281          -1.332          -9.418           60.643
 1700 (vir)     1          50.319           2.601          -1.320          -9.506           61.106
 1701 (vir)     1          50.362           2.707          -1.143          -8.842           60.768
 1702 (vir)     1          50.429           2.283          -1.177          -9.080           60.616
 1703 (vir)     1          50.477           2.481          -1.187          -9.082           60.853
 1704 (vir)     1          50.644           2.385          -1.350          -9.727           61.406
 1705 (vir)     1          50.692           2.087          -1.295          -9.417           60.901
 1706 (vir)     1          50.720           1.931          -1.157          -8.957           60.451
 1707 (vir)     1          50.751           2.146          -1.307          -9.549           61.140
 1708 (vir)     1          50.989           2.090          -1.270          -9.321           61.129
 1709 (vir)     1          51.078           2.193          -1.097          -8.702           60.877
 1710 (vir)     1          51.197           2.408          -1.290          -9.518           61.834
 1711 (vir)     1          51.376           2.141          -1.305          -9.459           61.671
 1712 (vir)     1          51.468           2.678          -1.232          -9.236           62.150
 1713 (vir)     1          51.584           2.535          -1.291          -9.516           62.344
 1714 (vir)     1          51.707           2.189          -1.351          -9.642           62.186
 1715 (vir)     1          51.734           2.169          -1.304          -9.432           62.031
 1716 (vir)     1          51.832           2.069          -1.281          -9.420           62.040
 1717 (vir)     1          51.935           2.117          -1.352          -9.581           62.281
 1718 (vir)     1          51.947           1.951          -1.276          -9.418           62.041
 1719 (vir)     1          52.076           1.793          -1.223          -9.308           61.955
 1720 (vir)     1          52.161           1.984          -1.287          -9.537           62.396
 1721 (vir)     1          52.274           2.129          -1.329          -9.486           62.561
 1722 (vir)     1          52.395           1.996          -1.320          -9.504           62.575
 1723 (vir)     1          52.454           2.142          -1.292          -9.441           62.744
 1724 (vir)     1          52.496           1.871          -1.191          -9.079           62.254
 1725 (vir)     1          52.726           1.950          -1.211          -9.168           62.632
 1726 (vir)     1          52.749           1.944          -1.196          -9.093           62.591
 1727 (vir)     1          52.839           1.982          -1.291          -9.527           63.057
 1728 (vir)     1          52.913           2.242          -1.232          -9.429           63.352
 1729 (vir)     1          52.966           2.138          -1.174          -9.080           63.011
 1730 (vir)     1          53.120           1.707          -1.287          -9.558           63.098
 1731 (vir)     1          53.153           2.259          -1.224          -9.254           63.443
 1732 (vir)     1          53.215           1.937          -1.232          -9.327           63.246
 1733 (vir)     1          53.239           1.877          -1.218          -9.271           63.169
 1734 (vir)     1          53.338           2.095          -1.312          -9.583           63.704
 1735 (vir)     1          53.394           1.920          -1.275          -9.315           63.354
 1736 (vir)     1          53.456           2.451          -1.206          -9.359           64.060
 1737 (vir)     1          53.687           1.865          -1.244          -9.382           63.689
 1738 (vir)     1          53.788           1.724          -1.246          -9.268           63.534
 1739 (vir)     1          53.807           1.863          -1.306          -9.628           63.992
 1740 (vir)     1          53.869           1.837          -1.311          -9.590           63.985
 1741 (vir)     1          54.063           1.237          -1.166          -9.167           63.301
 1742 (vir)     1          54.087           1.850          -1.239          -9.407           64.106
 1743 (vir)     1          54.225           2.018          -1.246          -9.375           64.373
 1744 (vir)     1          54.264           1.700          -1.188          -9.196           63.972
 1745 (vir)     1          54.377           1.813          -1.181          -9.244           64.253
 1746 (vir)     1          54.382           1.763          -1.245          -9.295           64.196
 1747 (vir)     1          54.537           1.879          -1.254          -9.435           64.598
 1748 (vir)     1          54.598           1.293          -1.322          -9.512           64.080
 1749 (vir)     1          54.655           1.898          -1.170          -9.190           64.572
 1750 (vir)     1          54.831           1.865          -1.148          -9.052           64.600
 1751 (vir)     1          54.869           1.767          -1.193          -9.175           64.618
 1752 (vir)     1          55.001           1.795          -1.169          -9.090           64.717
 1753 (vir)     1          55.020           1.947          -1.302          -9.467           65.132
 1754 (vir)     1          55.388           1.839          -1.247          -9.457           65.437
 1755 (vir)     1          55.397           1.934          -1.304          -9.624           65.652
 1756 (vir)     1          55.443           1.740          -1.225          -9.409           65.367
 1757 (vir)     1          55.467           1.852          -1.193          -9.242           65.368
 1758 (vir)     1          55.662           1.302          -1.242          -9.355           65.078
 1759 (vir)     1          55.694           1.697          -1.131          -9.103           65.363
 1760 (vir)     1          55.831           1.777          -1.203          -9.291           65.695
 1761 (vir)     1          55.844           1.678          -1.207          -9.383           65.698
 1762 (vir)     1          55.952           1.880          -1.231          -9.445           66.047
 1763 (vir)     1          56.005           1.436          -1.291          -9.607           65.757
 1764 (vir)     1          56.215           1.533          -1.184          -9.206           65.769
 1765 (vir)     1          56.231           1.850          -1.241          -9.520           66.360
 1766 (vir)     1          56.309           1.514          -1.247          -9.457           66.033
 1767 (vir)     1          56.342           1.700          -1.119          -9.074           65.996
 1768 (vir)     1          56.723           1.913          -1.244          -9.414           66.806
 1769 (vir)     1          56.725           1.292          -1.140          -9.147           66.024
 1770 (vir)     1          56.765           1.391          -1.396          -9.826           66.586
 1771 (vir)     1          56.853           2.004          -1.262          -9.540           67.135
 1772 (vir)     1          57.054           1.927          -1.273          -9.593           67.301
 1773 (vir)     1          57.141           1.632          -1.200          -9.342           66.914
 1774 (vir)     1          57.200           1.595          -1.114          -9.114           66.794
 1775 (vir)     1          57.257           2.016          -1.281          -9.654           67.646
 1776 (vir)     1          57.459           2.088          -1.318          -9.696           67.924
 1777 (vir)     1          57.656           1.992          -1.218          -9.423           67.852
 1778 (vir)     1          57.721           1.794          -1.196          -9.377           67.696
 1779 (vir)     1          57.890           1.549          -1.200          -9.472           67.710
 1780 (vir)     1          57.895           2.133          -1.254          -9.598           68.372
 1781 (vir)     1          58.153           1.937          -1.279          -9.619           68.431
 1782 (vir)     1          58.255           1.676          -1.221          -9.485           68.194
 1783 (vir)     1          58.461           1.901          -1.259          -9.609           68.713
 1784 (vir)     1          58.462           1.847          -1.292          -9.695           68.713
 1785 (vir)     1          58.552           1.911          -1.342          -9.860           68.981
 1786 (vir)     1          58.666           1.905          -1.299          -9.726           68.999
 1787 (vir)     1          58.975           1.853          -1.204          -9.448           69.071
 1788 (vir)     1          59.018           1.843          -1.271          -9.740           69.330
 1789 (vir)     1          59.202           1.869          -1.323          -9.804           69.552
 1790 (vir)     1          59.343           1.962          -1.175          -9.383           69.513
 1791 (vir)     1          59.718           1.717          -1.275          -9.834           69.994
 1792 (vir)     1          59.748           1.738          -1.201          -9.458           69.743
 1793 (vir)     1          59.867           1.827          -1.317          -9.827           70.204
 1794 (vir)     1          59.941           2.028          -1.213          -9.546           70.301
 1795 (vir)     1          60.147           1.807          -1.228          -9.622           70.348
 1796 (vir)     1          60.223           1.730          -1.197          -9.465           70.221
 1797 (vir)     1          60.352           1.752          -1.195          -9.507           70.416
 1798 (vir)     1          60.456           1.914          -1.340          -9.906           70.935
 1799 (vir)     1          60.656           1.756          -1.163          -9.328           70.578
 1800 (vir)     1          60.685           1.775          -1.250          -9.741           70.951
 1801 (vir)     1          60.867           1.820          -1.243          -9.793           71.237
 1802 (vir)     1          60.942           1.779          -1.294          -9.828           71.254
 1803 (vir)     1          61.033           1.732          -1.230          -9.689           71.223
 1804 (vir)     1          61.165           1.712          -1.142          -9.441           71.176
 1805 (vir)     1          61.257           1.820          -1.317          -9.976           71.735
 1806 (vir)     1          61.405           1.725          -1.209          -9.608           71.528
 1807 (vir)     1          61.414           1.729          -1.232          -9.662           71.573
 1808 (vir)     1          61.603           1.805          -1.254          -9.718           71.872
 1809 (vir)     1          61.630           1.701          -1.256          -9.658           71.734
 1810 (vir)     1          61.737           1.787          -1.186          -9.544           71.881
 1811 (vir)     1          61.893           1.759          -1.184          -9.558           72.026
 1812 (vir)     1          62.050           1.761          -1.228          -9.714           72.296
 1813 (vir)     1          62.069           1.845          -1.376         -10.137           72.676
 1814 (vir)     1          62.160           1.710          -1.315          -9.982           72.537
 1815 (vir)     1          62.302           1.895          -1.381         -10.157           72.972
 1816 (vir)     1          62.346           1.810          -1.195          -9.659           72.621
 1817 (vir)     1          62.483           1.855          -1.268          -9.885           72.956
 1818 (vir)     1          62.716           1.756          -1.204          -9.708           72.976
 1819 (vir)     1          62.733           1.723          -1.322          -9.973           73.107
 1820 (vir)     1          62.999           1.767          -1.295          -9.931           73.402
 1821 (vir)     1          63.117           1.734          -1.159          -9.556           73.248
 1822 (vir)     1          63.210           1.731          -1.216          -9.728           73.453
 1823 (vir)     1          63.219           1.735          -1.158          -9.602           73.398
 1824 (vir)     1          63.548           1.691          -1.171          -9.629           73.697
 1825 (vir)     1          63.563           1.794          -1.228          -9.789           73.918
 1826 (vir)     1          63.691           1.842          -1.346         -10.135           74.322
 1827 (vir)     1          63.723           1.878          -1.285          -9.974           74.290
 1828 (vir)     1          63.821           1.938          -1.350         -10.170           74.578
 1829 (vir)     1          63.909           1.736          -1.188          -9.717           74.174
 1830 (vir)     1          63.965           1.759          -1.332         -10.105           74.497
 1831 (vir)     1          64.015           1.836          -1.305         -10.046           74.592
 1832 (vir)     1          64.371           1.772          -1.193          -9.819           74.769
 1833 (vir)     1          64.409           1.785          -1.257          -9.976           74.914
 1834 (vir)     1          64.585           1.682          -1.189          -9.723           74.802
 1835 (vir)     1          64.659           1.759          -1.139          -9.591           74.869
 1836 (vir)     1          64.854           1.811          -1.298         -10.087           75.455
 1837 (vir)     1          64.904           1.724          -1.259          -9.926           75.295
 1838 (vir)     1          64.979           1.777          -1.332         -10.140           75.563
 1839 (vir)     1          65.304           1.793          -1.274         -10.057           75.880
 1840 (vir)     1          65.407           1.857          -1.359         -10.259           76.165
 1841 (vir)     1          65.535           1.706          -1.082          -9.500           75.659
 1842 (vir)     1          65.664           1.644          -1.010          -9.290           75.588
 1843 (vir)     1          65.716           1.710          -1.216          -9.879           76.088
 1844 (vir)     1          65.771           1.755          -1.277         -10.070           76.319
 1845 (vir)     1          65.883           1.718          -1.256          -9.953           76.299
 1846 (vir)     1          66.105           1.698          -1.120          -9.696           76.379
 1847 (vir)     1          66.138           1.599          -1.138          -9.641           76.239
 1848 (vir)     1          66.286           1.820          -1.294         -10.150           76.960
 1849 (vir)     1          66.346           1.776          -1.392         -10.394           77.125
 1850 (vir)     1          66.414           1.772          -1.270         -10.108           77.024
 1851 (vir)     1          66.758           1.709          -1.236          -9.976           77.207
 1852 (vir)     1          66.885           1.699          -1.192          -9.959           77.351
 1853 (vir)     1          66.905           1.628          -1.203          -9.911           77.240
 1854 (vir)     1          67.057           1.638          -1.166          -9.839           77.368
 1855 (vir)     1          67.295           1.588          -1.093          -9.603           77.394
 1856 (vir)     1          67.381           1.684          -1.111          -9.724           77.678
 1857 (vir)     1          67.383           1.833          -1.404         -10.507           78.320
 1858 (vir)     1          67.581           1.617          -1.147          -9.772           77.823
 1859 (vir)     1          67.643           1.796          -1.437         -10.609           78.612
 1860 (vir)     1          67.715           1.628          -1.185          -9.868           78.026
 1861 (vir)     1          67.912           1.838          -1.457         -10.695           78.988
 1862 (vir)     1          67.970           1.657          -1.190          -9.908           78.345
 1863 (vir)     1          68.158           1.626          -1.169          -9.822           78.437
 1864 (vir)     1          68.334           1.680          -1.283         -10.239           78.971
 1865 (vir)     1          68.417           1.734          -1.279         -10.233           79.105
 1866 (vir)     1          68.620           1.585          -1.198          -9.996           79.003
 1867 (vir)     1          68.642           1.620          -1.145          -9.850           78.968
 1868 (vir)     1          68.959           1.673          -1.191          -9.980           79.421
 1869 (vir)     1          69.198           1.788          -1.416         -10.641           80.211
 1870 (vir)     1          69.328           1.663          -1.134          -9.782           79.640
 1871 (vir)     1          69.688           1.709          -1.341         -10.440           80.497
 1872 (vir)     1          69.762           1.647          -1.210         -10.082           80.281
 1873 (vir)     1          69.932           1.607          -1.047          -9.618           80.109
 1874 (vir)     1          70.052           1.754          -1.329         -10.415           80.892
 1875 (vir)     1          70.134           1.724          -1.326         -10.472           81.004
 1876 (vir)     1          70.238           1.697          -1.245         -10.206           80.897
 1877 (vir)     1          70.688           1.737          -1.219         -10.211           81.417
 1878 (vir)     1          70.830           1.599          -1.138          -9.976           81.268
 1879 (vir)     1          70.903           1.723          -1.293         -10.362           81.695
 1880 (vir)     1          71.140           1.721          -1.250         -10.226           81.837
 1881 (vir)     1          71.252           1.856          -1.430         -10.838           82.515
 1882 (vir)     1          71.333           1.775          -1.464         -10.871           82.514
 1883 (vir)     1          71.378           1.752          -1.313         -10.545           82.362
 1884 (vir)     1          71.604           1.652          -1.229         -10.334           82.361
 1885 (vir)     1          71.673           1.688          -1.296         -10.447           82.511
 1886 (vir)     1          71.707           1.590          -1.103          -9.870           82.063
 1887 (vir)     1          71.753           1.767          -1.448         -10.873           82.945
 1888 (vir)     1          71.835           1.816          -1.581         -11.249           83.320
 1889 (vir)     1          72.010           1.671          -1.248         -10.248           82.681
 1890 (vir)     1          72.144           1.872          -1.561         -11.193           83.648
 1891 (vir)     1          72.361           1.489          -0.995          -9.664           82.519
 1892 (vir)     1          72.456           1.650          -1.248         -10.352           83.209
 1893 (vir)     1          72.560           1.589          -1.200         -10.192           83.141
 1894 (vir)     1          72.745           1.620          -1.236         -10.320           83.450
 1895 (vir)     1          72.909           1.690          -1.271         -10.494           83.821
 1896 (vir)     1          72.990           1.622          -1.235         -10.356           83.733
 1897 (vir)     1          73.009           1.700          -1.234         -10.383           83.858
 1898 (vir)     1          73.110           1.571          -1.173         -10.179           83.687
 1899 (vir)     1          73.320           1.597          -1.150         -10.170           83.937
 1900 (vir)     1          73.443           1.692          -1.309         -10.520           84.347
 1901 (vir)     1          73.613           1.597          -1.030          -9.826           84.006
 1902 (vir)     1          73.646           1.673          -1.218         -10.355           84.456
 1903 (vir)     1          73.941           1.522          -1.169         -10.150           84.444
 1904 (vir)     1          74.090           1.638          -1.234         -10.388           84.881
 1905 (vir)     1          74.206           1.500          -1.260         -10.429           84.875
 1906 (vir)     1          74.270           1.558          -1.292         -10.530           85.065
 1907 (vir)     1          74.505           1.560          -1.215         -10.386           85.236
 1908 (vir)     1          74.672           1.615          -1.474         -11.137           85.950
 1909 (vir)     1          74.754           1.449          -1.078         -10.066           85.191
 1910 (vir)     1          74.833           1.541          -1.211         -10.395           85.557
 1911 (vir)     1          74.969           1.503          -1.129         -10.281           85.625
 1912 (vir)     1          74.981           1.550          -1.128         -10.240           85.642
 1913 (vir)     1          75.271           1.592          -1.129         -10.220           85.954
 1914 (vir)     1          75.541           1.575          -1.234         -10.511           86.394
 1915 (vir)     1          75.762           1.511          -1.085         -10.072           86.260
 1916 (vir)     1          76.015           1.473          -1.062         -10.065           86.492
 1917 (vir)     1          76.293           1.561          -1.063         -10.042           86.832
 1918 (vir)     1          76.314           1.445          -1.061         -10.079           86.777
 1919 (vir)     1          76.391           1.517          -1.087         -10.181           87.002
 1920 (vir)     1          76.702           1.364          -1.070         -10.106           87.102
 1921 (vir)     1          76.834           1.416          -1.051         -10.026           87.223
 1922 (vir)     1          77.159           1.535          -1.093         -10.347           87.948
 1923 (vir)     1          77.278           1.449          -1.028         -10.066           87.764
 1924 (vir)     1          77.543           1.622          -1.020         -10.024           88.168
 1925 (vir)     1          77.636           1.452          -1.075         -10.218           88.231
 1926 (vir)     1          77.842           1.440          -1.039         -10.125           88.368
 1927 (vir)     1          77.973           1.461          -1.017         -10.149           88.566
 1928 (vir)     1          78.057           1.472          -1.060         -10.229           88.699
 1929 (vir)     1          78.091           1.396          -1.035         -10.185           88.638
 1930 (vir)     1          78.512           1.424          -1.016         -10.126           89.046
 1931 (vir)     1          78.715           1.451          -1.133         -10.456           89.489
 1932 (vir)     1          78.872           1.415          -1.049         -10.161           89.399
 1933 (vir)     1          79.013           1.488          -1.048         -10.328           89.781
 1934 (vir)     1          79.064           1.529          -1.057         -10.291           89.827
 1935 (vir)     1          79.450           1.349          -1.098         -10.411           90.112
 1936 (vir)     1          79.579           1.458          -1.091         -10.475           90.422
 1937 (vir)     1          79.702           1.433          -1.113         -10.506           90.528
 1938 (vir)     1          79.917           1.383          -1.090         -10.440           90.651
 1939 (vir)     1          80.012           1.519          -1.096         -10.569           91.003
 1940 (vir)     1          80.105           1.480          -1.047         -10.318           90.856
 1941 (vir)     1          80.467           1.378          -1.082         -10.413           91.176
 1942 (vir)     1          80.644           1.278          -1.115         -10.526           91.334
 1943 (vir)     1          80.783           1.391          -1.100         -10.494           91.568
 1944 (vir)     1          80.957           1.247          -1.155         -10.735           91.784
 1945 (vir)     1          81.104           1.579          -1.097         -10.613           92.199
 1946 (vir)     1          81.345           1.487          -1.087         -10.591           92.336
 1947 (vir)     1          81.548           1.368          -1.111         -10.628           92.433
 1948 (vir)     1          81.854           1.421          -1.096         -10.598           92.778
 1949 (vir)     1          81.972           1.410          -1.121         -10.702           92.963
 1950 (vir)     1          82.260           1.565          -1.102         -10.711           93.435
 1951 (vir)     1          82.393           1.389          -1.087         -10.574           93.269
 1952 (vir)     1          82.448           1.495          -1.128         -10.789           93.604
 1953 (vir)     1          82.871           1.651          -1.134         -10.904           94.292
 1954 (vir)     1          82.978           1.403          -1.115         -10.676           93.942
 1955 (vir)     1          83.108           1.350          -1.118         -10.738           94.078
 1956 (vir)     1          83.340           1.525          -1.114         -10.810           94.560
 1957 (vir)     1          83.547           1.441          -1.153         -10.900           94.735
 1958 (vir)     1          84.025           1.699          -1.143         -11.017           95.599
 1959 (vir)     1          84.193           1.435          -1.142         -10.901           95.387
 1960 (vir)     1          84.366           1.655          -1.146         -11.030           95.905
 1961 (vir)     1          84.500           1.495          -1.130         -10.886           95.751
 1962 (vir)     1          84.705           1.445          -1.149         -10.943           95.944
 1963 (vir)     1          84.774           1.189          -1.109         -10.706           95.561
 1964 (vir)     1          85.004           1.514          -1.147         -11.015           96.386
 1965 (vir)     1          85.119           1.150          -1.112         -10.724           95.882
 1966 (vir)     1          85.253           1.403          -1.158         -11.029           96.527
 1967 (vir)     1          85.326           1.341          -1.149         -10.963           96.480
 1968 (vir)     1          85.935           1.289          -1.113         -10.869           96.980
 1969 (vir)     1          86.514           1.338          -1.112         -10.904           97.643
 1970 (vir)     1          86.631           1.331          -1.137         -10.949           97.774
 1971 (vir)     1          86.700           1.392          -1.183         -11.189           98.099
 1972 (vir)     1          87.070           1.429          -1.152         -11.095           98.442
 1973 (vir)     1          87.362           1.379          -1.121         -11.016           98.636
 1974 (vir)     1          87.541           1.251          -1.132         -10.983           98.643
 1975 (vir)     1          87.914           1.326          -1.108         -10.961           99.094
 1976 (vir)     1          88.140           1.346          -1.129         -11.069           99.427
 1977 (vir)     1          88.700           1.249          -1.139         -11.051           99.860
 1978 (vir)     1          88.724           1.290          -1.117         -11.024           99.921
 1979 (vir)     1          89.003           1.247          -1.146         -11.099          100.202
 1980 (vir)     1          89.168           1.282          -1.104         -10.954          100.300
 1981 (vir)     1          89.618           1.417          -1.109         -11.129          101.054
 1982 (vir)     1          89.670           1.401          -1.098         -11.051          101.024
 1983 (vir)     1          90.269           1.489          -1.097         -11.140          101.800
 1984 (vir)     1          90.300           1.435          -1.103         -11.146          101.778
 1985 (vir)     1         104.094          -6.387          -0.657          -8.061          105.112
 1986 (vir)     1         104.214          -6.781          -0.657          -8.064          104.839
 1987 (vir)     1         104.500          -7.205          -0.654          -8.062          104.703
 1988 (vir)     1         104.779          -7.623          -0.649          -8.051          104.559
 1989 (vir)     1         104.876          -8.084          -0.642          -8.056          104.206
 1990 (vir)     1         104.965          -8.561          -0.642          -8.065          103.826
 1991 (vir)     1         104.993          -9.030          -0.643          -8.045          103.365
 1992 (vir)     1         105.288          -9.573          -0.637          -8.061          103.138
 1993 (vir)     1         105.412         -10.141          -0.630          -8.039          102.681
 1994 (vir)     1         105.456         -10.706          -0.636          -8.056          102.170
 1995 (vir)     1         105.571         -11.324          -0.631          -8.059          101.676
 1996 (vir)     1         105.610         -11.565          -0.632          -8.053          101.466
 1997 (vir)     1         105.649         -11.784          -0.634          -8.064          101.294
 1998 (vir)     1         105.843         -12.006          -0.632          -8.074          101.279
 1999 (vir)     1         105.881         -12.233          -0.627          -8.055          101.076
 2000 (vir)     1         105.909         -12.448          -0.624          -8.035          100.872
 2001 (vir)     1         105.938         -12.658          -0.621          -8.033          100.691
 2002 (vir)     1         105.978         -12.835          -0.629          -8.078          100.592
 2003 (vir)     1         106.009         -13.008          -0.620          -8.026          100.407
 2004 (vir)     1         106.021         -13.164          -0.622          -8.039          100.273
 2005 (vir)     1         106.222         -13.298          -0.627          -8.092          100.389
 2006 (vir)     1         106.250         -13.406          -0.619          -8.055          100.280
 2007 (vir)     1         106.263         -13.511          -0.623          -8.072          100.202
 2008 (vir)     1         106.351         -13.602          -0.621          -8.064          100.192
 2009 (vir)     1         106.405         -13.693          -0.623          -8.076          100.166
 2010 (vir)     1         106.483         -13.780          -0.618          -8.083          100.168
 2011 (vir)     1         106.499         -13.859          -0.619          -8.061          100.083
 2012 (vir)     1         106.578         -13.937          -0.617          -8.068          100.092
 2013 (vir)     1         106.626         -14.009          -0.617          -8.065          100.066
 2014 (vir)     1         106.728         -14.080          -0.614          -8.047          100.080
 2015 (vir)     1         106.738         -14.131          -0.616          -8.083          100.075
 2016 (vir)     1         106.759         -14.187          -0.614          -8.069          100.028
 2017 (vir)     1         106.797         -14.229          -0.614          -8.062          100.016
 2018 (vir)     1         106.799         -14.273          -0.614          -8.064           99.975
 2019 (vir)     1         106.927         -14.325          -0.611          -8.061          100.052
 2020 (vir)     1         106.931         -14.349          -0.612          -8.075          100.044
 2021 (vir)     1         107.016         -14.395          -0.613          -8.086          100.094
 2022 (vir)     1         107.145         -14.419          -0.604          -8.054          100.175
 2023 (vir)     1         107.160         -14.450          -0.610          -8.089          100.189
 2024 (vir)     1         107.191         -14.468          -0.604          -8.043          100.161
 2025 (vir)     1         107.206         -14.494          -0.605          -8.051          100.159
 2026 (vir)     1         107.341         -14.523          -0.605          -8.054          100.267
 2027 (vir)     1         107.357         -14.545          -0.605          -8.054          100.262
 2028 (vir)     1         107.396         -14.585          -0.601          -8.066          100.277
 2029 (vir)     1         107.445         -14.601          -0.602          -8.073          100.316
 2030 (vir)     1         107.484         -14.614          -0.600          -8.057          100.327
 2031 (vir)     1         107.690         -14.605          -0.597          -8.071          100.559
 2032 (vir)     1         107.720         -14.602          -0.596          -8.069          100.591
 2033 (vir)     1         107.844         -14.614          -0.592          -8.062          100.699
 2034 (vir)     1         107.884         -14.636          -0.592          -8.063          100.719
 2035 (vir)     1         107.898         -14.647          -0.592          -8.072          100.732
 2036 (vir)     1         107.916         -14.651          -0.592          -8.077          100.751
 2037 (vir)     1         107.990         -14.671          -0.588          -8.059          100.791
 2038 (vir)     1         108.112         -14.666          -0.589          -8.081          100.937
 2039 (vir)     1         108.224         -13.814          -0.588          -8.092          101.914
 2040 (vir)     1         108.240         -12.946          -0.583          -8.071          102.781
 2041 (vir)     1         108.410         -12.022          -0.580          -8.056          103.864
 2042 (vir)     1         108.471         -11.061          -0.579          -8.065          104.897
 2043 (vir)     1         108.509         -10.027          -0.581          -8.074          105.974
 2044 (vir)     1         108.514          -8.938          -0.581          -8.071          107.067
 2045 (vir)     1         108.915          -7.805          -0.572          -8.061          108.598
 2046 (vir)     1         108.917          -6.614          -0.572          -8.060          109.791
 2047 (vir)     1         109.142          -5.358          -0.566          -8.043          111.260
 2048 (vir)     1         109.152          -4.041          -0.566          -8.039          112.585
 2049 (vir)     1         144.868           2.176          -1.775         -15.963          161.231
 2050 (vir)     1         144.870           2.175          -1.775         -15.963          161.232
 2051 (vir)     1         145.707           2.252          -1.778         -16.007          162.188
 2052 (vir)     1         145.711           2.252          -1.778         -16.007          162.191
 2053 (vir)     1         146.477           2.249          -1.753         -15.991          162.965
 2054 (vir)     1         146.541           2.280          -1.742         -15.989          163.068
 2055 (vir)     1         146.586           2.230          -1.751         -15.965          163.030
 2056 (vir)     1         146.853           2.269          -1.735         -15.939          163.327
 2057 (vir)     1         146.893           2.285          -1.730         -15.934          163.381
 2058 (vir)     1         147.281           2.268          -1.746         -15.944          163.748
 2059 (vir)     1         147.291           2.258          -1.746         -15.940          163.743
 2060 (vir)     1         147.441           2.315          -1.769         -16.031          164.018
 2061 (vir)     1         147.620           2.322          -1.762         -16.018          164.198
 2062 (vir)     1         147.965           2.278          -1.735         -15.920          164.428
 2063 (vir)     1         147.966           2.275          -1.733         -15.912          164.419
 2064 (vir)     1         148.045           2.290          -1.748         -15.978          164.565
 2065 (vir)     1         148.060           2.293          -1.747         -15.979          164.585
 2066 (vir)     1         150.344           2.263          -1.680         -15.818          166.745
 2067 (vir)     1         150.733           2.270          -1.685         -15.841          167.160
 2068 (vir)     1         151.389           2.269          -1.664         -15.778          167.771
 2069 (vir)     1         151.944           2.295          -1.707         -15.907          168.439
 2070 (vir)     1         152.234           2.305          -1.686         -15.846          168.698
 2071 (vir)     1         152.330           2.255          -1.684         -15.857          168.758
 2072 (vir)     1         152.430           2.262          -1.675         -15.831          168.847
 
