 
  kpoint:       1             coordinate:     0.0000    0.0000    0.0000                  spin:  1
 
    n           k   ϵ_nk^DFT (eV)     Σ^c_nk (eV)     Σ^x_nk (eV)    v_nk^xc (eV)   ϵ_nk^G0W0 (eV)
 
    1 (occ)     1         -19.419          10.153         -20.085         -12.147          -17.204
    2 (occ)     1         -19.216           8.839         -20.053         -12.182          -18.248
    3 (occ)     1         -18.992           8.214         -19.965         -12.179          -18.564
    4 (occ)     1         -18.924           8.214         -19.997         -12.234          -18.472
    5 (occ)     1         -18.804           7.837         -19.943         -12.217          -18.692
    6 (occ)     1         -18.556           7.731         -19.921         -12.302          -18.444
    7 (occ)     1         -18.517           7.523         -19.884         -12.269          -18.610
    8 (occ)     1         -18.316           7.342         -19.770         -12.235          -18.509
    9 (occ)     1         -18.156           7.184         -19.810         -12.335          -18.446
   10 (occ)     1         -18.150           7.137         -19.759         -12.278          -18.495
   11 (occ)     1         -18.143           7.374         -19.826         -12.372          -18.223
   12 (occ)     1         -17.882           6.914         -19.710         -12.332          -18.346
   13 (occ)     1         -17.736           6.911         -19.708         -12.402          -18.131
   14 (occ)     1         -17.727           7.140         -19.711         -12.428          -17.869
   15 (occ)     1         -17.534           6.664         -19.645         -12.399          -18.116
   16 (occ)     1         -17.433           6.684         -19.513         -12.325          -17.938
   17 (occ)     1         -17.357           7.039         -19.572         -12.438          -17.453
   18 (occ)     1         -17.337           6.628         -19.589         -12.442          -17.856
   19 (occ)     1         -17.284           6.592         -19.511         -12.378          -17.825
   20 (occ)     1         -17.184           6.364         -19.557         -12.448          -17.929
   21 (occ)     1         -17.134           7.324         -19.461         -12.429          -16.842
   22 (occ)     1         -17.025           6.444         -19.467         -12.440          -17.608
   23 (occ)     1         -16.955           6.501         -19.467         -12.478          -17.444
   24 (occ)     1         -16.837           6.279         -19.469         -12.492          -17.535
   25 (occ)     1         -16.713           6.361         -19.377         -12.495          -17.234
   26 (occ)     1         -16.687           6.441         -19.341         -12.475          -17.112
   27 (occ)     1         -16.586           6.184         -19.368         -12.525          -17.245
   28 (occ)     1         -16.444           6.128         -19.275         -12.494          -17.097
   29 (occ)     1         -16.411           6.094         -19.194         -12.429          -17.082
   30 (occ)     1         -16.350           5.967         -19.294         -12.540          -17.137
   31 (occ)     1         -16.032           5.882         -19.133         -12.511          -16.772
   32 (occ)     1         -15.856           5.589         -19.228         -12.563          -16.932
   33 (occ)     1         -15.855           5.588         -19.230         -12.565          -16.931
   34 (occ)     1         -15.174           5.444         -18.777         -12.508          -15.998
   35 (occ)     1         -14.918           5.313         -18.679         -12.511          -15.773
   36 (occ)     1         -14.885           5.260         -18.672         -12.493          -15.804
   37 (occ)     1         -14.857           5.211         -18.613         -12.470          -15.789
   38 (occ)     1         -14.684           5.070         -18.513         -12.443          -15.684
   39 (occ)     1         -14.519           5.040         -18.541         -12.485          -15.535
   40 (occ)     1         -14.450           4.931         -18.461         -12.483          -15.496
   41 (occ)     1         -14.272           5.074         -18.415         -12.556          -15.057
   42 (occ)     1         -14.210           4.799         -18.484         -12.544          -15.351
   43 (occ)     1         -14.100           4.981         -18.321         -12.476          -14.964
   44 (occ)     1         -14.020           4.861         -18.193         -12.451          -14.900
   45 (occ)     1         -13.927           4.746         -18.290         -12.548          -14.924
   46 (occ)     1         -13.843           4.949         -18.119         -12.395          -14.618
   47 (occ)     1         -13.840           4.944         -18.128         -12.414          -14.610
   48 (occ)     1         -13.785           4.883         -18.062         -12.356          -14.608
   49 (occ)     1         -13.778           4.766         -18.187         -12.489          -14.711
   50 (occ)     1         -13.641           4.872         -17.845         -12.118          -14.495
   51 (occ)     1         -13.575           4.594         -18.086         -12.486          -14.581
   52 (occ)     1         -13.458           4.689         -17.894         -12.266          -14.397
   53 (occ)     1         -13.338           4.746         -17.592         -11.962          -14.222
   54 (occ)     1         -13.090           4.342         -17.931         -12.539          -14.140
   55 (occ)     1         -12.942           4.435         -17.631         -12.232          -13.906
   56 (occ)     1         -12.857           4.509         -17.313         -11.885          -13.776
   57 (occ)     1         -12.676           4.144         -17.814         -12.591          -13.755
   58 (occ)     1         -12.445           4.033         -17.728         -12.609          -13.531
   59 (occ)     1         -12.321           4.119         -17.372         -12.249          -13.325
   60 (occ)     1         -12.225           4.169         -17.009         -11.866          -13.199
   61 (occ)     1         -11.674           3.768         -17.146         -12.321          -12.731
   62 (occ)     1         -11.505           3.746         -16.660         -11.864          -12.555
   63 (occ)     1         -11.146           3.464         -17.027         -12.468          -12.241
   64 (occ)     1         -10.792           3.273         -16.226         -11.808          -11.937
   65 (occ)     1         -10.567           2.965         -15.626         -11.306          -11.922
   66 (occ)     1         -10.554           2.984         -15.614         -11.312          -11.873
   67 (occ)     1         -10.495           2.853         -15.672         -11.431          -11.884
   68 (occ)     1         -10.492           2.852         -15.712         -11.443          -11.910
   69 (occ)     1         -10.405           2.757         -15.815         -11.535          -11.928
   70 (occ)     1         -10.360           2.751         -15.754         -11.575          -11.789
   71 (occ)     1         -10.302           2.805         -15.688         -11.553          -11.631
   72 (occ)     1         -10.280           2.757         -15.719         -11.606          -11.636
   73 (occ)     1         -10.262           2.673         -15.958         -11.665          -11.882
   74 (occ)     1         -10.256           2.710         -15.877         -11.639          -11.785
   75 (occ)     1         -10.170           2.644         -16.023         -11.794          -11.756
   76 (occ)     1         -10.104           2.615         -15.857         -11.740          -11.606
   77 (occ)     1         -10.074           2.678         -15.887         -11.709          -11.574
   78 (occ)     1          -9.992           2.572         -15.607         -11.655          -11.372
   79 (occ)     1          -9.954           2.664         -15.630         -11.672          -11.248
   80 (occ)     1          -9.910           2.668         -15.378         -11.543          -11.078
   81 (occ)     1          -9.884           2.598         -15.665         -11.739          -11.213
   82 (occ)     1          -9.842           2.591         -15.566         -11.653          -11.165
   83 (occ)     1          -9.822           2.587         -15.600         -11.669          -11.166
   84 (occ)     1          -9.776           2.476         -15.826         -11.843          -11.283
   85 (occ)     1          -9.722           2.514         -15.378         -11.753          -10.832
   86 (occ)     1          -9.686           2.484         -15.752         -11.873          -11.081
   87 (occ)     1          -9.622           2.416         -15.363         -11.713          -10.856
   88 (occ)     1          -9.617           2.458         -15.519         -11.762          -10.915
   89 (occ)     1          -9.575           2.449         -15.423         -11.714          -10.835
   90 (occ)     1          -9.489           2.403         -15.386         -11.712          -10.760
   91 (occ)     1          -9.474           2.399         -15.392         -11.790          -10.677
   92 (occ)     1          -9.378           2.295         -15.396         -11.850          -10.629
   93 (occ)     1          -9.329           2.677         -15.838         -12.078          -10.412
   94 (occ)     1          -9.311           2.253         -15.306         -11.872          -10.492
   95 (occ)     1          -9.294           2.270         -15.426         -11.907          -10.543
   96 (occ)     1          -9.222           2.213         -15.265         -11.840          -10.434
   97 (occ)     1          -9.122           2.225         -15.318         -11.773          -10.442
   98 (occ)     1          -8.933           2.236         -15.436         -11.988          -10.145
   99 (occ)     1          -8.835           2.257         -15.452         -11.905          -10.126
  100 (occ)     1          -8.721           2.242         -15.183         -11.721           -9.941
  101 (occ)     1          -8.679           2.403         -14.761         -11.200           -9.836
  102 (occ)     1          -8.664           2.412         -14.724         -11.160           -9.816
  103 (occ)     1          -8.630           2.336         -14.783         -11.260           -9.817
  104 (occ)     1          -8.503           1.973         -15.129         -12.009           -9.650
  105 (occ)     1          -8.482           2.310         -14.850         -11.293           -9.728
  106 (occ)     1          -8.317           2.177         -14.808         -11.430           -9.519
  107 (occ)     1          -8.247           2.163         -14.948         -11.500           -9.533
  108 (occ)     1          -8.214           2.164         -15.004         -11.604           -9.450
  109 (occ)     1          -8.191           2.110         -14.883         -11.497           -9.467
  110 (occ)     1          -8.182           2.123         -14.851         -11.538           -9.372
  111 (occ)     1          -8.138           2.179         -14.822         -11.422           -9.359
  112 (occ)     1          -8.105           2.048         -15.028         -11.751           -9.334
  113 (occ)     1          -8.046           1.837         -15.056         -12.009           -9.255
  114 (occ)     1          -8.025           2.091         -14.779         -11.489           -9.224
  115 (occ)     1          -7.981           2.014         -14.698         -11.464           -9.200
  116 (occ)     1          -7.940           2.094         -14.451         -11.197           -9.100
  117 (occ)     1          -7.907           1.935         -14.576         -11.537           -9.011
  118 (occ)     1          -7.900           2.082         -14.566         -11.294           -9.090
  119 (occ)     1          -7.865           2.001         -14.551         -11.393           -9.021
  120 (occ)     1          -7.834           1.818         -14.845         -11.846           -9.015
  121 (occ)     1          -7.805           1.896         -14.649         -11.581           -8.977
  122 (occ)     1          -7.760           1.934         -14.661         -11.510           -8.977
  123 (occ)     1          -7.713           1.938         -14.559         -11.474           -8.860
  124 (occ)     1          -7.685           1.815         -14.681         -11.688           -8.862
  125 (occ)     1          -7.631           2.060         -14.400         -11.193           -8.778
  126 (occ)     1          -7.628           1.819         -14.605         -11.698           -8.716
  127 (occ)     1          -7.559           1.885         -14.485         -11.465           -8.693
  128 (occ)     1          -7.523           1.855         -14.650         -11.627           -8.691
  129 (occ)     1          -7.518           1.853         -14.504         -11.537           -8.632
  130 (occ)     1          -7.488           1.682         -14.801         -11.949           -8.657
  131 (occ)     1          -7.470           1.892         -14.378         -11.314           -8.643
  132 (occ)     1          -7.339           1.529         -14.909         -12.208           -8.511
  133 (occ)     1          -7.096           1.701         -14.235         -11.399           -8.231
  134 (occ)     1          -7.083           1.728         -14.235         -11.372           -8.219
  135 (occ)     1          -7.083           1.495         -14.721         -12.008           -8.302
  136 (occ)     1          -7.033           1.691         -14.317         -11.479           -8.179
  137 (occ)     1          -6.987           1.479         -14.654         -11.998           -8.163
  138 (occ)     1          -6.939           1.557         -14.262         -11.490           -8.155
  139 (occ)     1          -6.835           1.573         -14.265         -11.482           -8.046
  140 (occ)     1          -6.806           1.522         -14.225         -11.387           -8.122
  141 (occ)     1          -6.796           1.593         -13.993         -11.187           -8.009
  142 (occ)     1          -6.768           1.490         -14.291         -11.485           -8.085
  143 (occ)     1          -6.527           1.421         -14.075         -11.455           -7.726
  144 (occ)     1          -6.464           1.515         -13.660         -10.968           -7.641
  145 (occ)     1          -6.458           1.474         -13.731         -11.111           -7.604
  146 (occ)     1          -6.453           1.410         -13.765         -11.245           -7.564
  147 (occ)     1          -6.427           1.478         -13.798         -11.150           -7.598
  148 (occ)     1          -6.324           1.475         -13.675         -10.998           -7.526
  149 (occ)     1          -6.262           1.451         -13.666         -11.067           -7.409
  150 (occ)     1          -6.210           1.434         -13.750         -11.099           -7.427
  151 (occ)     1          -6.181           1.394         -13.613         -11.029           -7.371
  152 (occ)     1          -6.128           1.400         -13.725         -11.105           -7.349
  153 (occ)     1          -6.109           1.325         -13.691         -11.213           -7.263
  154 (occ)     1          -6.076           1.315         -13.730         -11.222           -7.268
  155 (occ)     1          -6.061           1.351         -13.706         -11.203           -7.214
  156 (occ)     1          -6.038           1.348         -13.703         -11.159           -7.234
  157 (occ)     1          -6.031           1.260         -13.798         -11.399           -7.169
  158 (occ)     1          -6.011           1.288         -13.693         -11.254           -7.162
  159 (occ)     1          -5.975           1.253         -13.688         -11.314           -7.097
  160 (occ)     1          -5.909           1.287         -13.676         -11.223           -7.075
  161 (occ)     1          -5.854           1.248         -13.646         -11.278           -6.974
  162 (occ)     1          -5.820           1.257         -13.710         -11.303           -6.970
  163 (occ)     1          -5.810           1.222         -13.576         -11.202           -6.961
  164 (occ)     1          -5.778           1.269         -13.718         -11.292           -6.935
  165 (occ)     1          -5.685           1.116         -13.635         -11.387           -6.816
  166 (occ)     1          -5.675           1.035         -13.427         -11.338           -6.729
  167 (occ)     1          -5.604           1.059         -13.548         -11.384           -6.709
  168 (occ)     1          -5.567           1.022         -13.600         -11.477           -6.668
  169 (occ)     1          -5.502           1.038         -13.766         -11.635           -6.595
  170 (occ)     1          -5.462           1.014         -13.746         -11.624           -6.572
  171 (occ)     1          -5.136           0.807         -13.472         -11.589           -6.212
  172 (occ)     1          -4.981           0.676         -13.185         -11.480           -6.008
  173 (vir)     1          -3.435          -2.496          -6.394          -9.980           -2.345
  174 (vir)     1          -3.087          -2.720          -6.318         -10.191           -1.934
  175 (vir)     1          -3.041          -2.908          -6.196         -10.295           -1.850
  176 (vir)     1          -3.013          -2.789          -6.186         -10.126           -1.862
  177 (vir)     1          -2.990          -2.930          -6.167         -10.285           -1.802
  178 (vir)     1          -2.966          -2.789          -6.243         -10.171           -1.827
  179 (vir)     1          -2.906          -2.899          -6.078         -10.188           -1.695
  180 (vir)     1          -2.853          -2.696          -6.143          -9.940           -1.752
  181 (vir)     1          -2.780          -2.927          -6.246         -10.360           -1.593
  182 (vir)     1          -2.631          -2.800          -6.066         -10.044           -1.453
  183 (vir)     1          -2.609          -2.911          -5.996         -10.135           -1.380
  184 (vir)     1          -2.547          -2.937          -6.003         -10.156           -1.331
  185 (vir)     1          -2.536          -2.961          -5.926         -10.105           -1.318
  186 (vir)     1          -2.458          -2.994          -6.046         -10.257           -1.241
  187 (vir)     1          -2.453          -3.152          -5.743         -10.187           -1.161
  188 (vir)     1          -2.367          -2.997          -6.135         -10.318           -1.180
  189 (vir)     1          -2.357          -2.961          -5.877         -10.077           -1.118
  190 (vir)     1          -2.327          -3.079          -6.070         -10.359           -1.117
  191 (vir)     1          -2.272          -3.074          -6.005         -10.323           -1.029
  192 (vir)     1          -2.221          -3.152          -6.105         -10.552           -0.925
  193 (vir)     1          -2.194          -3.103          -5.952         -10.385           -0.863
  194 (vir)     1          -2.184          -3.207          -6.129         -10.607           -0.913
  195 (vir)     1          -2.130          -3.071          -6.016         -10.326           -0.891
  196 (vir)     1          -2.122          -3.078          -5.635          -9.968           -0.867
  197 (vir)     1          -2.090          -3.105          -6.001         -10.326           -0.870
  198 (vir)     1          -2.078          -3.144          -5.910         -10.285           -0.847
  199 (vir)     1          -2.068          -3.003          -5.935         -10.135           -0.870
  200 (vir)     1          -2.066          -3.052          -5.580          -9.845           -0.854
  201 (vir)     1          -1.990          -3.130          -5.852         -10.213           -0.759
  202 (vir)     1          -1.973          -3.092          -5.822         -10.192           -0.695
  203 (vir)     1          -1.971          -3.133          -5.943         -10.327           -0.720
  204 (vir)     1          -1.958          -3.146          -5.920         -10.311           -0.713
  205 (vir)     1          -1.926          -3.131          -5.873         -10.272           -0.659
  206 (vir)     1          -1.898          -3.200          -5.922         -10.361           -0.659
  207 (vir)     1          -1.895          -3.193          -5.904         -10.338           -0.655
  208 (vir)     1          -1.823          -3.260          -6.096         -10.603           -0.577
  209 (vir)     1          -1.786          -3.236          -5.937         -10.405           -0.554
  210 (vir)     1          -1.776          -3.199          -5.996         -10.396           -0.576
  211 (vir)     1          -1.706          -3.256          -5.961         -10.453           -0.470
  212 (vir)     1          -1.643          -3.248          -5.751         -10.218           -0.424
  213 (vir)     1          -1.614          -3.320          -5.978         -10.526           -0.387
  214 (vir)     1          -1.589          -3.243          -5.699         -10.168           -0.364
  215 (vir)     1          -1.550          -3.289          -5.925         -10.500           -0.264
  216 (vir)     1          -1.525          -3.299          -5.960         -10.503           -0.281
  217 (vir)     1          -1.520          -3.319          -5.878         -10.455           -0.262
  218 (vir)     1          -1.506          -3.357          -6.098         -10.698           -0.263
  219 (vir)     1          -1.487          -3.261          -5.638         -10.155           -0.231
  220 (vir)     1          -1.456          -3.287          -5.805         -10.327           -0.221
  221 (vir)     1          -1.412          -3.222          -5.574          -9.984           -0.224
  222 (vir)     1          -1.402          -3.171          -5.387          -9.719           -0.241
  223 (vir)     1          -1.344          -3.453          -6.028         -10.764           -0.062
  224 (vir)     1          -1.309          -3.352          -5.705         -10.271           -0.096
  225 (vir)     1          -1.286          -3.405          -5.859         -10.505           -0.044
  226 (vir)     1          -1.224          -3.379          -5.569         -10.205            0.034
  227 (vir)     1          -1.211          -3.024          -4.432          -8.654           -0.013
  228 (vir)     1          -1.203          -3.299          -5.522         -10.129            0.104
  229 (vir)     1          -1.097          -3.352          -5.565         -10.168            0.154
  230 (vir)     1          -1.085          -3.266          -5.235          -9.758            0.172
  231 (vir)     1          -1.035          -3.439          -5.693         -10.413            0.247
  232 (vir)     1          -1.025          -3.371          -5.538         -10.166            0.231
  233 (vir)     1          -1.021          -3.255          -5.229          -9.808            0.304
  234 (vir)     1          -0.977          -3.287          -5.110          -9.623            0.249
  235 (vir)     1          -0.908          -3.271          -5.003          -9.517            0.335
  236 (vir)     1          -0.867          -3.409          -5.397         -10.014            0.341
  237 (vir)     1          -0.833          -3.163          -4.756          -9.173            0.421
  238 (vir)     1          -0.764          -3.353          -5.125          -9.730            0.487
  239 (vir)     1          -0.752          -3.164          -4.664          -9.006            0.426
  240 (vir)     1          -0.716          -3.384          -5.108          -9.667            0.459
  241 (vir)     1          -0.670          -3.487          -5.339         -10.086            0.590
  242 (vir)     1          -0.657          -3.405          -5.145          -9.712            0.505
  243 (vir)     1          -0.607          -3.398          -5.027          -9.631            0.599
  244 (vir)     1          -0.580          -3.462          -5.228          -9.917            0.647
  245 (vir)     1          -0.506          -3.352          -4.888          -9.482            0.736
  246 (vir)     1          -0.461          -3.093          -4.260          -8.533            0.719
  247 (vir)     1          -0.436          -3.194          -4.638          -9.025            0.757
  248 (vir)     1          -0.408          -3.469          -5.027          -9.666            0.761
  249 (vir)     1          -0.380          -3.185          -4.337          -8.745            0.843
  250 (vir)     1          -0.303          -3.539          -5.074          -9.821            0.905
  251 (vir)     1          -0.286          -3.417          -4.907          -9.490            0.879
  252 (vir)     1          -0.269          -2.823          -3.664          -7.516            0.759
  253 (vir)     1          -0.199          -2.944          -3.959          -8.078            0.977
  254 (vir)     1          -0.193          -3.291          -4.510          -8.983            0.990
  255 (vir)     1          -0.156          -3.242          -4.480          -8.865            0.987
  256 (vir)     1          -0.148          -3.187          -4.324          -8.688            1.029
  257 (vir)     1          -0.120          -3.552          -5.061          -9.874            1.141
  258 (vir)     1          -0.106          -2.841          -3.655          -7.582            0.980
  259 (vir)     1          -0.106          -3.371          -4.786          -9.505            1.241
  260 (vir)     1          -0.025          -3.369          -4.672          -9.267            1.201
  261 (vir)     1           0.091          -3.208          -4.263          -8.596            1.216
  262 (vir)     1           0.099          -2.997          -3.913          -7.978            1.167
  263 (vir)     1           0.148          -3.279          -4.343          -8.787            1.312
  264 (vir)     1           0.204          -3.532          -4.787          -9.503            1.387
  265 (vir)     1           0.289          -3.303          -4.125          -8.530            1.392
  266 (vir)     1           0.343          -3.514          -4.713          -9.411            1.527
  267 (vir)     1           0.357          -2.971          -3.654          -7.678            1.410
  268 (vir)     1           0.383          -3.609          -4.671          -9.422            1.525
  269 (vir)     1           0.442          -3.112          -3.891          -8.107            1.546
  270 (vir)     1           0.451          -3.587          -4.895          -9.709            1.678
  271 (vir)     1           0.642          -3.278          -4.051          -8.413            1.726
  272 (vir)     1           0.649          -2.801          -3.560          -7.489            1.777
  273 (vir)     1           0.664          -2.765          -3.174          -6.965            1.690
  274 (vir)     1           0.704          -3.215          -3.909          -8.228            1.809
  275 (vir)     1           0.717          -3.387          -4.176          -8.689            1.843
  276 (vir)     1           0.737          -2.504          -3.072          -6.641            1.802
  277 (vir)     1           0.754          -2.980          -3.519          -7.554            1.809
  278 (vir)     1           0.775          -2.854          -3.614          -7.662            1.969
  279 (vir)     1           0.793          -3.047          -3.524          -7.620            1.842
  280 (vir)     1           0.804          -3.080          -3.540          -7.736            1.921
  281 (vir)     1           0.841          -2.769          -3.084          -6.920            1.907
  282 (vir)     1           0.899          -2.914          -3.460          -7.545            2.071
  283 (vir)     1           0.914          -2.620          -2.896          -6.579            1.977
  284 (vir)     1           0.918          -2.854          -3.348          -7.300            2.017
  285 (vir)     1           0.938          -2.889          -3.514          -7.635            2.171
  286 (vir)     1           1.000          -2.805          -3.138          -7.035            2.092
  287 (vir)     1           1.052          -2.771          -3.293          -7.190            2.178
  288 (vir)     1           1.062          -2.772          -3.165          -7.052            2.177
  289 (vir)     1           1.109          -2.704          -2.915          -6.670            2.160
  290 (vir)     1           1.121          -2.766          -3.082          -6.991            2.265
  291 (vir)     1           1.141          -3.153          -3.660          -7.986            2.314
  292 (vir)     1           1.180          -3.056          -3.543          -7.714            2.295
  293 (vir)     1           1.207          -2.847          -3.065          -7.001            2.296
  294 (vir)     1           1.231          -2.816          -3.233          -7.143            2.326
  295 (vir)     1           1.278          -2.977          -3.336          -7.417            2.383
  296 (vir)     1           1.324          -2.878          -3.151          -7.122            2.417
  297 (vir)     1           1.334          -2.696          -2.729          -6.457            2.366
  298 (vir)     1           1.365          -2.692          -2.878          -6.660            2.455
  299 (vir)     1           1.410          -2.707          -2.685          -6.398            2.416
  300 (vir)     1           1.417          -2.769          -2.707          -6.456            2.397
  301 (vir)     1           1.472          -3.069          -3.372          -7.577            2.609
  302 (vir)     1           1.480          -2.677          -2.700          -6.401            2.504
  303 (vir)     1           1.507          -2.913          -3.256          -7.347            2.685
  304 (vir)     1           1.509          -2.591          -2.692          -6.367            2.592
  305 (vir)     1           1.555          -2.711          -2.833          -6.645            2.656
  306 (vir)     1           1.586          -2.876          -2.987          -6.926            2.648
  307 (vir)     1           1.614          -2.661          -2.846          -6.592            2.700
  308 (vir)     1           1.642          -2.662          -2.712          -6.415            2.683
  309 (vir)     1           1.672          -2.970          -3.059          -7.119            2.762
  310 (vir)     1           1.705          -2.875          -3.043          -7.035            2.821
  311 (vir)     1           1.726          -2.785          -2.972          -6.896            2.865
  312 (vir)     1           1.738          -2.785          -2.586          -6.327            2.692
  313 (vir)     1           1.746          -3.049          -3.370          -7.522            2.849
  314 (vir)     1           1.826          -3.063          -3.225          -7.444            2.983
  315 (vir)     1           1.842          -2.802          -2.758          -6.597            2.878
  316 (vir)     1           1.911          -2.878          -2.897          -6.814            2.950
  317 (vir)     1           1.923          -3.034          -3.150          -7.293            3.031
  318 (vir)     1           1.930          -2.688          -2.730          -6.531            3.042
  319 (vir)     1           1.987          -3.162          -3.310          -7.586            3.101
  320 (vir)     1           2.000          -3.035          -3.117          -7.266            3.114
  321 (vir)     1           2.020          -2.933          -2.850          -6.841            3.078
  322 (vir)     1           2.068          -2.935          -2.823          -6.777            3.085
  323 (vir)     1           2.073          -3.044          -2.947          -6.962            3.044
  324 (vir)     1           2.114          -2.837          -2.886          -6.826            3.216
  325 (vir)     1           2.128          -2.813          -2.579          -6.346            3.082
  326 (vir)     1           2.142          -2.948          -3.086          -7.192            3.300
  327 (vir)     1           2.166          -3.039          -3.002          -7.061            3.186
  328 (vir)     1           2.185          -3.092          -2.942          -7.022            3.174
  329 (vir)     1           2.209          -3.109          -3.103          -7.282            3.279
  330 (vir)     1           2.213          -3.101          -3.094          -7.227            3.245
  331 (vir)     1           2.269          -2.907          -2.815          -6.707            3.255
  332 (vir)     1           2.283          -3.056          -3.091          -7.306            3.442
  333 (vir)     1           2.287          -2.722          -2.606          -6.404            3.363
  334 (vir)     1           2.365          -3.113          -3.107          -7.359            3.505
  335 (vir)     1           2.384          -2.811          -2.758          -6.689            3.503
  336 (vir)     1           2.414          -3.154          -3.104          -7.378            3.535
  337 (vir)     1           2.423          -2.817          -2.739          -6.653            3.519
  338 (vir)     1           2.428          -3.055          -3.070          -7.263            3.566
  339 (vir)     1           2.442          -2.946          -2.892          -7.015            3.619
  340 (vir)     1           2.530          -3.023          -3.024          -7.205            3.688
  341 (vir)     1           2.558          -3.027          -2.845          -6.935            3.622
  342 (vir)     1           2.566          -2.922          -2.845          -6.864            3.662
  343 (vir)     1           2.578          -3.006          -2.835          -6.947            3.685
  344 (vir)     1           2.593          -3.298          -3.086          -7.425            3.634
  345 (vir)     1           2.651          -3.145          -2.891          -7.056            3.671
  346 (vir)     1           2.660          -3.070          -2.881          -7.090            3.799
  347 (vir)     1           2.710          -3.028          -3.007          -7.188            3.862
  348 (vir)     1           2.715          -2.886          -2.548          -6.511            3.792
  349 (vir)     1           2.748          -3.377          -3.380          -7.946            3.938
  350 (vir)     1           2.781          -3.028          -2.773          -6.854            3.833
  351 (vir)     1           2.795          -3.297          -3.086          -7.442            3.853
  352 (vir)     1           2.810          -3.080          -3.000          -7.328            4.058
  353 (vir)     1           2.861          -3.456          -3.229          -7.717            3.892
  354 (vir)     1           2.869          -3.210          -2.996          -7.259            3.922
  355 (vir)     1           2.889          -3.269          -3.126          -7.541            4.035
  356 (vir)     1           2.951          -3.293          -3.108          -7.496            4.046
  357 (vir)     1           2.958          -3.270          -3.239          -7.697            4.146
  358 (vir)     1           2.973          -3.241          -3.150          -7.535            4.117
  359 (vir)     1           2.999          -3.260          -3.190          -7.677            4.227
  360 (vir)     1           3.064          -3.117          -3.029          -7.315            4.233
  361 (vir)     1           3.114          -3.175          -2.891          -7.223            4.271
  362 (vir)     1           3.119          -3.320          -2.958          -7.387            4.227
  363 (vir)     1           3.121          -3.181          -2.986          -7.320            4.275
  364 (vir)     1           3.169          -3.204          -2.991          -7.332            4.306
  365 (vir)     1           3.217          -3.170          -3.019          -7.388            4.415
  366 (vir)     1           3.223          -3.215          -2.777          -6.954            4.185
  367 (vir)     1           3.267          -3.202          -2.884          -7.224            4.405
  368 (vir)     1           3.299          -3.042          -2.742          -6.930            4.445
  369 (vir)     1           3.316          -3.446          -3.120          -7.684            4.434
  370 (vir)     1           3.391          -3.513          -3.217          -7.759            4.420
  371 (vir)     1           3.436          -3.456          -3.012          -7.509            4.477
  372 (vir)     1           3.445          -3.297          -2.894          -7.341            4.595
  373 (vir)     1           3.490          -3.227          -3.000          -7.513            4.775
  374 (vir)     1           3.503          -3.197          -2.767          -7.053            4.592
  375 (vir)     1           3.512          -3.180          -2.813          -7.123            4.642
  376 (vir)     1           3.558          -3.132          -2.675          -6.928            4.680
  377 (vir)     1           3.568          -3.254          -2.941          -7.422            4.794
  378 (vir)     1           3.634          -3.222          -2.838          -7.131            4.704
  379 (vir)     1           3.665          -3.440          -2.998          -7.473            4.700
  380 (vir)     1           3.738          -3.164          -2.304          -6.326            4.596
  381 (vir)     1           3.745          -3.231          -2.809          -7.169            4.875
  382 (vir)     1           3.753          -3.370          -2.909          -7.341            4.814
  383 (vir)     1           3.779          -3.473          -2.855          -7.339            4.790
  384 (vir)     1           3.788          -3.235          -2.754          -7.086            4.885
  385 (vir)     1           3.833          -3.149          -2.654          -6.871            4.900
  386 (vir)     1           3.848          -3.406          -2.724          -7.224            4.941
  387 (vir)     1           3.862          -2.973          -2.506          -6.599            4.983
  388 (vir)     1           3.913          -3.109          -2.701          -6.895            4.999
  389 (vir)     1           3.920          -3.337          -2.908          -7.296            4.972
  390 (vir)     1           3.941          -3.499          -3.143          -7.737            5.036
  391 (vir)     1           3.980          -3.397          -2.759          -7.242            5.065
  392 (vir)     1           4.018          -3.292          -2.777          -7.163            5.113
  393 (vir)     1           4.037          -3.466          -2.892          -7.488            5.166
  394 (vir)     1           4.099          -3.235          -2.456          -6.560            4.967
  395 (vir)     1           4.118          -3.339          -2.830          -7.328            5.278
  396 (vir)     1           4.120          -3.462          -2.746          -7.206            5.118
  397 (vir)     1           4.144          -3.503          -2.683          -7.118            5.076
  398 (vir)     1           4.165          -3.290          -2.581          -6.868            5.162
  399 (vir)     1           4.186          -3.579          -2.835          -7.343            5.115
  400 (vir)     1           4.241          -3.366          -2.858          -7.383            5.400
  401 (vir)     1           4.272          -3.615          -2.777          -7.323            5.203
  402 (vir)     1           4.275          -3.528          -2.696          -7.139            5.190
  403 (vir)     1           4.319          -3.418          -2.614          -6.983            5.270
  404 (vir)     1           4.337          -3.122          -2.371          -6.510            5.354
  405 (vir)     1           4.375          -3.276          -2.546          -6.851            5.404
  406 (vir)     1           4.390          -3.468          -2.820          -7.409            5.510
  407 (vir)     1           4.422          -3.415          -2.697          -7.227            5.538
  408 (vir)     1           4.448          -3.464          -2.743          -7.259            5.500
  409 (vir)     1           4.476          -3.265          -2.533          -6.843            5.521
  410 (vir)     1           4.524          -3.099          -2.558          -6.812            5.679
  411 (vir)     1           4.540          -3.408          -2.659          -7.077            5.550
  412 (vir)     1           4.593          -3.179          -2.235          -6.315            5.494
  413 (vir)     1           4.593          -3.297          -2.560          -6.921            5.657
  414 (vir)     1           4.638          -3.405          -2.827          -7.444            5.850
  415 (vir)     1           4.655          -3.216          -2.574          -6.934            5.799
  416 (vir)     1           4.672          -3.234          -2.507          -6.877            5.809
  417 (vir)     1           4.690          -3.382          -2.492          -6.916            5.732
  418 (vir)     1           4.731          -3.213          -2.508          -6.852            5.861
  419 (vir)     1           4.758          -3.417          -2.632          -7.096            5.805
  420 (vir)     1           4.778          -3.045          -2.498          -6.671            5.906
  421 (vir)     1           4.794          -3.419          -2.609          -7.118            5.883
  422 (vir)     1           4.847          -3.278          -2.435          -6.763            5.897
  423 (vir)     1           4.894          -3.009          -2.290          -6.382            5.976
  424 (vir)     1           4.897          -3.264          -2.373          -6.702            5.962
  425 (vir)     1           4.913          -3.042          -2.145          -6.201            5.927
  426 (vir)     1           4.961          -3.519          -2.776          -7.401            6.068
  427 (vir)     1           4.997          -3.437          -2.417          -6.834            5.976
  428 (vir)     1           5.062          -3.209          -2.383          -6.735            6.205
  429 (vir)     1           5.066          -3.190          -2.322          -6.502            6.055
  430 (vir)     1           5.108          -3.400          -2.500          -6.883            6.091
  431 (vir)     1           5.128          -3.237          -2.162          -6.348            6.077
  432 (vir)     1           5.175          -3.508          -2.752          -7.472            6.386
  433 (vir)     1           5.194          -3.177          -2.355          -6.684            6.345
  434 (vir)     1           5.199          -3.331          -2.378          -6.762            6.251
  435 (vir)     1           5.243          -3.097          -2.305          -6.524            6.364
  436 (vir)     1           5.251          -3.320          -2.291          -6.587            6.226
  437 (vir)     1           5.272          -3.416          -2.475          -6.987            6.368
  438 (vir)     1           5.318          -3.182          -2.378          -6.696            6.453
  439 (vir)     1           5.350          -3.177          -2.323          -6.585            6.436
  440 (vir)     1           5.350          -3.184          -2.207          -6.454            6.413
  441 (vir)     1           5.403          -3.150          -2.225          -6.463            6.491
  442 (vir)     1           5.415          -2.932          -2.132          -6.183            6.533
  443 (vir)     1           5.439          -3.084          -2.087          -6.160            6.428
  444 (vir)     1           5.461          -3.479          -2.502          -7.107            6.586
  445 (vir)     1           5.480          -3.199          -2.296          -6.658            6.643
  446 (vir)     1           5.543          -3.361          -2.511          -7.098            6.769
  447 (vir)     1           5.580          -3.415          -2.644          -7.303            6.823
  448 (vir)     1           5.584          -3.393          -2.506          -7.074            6.760
  449 (vir)     1           5.607          -3.268          -2.260          -6.621            6.699
  450 (vir)     1           5.646          -3.321          -2.352          -6.758            6.731
  451 (vir)     1           5.661          -3.515          -2.602          -7.289            6.834
  452 (vir)     1           5.671          -3.190          -2.369          -6.720            6.831
  453 (vir)     1           5.673          -3.324          -2.391          -6.874            6.832
  454 (vir)     1           5.740          -3.310          -2.346          -6.812            6.895
  455 (vir)     1           5.761          -3.325          -2.327          -6.784            6.893
  456 (vir)     1           5.832          -3.165          -2.137          -6.418            6.948
  457 (vir)     1           5.849          -3.127          -2.102          -6.312            6.933
  458 (vir)     1           5.880          -3.242          -2.238          -6.588            6.988
  459 (vir)     1           5.889          -3.177          -2.177          -6.452            6.987
  460 (vir)     1           5.914          -3.477          -2.389          -7.027            7.075
  461 (vir)     1           5.939          -3.522          -2.428          -7.070            7.058
  462 (vir)     1           5.977          -3.362          -2.299          -6.803            7.119
  463 (vir)     1           6.039          -3.281          -2.310          -6.750            7.199
  464 (vir)     1           6.054          -3.861          -2.294          -6.971            6.871
  465 (vir)     1           6.062          -3.422          -2.393          -6.973            7.219
  466 (vir)     1           6.063          -3.075          -2.035          -6.237            7.190
  467 (vir)     1           6.093          -3.177          -2.080          -6.366            7.203
  468 (vir)     1           6.138          -3.514          -2.500          -7.228            7.353
  469 (vir)     1           6.148          -3.351          -2.167          -6.590            7.220
  470 (vir)     1           6.174          -3.247          -2.185          -6.566            7.307
  471 (vir)     1           6.215          -3.480          -2.383          -7.044            7.395
  472 (vir)     1           6.233          -3.568          -2.500          -7.252            7.417
  473 (vir)     1           6.265          -3.235          -2.119          -6.467            7.378
  474 (vir)     1           6.277          -3.333          -2.206          -6.657            7.395
  475 (vir)     1           6.290          -3.156          -2.049          -6.344            7.429
  476 (vir)     1           6.300          -3.358          -2.192          -6.636            7.386
  477 (vir)     1           6.315          -3.305          -2.128          -6.536            7.417
  478 (vir)     1           6.385          -3.342          -2.163          -6.680            7.560
  479 (vir)     1           6.410          -3.184          -1.990          -6.265            7.501
  480 (vir)     1           6.427          -3.357          -2.148          -6.659            7.581
  481 (vir)     1           6.466          -3.513          -2.208          -6.838            7.582
  482 (vir)     1           6.466          -3.538          -2.248          -6.993            7.673
  483 (vir)     1           6.502          -3.309          -2.100          -6.512            7.605
  484 (vir)     1           6.529          -3.809          -2.478          -7.381            7.623
  485 (vir)     1           6.548          -3.298          -1.969          -6.352            7.632
  486 (vir)     1           6.562          -3.445          -2.109          -6.671            7.678
  487 (vir)     1           6.596          -3.578          -2.206          -6.863            7.675
  488 (vir)     1           6.602          -3.433          -2.317          -6.973            7.825
  489 (vir)     1           6.610          -3.453          -2.062          -6.622            7.718
  490 (vir)     1           6.619          -3.579          -2.159          -6.850            7.731
  491 (vir)     1           6.672          -3.165          -2.008          -6.334            7.833
  492 (vir)     1           6.709          -3.356          -2.084          -6.600            7.868
  493 (vir)     1           6.739          -3.746          -2.563          -7.539            7.969
  494 (vir)     1           6.740          -3.285          -1.933          -6.289            7.810
  495 (vir)     1           6.749          -3.342          -2.138          -6.700            7.969
  496 (vir)     1           6.816          -3.346          -2.158          -6.649            7.961
  497 (vir)     1           6.818          -3.447          -1.987          -6.493            7.878
  498 (vir)     1           6.844          -3.213          -1.925          -6.253            7.960
  499 (vir)     1           6.858          -3.613          -2.283          -7.161            8.123
  500 (vir)     1           6.876          -3.445          -2.098          -6.733            8.065
  501 (vir)     1           6.879          -3.517          -2.151          -6.808            8.019
  502 (vir)     1           6.898          -3.400          -2.061          -6.593            8.030
  503 (vir)     1           6.923          -3.713          -2.414          -7.294            8.089
  504 (vir)     1           6.932          -3.409          -2.123          -6.652            8.052
  505 (vir)     1           6.952          -3.628          -2.320          -7.125            8.129
  506 (vir)     1           6.971          -3.517          -1.972          -6.543            8.026
  507 (vir)     1           6.976          -3.578          -2.029          -6.693            8.062
  508 (vir)     1           7.004          -3.483          -2.154          -6.810            8.177
  509 (vir)     1           7.013          -3.398          -2.008          -6.567            8.174
  510 (vir)     1           7.039          -3.632          -2.275          -7.077            8.208
  511 (vir)     1           7.063          -3.531          -2.190          -6.894            8.236
  512 (vir)     1           7.077          -3.448          -1.932          -6.479            8.175
  513 (vir)     1           7.103          -3.547          -2.071          -6.728            8.213
  514 (vir)     1           7.166          -3.314          -1.946          -6.402            8.309
  515 (vir)     1           7.169          -3.485          -2.065          -6.695            8.314
  516 (vir)     1           7.187          -3.247          -1.823          -6.143            8.260
  517 (vir)     1           7.208          -3.570          -2.108          -6.831            8.361
  518 (vir)     1           7.261          -3.352          -1.862          -6.324            8.370
  519 (vir)     1           7.261          -3.580          -2.161          -6.979            8.499
  520 (vir)     1           7.297          -3.442          -2.052          -6.654            8.457
  521 (vir)     1           7.356          -3.786          -2.175          -7.068            8.464
  522 (vir)     1           7.375          -3.676          -2.176          -6.950            8.474
  523 (vir)     1           7.386          -3.389          -1.926          -6.407            8.478
  524 (vir)     1           7.403          -3.485          -2.030          -6.634            8.522
  525 (vir)     1           7.422          -3.348          -1.961          -6.446            8.558
  526 (vir)     1           7.440          -3.726          -2.268          -7.205            8.651
  527 (vir)     1           7.467          -3.647          -2.142          -6.924            8.604
  528 (vir)     1           7.486          -3.609          -2.156          -6.952            8.672
  529 (vir)     1           7.510          -3.398          -2.005          -6.594            8.701
  530 (vir)     1           7.517          -3.630          -2.124          -6.940            8.703
  531 (vir)     1           7.527          -3.591          -2.071          -6.814            8.679
  532 (vir)     1           7.588          -3.786          -2.084          -6.943            8.662
  533 (vir)     1           7.600          -3.584          -2.184          -7.021            8.853
  534 (vir)     1           7.637          -3.976          -2.287          -7.361            8.735
  535 (vir)     1           7.644          -3.633          -2.107          -6.912            8.816
  536 (vir)     1           7.662          -3.645          -2.199          -7.045            8.862
  537 (vir)     1           7.669          -3.904          -2.255          -7.256            8.766
  538 (vir)     1           7.705          -3.573          -2.131          -6.904            8.906
  539 (vir)     1           7.711          -3.654          -2.082          -6.863            8.839
  540 (vir)     1           7.737          -3.848          -2.265          -7.296            8.920
  541 (vir)     1           7.747          -3.873          -2.269          -7.333            8.937
  542 (vir)     1           7.773          -3.748          -2.125          -6.965            8.866
  543 (vir)     1           7.811          -3.902          -2.316          -7.399            8.991
  544 (vir)     1           7.835          -3.984          -2.327          -7.437            8.961
  545 (vir)     1           7.863          -3.890          -2.375          -7.455            9.053
  546 (vir)     1           7.882          -3.777          -2.167          -7.149            9.087
  547 (vir)     1           7.896          -3.526          -2.130          -6.888            9.129
  548 (vir)     1           7.900          -3.499          -1.975          -6.634            9.061
  549 (vir)     1           7.923          -3.743          -2.201          -7.256            9.235
  550 (vir)     1           7.945          -4.035          -2.331          -7.516            9.095
  551 (vir)     1           7.951          -3.666          -2.079          -6.823            9.028
  552 (vir)     1           7.980          -3.794          -2.162          -7.125            9.149
  553 (vir)     1           8.004          -3.849          -2.265          -7.292            9.182
  554 (vir)     1           8.023          -3.827          -2.257          -7.298            9.236
  555 (vir)     1           8.043          -3.714          -2.235          -7.203            9.297
  556 (vir)     1           8.105          -3.874          -2.147          -7.145            9.228
  557 (vir)     1           8.119          -3.722          -2.268          -7.260            9.388
  558 (vir)     1           8.140          -3.663          -1.945          -6.697            9.229
  559 (vir)     1           8.144          -3.599          -2.184          -7.158            9.519
  560 (vir)     1           8.176          -4.065          -2.382          -7.603            9.333
  561 (vir)     1           8.181          -3.893          -2.284          -7.332            9.337
  562 (vir)     1           8.211          -3.684          -2.054          -6.849            9.322
  563 (vir)     1           8.219          -3.919          -2.184          -7.205            9.321
  564 (vir)     1           8.260          -3.790          -2.171          -7.183            9.482
  565 (vir)     1           8.328          -3.641          -2.111          -6.888            9.464
  566 (vir)     1           8.343          -3.604          -1.935          -6.643            9.447
  567 (vir)     1           8.358          -3.674          -1.960          -6.772            9.496
  568 (vir)     1           8.386          -3.768          -2.056          -6.952            9.514
  569 (vir)     1           8.396          -3.831          -2.071          -6.988            9.483
  570 (vir)     1           8.418          -3.559          -1.953          -6.749            9.655
  571 (vir)     1           8.431          -4.190          -2.365          -7.684            9.559
  572 (vir)     1           8.481          -3.608          -1.984          -6.758            9.647
  573 (vir)     1           8.507          -3.856          -2.144          -7.136            9.644
  574 (vir)     1           8.523          -3.672          -1.990          -6.823            9.683
  575 (vir)     1           8.546          -3.794          -2.192          -7.239            9.799
  576 (vir)     1           8.582          -3.601          -1.973          -6.769            9.778
  577 (vir)     1           8.595          -3.846          -2.159          -7.239            9.829
  578 (vir)     1           8.613          -3.893          -2.141          -7.153            9.732
  579 (vir)     1           8.660          -3.846          -2.161          -7.195            9.847
  580 (vir)     1           8.670          -3.481          -1.855          -6.604            9.937
  581 (vir)     1           8.689          -4.095          -2.364          -7.685            9.915
  582 (vir)     1           8.690          -4.115          -2.359          -7.679            9.895
  583 (vir)     1           8.719          -3.734          -2.128          -7.121            9.978
  584 (vir)     1           8.742          -3.744          -2.039          -6.966            9.925
  585 (vir)     1           8.793          -3.896          -2.134          -7.181            9.943
  586 (vir)     1           8.837          -3.679          -1.988          -6.915           10.086
  587 (vir)     1           8.856          -3.808          -2.089          -7.017            9.976
  588 (vir)     1           8.861          -3.858          -2.166          -7.231           10.068
  589 (vir)     1           8.891          -3.714          -2.015          -6.946           10.108
  590 (vir)     1           8.903          -3.704          -2.110          -7.098           10.187
  591 (vir)     1           8.955          -3.898          -2.072          -7.080           10.065
  592 (vir)     1           8.966          -3.684          -1.978          -6.838           10.143
  593 (vir)     1           8.993          -3.935          -2.032          -7.105           10.130
  594 (vir)     1           9.031          -3.862          -2.058          -7.103           10.214
  595 (vir)     1           9.036          -3.804          -2.081          -7.095           10.246
  596 (vir)     1           9.037          -3.825          -2.186          -7.282           10.307
  597 (vir)     1           9.063          -3.574          -1.874          -6.669           10.284
  598 (vir)     1           9.138          -3.581          -1.965          -6.885           10.477
  599 (vir)     1           9.150          -3.795          -2.086          -7.175           10.445
  600 (vir)     1           9.197          -3.824          -1.981          -6.951           10.342
  601 (vir)     1           9.218          -3.867          -2.083          -7.177           10.445
  602 (vir)     1           9.221          -3.932          -1.979          -6.953           10.263
  603 (vir)     1           9.225          -4.094          -2.244          -7.499           10.386
  604 (vir)     1           9.244          -3.828          -2.006          -7.013           10.423
  605 (vir)     1           9.285          -3.725          -1.962          -6.892           10.491
  606 (vir)     1           9.287          -3.531          -1.792          -6.580           10.544
  607 (vir)     1           9.332          -3.733          -1.851          -6.721           10.468
  608 (vir)     1           9.373          -3.936          -2.042          -7.074           10.469
  609 (vir)     1           9.407          -3.685          -1.918          -6.767           10.572
  610 (vir)     1           9.417          -3.656          -1.894          -6.741           10.607
  611 (vir)     1           9.464          -3.646          -1.978          -6.935           10.775
  612 (vir)     1           9.475          -3.973          -2.148          -7.304           10.658
  613 (vir)     1           9.487          -3.921          -2.015          -7.019           10.570
  614 (vir)     1           9.511          -3.910          -2.080          -7.320           10.842
  615 (vir)     1           9.525          -3.817          -2.004          -7.117           10.820
  616 (vir)     1           9.538          -3.863          -2.056          -7.133           10.752
  617 (vir)     1           9.554          -3.995          -2.055          -7.109           10.612
  618 (vir)     1           9.580          -4.006          -2.023          -7.126           10.677
  619 (vir)     1           9.617          -3.867          -2.075          -7.223           10.897
  620 (vir)     1           9.628          -3.933          -1.998          -7.106           10.803
  621 (vir)     1           9.656          -3.899          -2.023          -7.059           10.794
  622 (vir)     1           9.724          -4.103          -2.178          -7.434           10.877
  623 (vir)     1           9.766          -4.052          -2.110          -7.336           10.939
  624 (vir)     1           9.781          -4.089          -2.097          -7.268           10.862
  625 (vir)     1           9.854          -3.842          -1.908          -6.895           10.999
  626 (vir)     1           9.858          -3.970          -1.945          -6.984           10.927
  627 (vir)     1           9.863          -3.964          -2.062          -7.274           11.111
  628 (vir)     1           9.869          -4.110          -2.104          -7.375           11.029
  629 (vir)     1           9.900          -3.528          -1.892          -6.903           11.383
  630 (vir)     1           9.928          -4.016          -2.122          -7.308           11.099
  631 (vir)     1           9.975          -3.846          -1.890          -6.839           11.078
  632 (vir)     1          10.008          -4.103          -2.025          -7.267           11.146
  633 (vir)     1          10.011          -4.015          -2.113          -7.288           11.171
  634 (vir)     1          10.024          -3.875          -2.043          -7.173           11.279
  635 (vir)     1          10.054          -3.854          -1.871          -6.905           11.234
  636 (vir)     1          10.084          -3.942          -1.949          -7.038           11.233
  637 (vir)     1          10.105          -4.306          -2.215          -7.574           11.158
  638 (vir)     1          10.121          -3.916          -1.988          -7.145           11.362
  639 (vir)     1          10.153          -3.892          -1.972          -7.056           11.345
  640 (vir)     1          10.164          -3.743          -1.948          -7.010           11.483
  641 (vir)     1          10.220          -3.949          -1.946          -7.080           11.405
  642 (vir)     1          10.229          -4.289          -2.167          -7.556           11.330
  643 (vir)     1          10.232          -3.952          -2.092          -7.339           11.527
  644 (vir)     1          10.248          -4.047          -1.988          -7.107           11.320
  645 (vir)     1          10.292          -3.892          -2.017          -7.255           11.638
  646 (vir)     1          10.314          -4.078          -2.040          -7.254           11.449
  647 (vir)     1          10.342          -4.003          -2.123          -7.442           11.659
  648 (vir)     1          10.363          -3.971          -2.052          -7.360           11.699
  649 (vir)     1          10.373          -3.925          -2.032          -7.252           11.669
  650 (vir)     1          10.438          -4.173          -2.057          -7.388           11.596
  651 (vir)     1          10.445          -3.931          -1.992          -7.240           11.762
  652 (vir)     1          10.466          -4.011          -1.981          -7.219           11.693
  653 (vir)     1          10.504          -4.036          -2.035          -7.420           11.853
  654 (vir)     1          10.511          -4.122          -1.996          -7.245           11.638
  655 (vir)     1          10.531          -3.898          -2.056          -7.351           11.928
  656 (vir)     1          10.542          -4.269          -2.249          -7.782           11.806
  657 (vir)     1          10.568          -3.873          -1.846          -6.945           11.794
  658 (vir)     1          10.604          -4.207          -2.034          -7.310           11.673
  659 (vir)     1          10.616          -4.219          -2.052          -7.461           11.806
  660 (vir)     1          10.649          -4.297          -2.079          -7.467           11.739
  661 (vir)     1          10.684          -4.073          -1.988          -7.277           11.901
  662 (vir)     1          10.718          -3.855          -1.832          -6.850           11.881
  663 (vir)     1          10.738          -4.212          -2.008          -7.314           11.832
  664 (vir)     1          10.758          -4.051          -1.947          -7.221           11.980
  665 (vir)     1          10.769          -3.832          -1.935          -7.089           12.092
  666 (vir)     1          10.803          -3.903          -1.906          -7.078           12.072
  667 (vir)     1          10.838          -4.351          -2.156          -7.667           11.997
  668 (vir)     1          10.855          -4.119          -1.939          -7.185           11.982
  669 (vir)     1          10.866          -4.206          -2.028          -7.406           12.039
  670 (vir)     1          10.901          -4.340          -2.162          -7.693           12.092
  671 (vir)     1          10.921          -3.975          -1.893          -7.119           12.172
  672 (vir)     1          10.949          -4.181          -2.015          -7.374           12.128
  673 (vir)     1          10.974          -4.021          -1.932          -7.126           12.147
  674 (vir)     1          11.007          -4.487          -2.234          -7.813           12.099
  675 (vir)     1          11.022          -3.970          -1.816          -6.960           12.196
  676 (vir)     1          11.037          -4.184          -2.058          -7.468           12.263
  677 (vir)     1          11.054          -4.196          -2.001          -7.330           12.187
  678 (vir)     1          11.074          -4.040          -1.928          -7.194           12.299
  679 (vir)     1          11.088          -4.056          -1.828          -6.982           12.186
  680 (vir)     1          11.111          -4.082          -1.963          -7.299           12.365
  681 (vir)     1          11.129          -4.200          -1.958          -7.291           12.263
  682 (vir)     1          11.142          -4.112          -1.933          -7.214           12.312
  683 (vir)     1          11.189          -4.197          -1.990          -7.371           12.372
  684 (vir)     1          11.223          -4.357          -2.107          -7.599           12.358
  685 (vir)     1          11.228          -3.894          -1.904          -7.121           12.551
  686 (vir)     1          11.255          -4.268          -1.985          -7.373           12.374
  687 (vir)     1          11.269          -4.318          -2.059          -7.498           12.390
  688 (vir)     1          11.293          -4.213          -2.055          -7.510           12.535
  689 (vir)     1          11.310          -4.108          -1.873          -7.102           12.431
  690 (vir)     1          11.352          -4.012          -2.011          -7.360           12.689
  691 (vir)     1          11.356          -4.053          -1.971          -7.417           12.749
  692 (vir)     1          11.393          -4.338          -2.061          -7.531           12.526
  693 (vir)     1          11.422          -4.239          -1.991          -7.364           12.555
  694 (vir)     1          11.431          -4.479          -2.116          -7.697           12.533
  695 (vir)     1          11.482          -4.438          -2.152          -7.814           12.705
  696 (vir)     1          11.504          -4.365          -2.081          -7.647           12.705
  697 (vir)     1          11.510          -4.349          -2.040          -7.573           12.694
  698 (vir)     1          11.550          -4.274          -1.963          -7.374           12.687
  699 (vir)     1          11.558          -4.252          -2.055          -7.529           12.780
  700 (vir)     1          11.577          -3.843          -1.924          -7.311           13.120
  701 (vir)     1          11.600          -4.174          -1.947          -7.278           12.757
  702 (vir)     1          11.604          -4.057          -2.009          -7.476           13.014
  703 (vir)     1          11.656          -4.441          -2.070          -7.654           12.799
  704 (vir)     1          11.679          -4.039          -1.970          -7.395           13.065
  705 (vir)     1          11.707          -4.318          -1.972          -7.391           12.808
  706 (vir)     1          11.709          -4.674          -2.152          -7.826           12.708
  707 (vir)     1          11.767          -4.432          -2.045          -7.596           12.886
  708 (vir)     1          11.773          -4.159          -1.916          -7.287           12.985
  709 (vir)     1          11.799          -4.275          -2.139          -7.773           13.158
  710 (vir)     1          11.843          -4.250          -2.126          -7.826           13.293
  711 (vir)     1          11.898          -4.451          -2.016          -7.580           13.012
  712 (vir)     1          11.904          -4.169          -1.930          -7.372           13.177
  713 (vir)     1          11.920          -4.265          -2.145          -7.840           13.350
  714 (vir)     1          11.931          -4.257          -2.056          -7.687           13.304
  715 (vir)     1          11.949          -3.928          -1.759          -6.958           13.220
  716 (vir)     1          11.972          -4.480          -2.080          -7.706           13.119
  717 (vir)     1          11.981          -4.563          -2.067          -7.731           13.082
  718 (vir)     1          12.026          -4.386          -2.084          -7.776           13.332
  719 (vir)     1          12.072          -4.140          -1.972          -7.523           13.483
  720 (vir)     1          12.115          -4.440          -2.058          -7.738           13.354
  721 (vir)     1          12.122          -3.808          -1.955          -7.535           13.894
  722 (vir)     1          12.130          -4.344          -2.002          -7.533           13.317
  723 (vir)     1          12.153          -4.121          -1.903          -7.320           13.450
  724 (vir)     1          12.173          -4.450          -2.186          -8.014           13.551
  725 (vir)     1          12.206          -4.772          -2.267          -8.249           13.416
  726 (vir)     1          12.228          -4.436          -2.013          -7.617           13.396
  727 (vir)     1          12.303          -3.980          -1.844          -7.245           13.724
  728 (vir)     1          12.306          -4.500          -2.037          -7.714           13.484
  729 (vir)     1          12.323          -3.710          -1.720          -6.985           13.879
  730 (vir)     1          12.340          -4.223          -1.914          -7.412           13.614
  731 (vir)     1          12.350          -4.393          -1.984          -7.581           13.554
  732 (vir)     1          12.382          -4.520          -2.087          -7.756           13.531
  733 (vir)     1          12.391          -4.580          -2.060          -7.711           13.462
  734 (vir)     1          12.432          -3.982          -1.895          -7.316           13.871
  735 (vir)     1          12.457          -4.424          -2.041          -7.759           13.750
  736 (vir)     1          12.474          -4.422          -2.026          -7.665           13.692
  737 (vir)     1          12.497          -4.653          -2.100          -7.869           13.613
  738 (vir)     1          12.523          -4.315          -2.097          -7.856           13.967
  739 (vir)     1          12.539          -4.332          -1.989          -7.560           13.778
  740 (vir)     1          12.554          -4.146          -1.909          -7.430           13.928
  741 (vir)     1          12.572          -4.463          -2.031          -7.745           13.824
  742 (vir)     1          12.582          -4.447          -1.921          -7.515           13.728
  743 (vir)     1          12.637          -4.473          -2.042          -7.755           13.877
  744 (vir)     1          12.645          -4.397          -1.887          -7.442           13.802
  745 (vir)     1          12.711          -4.103          -1.778          -7.150           13.980
  746 (vir)     1          12.718          -4.179          -1.968          -7.578           14.149
  747 (vir)     1          12.727          -4.330          -1.994          -7.677           14.081
  748 (vir)     1          12.731          -4.491          -2.053          -7.801           13.989
  749 (vir)     1          12.770          -3.952          -1.882          -7.419           14.354
  750 (vir)     1          12.792          -4.442          -1.942          -7.551           13.960
  751 (vir)     1          12.798          -4.716          -2.247          -8.211           14.047
  752 (vir)     1          12.846          -4.329          -1.995          -7.644           14.166
  753 (vir)     1          12.850          -4.654          -2.125          -8.022           14.093
  754 (vir)     1          12.887          -4.490          -2.069          -7.877           14.206
  755 (vir)     1          12.915          -4.797          -2.179          -8.182           14.121
  756 (vir)     1          12.920          -4.622          -2.166          -8.105           14.237
  757 (vir)     1          12.940          -4.349          -2.031          -7.829           14.389
  758 (vir)     1          12.950          -4.383          -1.909          -7.469           14.127
  759 (vir)     1          12.986          -4.361          -2.003          -7.813           14.435
  760 (vir)     1          13.013          -4.058          -1.743          -7.147           14.359
  761 (vir)     1          13.052          -4.742          -2.248          -8.287           14.349
  762 (vir)     1          13.055          -4.505          -1.957          -7.657           14.251
  763 (vir)     1          13.083          -4.496          -1.970          -7.686           14.302
  764 (vir)     1          13.110          -3.796          -2.069          -7.964           15.209
  765 (vir)     1          13.123          -4.587          -2.064          -7.788           14.261
  766 (vir)     1          13.181          -4.588          -2.126          -8.059           14.527
  767 (vir)     1          13.193          -4.565          -2.096          -8.009           14.542
  768 (vir)     1          13.207          -4.877          -2.125          -8.047           14.252
  769 (vir)     1          13.212          -4.615          -2.064          -7.934           14.468
  770 (vir)     1          13.270          -4.508          -2.062          -7.912           14.613
  771 (vir)     1          13.271          -4.738          -2.128          -8.077           14.482
  772 (vir)     1          13.291          -4.253          -1.908          -7.537           14.668
  773 (vir)     1          13.326          -4.587          -2.035          -7.893           14.598
  774 (vir)     1          13.372          -4.592          -2.038          -7.911           14.653
  775 (vir)     1          13.399          -4.428          -1.950          -7.675           14.696
  776 (vir)     1          13.414          -4.565          -2.014          -7.933           14.768
  777 (vir)     1          13.444          -4.781          -1.991          -7.776           14.449
  778 (vir)     1          13.473          -4.325          -1.890          -7.520           14.778
  779 (vir)     1          13.507          -4.470          -2.034          -7.912           14.916
  780 (vir)     1          13.520          -4.235          -1.838          -7.391           14.838
  781 (vir)     1          13.548          -4.266          -1.836          -7.471           14.916
  782 (vir)     1          13.548          -4.381          -1.765          -7.176           14.577
  783 (vir)     1          13.578          -4.572          -2.021          -7.862           14.847
  784 (vir)     1          13.605          -4.449          -1.888          -7.561           14.829
  785 (vir)     1          13.626          -4.224          -1.968          -7.754           15.188
  786 (vir)     1          13.678          -4.115          -1.894          -7.557           15.226
  787 (vir)     1          13.685          -4.745          -1.988          -7.811           14.763
  788 (vir)     1          13.713          -4.682          -2.070          -7.961           14.922
  789 (vir)     1          13.736          -4.929          -2.077          -8.031           14.762
  790 (vir)     1          13.744          -4.702          -2.104          -8.144           15.083
  791 (vir)     1          13.754          -4.380          -1.749          -7.195           14.820
  792 (vir)     1          13.780          -4.805          -2.059          -8.048           14.964
  793 (vir)     1          13.817          -4.605          -1.943          -7.677           14.946
  794 (vir)     1          13.846          -4.367          -1.885          -7.560           15.154
  795 (vir)     1          13.847          -4.461          -1.922          -7.669           15.133
  796 (vir)     1          13.884          -4.360          -1.805          -7.484           15.204
  797 (vir)     1          13.930          -4.616          -2.033          -8.017           15.299
  798 (vir)     1          13.968          -4.489          -1.832          -7.526           15.173
  799 (vir)     1          14.003          -4.498          -1.782          -7.318           15.041
  800 (vir)     1          14.019          -4.296          -1.813          -7.420           15.330
  801 (vir)     1          14.033          -4.512          -1.868          -7.636           15.289
  802 (vir)     1          14.054          -4.430          -1.873          -7.600           15.351
  803 (vir)     1          14.082          -5.063          -2.105          -8.145           15.060
  804 (vir)     1          14.098          -4.884          -2.008          -7.889           15.096
  805 (vir)     1          14.103          -4.344          -1.856          -7.553           15.457
  806 (vir)     1          14.119          -4.484          -1.796          -7.424           15.262
  807 (vir)     1          14.148          -4.876          -2.028          -7.959           15.204
  808 (vir)     1          14.153          -4.450          -1.934          -7.752           15.522
  809 (vir)     1          14.165          -4.825          -2.042          -8.007           15.304
  810 (vir)     1          14.219          -4.803          -1.920          -7.741           15.237
  811 (vir)     1          14.264          -4.411          -1.704          -7.206           15.355
  812 (vir)     1          14.267          -4.792          -1.923          -7.810           15.362
  813 (vir)     1          14.297          -4.583          -1.858          -7.605           15.461
  814 (vir)     1          14.346          -4.799          -2.004          -7.922           15.464
  815 (vir)     1          14.349          -4.934          -2.023          -7.969           15.361
  816 (vir)     1          14.399          -4.840          -1.964          -7.913           15.509
  817 (vir)     1          14.411          -4.779          -2.074          -8.223           15.782
  818 (vir)     1          14.423          -4.435          -1.815          -7.567           15.741
  819 (vir)     1          14.461          -4.538          -1.986          -7.925           15.862
  820 (vir)     1          14.478          -4.798          -1.991          -8.006           15.695
  821 (vir)     1          14.490          -4.946          -1.982          -7.875           15.437
  822 (vir)     1          14.505          -4.642          -1.953          -7.837           15.746
  823 (vir)     1          14.535          -4.735          -1.872          -7.591           15.519
  824 (vir)     1          14.568          -4.515          -1.856          -7.657           15.853
  825 (vir)     1          14.571          -4.359          -1.809          -7.468           15.871
  826 (vir)     1          14.616          -4.401          -1.828          -7.554           15.941
  827 (vir)     1          14.619          -5.185          -2.099          -8.253           15.587
  828 (vir)     1          14.653          -4.393          -1.873          -7.746           16.134
  829 (vir)     1          14.670          -4.689          -1.986          -8.008           16.002
  830 (vir)     1          14.691          -4.782          -1.923          -7.744           15.730
  831 (vir)     1          14.738          -4.301          -1.895          -7.722           16.263
  832 (vir)     1          14.744          -5.178          -2.129          -8.391           15.827
  833 (vir)     1          14.763          -4.496          -1.814          -7.574           16.028
  834 (vir)     1          14.772          -4.565          -1.763          -7.442           15.886
  835 (vir)     1          14.779          -4.828          -1.868          -7.738           15.821
  836 (vir)     1          14.825          -4.363          -1.781          -7.527           16.207
  837 (vir)     1          14.830          -4.285          -1.895          -7.710           16.361
  838 (vir)     1          14.869          -4.456          -1.933          -7.899           16.380
  839 (vir)     1          14.899          -4.835          -1.890          -7.758           15.932
  840 (vir)     1          14.912          -4.833          -1.882          -7.777           15.973
  841 (vir)     1          14.938          -4.795          -1.983          -8.101           16.260
  842 (vir)     1          14.958          -4.467          -1.714          -7.375           16.152
  843 (vir)     1          15.017          -4.306          -1.962          -7.979           16.728
  844 (vir)     1          15.046          -4.484          -1.998          -8.071           16.635
  845 (vir)     1          15.068          -4.165          -1.674          -7.247           16.475
  846 (vir)     1          15.121          -4.409          -1.778          -7.516           16.450
  847 (vir)     1          15.132          -5.185          -2.085          -8.325           16.188
  848 (vir)     1          15.177          -5.049          -1.936          -7.935           16.126
  849 (vir)     1          15.201          -5.194          -2.012          -8.111           16.106
  850 (vir)     1          15.217          -4.336          -1.713          -7.371           16.538
  851 (vir)     1          15.224          -4.613          -2.064          -8.342           16.888
  852 (vir)     1          15.239          -5.112          -1.994          -8.098           16.230
  853 (vir)     1          15.278          -4.354          -1.784          -7.526           16.666
  854 (vir)     1          15.304          -4.470          -1.880          -7.829           16.783
  855 (vir)     1          15.306          -5.012          -1.907          -7.822           16.209
  856 (vir)     1          15.318          -4.245          -1.731          -7.434           16.776
  857 (vir)     1          15.382          -4.821          -1.841          -7.665           16.386
  858 (vir)     1          15.403          -4.710          -1.968          -8.102           16.828
  859 (vir)     1          15.415          -5.026          -1.947          -7.992           16.434
  860 (vir)     1          15.433          -5.005          -1.888          -7.845           16.384
  861 (vir)     1          15.458          -4.312          -1.910          -7.957           17.194
  862 (vir)     1          15.476          -5.059          -1.954          -7.978           16.441
  863 (vir)     1          15.497          -4.874          -1.827          -7.695           16.491
  864 (vir)     1          15.540          -4.552          -1.813          -7.742           16.917
  865 (vir)     1          15.557          -4.440          -1.668          -7.341           16.790
  866 (vir)     1          15.558          -4.932          -1.784          -7.618           16.459
  867 (vir)     1          15.588          -5.037          -1.891          -7.908           16.568
  868 (vir)     1          15.603          -4.303          -1.758          -7.502           17.045
  869 (vir)     1          15.618          -4.982          -1.834          -7.792           16.595
  870 (vir)     1          15.687          -4.565          -1.860          -7.840           17.101
  871 (vir)     1          15.688          -4.692          -1.837          -7.747           16.906
  872 (vir)     1          15.723          -4.360          -1.908          -7.960           17.416
  873 (vir)     1          15.731          -4.987          -1.809          -7.721           16.657
  874 (vir)     1          15.754          -5.229          -2.042          -8.238           16.721
  875 (vir)     1          15.788          -4.579          -1.809          -7.758           17.157
  876 (vir)     1          15.825          -5.479          -2.018          -8.321           16.649
  877 (vir)     1          15.839          -5.105          -1.893          -7.945           16.786
  878 (vir)     1          15.849          -4.689          -2.029          -8.334           17.464
  879 (vir)     1          15.854          -5.248          -1.909          -7.945           16.642
  880 (vir)     1          15.886          -4.610          -1.874          -7.912           17.314
  881 (vir)     1          15.933          -5.098          -1.861          -7.848           16.822
  882 (vir)     1          15.940          -5.228          -1.944          -8.092           16.859
  883 (vir)     1          15.965          -4.488          -1.898          -8.033           17.611
  884 (vir)     1          16.011          -4.583          -1.804          -7.769           17.392
  885 (vir)     1          16.044          -5.176          -1.870          -7.901           16.900
  886 (vir)     1          16.046          -4.576          -1.845          -7.905           17.529
  887 (vir)     1          16.086          -4.508          -1.754          -7.630           17.453
  888 (vir)     1          16.145          -4.542          -1.791          -7.728           17.540
  889 (vir)     1          16.149          -5.302          -2.020          -8.352           17.179
  890 (vir)     1          16.187          -5.165          -1.852          -7.891           17.061
  891 (vir)     1          16.230          -4.754          -1.937          -8.167           17.705
  892 (vir)     1          16.246          -4.597          -1.854          -7.920           17.715
  893 (vir)     1          16.260          -5.299          -1.950          -8.167           17.177
  894 (vir)     1          16.311          -5.349          -1.949          -8.216           17.229
  895 (vir)     1          16.328          -5.286          -1.951          -8.157           17.248
  896 (vir)     1          16.359          -4.399          -1.707          -7.558           17.810
  897 (vir)     1          16.360          -5.185          -1.775          -7.760           17.161
  898 (vir)     1          16.392          -4.957          -1.891          -8.073           17.617
  899 (vir)     1          16.411          -5.327          -1.946          -8.152           17.290
  900 (vir)     1          16.417          -4.793          -1.930          -8.141           17.835
  901 (vir)     1          16.461          -4.901          -1.935          -8.263           17.888
  902 (vir)     1          16.470          -5.354          -2.033          -8.418           17.501
  903 (vir)     1          16.471          -5.329          -1.872          -7.987           17.257
  904 (vir)     1          16.504          -5.375          -1.889          -8.062           17.302
  905 (vir)     1          16.529          -5.128          -1.774          -7.721           17.347
  906 (vir)     1          16.534          -5.148          -1.829          -7.876           17.432
  907 (vir)     1          16.575          -5.157          -1.706          -7.631           17.343
  908 (vir)     1          16.656          -5.583          -2.034          -8.485           17.524
  909 (vir)     1          16.670          -4.843          -1.926          -8.203           18.103
  910 (vir)     1          16.679          -5.132          -1.840          -7.996           17.703
  911 (vir)     1          16.680          -4.842          -1.987          -8.267           18.117
  912 (vir)     1          16.731          -5.531          -1.979          -8.348           17.569
  913 (vir)     1          16.751          -5.703          -1.962          -8.312           17.397
  914 (vir)     1          16.767          -5.341          -1.900          -8.117           17.643
  915 (vir)     1          16.779          -5.284          -1.860          -8.010           17.645
  916 (vir)     1          16.806          -5.447          -1.924          -8.218           17.653
  917 (vir)     1          16.868          -4.927          -1.825          -7.946           18.062
  918 (vir)     1          16.870          -5.454          -1.876          -8.008           17.548
  919 (vir)     1          16.910          -5.421          -1.931          -8.194           17.752
  920 (vir)     1          16.913          -5.417          -1.944          -8.245           17.798
  921 (vir)     1          16.939          -5.418          -1.797          -7.892           17.615
  922 (vir)     1          16.953          -5.499          -1.965          -8.323           17.812
  923 (vir)     1          16.996          -5.624          -1.919          -8.229           17.682
  924 (vir)     1          17.005          -4.794          -1.873          -8.111           18.450
  925 (vir)     1          17.011          -5.321          -1.842          -7.971           17.818
  926 (vir)     1          17.060          -5.382          -1.844          -8.048           17.882
  927 (vir)     1          17.082          -4.622          -1.754          -7.787           18.493
  928 (vir)     1          17.102          -5.755          -1.952          -8.370           17.764
  929 (vir)     1          17.141          -5.519          -1.915          -8.224           17.931
  930 (vir)     1          17.184          -5.765          -2.119          -8.708           18.008
  931 (vir)     1          17.218          -5.698          -1.886          -8.206           17.840
  932 (vir)     1          17.238          -4.560          -1.832          -7.991           18.837
  933 (vir)     1          17.243          -5.400          -1.857          -8.071           18.056
  934 (vir)     1          17.252          -5.496          -1.847          -8.049           17.957
  935 (vir)     1          17.267          -5.682          -1.858          -8.142           17.869
  936 (vir)     1          17.318          -5.756          -2.009          -8.522           18.075
  937 (vir)     1          17.358          -4.646          -1.763          -7.872           18.820
  938 (vir)     1          17.361          -5.009          -1.888          -8.232           18.697
  939 (vir)     1          17.409          -5.278          -1.785          -7.895           18.240
  940 (vir)     1          17.432          -5.725          -1.926          -8.328           18.109
  941 (vir)     1          17.494          -5.272          -1.763          -7.857           18.315
  942 (vir)     1          17.521          -5.424          -1.840          -8.040           18.297
  943 (vir)     1          17.568          -5.643          -1.911          -8.314           18.328
  944 (vir)     1          17.582          -5.482          -1.665          -7.681           18.116
  945 (vir)     1          17.611          -5.487          -1.759          -7.902           18.268
  946 (vir)     1          17.618          -6.020          -1.978          -8.429           18.049
  947 (vir)     1          17.663          -5.407          -1.807          -8.008           18.457
  948 (vir)     1          17.695          -5.722          -1.902          -8.278           18.350
  949 (vir)     1          17.752          -5.342          -1.761          -7.873           18.522
  950 (vir)     1          17.760          -5.087          -1.809          -8.069           18.933
  951 (vir)     1          17.786          -6.035          -1.937          -8.377           18.191
  952 (vir)     1          17.794          -5.239          -1.633          -7.559           18.481
  953 (vir)     1          17.797          -5.663          -1.928          -8.379           18.585
  954 (vir)     1          17.832          -5.785          -1.985          -8.567           18.629
  955 (vir)     1          17.883          -5.748          -1.975          -8.538           18.697
  956 (vir)     1          17.906          -5.560          -1.894          -8.209           18.661
  957 (vir)     1          17.967          -5.468          -1.828          -8.066           18.736
  958 (vir)     1          17.983          -5.536          -1.805          -8.060           18.702
  959 (vir)     1          18.000          -6.214          -1.983          -8.594           18.397
  960 (vir)     1          18.020          -5.872          -1.941          -8.475           18.682
  961 (vir)     1          18.054          -5.847          -1.897          -8.240           18.550
  962 (vir)     1          18.088          -5.291          -1.663          -7.693           18.827
  963 (vir)     1          18.126          -5.693          -1.883          -8.320           18.871
  964 (vir)     1          18.129          -5.877          -1.787          -8.057           18.523
  965 (vir)     1          18.156          -5.438          -1.658          -7.698           18.758
  966 (vir)     1          18.163          -5.894          -2.007          -8.638           18.900
  967 (vir)     1          18.196          -5.658          -1.830          -8.177           18.886
  968 (vir)     1          18.230          -5.789          -1.852          -8.261           18.850
  969 (vir)     1          18.288          -5.560          -1.768          -8.056           19.016
  970 (vir)     1          18.292          -5.668          -1.818          -8.179           18.985
  971 (vir)     1          18.324          -5.464          -1.722          -7.886           19.024
  972 (vir)     1          18.340          -5.626          -1.665          -7.751           18.800
  973 (vir)     1          18.361          -5.746          -1.834          -8.240           19.020
  974 (vir)     1          18.402          -5.595          -1.801          -8.150           19.155
  975 (vir)     1          18.447          -6.205          -1.896          -8.412           18.757
  976 (vir)     1          18.449          -5.705          -1.831          -8.185           19.098
  977 (vir)     1          18.505          -5.884          -1.898          -8.419           19.142
  978 (vir)     1          18.511          -5.826          -1.899          -8.433           19.218
  979 (vir)     1          18.544          -6.233          -2.050          -8.861           19.123
  980 (vir)     1          18.563          -5.801          -1.842          -8.278           19.199
  981 (vir)     1          18.615          -5.619          -1.723          -7.952           19.225
  982 (vir)     1          18.623          -5.545          -1.663          -7.819           19.234
  983 (vir)     1          18.628          -5.514          -1.702          -7.913           19.325
  984 (vir)     1          18.648          -5.782          -1.874          -8.286           19.279
  985 (vir)     1          18.681          -5.831          -1.919          -8.470           19.400
  986 (vir)     1          18.702          -5.714          -1.774          -8.145           19.359
  987 (vir)     1          18.745          -6.272          -2.047          -8.854           19.281
  988 (vir)     1          18.752          -5.725          -1.827          -8.216           19.417
  989 (vir)     1          18.757          -5.756          -1.815          -8.206           19.391
  990 (vir)     1          18.792          -5.874          -1.851          -8.356           19.423
  991 (vir)     1          18.809          -6.106          -2.024          -8.838           19.518
  992 (vir)     1          18.863          -6.011          -1.926          -8.576           19.502
  993 (vir)     1          18.872          -6.068          -1.914          -8.489           19.380
  994 (vir)     1          18.913          -6.168          -1.851          -8.392           19.287
  995 (vir)     1          18.946          -5.679          -1.754          -8.083           19.596
  996 (vir)     1          18.966          -6.220          -1.975          -8.707           19.478
  997 (vir)     1          18.973          -6.028          -1.886          -8.472           19.531
  998 (vir)     1          19.024          -6.065          -1.935          -8.669           19.692
  999 (vir)     1          19.036          -5.427          -1.612          -7.710           19.706
 1000 (vir)     1          19.075          -6.165          -1.956          -8.653           19.607
 1001 (vir)     1          19.077          -5.933          -1.851          -8.413           19.706
 1002 (vir)     1          19.116          -6.039          -1.905          -8.578           19.750
 1003 (vir)     1          19.121          -6.041          -1.862          -8.490           19.707
 1004 (vir)     1          19.139          -6.030          -1.903          -8.558           19.764
 1005 (vir)     1          19.183          -5.803          -1.814          -8.238           19.805
 1006 (vir)     1          19.187          -6.080          -1.892          -8.572           19.788
 1007 (vir)     1          19.188          -6.112          -1.875          -8.491           19.692
 1008 (vir)     1          19.229          -6.004          -1.860          -8.429           19.794
 1009 (vir)     1          19.267          -5.767          -1.716          -8.077           19.861
 1010 (vir)     1          19.278          -5.803          -1.784          -8.254           19.944
 1011 (vir)     1          19.320          -6.194          -1.955          -8.764           19.936
 1012 (vir)     1          19.357          -6.060          -1.838          -8.487           19.947
 1013 (vir)     1          19.418          -6.270          -1.900          -8.587           19.835
 1014 (vir)     1          19.424          -6.205          -1.945          -8.696           19.970
 1015 (vir)     1          19.438          -6.280          -1.948          -8.656           19.865
 1016 (vir)     1          19.527          -6.181          -1.945          -8.714           20.116
 1017 (vir)     1          19.571          -6.196          -1.942          -8.704           20.137
 1018 (vir)     1          19.584          -5.875          -1.796          -8.261           20.175
 1019 (vir)     1          19.594          -6.199          -2.001          -8.875           20.269
 1020 (vir)     1          19.601          -6.066          -1.923          -8.670           20.283
 1021 (vir)     1          19.654          -5.921          -1.794          -8.323           20.262
 1022 (vir)     1          19.658          -6.228          -1.929          -8.704           20.204
 1023 (vir)     1          19.679          -6.231          -1.997          -8.888           20.339
 1024 (vir)     1          19.693          -6.017          -1.814          -8.354           20.215
 1025 (vir)     1          19.709          -6.093          -1.827          -8.432           20.221
 1026 (vir)     1          19.772          -6.279          -1.964          -8.800           20.329
 1027 (vir)     1          19.842          -6.206          -1.870          -8.578           20.345
 1028 (vir)     1          19.852          -6.324          -1.983          -8.829           20.374
 1029 (vir)     1          19.867          -5.771          -1.733          -8.111           20.475
 1030 (vir)     1          19.877          -6.090          -1.823          -8.451           20.415
 1031 (vir)     1          19.928          -6.227          -1.926          -8.666           20.440
 1032 (vir)     1          19.955          -6.038          -1.808          -8.384           20.493
 1033 (vir)     1          19.967          -6.177          -1.851          -8.565           20.505
 1034 (vir)     1          19.993          -6.155          -1.916          -8.699           20.620
 1035 (vir)     1          20.006          -6.234          -1.909          -8.647           20.511
 1036 (vir)     1          20.056          -6.075          -1.860          -8.548           20.669
 1037 (vir)     1          20.097          -6.105          -1.788          -8.390           20.594
 1038 (vir)     1          20.144          -6.072          -1.768          -8.272           20.577
 1039 (vir)     1          20.169          -6.261          -1.975          -8.900           20.833
 1040 (vir)     1          20.178          -6.116          -1.882          -8.621           20.801
 1041 (vir)     1          20.189          -6.068          -1.792          -8.387           20.715
 1042 (vir)     1          20.208          -6.177          -1.878          -8.618           20.772
 1043 (vir)     1          20.229          -6.043          -1.804          -8.410           20.792
 1044 (vir)     1          20.238          -5.861          -1.725          -8.201           20.853
 1045 (vir)     1          20.262          -6.085          -1.819          -8.454           20.812
 1046 (vir)     1          20.347          -6.298          -1.821          -8.616           20.844
 1047 (vir)     1          20.348          -6.229          -1.871          -8.571           20.819
 1048 (vir)     1          20.399          -6.215          -1.832          -8.488           20.840
 1049 (vir)     1          20.405          -5.991          -1.732          -8.250           20.933
 1050 (vir)     1          20.441          -6.632          -1.997          -8.995           20.807
 1051 (vir)     1          20.463          -6.197          -1.857          -8.662           21.070
 1052 (vir)     1          20.514          -6.475          -1.947          -8.900           20.992
 1053 (vir)     1          20.522          -6.165          -1.847          -8.572           21.082
 1054 (vir)     1          20.571          -6.149          -1.772          -8.394           21.044
 1055 (vir)     1          20.602          -6.290          -1.827          -8.555           21.039
 1056 (vir)     1          20.611          -6.188          -1.799          -8.416           21.040
 1057 (vir)     1          20.628          -6.082          -1.782          -8.380           21.144
 1058 (vir)     1          20.631          -6.184          -1.869          -8.669           21.246
 1059 (vir)     1          20.721          -6.312          -1.862          -8.646           21.193
 1060 (vir)     1          20.728          -6.548          -1.947          -8.897           21.130
 1061 (vir)     1          20.782          -6.384          -1.869          -8.590           21.119
 1062 (vir)     1          20.787          -6.063          -1.829          -8.602           21.497
 1063 (vir)     1          20.791          -6.077          -1.756          -8.369           21.327
 1064 (vir)     1          20.826          -6.379          -1.912          -8.935           21.471
 1065 (vir)     1          20.844          -6.255          -1.838          -8.612           21.362
 1066 (vir)     1          20.868          -6.427          -1.917          -8.814           21.337
 1067 (vir)     1          20.922          -6.587          -2.038          -9.141           21.437
 1068 (vir)     1          20.961          -6.427          -1.871          -8.694           21.358
 1069 (vir)     1          20.987          -6.544          -1.932          -8.886           21.397
 1070 (vir)     1          21.032          -6.347          -1.773          -8.478           21.389
 1071 (vir)     1          21.046          -6.498          -1.865          -8.745           21.428
 1072 (vir)     1          21.083          -6.383          -1.817          -8.599           21.482
 1073 (vir)     1          21.086          -6.525          -1.866          -8.736           21.431
 1074 (vir)     1          21.089          -6.486          -1.885          -8.775           21.493
 1075 (vir)     1          21.104          -6.161          -1.783          -8.371           21.531
 1076 (vir)     1          21.157          -6.334          -1.889          -8.820           21.755
 1077 (vir)     1          21.158          -6.498          -1.837          -8.648           21.471
 1078 (vir)     1          21.168          -6.399          -1.896          -8.838           21.712
 1079 (vir)     1          21.218          -6.575          -1.933          -8.978           21.688
 1080 (vir)     1          21.275          -6.256          -1.819          -8.527           21.728
 1081 (vir)     1          21.320          -6.744          -2.023          -9.151           21.703
 1082 (vir)     1          21.362          -6.188          -1.763          -8.460           21.870
 1083 (vir)     1          21.366          -6.615          -1.903          -8.800           21.649
 1084 (vir)     1          21.368          -6.503          -1.864          -8.623           21.623
 1085 (vir)     1          21.397          -6.317          -1.817          -8.566           21.828
 1086 (vir)     1          21.426          -6.401          -1.762          -8.521           21.784
 1087 (vir)     1          21.524          -6.628          -1.918          -8.934           21.912
 1088 (vir)     1          21.541          -6.321          -1.783          -8.565           22.003
 1089 (vir)     1          21.559          -6.641          -1.921          -8.949           21.946
 1090 (vir)     1          21.598          -6.096          -1.716          -8.286           22.073
 1091 (vir)     1          21.606          -6.284          -1.772          -8.492           22.042
 1092 (vir)     1          21.617          -6.387          -1.896          -8.863           22.197
 1093 (vir)     1          21.626          -6.592          -1.833          -8.711           21.913
 1094 (vir)     1          21.650          -6.318          -1.758          -8.457           22.032
 1095 (vir)     1          21.670          -6.630          -1.986          -9.055           22.109
 1096 (vir)     1          21.694          -6.408          -1.752          -8.463           21.997
 1097 (vir)     1          21.714          -6.440          -1.741          -8.524           22.057
 1098 (vir)     1          21.799          -6.555          -1.822          -8.662           22.083
 1099 (vir)     1          21.827          -6.414          -1.852          -8.665           22.226
 1100 (vir)     1          21.851          -6.433          -1.823          -8.585           22.180
 1101 (vir)     1          21.890          -6.522          -1.844          -8.751           22.276
 1102 (vir)     1          21.922          -6.366          -1.851          -8.835           22.540
 1103 (vir)     1          21.968          -6.642          -1.819          -8.657           22.164
 1104 (vir)     1          21.969          -6.495          -1.845          -8.854           22.483
 1105 (vir)     1          22.040          -6.548          -1.809          -8.688           22.370
 1106 (vir)     1          22.051          -6.501          -1.782          -8.627           22.395
 1107 (vir)     1          22.069          -6.319          -1.703          -8.382           22.428
 1108 (vir)     1          22.135          -6.428          -1.846          -8.759           22.620
 1109 (vir)     1          22.163          -6.862          -1.866          -8.887           22.322
 1110 (vir)     1          22.166          -6.526          -1.913          -8.998           22.725
 1111 (vir)     1          22.224          -6.751          -1.915          -9.072           22.631
 1112 (vir)     1          22.240          -6.279          -1.758          -8.554           22.757
 1113 (vir)     1          22.258          -6.454          -1.735          -8.502           22.571
 1114 (vir)     1          22.293          -6.355          -1.733          -8.445           22.650
 1115 (vir)     1          22.302          -6.270          -1.739          -8.496           22.789
 1116 (vir)     1          22.323          -6.568          -1.806          -8.750           22.699
 1117 (vir)     1          22.330          -6.435          -1.717          -8.357           22.536
 1118 (vir)     1          22.374          -6.481          -1.806          -8.665           22.753
 1119 (vir)     1          22.403          -6.653          -1.848          -8.812           22.715
 1120 (vir)     1          22.431          -6.520          -1.746          -8.593           22.758
 1121 (vir)     1          22.476          -6.672          -1.785          -8.693           22.712
 1122 (vir)     1          22.488          -6.523          -1.838          -8.814           22.942
 1123 (vir)     1          22.508          -6.681          -1.795          -8.728           22.760
 1124 (vir)     1          22.576          -6.639          -1.795          -8.724           22.866
 1125 (vir)     1          22.582          -6.767          -1.844          -8.810           22.781
 1126 (vir)     1          22.608          -6.299          -1.647          -8.247           22.908
 1127 (vir)     1          22.614          -6.782          -1.842          -8.864           22.854
 1128 (vir)     1          22.632          -7.095          -1.971          -9.304           22.870
 1129 (vir)     1          22.658          -6.181          -1.768          -8.673           23.382
 1130 (vir)     1          22.702          -6.428          -1.729          -8.476           23.020
 1131 (vir)     1          22.748          -6.941          -1.946          -9.161           23.021
 1132 (vir)     1          22.767          -6.834          -1.825          -8.863           22.971
 1133 (vir)     1          22.778          -6.594          -1.733          -8.525           22.976
 1134 (vir)     1          22.786          -7.026          -1.907          -9.075           22.928
 1135 (vir)     1          22.793          -7.065          -1.870          -9.013           22.871
 1136 (vir)     1          22.855          -6.577          -1.837          -8.777           23.219
 1137 (vir)     1          22.861          -6.422          -1.731          -8.521           23.228
 1138 (vir)     1          22.899          -6.899          -1.803          -8.815           23.012
 1139 (vir)     1          22.900          -6.828          -1.779          -8.682           22.975
 1140 (vir)     1          22.963          -6.569          -1.645          -8.428           23.177
 1141 (vir)     1          22.969          -6.958          -1.826          -8.862           23.048
 1142 (vir)     1          22.989          -6.190          -1.570          -8.135           23.363
 1143 (vir)     1          23.024          -6.702          -1.752          -8.671           23.242
 1144 (vir)     1          23.032          -6.580          -1.754          -8.601           23.299
 1145 (vir)     1          23.132          -6.633          -1.715          -8.549           23.333
 1146 (vir)     1          23.139          -6.561          -1.744          -8.651           23.485
 1147 (vir)     1          23.182          -6.779          -1.719          -8.582           23.267
 1148 (vir)     1          23.200          -6.454          -1.649          -8.362           23.460
 1149 (vir)     1          23.226          -6.775          -1.775          -8.787           23.463
 1150 (vir)     1          23.250          -7.299          -1.906          -9.169           23.214
 1151 (vir)     1          23.253          -6.566          -1.677          -8.445           23.454
 1152 (vir)     1          23.268          -6.712          -1.714          -8.606           23.449
 1153 (vir)     1          23.326          -6.839          -1.758          -8.714           23.442
 1154 (vir)     1          23.383          -6.648          -1.600          -8.256           23.392
 1155 (vir)     1          23.413          -6.773          -1.685          -8.525           23.481
 1156 (vir)     1          23.435          -6.614          -1.709          -8.603           23.715
 1157 (vir)     1          23.461          -6.660          -1.729          -8.688           23.760
 1158 (vir)     1          23.506          -6.853          -1.740          -8.625           23.539
 1159 (vir)     1          23.566          -6.642          -1.694          -8.586           23.816
 1160 (vir)     1          23.579          -6.939          -1.745          -8.713           23.609
 1161 (vir)     1          23.634          -6.384          -1.532          -8.149           23.867
 1162 (vir)     1          23.688          -6.567          -1.602          -8.297           23.817
 1163 (vir)     1          23.693          -6.589          -1.580          -8.230           23.754
 1164 (vir)     1          23.701          -7.183          -1.760          -8.877           23.636
 1165 (vir)     1          23.767          -6.417          -1.646          -8.580           24.284
 1166 (vir)     1          23.801          -6.674          -1.666          -8.518           23.979
 1167 (vir)     1          23.817          -6.542          -1.591          -8.331           24.016
 1168 (vir)     1          23.861          -6.706          -1.617          -8.401           23.938
 1169 (vir)     1          23.865          -6.784          -1.646          -8.463           23.897
 1170 (vir)     1          23.916          -6.741          -1.667          -8.486           23.994
 1171 (vir)     1          23.933          -6.779          -1.626          -8.334           23.862
 1172 (vir)     1          24.031          -7.004          -1.683          -8.604           23.948
 1173 (vir)     1          24.049          -6.626          -1.578          -8.288           24.133
 1174 (vir)     1          24.091          -6.554          -1.610          -8.444           24.371
 1175 (vir)     1          24.116          -6.473          -1.586          -8.334           24.391
 1176 (vir)     1          24.121          -6.822          -1.582          -8.347           24.065
 1177 (vir)     1          24.144          -6.932          -1.682          -8.660           24.189
 1178 (vir)     1          24.188          -6.677          -1.563          -8.189           24.137
 1179 (vir)     1          24.229          -6.749          -1.550          -8.213           24.144
 1180 (vir)     1          24.252          -7.108          -1.686          -8.665           24.122
 1181 (vir)     1          24.267          -7.129          -1.658          -8.625           24.104
 1182 (vir)     1          24.342          -7.116          -1.731          -8.777           24.272
 1183 (vir)     1          24.410          -6.960          -1.656          -8.611           24.405
 1184 (vir)     1          24.437          -6.724          -1.668          -8.622           24.667
 1185 (vir)     1          24.444          -7.048          -1.750          -8.874           24.519
 1186 (vir)     1          24.453          -6.874          -1.613          -8.504           24.470
 1187 (vir)     1          24.504          -6.882          -1.567          -8.333           24.388
 1188 (vir)     1          24.548          -6.965          -1.648          -8.571           24.506
 1189 (vir)     1          24.555          -6.792          -1.602          -8.407           24.569
 1190 (vir)     1          24.576          -7.151          -1.576          -8.400           24.248
 1191 (vir)     1          24.595          -6.503          -1.578          -8.391           24.906
 1192 (vir)     1          24.607          -6.770          -1.542          -8.250           24.544
 1193 (vir)     1          24.615          -6.617          -1.551          -8.304           24.752
 1194 (vir)     1          24.682          -7.343          -1.690          -8.658           24.306
 1195 (vir)     1          24.703          -6.974          -1.561          -8.317           24.485
 1196 (vir)     1          24.732          -6.579          -1.569          -8.433           25.016
 1197 (vir)     1          24.771          -6.795          -1.509          -8.245           24.711
 1198 (vir)     1          24.778          -6.907          -1.590          -8.380           24.662
 1199 (vir)     1          24.851          -7.017          -1.648          -8.664           24.849
 1200 (vir)     1          24.869          -7.061          -1.602          -8.596           24.802
 1201 (vir)     1          24.894          -6.641          -1.598          -8.492           25.148
 1202 (vir)     1          24.931          -6.715          -1.544          -8.313           24.984
 1203 (vir)     1          24.946          -6.951          -1.609          -8.581           24.966
 1204 (vir)     1          25.014          -6.622          -1.569          -8.509           25.332
 1205 (vir)     1          25.040          -7.149          -1.632          -8.573           24.834
 1206 (vir)     1          25.090          -6.636          -1.510          -8.260           25.204
 1207 (vir)     1          25.096          -7.021          -1.625          -8.611           25.061
 1208 (vir)     1          25.124          -6.974          -1.601          -8.520           25.069
 1209 (vir)     1          25.136          -6.911          -1.631          -8.607           25.200
 1210 (vir)     1          25.174          -7.282          -1.700          -8.872           25.065
 1211 (vir)     1          25.264          -6.861          -1.620          -8.516           25.299
 1212 (vir)     1          25.272          -6.894          -1.683          -8.801           25.497
 1213 (vir)     1          25.302          -7.321          -1.713          -8.934           25.203
 1214 (vir)     1          25.344          -7.488          -1.711          -8.821           24.966
 1215 (vir)     1          25.353          -6.721          -1.534          -8.347           25.444
 1216 (vir)     1          25.424          -7.050          -1.596          -8.540           25.317
 1217 (vir)     1          25.437          -7.434          -1.704          -8.803           25.102
 1218 (vir)     1          25.450          -6.855          -1.557          -8.441           25.478
 1219 (vir)     1          25.499          -6.894          -1.548          -8.362           25.419
 1220 (vir)     1          25.529          -6.843          -1.556          -8.359           25.489
 1221 (vir)     1          25.542          -7.178          -1.642          -8.689           25.411
 1222 (vir)     1          25.620          -7.493          -1.679          -8.841           25.288
 1223 (vir)     1          25.646          -6.988          -1.654          -8.659           25.663
 1224 (vir)     1          25.651          -7.175          -1.588          -8.542           25.430
 1225 (vir)     1          25.680          -7.645          -1.716          -8.937           25.256
 1226 (vir)     1          25.730          -6.735          -1.599          -8.644           26.040
 1227 (vir)     1          25.746          -7.185          -1.645          -8.707           25.623
 1228 (vir)     1          25.760          -7.352          -1.666          -8.653           25.394
 1229 (vir)     1          25.794          -6.777          -1.546          -8.486           25.957
 1230 (vir)     1          25.798          -7.094          -1.585          -8.554           25.674
 1231 (vir)     1          25.904          -7.638          -1.557          -8.309           25.018
 1232 (vir)     1          25.912          -7.362          -1.606          -8.630           25.573
 1233 (vir)     1          25.979          -7.479          -1.646          -8.823           25.677
 1234 (vir)     1          26.013          -7.267          -1.629          -8.762           25.879
 1235 (vir)     1          26.030          -6.924          -1.565          -8.521           26.063
 1236 (vir)     1          26.030          -7.427          -1.717          -9.063           25.949
 1237 (vir)     1          26.110          -6.600          -1.601          -8.740           26.649
 1238 (vir)     1          26.123          -7.459          -1.674          -8.903           25.894
 1239 (vir)     1          26.234          -6.817          -1.600          -8.566           26.383
 1240 (vir)     1          26.247          -6.724          -1.507          -8.332           26.349
 1241 (vir)     1          26.282          -7.437          -1.664          -8.839           26.021
 1242 (vir)     1          26.306          -7.449          -1.629          -8.721           25.949
 1243 (vir)     1          26.350          -7.035          -1.502          -8.324           26.137
 1244 (vir)     1          26.370          -7.952          -1.710          -9.000           25.709
 1245 (vir)     1          26.405          -7.077          -1.519          -8.344           26.152
 1246 (vir)     1          26.474          -7.111          -1.533          -8.516           26.346
 1247 (vir)     1          26.535          -6.995          -1.519          -8.371           26.392
 1248 (vir)     1          26.544          -7.173          -1.575          -8.636           26.431
 1249 (vir)     1          26.576          -6.820          -1.646          -8.964           27.073
 1250 (vir)     1          26.577          -6.930          -1.554          -8.593           26.686
 1251 (vir)     1          26.605          -7.363          -1.603          -8.724           26.363
 1252 (vir)     1          26.611          -7.092          -1.625          -8.777           26.671
 1253 (vir)     1          26.630          -7.127          -1.575          -8.712           26.640
 1254 (vir)     1          26.652          -7.445          -1.658          -8.894           26.442
 1255 (vir)     1          26.737          -7.024          -1.622          -8.859           26.951
 1256 (vir)     1          26.741          -6.787          -1.487          -8.415           26.882
 1257 (vir)     1          26.840          -7.602          -1.629          -8.756           26.366
 1258 (vir)     1          26.848          -6.998          -1.548          -8.582           26.884
 1259 (vir)     1          26.856          -7.197          -1.580          -8.691           26.769
 1260 (vir)     1          26.901          -6.423          -1.536          -8.588           27.530
 1261 (vir)     1          26.914          -7.390          -1.657          -8.950           26.817
 1262 (vir)     1          26.924          -7.771          -1.746          -9.166           26.572
 1263 (vir)     1          26.954          -7.251          -1.617          -8.788           26.874
 1264 (vir)     1          27.040          -7.526          -1.601          -8.739           26.652
 1265 (vir)     1          27.115          -7.507          -1.603          -8.800           26.805
 1266 (vir)     1          27.132          -6.786          -1.555          -8.632           27.423
 1267 (vir)     1          27.186          -6.972          -1.579          -8.717           27.353
 1268 (vir)     1          27.246          -7.093          -1.598          -8.811           27.366
 1269 (vir)     1          27.268          -7.085          -1.529          -8.594           27.248
 1270 (vir)     1          27.292          -7.043          -1.544          -8.606           27.310
 1271 (vir)     1          27.311          -7.279          -1.622          -8.837           27.247
 1272 (vir)     1          27.356          -7.119          -1.588          -8.737           27.387
 1273 (vir)     1          27.368          -7.183          -1.519          -8.462           27.127
 1274 (vir)     1          27.404          -7.310          -1.582          -8.786           27.298
 1275 (vir)     1          27.431          -7.195          -1.548          -8.582           27.270
 1276 (vir)     1          27.443          -7.218          -1.573          -8.766           27.418
 1277 (vir)     1          27.516          -6.986          -1.495          -8.573           27.608
 1278 (vir)     1          27.537          -7.876          -1.664          -9.053           27.051
 1279 (vir)     1          27.606          -7.597          -1.520          -8.433           26.922
 1280 (vir)     1          27.665          -7.507          -1.545          -8.568           27.180
 1281 (vir)     1          27.697          -7.090          -1.557          -8.689           27.738
 1282 (vir)     1          27.733          -7.318          -1.545          -8.643           27.513
 1283 (vir)     1          27.814          -7.616          -1.668          -9.124           27.653
 1284 (vir)     1          27.844          -7.444          -1.618          -8.941           27.722
 1285 (vir)     1          27.863          -7.753          -1.542          -8.627           27.196
 1286 (vir)     1          27.892          -7.599          -1.662          -9.067           27.698
 1287 (vir)     1          27.963          -7.233          -1.523          -8.478           27.684
 1288 (vir)     1          27.969          -6.934          -1.467          -8.427           27.995
 1289 (vir)     1          27.971          -7.235          -1.621          -8.956           28.070
 1290 (vir)     1          28.016          -7.211          -1.547          -8.608           27.866
 1291 (vir)     1          28.111          -7.696          -1.582          -8.876           27.710
 1292 (vir)     1          28.118          -7.305          -1.519          -8.561           27.856
 1293 (vir)     1          28.174          -7.229          -1.528          -8.598           28.015
 1294 (vir)     1          28.236          -6.500          -1.496          -8.549           28.789
 1295 (vir)     1          28.269          -7.987          -1.530          -8.677           27.429
 1296 (vir)     1          28.284          -7.495          -1.514          -8.568           27.843
 1297 (vir)     1          28.349          -7.656          -1.582          -8.797           27.908
 1298 (vir)     1          28.379          -7.612          -1.428          -8.287           27.626
 1299 (vir)     1          28.440          -7.562          -1.550          -8.715           28.044
 1300 (vir)     1          28.451          -6.706          -1.504          -8.645           28.887
 1301 (vir)     1          28.524           2.789          -1.456          -8.488           38.345
 1302 (vir)     1          28.582          -6.877          -1.495          -8.511           28.721
 1303 (vir)     1          28.627          -7.794          -1.523          -8.615           27.926
 1304 (vir)     1          28.628          -6.935          -1.571          -8.767           28.889
 1305 (vir)     1          28.680          -7.470          -1.510          -8.627           28.327
 1306 (vir)     1          28.713          -6.818          -1.443          -8.476           28.928
 1307 (vir)     1          28.761          -7.075          -1.537          -8.725           28.874
 1308 (vir)     1          28.832          -7.296          -1.427          -8.392           28.501
 1309 (vir)     1          28.850          -8.071          -1.543          -8.685           27.920
 1310 (vir)     1          28.870          -7.355          -1.509          -8.571           28.578
 1311 (vir)     1          28.943           4.212          -1.504          -8.581           40.231
 1312 (vir)     1          28.982          -7.194          -1.456          -8.463           28.795
 1313 (vir)     1          29.022          -5.439          -1.451          -8.492           30.623
 1314 (vir)     1          29.048          -7.313          -1.516          -8.693           28.913
 1315 (vir)     1          29.074          -7.195          -1.447          -8.487           28.919
 1316 (vir)     1          29.106          -7.246          -1.479          -8.491           28.873
 1317 (vir)     1          29.134           3.923          -1.473          -8.561           40.145
 1318 (vir)     1          29.146          -7.559          -1.506          -8.588           28.669
 1319 (vir)     1          29.184          -7.115          -1.463          -8.564           29.170
 1320 (vir)     1          29.201           4.230          -1.562          -8.837           40.706
 1321 (vir)     1          29.232          -7.486          -1.562          -8.963           29.146
 1322 (vir)     1          29.242          -6.665          -1.554          -8.811           29.835
 1323 (vir)     1          29.300          -7.436          -1.487          -8.688           29.066
 1324 (vir)     1          29.449          -6.374          -1.493          -8.757           30.339
 1325 (vir)     1          29.466           4.048          -1.481          -8.644           40.677
 1326 (vir)     1          29.520           4.219          -1.423          -8.436           40.752
 1327 (vir)     1          29.609           4.090          -1.423          -8.420           40.696
 1328 (vir)     1          29.618           4.545          -1.553          -8.913           41.523
 1329 (vir)     1          29.656          -7.060          -1.480          -8.598           29.714
 1330 (vir)     1          29.670          -7.474          -1.488          -8.565           29.273
 1331 (vir)     1          29.726           4.071          -1.408          -8.375           40.764
 1332 (vir)     1          29.742           4.274          -1.512          -8.865           41.369
 1333 (vir)     1          29.891           4.157          -1.521          -8.789           41.317
 1334 (vir)     1          29.906           4.123          -1.460          -8.683           41.252
 1335 (vir)     1          29.918           4.449          -1.508          -8.773           41.633
 1336 (vir)     1          29.966           3.938          -1.372          -8.209           40.740
 1337 (vir)     1          29.992           3.950          -1.429          -8.455           40.968
 1338 (vir)     1          30.054           4.095          -1.439          -8.506           41.217
 1339 (vir)     1          30.076           4.148          -1.448          -8.632           41.408
 1340 (vir)     1          30.098           3.966          -1.408          -8.430           41.087
 1341 (vir)     1          30.151           4.055          -1.393          -8.395           41.208
 1342 (vir)     1          30.194           4.153          -1.488          -8.724           41.584
 1343 (vir)     1          30.215           4.104          -1.480          -8.651           41.491
 1344 (vir)     1          30.276           4.205          -1.439          -8.634           41.676
 1345 (vir)     1          30.304           3.966          -1.424          -8.426           41.271
 1346 (vir)     1          30.339           4.229          -1.478          -8.734           41.824
 1347 (vir)     1          30.401           4.068          -1.489          -8.690           41.671
 1348 (vir)     1          30.414           4.351          -1.479          -8.797           42.083
 1349 (vir)     1          30.457          -8.061          -1.466          -8.662           29.592
 1350 (vir)     1          30.474           3.994          -1.365          -8.327           41.430
 1351 (vir)     1          30.520           3.979          -1.423          -8.537           41.613
 1352 (vir)     1          30.583           3.885          -1.431          -8.495           41.533
 1353 (vir)     1          30.614          -8.482          -1.465          -8.504           29.170
 1354 (vir)     1          30.626          -8.086          -1.387          -8.336           29.489
 1355 (vir)     1          30.656           3.963          -1.444          -8.605           41.780
 1356 (vir)     1          30.661           3.967          -1.453          -8.590           41.765
 1357 (vir)     1          30.722           4.117          -1.456          -8.655           42.038
 1358 (vir)     1          30.769          -8.551          -1.421          -8.394           29.190
 1359 (vir)     1          30.780           3.635          -1.403          -8.295           41.307
 1360 (vir)     1          30.801           3.849          -1.417          -8.502           41.734
 1361 (vir)     1          30.818           3.904          -1.390          -8.401           41.733
 1362 (vir)     1          30.913           3.926          -1.370          -8.336           41.805
 1363 (vir)     1          30.923           3.971          -1.350          -8.335           41.878
 1364 (vir)     1          30.931           4.041          -1.387          -8.446           42.032
 1365 (vir)     1          30.934           3.884          -1.405          -8.430           41.844
 1366 (vir)     1          31.038           3.823          -1.322          -8.199           41.738
 1367 (vir)     1          31.071           3.851          -1.364          -8.259           41.817
 1368 (vir)     1          31.119           3.934          -1.425          -8.623           42.251
 1369 (vir)     1          31.132          -5.718          -1.325          -8.149           32.238
 1370 (vir)     1          31.201           3.823          -1.456          -8.694           42.262
 1371 (vir)     1          31.210           3.836          -1.374          -8.374           42.046
 1372 (vir)     1          31.243           3.915          -1.371          -8.441           42.228
 1373 (vir)     1          31.312           3.934          -1.429          -8.688           42.504
 1374 (vir)     1          31.327           3.981          -1.383          -8.499           42.424
 1375 (vir)     1          31.466           3.814          -1.324          -8.255           42.210
 1376 (vir)     1          31.487           3.789          -1.369          -8.380           42.287
 1377 (vir)     1          31.491          -6.084          -1.350          -8.335           32.392
 1378 (vir)     1          31.548           3.965          -1.390          -8.518           42.641
 1379 (vir)     1          31.553           4.014          -1.402          -8.604           42.769
 1380 (vir)     1          31.668           3.960          -1.402          -8.582           42.808
 1381 (vir)     1          31.671           3.945          -1.337          -8.395           42.675
 1382 (vir)     1          31.740           3.796          -1.314          -8.217           42.439
 1383 (vir)     1          31.759           3.778          -1.350          -8.433           42.620
 1384 (vir)     1          31.836          -6.302          -1.321          -8.265           32.478
 1385 (vir)     1          31.901          -6.167          -1.331          -8.390           32.792
 1386 (vir)     1          31.908           3.736          -1.337          -8.304           42.611
 1387 (vir)     1          31.931           3.565          -1.233          -7.926           42.190
 1388 (vir)     1          31.972           3.904          -1.352          -8.469           42.993
 1389 (vir)     1          32.062           3.638          -1.345          -8.429           42.783
 1390 (vir)     1          32.087           3.671          -1.246          -7.973           42.485
 1391 (vir)     1          32.122           3.982          -1.390          -8.661           43.374
 1392 (vir)     1          32.156          -6.515          -1.366          -8.608           32.883
 1393 (vir)     1          32.207          -5.064          -1.379          -8.687           34.452
 1394 (vir)     1          32.214           3.911          -1.306          -8.267           43.085
 1395 (vir)     1          32.281           3.436          -1.314          -8.216           42.619
 1396 (vir)     1          32.328           3.670          -1.288          -8.217           42.927
 1397 (vir)     1          32.349           3.741          -1.280          -8.231           43.041
 1398 (vir)     1          32.375          -5.818          -1.399          -8.694           33.852
 1399 (vir)     1          32.438           3.717          -1.293          -8.237           43.099
 1400 (vir)     1          32.491          -6.137          -1.301          -8.315           33.369
 1401 (vir)     1          32.536           3.527          -1.320          -8.298           43.041
 1402 (vir)     1          32.619          -6.550          -1.289          -8.187           32.966
 1403 (vir)     1          32.621           3.672          -1.318          -8.376           43.351
 1404 (vir)     1          32.720          -6.042          -1.251          -8.038           33.466
 1405 (vir)     1          32.759          -6.188          -1.301          -8.272           33.542
 1406 (vir)     1          32.804           3.503          -1.325          -8.347           43.330
 1407 (vir)     1          32.817           3.970          -1.375          -8.737           44.148
 1408 (vir)     1          32.879           3.542          -1.273          -8.141           43.288
 1409 (vir)     1          32.951          -5.369          -1.215          -7.954           34.320
 1410 (vir)     1          33.015          -5.383          -1.304          -8.199           34.527
 1411 (vir)     1          33.026          -4.939          -1.322          -8.272           35.036
 1412 (vir)     1          33.122          -6.639          -1.332          -8.366           33.516
 1413 (vir)     1          33.175          -5.449          -1.171          -7.850           34.404
 1414 (vir)     1          33.258          -6.557          -1.272          -8.115           33.545
 1415 (vir)     1          33.258           3.639          -1.329          -8.439           44.007
 1416 (vir)     1          33.304           3.444          -1.304          -8.310           43.753
 1417 (vir)     1          33.312          -4.037          -1.314          -8.414           36.375
 1418 (vir)     1          33.344          -5.444          -1.296          -8.327           34.932
 1419 (vir)     1          33.481          -5.690          -1.291          -8.250           34.750
 1420 (vir)     1          33.505           3.482          -1.289          -8.270           43.968
 1421 (vir)     1          33.569          -6.570          -1.288          -8.344           34.056
 1422 (vir)     1          33.581          -5.343          -1.314          -8.349           35.273
 1423 (vir)     1          33.606          -6.561          -1.378          -8.645           34.312
 1424 (vir)     1          33.681           3.503          -1.346          -8.459           44.297
 1425 (vir)     1          33.761          -6.135          -1.292          -8.294           34.629
 1426 (vir)     1          33.834          -6.697          -1.246          -8.071           33.963
 1427 (vir)     1          33.865          -4.129          -1.294          -8.317           36.760
 1428 (vir)     1          33.886          -5.040          -1.201          -7.892           35.537
 1429 (vir)     1          33.944          -6.523          -1.366          -8.570           34.625
 1430 (vir)     1          33.951          -6.279          -1.282          -8.277           34.666
 1431 (vir)     1          34.028          -5.796          -1.280          -8.101           35.054
 1432 (vir)     1          34.076           3.402          -1.265          -8.194           44.406
 1433 (vir)     1          34.099           3.769          -1.395          -8.770           45.243
 1434 (vir)     1          34.134           3.477          -1.378          -8.693           44.926
 1435 (vir)     1          34.155          -6.116          -1.319          -8.336           35.057
 1436 (vir)     1          34.171          -6.267          -1.284          -8.260           34.880
 1437 (vir)     1          34.189          -6.029          -1.270          -8.148           35.038
 1438 (vir)     1          34.272          -6.860          -1.331          -8.520           34.601
 1439 (vir)     1          34.347          -5.491          -1.309          -8.382           35.929
 1440 (vir)     1          34.418          -6.871          -1.347          -8.324           34.524
 1441 (vir)     1          34.437          -6.729          -1.358          -8.507           34.857
 1442 (vir)     1          34.503          -6.712          -1.263          -8.236           34.764
 1443 (vir)     1          34.549          -5.368          -1.284          -8.345           36.242
 1444 (vir)     1          34.619          -6.066          -1.246          -8.248           35.555
 1445 (vir)     1          34.647          -6.587          -1.317          -8.405           35.148
 1446 (vir)     1          34.720           3.198          -1.260          -8.084           44.741
 1447 (vir)     1          34.721          -6.374          -1.300          -8.490           35.538
 1448 (vir)     1          34.798           3.365          -1.329          -8.481           45.314
 1449 (vir)     1          34.831          -5.531          -1.254          -8.195           36.241
 1450 (vir)     1          34.873          -5.921          -1.229          -8.060           35.784
 1451 (vir)     1          34.946          -6.254          -1.329          -8.496           35.858
 1452 (vir)     1          34.990          -6.087          -1.276          -8.265           35.892
 1453 (vir)     1          35.026          -5.963          -1.293          -8.311           36.081
 1454 (vir)     1          35.041          -5.007          -1.297          -8.402           37.139
 1455 (vir)     1          35.108          -4.967          -1.205          -7.998           36.935
 1456 (vir)     1          35.172          -6.060          -1.253          -8.219           36.079
 1457 (vir)     1          35.194          -6.020          -1.260          -8.199           36.112
 1458 (vir)     1          35.283          -6.354          -1.289          -8.327           35.967
 1459 (vir)     1          35.325           3.074          -1.271          -8.258           45.385
 1460 (vir)     1          35.412           3.326          -1.344          -8.483           45.878
 1461 (vir)     1          35.422          -6.158          -1.275          -8.217           36.206
 1462 (vir)     1          35.442           3.197          -1.261          -8.279           45.656
 1463 (vir)     1          35.485          -6.175          -1.341          -8.469           36.438
 1464 (vir)     1          35.591          -6.114          -1.333          -8.523           36.667
 1465 (vir)     1          35.640          -6.733          -1.384          -8.784           36.307
 1466 (vir)     1          35.748          -5.983          -1.263          -8.283           36.785
 1467 (vir)     1          35.779          -6.262          -1.274          -8.138           36.380
 1468 (vir)     1          35.797          -5.554          -1.261          -8.140           37.122
 1469 (vir)     1          35.836          -4.332          -1.257          -8.189           38.436
 1470 (vir)     1          35.885          -5.279          -1.326          -8.443           37.722
 1471 (vir)     1          35.951          -5.192          -1.224          -8.088           37.624
 1472 (vir)     1          35.964          -5.758          -1.298          -8.430           37.338
 1473 (vir)     1          35.990           2.922          -1.283          -8.427           46.057
 1474 (vir)     1          36.113          -6.131          -1.267          -8.259           36.974
 1475 (vir)     1          36.117           3.077          -1.296          -8.330           46.228
 1476 (vir)     1          36.156           3.020          -1.253          -8.224           46.147
 1477 (vir)     1          36.206           3.292          -1.402          -8.741           46.837
 1478 (vir)     1          36.257           3.131          -1.269          -8.271           46.390
 1479 (vir)     1          36.295           3.151          -1.277          -8.343           46.512
 1480 (vir)     1          36.404          -5.898          -1.274          -8.497           37.729
 1481 (vir)     1          36.432          -6.597          -1.363          -8.672           37.144
 1482 (vir)     1          36.507           3.306          -1.305          -8.555           47.064
 1483 (vir)     1          36.532          -5.899          -1.312          -8.513           37.835
 1484 (vir)     1          36.549           3.093          -1.295          -8.418           46.765
 1485 (vir)     1          36.623           3.089          -1.318          -8.451           46.845
 1486 (vir)     1          36.658          -4.794          -1.277          -8.262           38.849
 1487 (vir)     1          36.696           3.137          -1.300          -8.428           46.961
 1488 (vir)     1          36.741           2.963          -1.262          -8.187           46.629
 1489 (vir)     1          36.840           3.142          -1.369          -8.694           47.306
 1490 (vir)     1          36.889           3.077          -1.197          -8.063           46.833
 1491 (vir)     1          36.912           2.951          -1.274          -8.406           46.996
 1492 (vir)     1          37.021           3.154          -1.377          -8.768           47.566
 1493 (vir)     1          37.049           2.961          -1.249          -8.194           46.954
 1494 (vir)     1          37.145           3.168          -1.359          -8.632           47.586
 1495 (vir)     1          37.169           3.037          -1.259          -8.313           47.260
 1496 (vir)     1          37.234           3.066          -1.264          -8.326           47.362
 1497 (vir)     1          37.272           3.094          -1.316          -8.479           47.528
 1498 (vir)     1          37.355           3.122          -1.281          -8.433           47.629
 1499 (vir)     1          37.358           2.971          -1.289          -8.436           47.476
 1500 (vir)     1          37.454           2.910          -1.166          -8.009           47.208
 1501 (vir)     1          37.486           2.905          -1.255          -8.266           47.403
 1502 (vir)     1          37.564           3.059          -1.260          -8.375           47.738
 1503 (vir)     1          37.574           2.909          -1.327          -8.556           47.712
 1504 (vir)     1          37.587           3.128          -1.289          -8.459           47.885
 1505 (vir)     1          37.689           3.216          -1.344          -8.708           48.269
 1506 (vir)     1          37.696           3.205          -1.315          -8.582           48.169
 1507 (vir)     1          37.764           2.998          -1.263          -8.360           47.859
 1508 (vir)     1          37.778           2.999          -1.309          -8.567           48.035
 1509 (vir)     1          37.830           2.851          -1.233          -8.313           47.761
 1510 (vir)     1          37.845           3.185          -1.284          -8.541           48.288
 1511 (vir)     1          37.883           3.078          -1.260          -8.383           48.083
 1512 (vir)     1          37.925           2.967          -1.202          -8.096           47.786
 1513 (vir)     1          38.014           3.074          -1.312          -8.629           48.406
 1514 (vir)     1          38.017           2.687          -1.265          -8.511           47.949
 1515 (vir)     1          38.126           3.017          -1.329          -8.686           48.500
 1516 (vir)     1          38.154           3.289          -1.318          -8.650           48.775
 1517 (vir)     1          38.187           2.966          -1.375          -8.917           48.695
 1518 (vir)     1          38.331           2.939          -1.368          -8.805           48.707
 1519 (vir)     1          38.337           3.037          -1.280          -8.462           48.556
 1520 (vir)     1          38.380           3.099          -1.296          -8.634           48.817
 1521 (vir)     1          38.410           2.984          -1.251          -8.375           48.517
 1522 (vir)     1          38.476           2.929          -1.171          -8.043           48.278
 1523 (vir)     1          38.553           2.924          -1.286          -8.518           48.709
 1524 (vir)     1          38.555           2.801          -1.204          -8.175           48.326
 1525 (vir)     1          38.629           3.047          -1.287          -8.563           48.952
 1526 (vir)     1          38.697           2.806          -1.293          -8.546           48.757
 1527 (vir)     1          38.714           3.072          -1.213          -8.311           48.885
 1528 (vir)     1          38.818           3.037          -1.295          -8.641           49.202
 1529 (vir)     1          38.830           2.834          -1.281          -8.619           49.002
 1530 (vir)     1          38.894           2.855          -1.198          -8.252           48.803
 1531 (vir)     1          38.926           2.938          -1.273          -8.483           49.074
 1532 (vir)     1          39.014           2.942          -1.297          -8.592           49.251
 1533 (vir)     1          39.029           2.717          -1.281          -8.550           49.015
 1534 (vir)     1          39.066           3.031          -1.343          -8.816           49.572
 1535 (vir)     1          39.093           2.771          -1.308          -8.522           49.078
 1536 (vir)     1          39.147           2.888          -1.238          -8.354           49.150
 1537 (vir)     1          39.202           2.867          -1.164          -8.004           48.911
 1538 (vir)     1          39.211           2.771          -1.235          -8.351           49.099
 1539 (vir)     1          39.293           2.938          -1.294          -8.736           49.673
 1540 (vir)     1          39.357           2.973          -1.344          -8.832           49.818
 1541 (vir)     1          39.463           2.672          -1.243          -8.426           49.318
 1542 (vir)     1          39.493           2.943          -1.242          -8.377           49.572
 1543 (vir)     1          39.623           2.767          -1.279          -8.519           49.630
 1544 (vir)     1          39.693           2.837          -1.296          -8.598           49.832
 1545 (vir)     1          39.712           2.737          -1.299          -8.656           49.806
 1546 (vir)     1          39.773           2.675          -1.316          -8.759           49.891
 1547 (vir)     1          39.815           2.945          -1.337          -8.805           50.228
 1548 (vir)     1          39.840           2.692          -1.243          -8.430           49.718
 1549 (vir)     1          39.922           2.916          -1.337          -8.742           50.243
 1550 (vir)     1          39.928           2.978          -1.340          -8.807           50.374
 1551 (vir)     1          40.024           2.730          -1.261          -8.531           50.025
 1552 (vir)     1          40.042           2.717          -1.283          -8.626           50.102
 1553 (vir)     1          40.079           2.815          -1.284          -8.674           50.283
 1554 (vir)     1          40.155           2.825          -1.311          -8.746           50.415
 1555 (vir)     1          40.202           2.707          -1.296          -8.729           50.342
 1556 (vir)     1          40.266           2.871          -1.260          -8.453           50.330
 1557 (vir)     1          40.412           2.895          -1.320          -8.857           50.844
 1558 (vir)     1          40.418           2.835          -1.279          -8.565           50.539
 1559 (vir)     1          40.466           2.673          -1.279          -8.687           50.546
 1560 (vir)     1          40.604           2.735          -1.238          -8.408           50.509
 1561 (vir)     1          40.635           2.791          -1.249          -8.501           50.678
 1562 (vir)     1          40.746           2.924          -1.339          -8.917           51.249
 1563 (vir)     1          40.814           2.870          -1.300          -8.765           51.149
 1564 (vir)     1          40.838           2.625          -1.322          -8.902           51.043
 1565 (vir)     1          40.923           2.789          -1.266          -8.608           51.054
 1566 (vir)     1          40.947           2.784          -1.323          -8.835           51.243
 1567 (vir)     1          40.999           2.854          -1.360          -9.072           51.566
 1568 (vir)     1          41.100           2.592          -1.229          -8.468           50.931
 1569 (vir)     1          41.121           2.498          -1.251          -8.695           51.063
 1570 (vir)     1          41.194           2.822          -1.289          -8.792           51.519
 1571 (vir)     1          41.225           2.517          -1.322          -8.785           51.206
 1572 (vir)     1          41.365           2.582          -1.328          -8.882           51.502
 1573 (vir)     1          41.415           2.621          -1.267          -8.709           51.478
 1574 (vir)     1          41.490           2.594          -1.216          -8.548           51.415
 1575 (vir)     1          41.602           2.809          -1.318          -8.882           51.976
 1576 (vir)     1          41.605           2.545          -1.224          -8.595           51.521
 1577 (vir)     1          41.747           2.401          -1.266          -8.717           51.598
 1578 (vir)     1          41.753           2.777          -1.312          -8.886           52.104
 1579 (vir)     1          41.754           2.674          -1.279          -8.665           51.814
 1580 (vir)     1          41.818           2.622          -1.247          -8.573           51.766
 1581 (vir)     1          41.854           2.722          -1.340          -8.972           52.208
 1582 (vir)     1          41.894           2.587          -1.301          -8.782           51.962
 1583 (vir)     1          42.002           2.367          -1.228          -8.623           51.763
 1584 (vir)     1          42.031           2.708          -1.312          -8.869           52.296
 1585 (vir)     1          42.123           2.528          -1.255          -8.643           52.039
 1586 (vir)     1          42.172           2.584          -1.216          -8.479           52.020
 1587 (vir)     1          42.178           2.513          -1.318          -8.887           52.259
 1588 (vir)     1          42.251           2.551          -1.240          -8.519           52.081
 1589 (vir)     1          42.265           2.673          -1.268          -8.830           52.499
 1590 (vir)     1          42.350           2.676          -1.302          -8.910           52.634
 1591 (vir)     1          42.423           2.505          -1.204          -8.466           52.191
 1592 (vir)     1          42.519           2.638          -1.283          -8.884           52.758
 1593 (vir)     1          42.568           2.471          -1.282          -8.863           52.619
 1594 (vir)     1          42.631           2.352          -1.235          -8.647           52.395
 1595 (vir)     1          42.722           2.529          -1.254          -8.736           52.733
 1596 (vir)     1          42.799           2.500          -1.218          -8.599           52.680
 1597 (vir)     1          42.852           2.637          -1.269          -8.864           53.083
 1598 (vir)     1          42.976           2.675          -1.266          -8.860           53.245
 1599 (vir)     1          42.981           2.518          -1.342          -9.052           53.210
 1600 (vir)     1          43.006           2.675          -1.266          -8.799           53.213
 1601 (vir)     1          43.083           2.412          -1.247          -8.775           53.022
 1602 (vir)     1          43.124           2.632          -1.286          -8.997           53.467
 1603 (vir)     1          43.179           2.391          -1.221          -8.617           52.966
 1604 (vir)     1          43.231           2.683          -1.319          -9.139           53.733
 1605 (vir)     1          43.306           2.592          -1.261          -8.858           53.495
 1606 (vir)     1          43.375           2.489          -1.304          -9.013           53.573
 1607 (vir)     1          43.446           2.506          -1.276          -9.007           53.683
 1608 (vir)     1          43.522           2.385          -1.205          -8.678           53.380
 1609 (vir)     1          43.527           2.352          -1.204          -8.507           53.181
 1610 (vir)     1          43.583           2.451          -1.225          -8.711           53.520
 1611 (vir)     1          43.599           2.345          -1.232          -8.675           53.387
 1612 (vir)     1          43.833           2.525          -1.254          -8.924           54.029
 1613 (vir)     1          43.836           2.282          -1.212          -8.691           53.596
 1614 (vir)     1          43.882           2.471          -1.257          -8.820           53.915
 1615 (vir)     1          43.928           2.255          -1.163          -8.441           53.461
 1616 (vir)     1          43.929           2.650          -1.314          -9.182           54.447
 1617 (vir)     1          44.117           2.536          -1.284          -9.017           54.385
 1618 (vir)     1          44.170           2.338          -1.211          -8.647           53.944
 1619 (vir)     1          44.192           2.707          -1.311          -9.108           54.696
 1620 (vir)     1          44.309           2.597          -1.344          -9.266           54.828
 1621 (vir)     1          44.339           2.897          -1.263          -8.939           54.912
 1622 (vir)     1          44.365           2.323          -1.287          -9.009           54.410
 1623 (vir)     1          44.466           2.701          -1.248          -8.907           54.826
 1624 (vir)     1          44.470           2.316          -1.237          -8.876           54.425
 1625 (vir)     1          44.537           2.475          -1.261          -8.854           54.605
 1626 (vir)     1          44.555           2.630          -1.247          -9.010           54.949
 1627 (vir)     1          44.657           2.551          -1.215          -8.691           54.684
 1628 (vir)     1          44.868           2.886          -1.213          -8.706           55.246
 1629 (vir)     1          44.931           2.555          -1.283          -9.000           55.202
 1630 (vir)     1          44.979           2.761          -1.247          -8.962           55.455
 1631 (vir)     1          44.994           2.209          -1.177          -8.568           54.594
 1632 (vir)     1          45.056           2.164          -1.134          -8.411           54.497
 1633 (vir)     1          45.090           2.300          -1.252          -8.893           55.032
 1634 (vir)     1          45.263           2.491          -1.279          -9.094           55.570
 1635 (vir)     1          45.290           2.231          -1.204          -8.698           55.015
 1636 (vir)     1          45.345           2.945          -1.312          -9.150           56.127
 1637 (vir)     1          45.369           2.218          -1.254          -8.871           55.205
 1638 (vir)     1          45.442           2.544          -1.255          -8.834           55.565
 1639 (vir)     1          45.523           2.919          -1.230          -8.851           56.063
 1640 (vir)     1          45.649           1.962          -1.175          -8.629           55.065
 1641 (vir)     1          45.723           3.178          -1.249          -9.075           56.727
 1642 (vir)     1          45.821           2.424          -1.320          -9.281           56.205
 1643 (vir)     1          45.839           2.288          -1.282          -9.081           55.925
 1644 (vir)     1          45.839           2.195          -1.254          -8.964           55.743
 1645 (vir)     1          45.939           2.503          -1.280          -9.079           56.241
 1646 (vir)     1          45.994           2.196          -1.170          -8.633           55.652
 1647 (vir)     1          46.039           2.802          -1.248          -8.997           56.591
 1648 (vir)     1          46.190           2.802          -1.271          -9.069           56.790
 1649 (vir)     1          46.192           2.709          -1.232          -8.888           56.557
 1650 (vir)     1          46.332           2.521          -1.415          -9.735           57.172
 1651 (vir)     1          46.410           2.051          -1.233          -8.969           56.196
 1652 (vir)     1          46.454           2.025          -1.169          -8.602           55.913
 1653 (vir)     1          46.493           2.318          -1.237          -8.912           56.486
 1654 (vir)     1          46.504           3.047          -1.217          -8.869           57.203
 1655 (vir)     1          46.567           2.344          -1.254          -8.994           56.651
 1656 (vir)     1          46.677           1.985          -1.141          -8.558           56.080
 1657 (vir)     1          46.792           2.819          -1.168          -8.645           57.087
 1658 (vir)     1          46.889           2.786          -1.246          -8.941           57.370
 1659 (vir)     1          46.951           2.550          -1.261          -9.050           57.289
 1660 (vir)     1          47.011           2.562          -1.189          -8.767           57.151
 1661 (vir)     1          47.101           2.872          -1.183          -8.745           57.535
 1662 (vir)     1          47.177           2.036          -1.243          -8.985           56.955
 1663 (vir)     1          47.215           2.992          -1.180          -8.819           57.846
 1664 (vir)     1          47.356           2.057          -1.300          -9.197           57.311
 1665 (vir)     1          47.519           2.758          -1.202          -8.835           57.910
 1666 (vir)     1          47.520           2.914          -1.229          -9.007           58.213
 1667 (vir)     1          47.583           2.049          -1.197          -8.832           57.266
 1668 (vir)     1          47.649           2.165          -1.218          -8.832           57.429
 1669 (vir)     1          47.652           2.127          -1.222          -8.971           57.528
 1670 (vir)     1          47.874           2.093          -1.234          -8.999           57.732
 1671 (vir)     1          47.883           2.492          -1.211          -8.906           58.070
 1672 (vir)     1          47.996           2.697          -1.174          -8.850           58.369
 1673 (vir)     1          48.062           2.764          -1.145          -8.717           58.399
 1674 (vir)     1          48.084           3.103          -1.235          -9.013           58.965
 1675 (vir)     1          48.185           3.061          -1.202          -9.001           59.046
 1676 (vir)     1          48.292           2.730          -1.240          -9.074           58.856
 1677 (vir)     1          48.406           2.414          -1.230          -9.034           58.624
 1678 (vir)     1          48.494           2.629          -1.195          -8.953           58.880
 1679 (vir)     1          48.612           2.792          -1.284          -9.214           59.335
 1680 (vir)     1          48.729           2.452          -1.312          -9.305           59.173
 1681 (vir)     1          48.837           2.669          -1.211          -8.953           59.248
 1682 (vir)     1          48.896           2.466          -1.202          -8.914           59.074
 1683 (vir)     1          48.903           2.386          -1.256          -9.111           59.145
 1684 (vir)     1          49.089           2.235          -1.222          -9.031           59.133
 1685 (vir)     1          49.091           2.395          -1.274          -9.225           59.437
 1686 (vir)     1          49.239           2.185          -1.197          -8.825           59.052
 1687 (vir)     1          49.297           2.192          -1.236          -8.988           59.241
 1688 (vir)     1          49.333           2.996          -1.195          -8.955           60.088
 1689 (vir)     1          49.584           2.002          -1.187          -9.005           59.405
 1690 (vir)     1          49.637           2.303          -1.219          -9.010           59.732
 1691 (vir)     1          49.723           2.320          -1.298          -9.285           60.030
 1692 (vir)     1          49.744           2.409          -1.265          -9.295           60.183
 1693 (vir)     1          49.767           1.917          -1.182          -8.852           59.353
 1694 (vir)     1          49.860           2.214          -1.265          -9.254           60.063
 1695 (vir)     1          50.024           2.674          -1.270          -9.133           60.561
 1696 (vir)     1          50.024           2.606          -1.201          -9.000           60.429
 1697 (vir)     1          50.132           2.082          -1.130          -8.734           59.817
 1698 (vir)     1          50.161           2.367          -1.298          -9.341           60.571
 1699 (vir)     1          50.276           2.281          -1.348          -9.418           60.627
 1700 (vir)     1          50.319           2.607          -1.337          -9.506           61.095
 1701 (vir)     1          50.362           2.705          -1.163          -8.842           60.747
 1702 (vir)     1          50.429           2.286          -1.197          -9.080           60.599
 1703 (vir)     1          50.477           2.484          -1.207          -9.082           60.836
 1704 (vir)     1          50.644           2.387          -1.367          -9.727           61.392
 1705 (vir)     1          50.692           2.091          -1.313          -9.417           60.887
 1706 (vir)     1          50.720           1.930          -1.175          -8.957           60.432
 1707 (vir)     1          50.751           2.149          -1.325          -9.549           61.124
 1708 (vir)     1          50.989           2.089          -1.288          -9.321           61.111
 1709 (vir)     1          51.078           2.194          -1.118          -8.702           60.856
 1710 (vir)     1          51.197           2.409          -1.310          -9.518           61.816
 1711 (vir)     1          51.376           2.141          -1.321          -9.459           61.655
 1712 (vir)     1          51.468           2.680          -1.250          -9.236           62.133
 1713 (vir)     1          51.584           2.541          -1.308          -9.516           62.332
 1714 (vir)     1          51.707           2.189          -1.367          -9.642           62.170
 1715 (vir)     1          51.734           2.171          -1.320          -9.432           62.016
 1716 (vir)     1          51.832           2.069          -1.300          -9.420           62.021
 1717 (vir)     1          51.935           2.117          -1.367          -9.581           62.265
 1718 (vir)     1          51.947           1.951          -1.294          -9.418           62.022
 1719 (vir)     1          52.076           1.826          -1.242          -9.308           61.969
 1720 (vir)     1          52.161           1.986          -1.304          -9.537           62.380
 1721 (vir)     1          52.274           2.131          -1.345          -9.486           62.546
 1722 (vir)     1          52.395           1.994          -1.337          -9.504           62.556
 1723 (vir)     1          52.454           2.144          -1.310          -9.441           62.729
 1724 (vir)     1          52.496           1.872          -1.210          -9.079           62.237
 1725 (vir)     1          52.726           1.953          -1.231          -9.168           62.616
 1726 (vir)     1          52.749           1.946          -1.214          -9.093           62.575
 1727 (vir)     1          52.839           1.983          -1.308          -9.527           63.041
 1728 (vir)     1          52.913           2.251          -1.251          -9.429           63.342
 1729 (vir)     1          52.966           2.144          -1.194          -9.080           62.997
 1730 (vir)     1          53.120           1.761          -1.304          -9.558           63.135
 1731 (vir)     1          53.153           2.265          -1.243          -9.254           63.430
 1732 (vir)     1          53.215           1.938          -1.251          -9.327           63.229
 1733 (vir)     1          53.239           1.844          -1.237          -9.271           63.117
 1734 (vir)     1          53.338           2.096          -1.329          -9.583           63.689
 1735 (vir)     1          53.394           1.921          -1.292          -9.315           63.338
 1736 (vir)     1          53.456           2.455          -1.227          -9.359           64.043
 1737 (vir)     1          53.687           1.868          -1.263          -9.382           63.674
 1738 (vir)     1          53.788           1.731          -1.263          -9.268           63.524
 1739 (vir)     1          53.807           1.864          -1.324          -9.628           63.976
 1740 (vir)     1          53.869           1.837          -1.329          -9.590           63.968
 1741 (vir)     1          54.063           1.195          -1.187          -9.167           63.239
 1742 (vir)     1          54.087           1.850          -1.258          -9.407           64.086
 1743 (vir)     1          54.225           2.016          -1.264          -9.375           64.352
 1744 (vir)     1          54.264           1.699          -1.207          -9.196           63.952
 1745 (vir)     1          54.377           1.814          -1.200          -9.244           64.236
 1746 (vir)     1          54.382           1.765          -1.263          -9.295           64.180
 1747 (vir)     1          54.537           1.877          -1.273          -9.435           64.577
 1748 (vir)     1          54.598           1.365          -1.338          -9.512           64.136
 1749 (vir)     1          54.655           1.899          -1.190          -9.190           64.554
 1750 (vir)     1          54.831           1.867          -1.168          -9.052           64.582
 1751 (vir)     1          54.869           1.768          -1.212          -9.175           64.601
 1752 (vir)     1          55.001           1.797          -1.188          -9.090           64.700
 1753 (vir)     1          55.020           1.945          -1.319          -9.467           65.113
 1754 (vir)     1          55.388           1.841          -1.264          -9.457           65.422
 1755 (vir)     1          55.397           1.931          -1.322          -9.624           65.631
 1756 (vir)     1          55.443           1.741          -1.243          -9.409           65.350
 1757 (vir)     1          55.467           1.851          -1.211          -9.242           65.348
 1758 (vir)     1          55.662           1.306          -1.260          -9.355           65.063
 1759 (vir)     1          55.694           1.699          -1.152          -9.103           65.344
 1760 (vir)     1          55.831           1.776          -1.223          -9.291           65.675
 1761 (vir)     1          55.844           1.679          -1.225          -9.383           65.682
 1762 (vir)     1          55.952           1.880          -1.248          -9.445           66.030
 1763 (vir)     1          56.005           1.432          -1.308          -9.607           65.736
 1764 (vir)     1          56.215           1.538          -1.203          -9.206           65.756
 1765 (vir)     1          56.231           1.850          -1.260          -9.520           66.341
 1766 (vir)     1          56.309           1.518          -1.264          -9.457           66.019
 1767 (vir)     1          56.342           1.700          -1.140          -9.074           65.975
 1768 (vir)     1          56.723           1.912          -1.262          -9.414           66.787
 1769 (vir)     1          56.725           1.293          -1.162          -9.147           66.003
 1770 (vir)     1          56.765           1.391          -1.409          -9.826           66.573
 1771 (vir)     1          56.853           2.005          -1.280          -9.540           67.119
 1772 (vir)     1          57.054           1.926          -1.291          -9.593           67.282
 1773 (vir)     1          57.141           1.633          -1.219          -9.342           66.897
 1774 (vir)     1          57.200           1.595          -1.134          -9.114           66.775
 1775 (vir)     1          57.257           1.963          -1.298          -9.654           67.576
 1776 (vir)     1          57.459           2.090          -1.335          -9.696           67.909
 1777 (vir)     1          57.656           1.995          -1.236          -9.423           67.837
 1778 (vir)     1          57.721           1.795          -1.216          -9.377           67.678
 1779 (vir)     1          57.890           1.550          -1.219          -9.472           67.693
 1780 (vir)     1          57.895           2.147          -1.272          -9.598           68.368
 1781 (vir)     1          58.153           1.936          -1.296          -9.619           68.413
 1782 (vir)     1          58.255           1.653          -1.240          -9.485           68.152
 1783 (vir)     1          58.461           1.902          -1.278          -9.609           68.694
 1784 (vir)     1          58.462           1.848          -1.310          -9.695           68.695
 1785 (vir)     1          58.552           1.911          -1.358          -9.860           68.966
 1786 (vir)     1          58.666           1.906          -1.315          -9.726           68.984
 1787 (vir)     1          58.975           1.851          -1.223          -9.448           69.050
 1788 (vir)     1          59.018           1.843          -1.290          -9.740           69.311
 1789 (vir)     1          59.202           1.869          -1.340          -9.804           69.535
 1790 (vir)     1          59.343           1.959          -1.196          -9.383           69.489
 1791 (vir)     1          59.718           1.711          -1.294          -9.834           69.969
 1792 (vir)     1          59.748           1.737          -1.220          -9.458           69.723
 1793 (vir)     1          59.867           1.827          -1.334          -9.827           70.187
 1794 (vir)     1          59.941           2.018          -1.234          -9.546           70.270
 1795 (vir)     1          60.147           1.806          -1.248          -9.622           70.328
 1796 (vir)     1          60.223           1.729          -1.217          -9.465           70.201
 1797 (vir)     1          60.352           1.752          -1.214          -9.507           70.397
 1798 (vir)     1          60.456           1.912          -1.359          -9.906           70.915
 1799 (vir)     1          60.656           1.756          -1.181          -9.328           70.559
 1800 (vir)     1          60.685           1.775          -1.270          -9.741           70.931
 1801 (vir)     1          60.867           1.820          -1.263          -9.793           71.216
 1802 (vir)     1          60.942           1.778          -1.312          -9.828           71.236
 1803 (vir)     1          61.033           1.732          -1.250          -9.689           71.204
 1804 (vir)     1          61.165           1.712          -1.166          -9.441           71.152
 1805 (vir)     1          61.257           1.819          -1.336          -9.976           71.715
 1806 (vir)     1          61.405           1.724          -1.229          -9.608           71.507
 1807 (vir)     1          61.414           1.731          -1.252          -9.662           71.555
 1808 (vir)     1          61.603           1.803          -1.273          -9.718           71.852
 1809 (vir)     1          61.630           1.701          -1.276          -9.658           71.714
 1810 (vir)     1          61.737           1.788          -1.207          -9.544           71.862
 1811 (vir)     1          61.893           1.758          -1.206          -9.558           72.004
 1812 (vir)     1          62.050           1.762          -1.248          -9.714           72.277
 1813 (vir)     1          62.069           1.844          -1.392         -10.137           72.658
 1814 (vir)     1          62.160           1.709          -1.333          -9.982           72.518
 1815 (vir)     1          62.302           1.895          -1.398         -10.157           72.956
 1816 (vir)     1          62.346           1.809          -1.216          -9.659           72.599
 1817 (vir)     1          62.483           1.853          -1.288          -9.885           72.934
 1818 (vir)     1          62.716           1.757          -1.224          -9.708           72.956
 1819 (vir)     1          62.733           1.723          -1.340          -9.973           73.089
 1820 (vir)     1          62.999           1.767          -1.315          -9.931           73.381
 1821 (vir)     1          63.117           1.735          -1.178          -9.556           73.229
 1822 (vir)     1          63.210           1.730          -1.238          -9.728           73.430
 1823 (vir)     1          63.219           1.737          -1.182          -9.602           73.376
 1824 (vir)     1          63.548           1.693          -1.192          -9.629           73.678
 1825 (vir)     1          63.563           1.794          -1.249          -9.789           73.896
 1826 (vir)     1          63.691           1.841          -1.364         -10.135           74.303
 1827 (vir)     1          63.723           1.878          -1.305          -9.974           74.269
 1828 (vir)     1          63.821           1.938          -1.369         -10.170           74.560
 1829 (vir)     1          63.909           1.736          -1.210          -9.717           74.152
 1830 (vir)     1          63.965           1.759          -1.351         -10.105           74.478
 1831 (vir)     1          64.015           1.837          -1.326         -10.046           74.572
 1832 (vir)     1          64.371           1.772          -1.216          -9.819           74.746
 1833 (vir)     1          64.409           1.785          -1.277          -9.976           74.893
 1834 (vir)     1          64.585           1.682          -1.210          -9.723           74.780
 1835 (vir)     1          64.659           1.758          -1.163          -9.591           74.844
 1836 (vir)     1          64.854           1.809          -1.318         -10.087           75.433
 1837 (vir)     1          64.904           1.724          -1.278          -9.926           75.276
 1838 (vir)     1          64.979           1.775          -1.350         -10.140           75.544
 1839 (vir)     1          65.304           1.793          -1.293         -10.057           75.861
 1840 (vir)     1          65.407           1.856          -1.376         -10.259           76.147
 1841 (vir)     1          65.535           1.704          -1.104          -9.500           75.635
 1842 (vir)     1          65.664           1.645          -1.039          -9.290           75.560
 1843 (vir)     1          65.716           1.711          -1.238          -9.879           76.067
 1844 (vir)     1          65.771           1.754          -1.295         -10.070           76.299
 1845 (vir)     1          65.883           1.718          -1.277          -9.953           76.277
 1846 (vir)     1          66.105           1.698          -1.146          -9.696           76.353
 1847 (vir)     1          66.138           1.599          -1.164          -9.641           76.214
 1848 (vir)     1          66.286           1.820          -1.315         -10.150           76.940
 1849 (vir)     1          66.346           1.777          -1.410         -10.394           77.108
 1850 (vir)     1          66.414           1.772          -1.291         -10.108           77.003
 1851 (vir)     1          66.758           1.709          -1.259          -9.976           77.185
 1852 (vir)     1          66.885           1.699          -1.216          -9.959           77.327
 1853 (vir)     1          66.905           1.629          -1.226          -9.911           77.219
 1854 (vir)     1          67.057           1.638          -1.189          -9.839           77.344
 1855 (vir)     1          67.295           1.589          -1.120          -9.603           77.368
 1856 (vir)     1          67.381           1.685          -1.138          -9.724           77.652
 1857 (vir)     1          67.383           1.834          -1.421         -10.507           78.302
 1858 (vir)     1          67.581           1.617          -1.172          -9.772           77.798
 1859 (vir)     1          67.643           1.797          -1.454         -10.609           78.596
 1860 (vir)     1          67.715           1.629          -1.208          -9.868           78.004
 1861 (vir)     1          67.912           1.839          -1.474         -10.695           78.972
 1862 (vir)     1          67.970           1.658          -1.214          -9.908           78.322
 1863 (vir)     1          68.158           1.625          -1.194          -9.822           78.411
 1864 (vir)     1          68.334           1.680          -1.306         -10.239           78.947
 1865 (vir)     1          68.417           1.734          -1.302         -10.233           79.083
 1866 (vir)     1          68.620           1.585          -1.221          -9.996           78.980
 1867 (vir)     1          68.642           1.621          -1.171          -9.850           78.942
 1868 (vir)     1          68.959           1.673          -1.214          -9.980           79.398
 1869 (vir)     1          69.198           1.787          -1.432         -10.641           80.194
 1870 (vir)     1          69.328           1.664          -1.157          -9.782           79.617
 1871 (vir)     1          69.688           1.708          -1.361         -10.440           80.475
 1872 (vir)     1          69.762           1.645          -1.231         -10.082           80.258
 1873 (vir)     1          69.932           1.607          -1.074          -9.618           80.083
 1874 (vir)     1          70.052           1.753          -1.348         -10.415           80.873
 1875 (vir)     1          70.134           1.722          -1.345         -10.472           80.984
 1876 (vir)     1          70.238           1.698          -1.265         -10.206           80.878
 1877 (vir)     1          70.688           1.738          -1.242         -10.211           81.395
 1878 (vir)     1          70.830           1.601          -1.162          -9.976           81.244
 1879 (vir)     1          70.903           1.725          -1.315         -10.362           81.674
 1880 (vir)     1          71.140           1.721          -1.274         -10.226           81.814
 1881 (vir)     1          71.252           1.854          -1.447         -10.838           82.497
 1882 (vir)     1          71.333           1.772          -1.480         -10.871           82.496
 1883 (vir)     1          71.378           1.753          -1.332         -10.545           82.344
 1884 (vir)     1          71.604           1.653          -1.252         -10.334           82.339
 1885 (vir)     1          71.673           1.688          -1.315         -10.447           82.492
 1886 (vir)     1          71.707           1.589          -1.130          -9.870           82.037
 1887 (vir)     1          71.753           1.767          -1.463         -10.873           82.930
 1888 (vir)     1          71.835           1.813          -1.594         -11.249           83.304
 1889 (vir)     1          72.010           1.672          -1.271         -10.248           82.660
 1890 (vir)     1          72.144           1.873          -1.576         -11.193           83.634
 1891 (vir)     1          72.361           1.492          -1.023          -9.664           82.494
 1892 (vir)     1          72.456           1.649          -1.268         -10.352           83.188
 1893 (vir)     1          72.560           1.589          -1.222         -10.192           83.119
 1894 (vir)     1          72.745           1.621          -1.257         -10.320           83.429
 1895 (vir)     1          72.909           1.690          -1.293         -10.494           83.799
 1896 (vir)     1          72.990           1.622          -1.258         -10.356           83.711
 1897 (vir)     1          73.009           1.701          -1.254         -10.383           83.840
 1898 (vir)     1          73.110           1.571          -1.200         -10.179           83.661
 1899 (vir)     1          73.320           1.597          -1.174         -10.170           83.913
 1900 (vir)     1          73.443           1.692          -1.329         -10.520           84.326
 1901 (vir)     1          73.613           1.600          -1.055          -9.826           83.983
 1902 (vir)     1          73.646           1.674          -1.241         -10.355           84.434
 1903 (vir)     1          73.941           1.523          -1.193         -10.150           84.421
 1904 (vir)     1          74.090           1.639          -1.258         -10.388           84.859
 1905 (vir)     1          74.206           1.498          -1.283         -10.429           84.850
 1906 (vir)     1          74.270           1.556          -1.312         -10.530           85.043
 1907 (vir)     1          74.505           1.561          -1.239         -10.386           85.213
 1908 (vir)     1          74.672           1.611          -1.491         -11.137           85.929
 1909 (vir)     1          74.754           1.452          -1.103         -10.066           85.169
 1910 (vir)     1          74.833           1.544          -1.236         -10.395           85.536
 1911 (vir)     1          74.969           1.505          -1.154         -10.281           85.601
 1912 (vir)     1          74.981           1.551          -1.155         -10.240           85.617
 1913 (vir)     1          75.271           1.594          -1.155         -10.220           85.929
 1914 (vir)     1          75.541           1.574          -1.256         -10.511           86.371
 1915 (vir)     1          75.762           1.514          -1.117         -10.072           86.232
 1916 (vir)     1          76.015           1.475          -1.092         -10.065           86.463
 1917 (vir)     1          76.293           1.564          -1.093         -10.042           86.805
 1918 (vir)     1          76.314           1.447          -1.094         -10.079           86.746
 1919 (vir)     1          76.391           1.519          -1.115         -10.181           86.976
 1920 (vir)     1          76.702           1.365          -1.102         -10.106           87.072
 1921 (vir)     1          76.834           1.418          -1.083         -10.026           87.195
 1922 (vir)     1          77.159           1.539          -1.122         -10.347           87.923
 1923 (vir)     1          77.278           1.452          -1.060         -10.066           87.736
 1924 (vir)     1          77.543           1.625          -1.052         -10.024           88.140
 1925 (vir)     1          77.636           1.454          -1.106         -10.218           88.202
 1926 (vir)     1          77.842           1.442          -1.070         -10.125           88.339
 1927 (vir)     1          77.973           1.464          -1.048         -10.149           88.538
 1928 (vir)     1          78.057           1.475          -1.089         -10.229           88.673
 1929 (vir)     1          78.091           1.400          -1.069         -10.185           88.608
 1930 (vir)     1          78.512           1.427          -1.053         -10.126           89.012
 1931 (vir)     1          78.715           1.453          -1.166         -10.456           89.459
 1932 (vir)     1          78.872           1.417          -1.081         -10.161           89.369
 1933 (vir)     1          79.013           1.491          -1.083         -10.328           89.750
 1934 (vir)     1          79.064           1.533          -1.093         -10.291           89.795
 1935 (vir)     1          79.450           1.353          -1.130         -10.411           90.084
 1936 (vir)     1          79.579           1.462          -1.123         -10.475           90.393
 1937 (vir)     1          79.702           1.437          -1.145         -10.506           90.500
 1938 (vir)     1          79.917           1.385          -1.120         -10.440           90.623
 1939 (vir)     1          80.012           1.523          -1.134         -10.569           90.970
 1940 (vir)     1          80.105           1.484          -1.079         -10.318           90.828
 1941 (vir)     1          80.467           1.382          -1.119         -10.413           91.143
 1942 (vir)     1          80.644           1.282          -1.148         -10.526           91.305
 1943 (vir)     1          80.783           1.394          -1.136         -10.494           91.536
 1944 (vir)     1          80.957           1.251          -1.188         -10.735           91.754
 1945 (vir)     1          81.104           1.584          -1.131         -10.613           92.170
 1946 (vir)     1          81.345           1.492          -1.124         -10.591           92.304
 1947 (vir)     1          81.548           1.372          -1.146         -10.628           92.402
 1948 (vir)     1          81.854           1.426          -1.136         -10.598           92.742
 1949 (vir)     1          81.972           1.414          -1.157         -10.702           92.931
 1950 (vir)     1          82.260           1.570          -1.137         -10.711           93.405
 1951 (vir)     1          82.393           1.393          -1.125         -10.574           93.236
 1952 (vir)     1          82.448           1.499          -1.161         -10.789           93.575
 1953 (vir)     1          82.871           1.657          -1.170         -10.904           94.262
 1954 (vir)     1          82.978           1.407          -1.148         -10.676           93.913
 1955 (vir)     1          83.108           1.354          -1.151         -10.738           94.050
 1956 (vir)     1          83.340           1.529          -1.147         -10.810           94.531
 1957 (vir)     1          83.547           1.445          -1.185         -10.900           94.706
 1958 (vir)     1          84.025           1.705          -1.176         -11.017           95.572
 1959 (vir)     1          84.193           1.439          -1.175         -10.901           95.358
 1960 (vir)     1          84.366           1.661          -1.179         -11.030           95.877
 1961 (vir)     1          84.500           1.499          -1.161         -10.886           95.723
 1962 (vir)     1          84.705           1.449          -1.178         -10.943           95.918
 1963 (vir)     1          84.774           1.191          -1.145         -10.706           95.527
 1964 (vir)     1          85.004           1.518          -1.181         -11.015           96.356
 1965 (vir)     1          85.119           1.152          -1.147         -10.724           95.848
 1966 (vir)     1          85.253           1.407          -1.190         -11.029           96.498
 1967 (vir)     1          85.326           1.344          -1.182         -10.963           96.451
 1968 (vir)     1          85.935           1.292          -1.147         -10.869           96.948
 1969 (vir)     1          86.514           1.342          -1.149         -10.904           97.612
 1970 (vir)     1          86.631           1.335          -1.170         -10.949           97.745
 1971 (vir)     1          86.700           1.396          -1.213         -11.189           98.072
 1972 (vir)     1          87.070           1.433          -1.186         -11.095           98.412
 1973 (vir)     1          87.362           1.383          -1.156         -11.016           98.605
 1974 (vir)     1          87.541           1.255          -1.165         -10.983           98.614
 1975 (vir)     1          87.914           1.330          -1.143         -10.961           99.062
 1976 (vir)     1          88.140           1.350          -1.166         -11.069           99.394
 1977 (vir)     1          88.700           1.252          -1.173         -11.051           99.829
 1978 (vir)     1          88.724           1.294          -1.154         -11.024           99.888
 1979 (vir)     1          89.003           1.250          -1.180         -11.099          100.172
 1980 (vir)     1          89.168           1.286          -1.142         -10.954          100.266
 1981 (vir)     1          89.618           1.424          -1.149         -11.129          101.021
 1982 (vir)     1          89.670           1.404          -1.137         -11.051          100.988
 1983 (vir)     1          90.269           1.495          -1.140         -11.140          101.763
 1984 (vir)     1          90.300           1.442          -1.146         -11.146          101.742
 1985 (vir)     1         104.094          -6.365          -0.661          -8.061          105.129
 1986 (vir)     1         104.214          -6.758          -0.662          -8.064          104.858
 1987 (vir)     1         104.500          -7.180          -0.658          -8.062          104.723
 1988 (vir)     1         104.779          -7.596          -0.654          -8.051          104.581
 1989 (vir)     1         104.876          -8.056          -0.646          -8.056          104.230
 1990 (vir)     1         104.965          -8.531          -0.647          -8.065          103.851
 1991 (vir)     1         104.993          -8.999          -0.647          -8.045          103.392
 1992 (vir)     1         105.288          -9.540          -0.642          -8.061          103.167
 1993 (vir)     1         105.412         -10.107          -0.634          -8.039          102.710
 1994 (vir)     1         105.456         -10.671          -0.641          -8.056          102.199
 1995 (vir)     1         105.571         -11.287          -0.636          -8.059          101.708
 1996 (vir)     1         105.610         -11.526          -0.637          -8.053          101.499
 1997 (vir)     1         105.649         -11.745          -0.640          -8.064          101.327
 1998 (vir)     1         105.843         -11.966          -0.637          -8.074          101.314
 1999 (vir)     1         105.881         -12.193          -0.632          -8.055          101.111
 2000 (vir)     1         105.909         -12.406          -0.629          -8.035          100.909
 2001 (vir)     1         105.938         -12.616          -0.626          -8.033          100.729
 2002 (vir)     1         105.978         -12.792          -0.634          -8.078          100.630
 2003 (vir)     1         106.009         -12.964          -0.624          -8.026          100.446
 2004 (vir)     1         106.021         -13.120          -0.628          -8.039          100.312
 2005 (vir)     1         106.222         -13.254          -0.632          -8.092          100.427
 2006 (vir)     1         106.250         -13.362          -0.625          -8.055          100.318
 2007 (vir)     1         106.263         -13.467          -0.629          -8.072          100.238
 2008 (vir)     1         106.351         -13.558          -0.626          -8.064          100.230
 2009 (vir)     1         106.405         -13.650          -0.628          -8.076          100.204
 2010 (vir)     1         106.483         -13.737          -0.625          -8.083          100.204
 2011 (vir)     1         106.499         -13.815          -0.624          -8.061          100.121
 2012 (vir)     1         106.578         -13.894          -0.623          -8.068          100.129
 2013 (vir)     1         106.626         -13.965          -0.622          -8.065          100.103
 2014 (vir)     1         106.728         -14.037          -0.620          -8.047          100.118
 2015 (vir)     1         106.738         -14.088          -0.623          -8.083          100.111
 2016 (vir)     1         106.759         -14.144          -0.619          -8.069          100.065
 2017 (vir)     1         106.797         -14.186          -0.619          -8.062          100.053
 2018 (vir)     1         106.799         -14.230          -0.620          -8.064          100.012
 2019 (vir)     1         106.927         -14.282          -0.617          -8.061          100.089
 2020 (vir)     1         106.931         -14.306          -0.617          -8.075          100.082
 2021 (vir)     1         107.016         -14.353          -0.619          -8.086          100.130
 2022 (vir)     1         107.145         -14.377          -0.609          -8.054          100.213
 2023 (vir)     1         107.160         -14.408          -0.616          -8.089          100.226
 2024 (vir)     1         107.191         -14.425          -0.609          -8.043          100.199
 2025 (vir)     1         107.206         -14.452          -0.610          -8.051          100.196
 2026 (vir)     1         107.341         -14.482          -0.610          -8.054          100.304
 2027 (vir)     1         107.357         -14.504          -0.610          -8.054          100.298
 2028 (vir)     1         107.396         -14.545          -0.606          -8.066          100.312
 2029 (vir)     1         107.445         -14.561          -0.607          -8.073          100.351
 2030 (vir)     1         107.484         -14.575          -0.605          -8.057          100.361
 2031 (vir)     1         107.690         -14.566          -0.602          -8.071          100.592
 2032 (vir)     1         107.720         -14.564          -0.601          -8.069          100.624
 2033 (vir)     1         107.844         -14.576          -0.597          -8.062          100.732
 2034 (vir)     1         107.884         -14.599          -0.597          -8.063          100.751
 2035 (vir)     1         107.898         -14.611          -0.597          -8.072          100.763
 2036 (vir)     1         107.916         -14.614          -0.597          -8.077          100.782
 2037 (vir)     1         107.990         -14.634          -0.593          -8.059          100.822
 2038 (vir)     1         108.112         -14.629          -0.595          -8.081          100.968
 2039 (vir)     1         108.224         -13.779          -0.594          -8.092          101.944
 2040 (vir)     1         108.240         -12.913          -0.589          -8.071          102.809
 2041 (vir)     1         108.410         -11.992          -0.585          -8.056          103.889
 2042 (vir)     1         108.471         -11.032          -0.584          -8.065          104.920
 2043 (vir)     1         108.509         -10.001          -0.586          -8.074          105.995
 2044 (vir)     1         108.514          -8.914          -0.586          -8.071          107.085
 2045 (vir)     1         108.915          -7.784          -0.578          -8.061          108.614
 2046 (vir)     1         108.917          -6.596          -0.578          -8.060          109.803
 2047 (vir)     1         109.142          -5.343          -0.572          -8.043          111.270
 2048 (vir)     1         109.152          -4.028          -0.571          -8.039          112.592
 2049 (vir)     1         144.868           2.172          -1.778         -15.963          161.224
 2050 (vir)     1         144.870           2.171          -1.778         -15.963          161.225
 2051 (vir)     1         145.707           2.250          -1.781         -16.007          162.183
 2052 (vir)     1         145.711           2.250          -1.782         -16.007          162.186
 2053 (vir)     1         146.477           2.247          -1.756         -15.991          162.959
 2054 (vir)     1         146.541           2.280          -1.745         -15.989          163.064
 2055 (vir)     1         146.586           2.227          -1.755         -15.965          163.023
 2056 (vir)     1         146.853           2.268          -1.738         -15.939          163.322
 2057 (vir)     1         146.893           2.284          -1.734         -15.934          163.377
 2058 (vir)     1         147.281           2.267          -1.750         -15.944          163.743
 2059 (vir)     1         147.291           2.256          -1.750         -15.940          163.737
 2060 (vir)     1         147.441           2.316          -1.772         -16.031          164.017
 2061 (vir)     1         147.620           2.324          -1.765         -16.018          164.197
 2062 (vir)     1         147.965           2.276          -1.738         -15.920          164.423
 2063 (vir)     1         147.966           2.273          -1.736         -15.912          164.413
 2064 (vir)     1         148.045           2.288          -1.751         -15.978          164.559
 2065 (vir)     1         148.060           2.291          -1.751         -15.979          164.580
 2066 (vir)     1         150.344           2.263          -1.683         -15.818          166.741
 2067 (vir)     1         150.733           2.271          -1.688         -15.841          167.157
 2068 (vir)     1         151.389           2.268          -1.667         -15.778          167.767
 2069 (vir)     1         151.944           2.297          -1.711         -15.907          168.438
 2070 (vir)     1         152.234           2.306          -1.690         -15.846          168.696
 2071 (vir)     1         152.330           2.254          -1.688         -15.857          168.753
 2072 (vir)     1         152.430           2.261          -1.679         -15.831          168.842
 
