 
  kpoint:       1             coordinate:     0.0000    0.0000    0.0000                  spin:  1
 
    n           k   ϵ_nk^DFT (eV)     Σ^c_nk (eV)     Σ^x_nk (eV)    v_nk^xc (eV)   ϵ_nk^G0W0 (eV)
 
    1 (occ)     1         -19.419           7.588         -20.084         -12.147          -19.769
    2 (occ)     1         -19.216           8.878         -20.053         -12.182          -18.209
    3 (occ)     1         -18.992           8.235         -19.964         -12.179          -18.542
    4 (occ)     1         -18.924           8.236         -19.997         -12.234          -18.450
    5 (occ)     1         -18.804           7.853         -19.942         -12.217          -18.677
    6 (occ)     1         -18.556           7.749         -19.921         -12.302          -18.426
    7 (occ)     1         -18.517           7.535         -19.884         -12.269          -18.597
    8 (occ)     1         -18.316           7.353         -19.770         -12.235          -18.497
    9 (occ)     1         -18.156           7.194         -19.809         -12.335          -18.436
   10 (occ)     1         -18.150           7.145         -19.759         -12.278          -18.486
   11 (occ)     1         -18.143           7.389         -19.825         -12.372          -18.207
   12 (occ)     1         -17.882           6.921         -19.709         -12.332          -18.339
   13 (occ)     1         -17.736           6.920         -19.707         -12.402          -18.121
   14 (occ)     1         -17.727           7.155         -19.710         -12.428          -17.853
   15 (occ)     1         -17.534           6.670         -19.644         -12.399          -18.109
   16 (occ)     1         -17.433           6.691         -19.513         -12.325          -17.930
   17 (occ)     1         -17.357           7.056         -19.572         -12.438          -17.435
   18 (occ)     1         -17.337           6.635         -19.588         -12.442          -17.849
   19 (occ)     1         -17.284           6.599         -19.510         -12.378          -17.818
   20 (occ)     1         -17.184           6.380         -19.556         -12.448          -17.913
   21 (occ)     1         -17.134           7.365         -19.459         -12.429          -16.800
   22 (occ)     1         -17.025           6.451         -19.467         -12.440          -17.600
   23 (occ)     1         -16.955           6.509         -19.467         -12.478          -17.436
   24 (occ)     1         -16.837           6.267         -19.469         -12.492          -17.547
   25 (occ)     1         -16.713           6.369         -19.376         -12.495          -17.225
   26 (occ)     1         -16.687           6.451         -19.340         -12.475          -17.101
   27 (occ)     1         -16.586           6.191         -19.368         -12.525          -17.238
   28 (occ)     1         -16.444           6.134         -19.274         -12.494          -17.090
   29 (occ)     1         -16.411           6.101         -19.194         -12.429          -17.075
   30 (occ)     1         -16.350           5.961         -19.294         -12.540          -17.142
   31 (occ)     1         -16.032           5.844         -19.132         -12.511          -16.809
   32 (occ)     1         -15.856           5.592         -19.228         -12.563          -16.928
   33 (occ)     1         -15.855           5.592         -19.230         -12.565          -16.927
   34 (occ)     1         -15.174           5.449         -18.776         -12.508          -15.993
   35 (occ)     1         -14.918           5.316         -18.678         -12.511          -15.769
   36 (occ)     1         -14.885           5.264         -18.672         -12.493          -15.800
   37 (occ)     1         -14.857           5.214         -18.612         -12.470          -15.786
   38 (occ)     1         -14.684           5.073         -18.512         -12.443          -15.680
   39 (occ)     1         -14.519           5.043         -18.541         -12.485          -15.531
   40 (occ)     1         -14.450           4.934         -18.460         -12.483          -15.492
   41 (occ)     1         -14.272           5.082         -18.414         -12.556          -15.048
   42 (occ)     1         -14.210           4.802         -18.484         -12.544          -15.347
   43 (occ)     1         -14.100           4.986         -18.320         -12.476          -14.959
   44 (occ)     1         -14.020           4.865         -18.192         -12.451          -14.895
   45 (occ)     1         -13.927           4.750         -18.290         -12.548          -14.920
   46 (occ)     1         -13.843           4.954         -18.119         -12.395          -14.612
   47 (occ)     1         -13.840           4.950         -18.128         -12.414          -14.605
   48 (occ)     1         -13.785           4.887         -18.062         -12.356          -14.604
   49 (occ)     1         -13.778           4.769         -18.186         -12.489          -14.707
   50 (occ)     1         -13.641           4.876         -17.845         -12.118          -14.491
   51 (occ)     1         -13.575           4.598         -18.085         -12.486          -14.576
   52 (occ)     1         -13.458           4.693         -17.893         -12.266          -14.393
   53 (occ)     1         -13.338           4.750         -17.592         -11.962          -14.218
   54 (occ)     1         -13.090           4.345         -17.930         -12.539          -14.136
   55 (occ)     1         -12.942           4.439         -17.631         -12.232          -13.902
   56 (occ)     1         -12.857           4.513         -17.312         -11.885          -13.772
   57 (occ)     1         -12.676           4.147         -17.813         -12.591          -13.751
   58 (occ)     1         -12.445           4.037         -17.728         -12.609          -13.527
   59 (occ)     1         -12.321           4.123         -17.372         -12.249          -13.321
   60 (occ)     1         -12.225           4.172         -17.008         -11.866          -13.195
   61 (occ)     1         -11.674           3.772         -17.146         -12.321          -12.727
   62 (occ)     1         -11.505           3.750         -16.660         -11.864          -12.551
   63 (occ)     1         -11.146           3.468         -17.027         -12.468          -12.237
   64 (occ)     1         -10.792           3.277         -16.226         -11.808          -11.933
   65 (occ)     1         -10.567           2.968         -15.625         -11.306          -11.919
   66 (occ)     1         -10.554           2.987         -15.614         -11.312          -11.869
   67 (occ)     1         -10.495           2.855         -15.672         -11.431          -11.880
   68 (occ)     1         -10.492           2.854         -15.712         -11.443          -11.907
   69 (occ)     1         -10.405           2.760         -15.815         -11.535          -11.925
   70 (occ)     1         -10.360           2.754         -15.754         -11.575          -11.786
   71 (occ)     1         -10.302           2.808         -15.688         -11.553          -11.628
   72 (occ)     1         -10.280           2.760         -15.718         -11.606          -11.632
   73 (occ)     1         -10.262           2.676         -15.958         -11.665          -11.879
   74 (occ)     1         -10.256           2.713         -15.877         -11.639          -11.781
   75 (occ)     1         -10.170           2.647         -16.023         -11.794          -11.752
   76 (occ)     1         -10.104           2.619         -15.857         -11.740          -11.602
   77 (occ)     1         -10.074           2.681         -15.887         -11.709          -11.571
   78 (occ)     1          -9.992           2.576         -15.607         -11.655          -11.368
   79 (occ)     1          -9.954           2.667         -15.630         -11.672          -11.245
   80 (occ)     1          -9.910           2.670         -15.377         -11.543          -11.075
   81 (occ)     1          -9.884           2.601         -15.664         -11.739          -11.209
   82 (occ)     1          -9.842           2.594         -15.566         -11.653          -11.161
   83 (occ)     1          -9.822           2.590         -15.600         -11.669          -11.162
   84 (occ)     1          -9.776           2.479         -15.826         -11.843          -11.280
   85 (occ)     1          -9.722           2.517         -15.377         -11.753          -10.829
   86 (occ)     1          -9.686           2.487         -15.751         -11.873          -11.078
   87 (occ)     1          -9.622           2.419         -15.362         -11.713          -10.852
   88 (occ)     1          -9.617           2.461         -15.518         -11.762          -10.912
   89 (occ)     1          -9.575           2.452         -15.422         -11.714          -10.832
   90 (occ)     1          -9.489           2.406         -15.385         -11.712          -10.756
   91 (occ)     1          -9.474           2.402         -15.391         -11.790          -10.673
   92 (occ)     1          -9.378           2.298         -15.395         -11.850          -10.626
   93 (occ)     1          -9.329           2.681         -15.837         -12.078          -10.408
   94 (occ)     1          -9.311           2.256         -15.306         -11.872          -10.489
   95 (occ)     1          -9.294           2.273         -15.425         -11.907          -10.539
   96 (occ)     1          -9.222           2.217         -15.265         -11.840          -10.430
   97 (occ)     1          -9.122           2.228         -15.317         -11.773          -10.438
   98 (occ)     1          -8.933           2.240         -15.435         -11.988          -10.140
   99 (occ)     1          -8.835           2.260         -15.452         -11.905          -10.122
  100 (occ)     1          -8.721           2.246         -15.182         -11.721           -9.937
  101 (occ)     1          -8.679           2.406         -14.760         -11.200           -9.832
  102 (occ)     1          -8.664           2.415         -14.723         -11.160           -9.812
  103 (occ)     1          -8.630           2.340         -14.782         -11.260           -9.813
  104 (occ)     1          -8.503           1.977         -15.129         -12.009           -9.646
  105 (occ)     1          -8.482           2.314         -14.850         -11.293           -9.724
  106 (occ)     1          -8.317           2.181         -14.808         -11.430           -9.515
  107 (occ)     1          -8.247           2.167         -14.947         -11.500           -9.528
  108 (occ)     1          -8.214           2.168         -15.003         -11.604           -9.446
  109 (occ)     1          -8.191           2.114         -14.883         -11.497           -9.462
  110 (occ)     1          -8.182           2.126         -14.850         -11.538           -9.368
  111 (occ)     1          -8.138           2.183         -14.822         -11.422           -9.355
  112 (occ)     1          -8.105           2.051         -15.027         -11.751           -9.330
  113 (occ)     1          -8.046           1.841         -15.055         -12.009           -9.251
  114 (occ)     1          -8.025           2.094         -14.778         -11.489           -9.220
  115 (occ)     1          -7.981           2.017         -14.697         -11.464           -9.196
  116 (occ)     1          -7.940           2.098         -14.451         -11.197           -9.096
  117 (occ)     1          -7.907           1.938         -14.576         -11.537           -9.007
  118 (occ)     1          -7.900           2.085         -14.565         -11.294           -9.086
  119 (occ)     1          -7.865           2.005         -14.551         -11.393           -9.017
  120 (occ)     1          -7.834           1.823         -14.845         -11.846           -9.010
  121 (occ)     1          -7.805           1.900         -14.649         -11.581           -8.973
  122 (occ)     1          -7.760           1.938         -14.660         -11.510           -8.972
  123 (occ)     1          -7.713           1.943         -14.559         -11.474           -8.855
  124 (occ)     1          -7.685           1.819         -14.680         -11.688           -8.858
  125 (occ)     1          -7.631           2.063         -14.399         -11.193           -8.774
  126 (occ)     1          -7.628           1.823         -14.604         -11.698           -8.711
  127 (occ)     1          -7.559           1.890         -14.485         -11.465           -8.688
  128 (occ)     1          -7.523           1.859         -14.649         -11.627           -8.687
  129 (occ)     1          -7.518           1.857         -14.504         -11.537           -8.628
  130 (occ)     1          -7.488           1.687         -14.801         -11.949           -8.653
  131 (occ)     1          -7.470           1.896         -14.377         -11.314           -8.638
  132 (occ)     1          -7.339           1.533         -14.908         -12.208           -8.506
  133 (occ)     1          -7.096           1.706         -14.235         -11.399           -8.226
  134 (occ)     1          -7.083           1.732         -14.235         -11.372           -8.214
  135 (occ)     1          -7.083           1.500         -14.721         -12.008           -8.296
  136 (occ)     1          -7.033           1.695         -14.316         -11.479           -8.175
  137 (occ)     1          -6.987           1.484         -14.653         -11.998           -8.157
  138 (occ)     1          -6.939           1.562         -14.262         -11.490           -8.149
  139 (occ)     1          -6.835           1.579         -14.264         -11.482           -8.039
  140 (occ)     1          -6.806           1.529         -14.224         -11.387           -8.115
  141 (occ)     1          -6.796           1.599         -13.992         -11.187           -8.003
  142 (occ)     1          -6.768           1.496         -14.291         -11.485           -8.078
  143 (occ)     1          -6.527           1.427         -14.074         -11.455           -7.719
  144 (occ)     1          -6.464           1.519         -13.660         -10.968           -7.636
  145 (occ)     1          -6.458           1.478         -13.731         -11.111           -7.599
  146 (occ)     1          -6.453           1.414         -13.764         -11.245           -7.559
  147 (occ)     1          -6.427           1.483         -13.798         -11.150           -7.593
  148 (occ)     1          -6.324           1.480         -13.675         -10.998           -7.521
  149 (occ)     1          -6.262           1.455         -13.665         -11.067           -7.405
  150 (occ)     1          -6.210           1.439         -13.750         -11.099           -7.422
  151 (occ)     1          -6.181           1.399         -13.613         -11.029           -7.366
  152 (occ)     1          -6.128           1.405         -13.725         -11.105           -7.344
  153 (occ)     1          -6.109           1.329         -13.691         -11.213           -7.258
  154 (occ)     1          -6.076           1.321         -13.730         -11.222           -7.263
  155 (occ)     1          -6.061           1.356         -13.706         -11.203           -7.209
  156 (occ)     1          -6.038           1.353         -13.702         -11.159           -7.229
  157 (occ)     1          -6.031           1.266         -13.798         -11.399           -7.164
  158 (occ)     1          -6.011           1.293         -13.693         -11.254           -7.157
  159 (occ)     1          -5.975           1.258         -13.688         -11.314           -7.092
  160 (occ)     1          -5.909           1.292         -13.676         -11.223           -7.070
  161 (occ)     1          -5.854           1.252         -13.645         -11.278           -6.969
  162 (occ)     1          -5.820           1.262         -13.710         -11.303           -6.964
  163 (occ)     1          -5.810           1.228         -13.576         -11.202           -6.955
  164 (occ)     1          -5.778           1.274         -13.718         -11.292           -6.930
  165 (occ)     1          -5.685           1.121         -13.634         -11.387           -6.811
  166 (occ)     1          -5.675           1.039         -13.427         -11.338           -6.724
  167 (occ)     1          -5.604           1.063         -13.547         -11.384           -6.704
  168 (occ)     1          -5.567           1.027         -13.599         -11.477           -6.662
  169 (occ)     1          -5.502           1.043         -13.766         -11.635           -6.590
  170 (occ)     1          -5.462           1.019         -13.746         -11.624           -6.566
  171 (occ)     1          -5.136           0.812         -13.471         -11.589           -6.207
  172 (occ)     1          -4.981           0.681         -13.183         -11.480           -6.003
  173 (vir)     1          -3.435          -2.500          -6.393          -9.980           -2.349
  174 (vir)     1          -3.087          -2.724          -6.317         -10.191           -1.936
  175 (vir)     1          -3.041          -2.911          -6.195         -10.295           -1.852
  176 (vir)     1          -3.013          -2.791          -6.185         -10.126           -1.863
  177 (vir)     1          -2.990          -2.933          -6.166         -10.285           -1.804
  178 (vir)     1          -2.966          -2.791          -6.242         -10.171           -1.829
  179 (vir)     1          -2.906          -2.901          -6.077         -10.188           -1.697
  180 (vir)     1          -2.853          -2.700          -6.142          -9.940           -1.754
  181 (vir)     1          -2.780          -2.930          -6.246         -10.360           -1.595
  182 (vir)     1          -2.631          -2.803          -6.065         -10.044           -1.455
  183 (vir)     1          -2.609          -2.913          -5.995         -10.135           -1.382
  184 (vir)     1          -2.547          -2.940          -6.002         -10.156           -1.333
  185 (vir)     1          -2.536          -2.964          -5.925         -10.105           -1.320
  186 (vir)     1          -2.458          -2.997          -6.046         -10.257           -1.243
  187 (vir)     1          -2.453          -3.155          -5.742         -10.187           -1.163
  188 (vir)     1          -2.367          -2.999          -6.134         -10.318           -1.181
  189 (vir)     1          -2.357          -2.963          -5.876         -10.077           -1.120
  190 (vir)     1          -2.327          -3.081          -6.069         -10.359           -1.119
  191 (vir)     1          -2.272          -3.076          -6.005         -10.323           -1.030
  192 (vir)     1          -2.221          -3.154          -6.104         -10.552           -0.927
  193 (vir)     1          -2.194          -3.105          -5.951         -10.385           -0.865
  194 (vir)     1          -2.184          -3.209          -6.127         -10.607           -0.914
  195 (vir)     1          -2.130          -3.073          -6.015         -10.326           -0.892
  196 (vir)     1          -2.122          -3.082          -5.634          -9.968           -0.870
  197 (vir)     1          -2.090          -3.107          -6.000         -10.326           -0.871
  198 (vir)     1          -2.078          -3.147          -5.909         -10.285           -0.849
  199 (vir)     1          -2.068          -3.005          -5.935         -10.135           -0.872
  200 (vir)     1          -2.066          -3.056          -5.579          -9.845           -0.856
  201 (vir)     1          -1.990          -3.133          -5.851         -10.213           -0.761
  202 (vir)     1          -1.973          -3.094          -5.821         -10.192           -0.697
  203 (vir)     1          -1.971          -3.135          -5.942         -10.327           -0.722
  204 (vir)     1          -1.958          -3.149          -5.919         -10.311           -0.715
  205 (vir)     1          -1.926          -3.134          -5.873         -10.272           -0.661
  206 (vir)     1          -1.898          -3.203          -5.921         -10.361           -0.661
  207 (vir)     1          -1.895          -3.195          -5.903         -10.338           -0.656
  208 (vir)     1          -1.823          -3.262          -6.095         -10.603           -0.578
  209 (vir)     1          -1.786          -3.238          -5.936         -10.405           -0.556
  210 (vir)     1          -1.776          -3.202          -5.995         -10.396           -0.577
  211 (vir)     1          -1.706          -3.259          -5.960         -10.453           -0.471
  212 (vir)     1          -1.643          -3.251          -5.750         -10.218           -0.426
  213 (vir)     1          -1.614          -3.322          -5.977         -10.526           -0.388
  214 (vir)     1          -1.589          -3.247          -5.698         -10.168           -0.365
  215 (vir)     1          -1.550          -3.291          -5.924         -10.500           -0.265
  216 (vir)     1          -1.525          -3.302          -5.959         -10.503           -0.283
  217 (vir)     1          -1.520          -3.322          -5.877         -10.455           -0.264
  218 (vir)     1          -1.506          -3.360          -6.096         -10.698           -0.264
  219 (vir)     1          -1.487          -3.265          -5.637         -10.155           -0.233
  220 (vir)     1          -1.456          -3.290          -5.804         -10.327           -0.223
  221 (vir)     1          -1.412          -3.225          -5.573          -9.984           -0.226
  222 (vir)     1          -1.402          -3.174          -5.385          -9.719           -0.243
  223 (vir)     1          -1.344          -3.455          -6.027         -10.764           -0.063
  224 (vir)     1          -1.309          -3.355          -5.704         -10.271           -0.097
  225 (vir)     1          -1.286          -3.408          -5.857         -10.505           -0.046
  226 (vir)     1          -1.224          -3.383          -5.567         -10.205            0.031
  227 (vir)     1          -1.211          -3.029          -4.431          -8.654           -0.017
  228 (vir)     1          -1.203          -3.302          -5.521         -10.129            0.102
  229 (vir)     1          -1.097          -3.355          -5.564         -10.168            0.153
  230 (vir)     1          -1.085          -3.270          -5.234          -9.758            0.169
  231 (vir)     1          -1.035          -3.442          -5.692         -10.413            0.244
  232 (vir)     1          -1.025          -3.374          -5.537         -10.166            0.229
  233 (vir)     1          -1.021          -3.258          -5.228          -9.808            0.301
  234 (vir)     1          -0.977          -3.291          -5.109          -9.623            0.246
  235 (vir)     1          -0.908          -3.275          -5.002          -9.517            0.332
  236 (vir)     1          -0.867          -3.412          -5.396         -10.014            0.339
  237 (vir)     1          -0.833          -3.169          -4.755          -9.173            0.417
  238 (vir)     1          -0.764          -3.358          -5.124          -9.730            0.483
  239 (vir)     1          -0.752          -3.170          -4.663          -9.006            0.421
  240 (vir)     1          -0.716          -3.388          -5.107          -9.667            0.456
  241 (vir)     1          -0.670          -3.490          -5.338         -10.086            0.588
  242 (vir)     1          -0.657          -3.409          -5.143          -9.712            0.503
  243 (vir)     1          -0.607          -3.402          -5.026          -9.631            0.596
  244 (vir)     1          -0.580          -3.467          -5.227          -9.917            0.643
  245 (vir)     1          -0.506          -3.356          -4.887          -9.482            0.733
  246 (vir)     1          -0.461          -3.099          -4.259          -8.533            0.714
  247 (vir)     1          -0.436          -3.199          -4.637          -9.025            0.753
  248 (vir)     1          -0.408          -3.474          -5.026          -9.666            0.757
  249 (vir)     1          -0.380          -3.190          -4.336          -8.745            0.839
  250 (vir)     1          -0.303          -3.542          -5.073          -9.821            0.903
  251 (vir)     1          -0.286          -3.422          -4.906          -9.490            0.876
  252 (vir)     1          -0.269          -2.836          -3.661          -7.516            0.749
  253 (vir)     1          -0.199          -2.953          -3.957          -8.078            0.969
  254 (vir)     1          -0.193          -3.297          -4.508          -8.983            0.985
  255 (vir)     1          -0.156          -3.249          -4.479          -8.865            0.981
  256 (vir)     1          -0.148          -3.194          -4.322          -8.688            1.023
  257 (vir)     1          -0.120          -3.556          -5.059          -9.874            1.139
  258 (vir)     1          -0.106          -2.853          -3.654          -7.582            0.969
  259 (vir)     1          -0.106          -3.375          -4.785          -9.505            1.238
  260 (vir)     1          -0.025          -3.376          -4.671          -9.267            1.196
  261 (vir)     1           0.091          -3.216          -4.262          -8.596            1.210
  262 (vir)     1           0.099          -3.009          -3.912          -7.978            1.156
  263 (vir)     1           0.148          -3.287          -4.341          -8.787            1.306
  264 (vir)     1           0.204          -3.537          -4.786          -9.503            1.384
  265 (vir)     1           0.289          -3.311          -4.123          -8.530            1.385
  266 (vir)     1           0.343          -3.520          -4.712          -9.411            1.523
  267 (vir)     1           0.357          -2.984          -3.652          -7.678            1.399
  268 (vir)     1           0.383          -3.615          -4.670          -9.422            1.520
  269 (vir)     1           0.442          -3.121          -3.890          -8.107            1.539
  270 (vir)     1           0.451          -3.592          -4.894          -9.709            1.674
  271 (vir)     1           0.642          -3.288          -4.049          -8.413            1.718
  272 (vir)     1           0.649          -2.814          -3.558          -7.489            1.765
  273 (vir)     1           0.664          -2.785          -3.170          -6.965            1.674
  274 (vir)     1           0.704          -3.225          -3.907          -8.228            1.800
  275 (vir)     1           0.717          -3.396          -4.174          -8.689            1.837
  276 (vir)     1           0.737          -2.522          -3.071          -6.641            1.786
  277 (vir)     1           0.754          -2.990          -3.518          -7.554            1.800
  278 (vir)     1           0.775          -2.867          -3.612          -7.662            1.957
  279 (vir)     1           0.793          -3.059          -3.522          -7.620            1.833
  280 (vir)     1           0.804          -3.089          -3.538          -7.736            1.913
  281 (vir)     1           0.841          -2.784          -3.083          -6.920            1.894
  282 (vir)     1           0.899          -2.927          -3.458          -7.545            2.060
  283 (vir)     1           0.914          -2.638          -2.894          -6.579            1.961
  284 (vir)     1           0.918          -2.874          -3.346          -7.300            1.999
  285 (vir)     1           0.938          -2.901          -3.512          -7.635            2.160
  286 (vir)     1           1.000          -2.820          -3.136          -7.035            2.079
  287 (vir)     1           1.052          -2.789          -3.291          -7.190            2.162
  288 (vir)     1           1.062          -2.788          -3.163          -7.052            2.163
  289 (vir)     1           1.109          -2.717          -2.913          -6.670            2.150
  290 (vir)     1           1.121          -2.779          -3.080          -6.991            2.253
  291 (vir)     1           1.141          -3.165          -3.658          -7.986            2.304
  292 (vir)     1           1.180          -3.070          -3.540          -7.714            2.283
  293 (vir)     1           1.207          -2.868          -3.062          -7.001            2.277
  294 (vir)     1           1.231          -2.833          -3.230          -7.143            2.312
  295 (vir)     1           1.278          -2.990          -3.334          -7.417            2.371
  296 (vir)     1           1.324          -2.893          -3.148          -7.122            2.404
  297 (vir)     1           1.334          -2.716          -2.726          -6.457            2.349
  298 (vir)     1           1.365          -2.707          -2.876          -6.660            2.442
  299 (vir)     1           1.410          -2.730          -2.680          -6.398            2.397
  300 (vir)     1           1.417          -2.792          -2.703          -6.456            2.379
  301 (vir)     1           1.472          -3.080          -3.368          -7.577            2.601
  302 (vir)     1           1.480          -2.703          -2.695          -6.401            2.483
  303 (vir)     1           1.507          -2.928          -3.254          -7.347            2.672
  304 (vir)     1           1.509          -2.612          -2.690          -6.367            2.574
  305 (vir)     1           1.555          -2.729          -2.831          -6.645            2.640
  306 (vir)     1           1.586          -2.895          -2.984          -6.926            2.633
  307 (vir)     1           1.614          -2.680          -2.843          -6.592            2.683
  308 (vir)     1           1.642          -2.679          -2.710          -6.415            2.668
  309 (vir)     1           1.672          -2.992          -3.054          -7.119            2.744
  310 (vir)     1           1.705          -2.891          -3.040          -7.035            2.808
  311 (vir)     1           1.726          -2.802          -2.969          -6.896            2.850
  312 (vir)     1           1.738          -2.815          -2.579          -6.327            2.671
  313 (vir)     1           1.746          -3.061          -3.367          -7.522            2.840
  314 (vir)     1           1.826          -3.075          -3.222          -7.444            2.974
  315 (vir)     1           1.842          -2.821          -2.755          -6.597            2.863
  316 (vir)     1           1.911          -2.896          -2.894          -6.814            2.935
  317 (vir)     1           1.923          -3.052          -3.147          -7.293            3.017
  318 (vir)     1           1.930          -2.709          -2.727          -6.531            3.025
  319 (vir)     1           1.987          -3.175          -3.307          -7.586            3.092
  320 (vir)     1           2.000          -3.050          -3.113          -7.266            3.103
  321 (vir)     1           2.020          -2.949          -2.847          -6.841            3.065
  322 (vir)     1           2.068          -2.957          -2.819          -6.777            3.069
  323 (vir)     1           2.073          -3.065          -2.942          -6.962            3.028
  324 (vir)     1           2.114          -2.858          -2.883          -6.826            3.199
  325 (vir)     1           2.128          -2.834          -2.575          -6.346            3.066
  326 (vir)     1           2.142          -2.965          -3.083          -7.192            3.286
  327 (vir)     1           2.166          -3.059          -2.998          -7.061            3.171
  328 (vir)     1           2.185          -3.110          -2.938          -7.022            3.159
  329 (vir)     1           2.209          -3.123          -3.100          -7.282            3.268
  330 (vir)     1           2.213          -3.118          -3.090          -7.227            3.231
  331 (vir)     1           2.269          -2.926          -2.811          -6.707            3.239
  332 (vir)     1           2.283          -3.074          -3.087          -7.306            3.428
  333 (vir)     1           2.287          -2.740          -2.602          -6.404            3.349
  334 (vir)     1           2.365          -3.129          -3.102          -7.359            3.494
  335 (vir)     1           2.384          -2.831          -2.753          -6.689            3.488
  336 (vir)     1           2.414          -3.169          -3.099          -7.378            3.525
  337 (vir)     1           2.423          -2.841          -2.736          -6.653            3.499
  338 (vir)     1           2.428          -3.074          -3.062          -7.263            3.556
  339 (vir)     1           2.442          -2.961          -2.888          -7.015            3.609
  340 (vir)     1           2.530          -3.042          -3.020          -7.205            3.673
  341 (vir)     1           2.558          -3.046          -2.841          -6.935            3.607
  342 (vir)     1           2.566          -2.940          -2.841          -6.864            3.649
  343 (vir)     1           2.578          -3.023          -2.830          -6.947            3.673
  344 (vir)     1           2.593          -3.313          -3.082          -7.425            3.624
  345 (vir)     1           2.651          -3.162          -2.885          -7.056            3.660
  346 (vir)     1           2.660          -3.086          -2.877          -7.090            3.787
  347 (vir)     1           2.710          -3.046          -3.002          -7.188            3.849
  348 (vir)     1           2.715          -2.908          -2.542          -6.511            3.776
  349 (vir)     1           2.748          -3.394          -3.377          -7.946            3.924
  350 (vir)     1           2.781          -3.048          -2.767          -6.854            3.819
  351 (vir)     1           2.795          -3.319          -3.080          -7.442            3.838
  352 (vir)     1           2.810          -3.097          -2.997          -7.328            4.044
  353 (vir)     1           2.861          -3.467          -3.226          -7.717            3.884
  354 (vir)     1           2.869          -3.229          -2.992          -7.259            3.907
  355 (vir)     1           2.889          -3.284          -3.122          -7.541            4.024
  356 (vir)     1           2.951          -3.316          -3.103          -7.496            4.029
  357 (vir)     1           2.958          -3.287          -3.234          -7.697            4.135
  358 (vir)     1           2.973          -3.259          -3.145          -7.535            4.104
  359 (vir)     1           2.999          -3.277          -3.185          -7.677            4.215
  360 (vir)     1           3.064          -3.136          -3.024          -7.315            4.218
  361 (vir)     1           3.114          -3.194          -2.886          -7.223            4.258
  362 (vir)     1           3.119          -3.338          -2.953          -7.387            4.215
  363 (vir)     1           3.121          -3.196          -2.982          -7.320            4.263
  364 (vir)     1           3.169          -3.221          -2.986          -7.332            4.294
  365 (vir)     1           3.217          -3.190          -3.014          -7.388            4.401
  366 (vir)     1           3.223          -3.232          -2.771          -6.954            4.173
  367 (vir)     1           3.267          -3.225          -2.879          -7.224            4.387
  368 (vir)     1           3.299          -3.059          -2.737          -6.930            4.432
  369 (vir)     1           3.316          -3.462          -3.116          -7.684            4.423
  370 (vir)     1           3.391          -3.531          -3.212          -7.759            4.408
  371 (vir)     1           3.436          -3.474          -3.007          -7.509            4.464
  372 (vir)     1           3.445          -3.314          -2.889          -7.341            4.583
  373 (vir)     1           3.490          -3.243          -2.996          -7.513            4.763
  374 (vir)     1           3.503          -3.215          -2.763          -7.053            4.578
  375 (vir)     1           3.512          -3.201          -2.808          -7.123            4.626
  376 (vir)     1           3.558          -3.152          -2.670          -6.928            4.664
  377 (vir)     1           3.568          -3.270          -2.937          -7.422            4.782
  378 (vir)     1           3.634          -3.248          -2.832          -7.131            4.685
  379 (vir)     1           3.665          -3.462          -2.992          -7.473            4.684
  380 (vir)     1           3.738          -3.191          -2.298          -6.326            4.576
  381 (vir)     1           3.745          -3.254          -2.803          -7.169            4.856
  382 (vir)     1           3.753          -3.390          -2.905          -7.341            4.799
  383 (vir)     1           3.779          -3.495          -2.850          -7.339            4.773
  384 (vir)     1           3.788          -3.259          -2.749          -7.086            4.866
  385 (vir)     1           3.833          -3.172          -2.649          -6.871            4.883
  386 (vir)     1           3.848          -3.428          -2.718          -7.224            4.926
  387 (vir)     1           3.862          -2.997          -2.499          -6.599            4.966
  388 (vir)     1           3.913          -3.129          -2.696          -6.895            4.983
  389 (vir)     1           3.920          -3.359          -2.901          -7.296            4.956
  390 (vir)     1           3.941          -3.523          -3.137          -7.737            5.019
  391 (vir)     1           3.980          -3.418          -2.755          -7.242            5.049
  392 (vir)     1           4.018          -3.312          -2.772          -7.163            5.098
  393 (vir)     1           4.037          -3.483          -2.887          -7.488            5.154
  394 (vir)     1           4.099          -3.262          -2.451          -6.560            4.946
  395 (vir)     1           4.118          -3.359          -2.824          -7.328            5.263
  396 (vir)     1           4.120          -3.486          -2.739          -7.206            5.101
  397 (vir)     1           4.144          -3.528          -2.677          -7.118            5.057
  398 (vir)     1           4.165          -3.320          -2.574          -6.868            5.138
  399 (vir)     1           4.186          -3.602          -2.830          -7.343            5.098
  400 (vir)     1           4.241          -3.383          -2.853          -7.383            5.387
  401 (vir)     1           4.272          -3.637          -2.772          -7.323            5.186
  402 (vir)     1           4.275          -3.553          -2.690          -7.139            5.171
  403 (vir)     1           4.319          -3.442          -2.609          -6.983            5.251
  404 (vir)     1           4.337          -3.144          -2.366          -6.510            5.337
  405 (vir)     1           4.375          -3.301          -2.540          -6.851            5.386
  406 (vir)     1           4.390          -3.486          -2.816          -7.409            5.497
  407 (vir)     1           4.422          -3.433          -2.692          -7.227            5.524
  408 (vir)     1           4.448          -3.488          -2.737          -7.259            5.481
  409 (vir)     1           4.476          -3.294          -2.527          -6.843            5.498
  410 (vir)     1           4.524          -3.119          -2.553          -6.812            5.664
  411 (vir)     1           4.540          -3.437          -2.653          -7.077            5.527
  412 (vir)     1           4.593          -3.209          -2.229          -6.315            5.470
  413 (vir)     1           4.593          -3.319          -2.554          -6.921            5.641
  414 (vir)     1           4.638          -3.420          -2.822          -7.444            5.841
  415 (vir)     1           4.655          -3.235          -2.568          -6.934            5.785
  416 (vir)     1           4.672          -3.254          -2.501          -6.877            5.794
  417 (vir)     1           4.690          -3.408          -2.487          -6.916            5.712
  418 (vir)     1           4.731          -3.232          -2.503          -6.852            5.847
  419 (vir)     1           4.758          -3.437          -2.627          -7.096            5.790
  420 (vir)     1           4.778          -3.066          -2.492          -6.671            5.891
  421 (vir)     1           4.794          -3.438          -2.604          -7.118            5.869
  422 (vir)     1           4.847          -3.298          -2.430          -6.763            5.882
  423 (vir)     1           4.894          -3.030          -2.285          -6.382            5.960
  424 (vir)     1           4.897          -3.286          -2.367          -6.702            5.945
  425 (vir)     1           4.913          -3.066          -2.139          -6.201            5.908
  426 (vir)     1           4.961          -3.542          -2.771          -7.401            6.050
  427 (vir)     1           4.997          -3.460          -2.411          -6.834            5.959
  428 (vir)     1           5.062          -3.230          -2.377          -6.735            6.190
  429 (vir)     1           5.066          -3.222          -2.317          -6.502            6.029
  430 (vir)     1           5.108          -3.439          -2.494          -6.883            6.058
  431 (vir)     1           5.128          -3.271          -2.156          -6.348            6.049
  432 (vir)     1           5.175          -3.526          -2.746          -7.472            6.374
  433 (vir)     1           5.194          -3.196          -2.349          -6.684            6.332
  434 (vir)     1           5.199          -3.365          -2.373          -6.762            6.223
  435 (vir)     1           5.243          -3.118          -2.300          -6.524            6.349
  436 (vir)     1           5.251          -3.362          -2.285          -6.587            6.191
  437 (vir)     1           5.272          -3.431          -2.470          -6.987            6.358
  438 (vir)     1           5.318          -3.198          -2.373          -6.696            6.443
  439 (vir)     1           5.350          -3.197          -2.317          -6.585            6.422
  440 (vir)     1           5.350          -3.206          -2.201          -6.454            6.397
  441 (vir)     1           5.403          -3.171          -2.220          -6.463            6.475
  442 (vir)     1           5.415          -2.953          -2.127          -6.183            6.518
  443 (vir)     1           5.439          -3.112          -2.080          -6.160            6.407
  444 (vir)     1           5.461          -3.499          -2.497          -7.107            6.572
  445 (vir)     1           5.480          -3.217          -2.290          -6.658            6.630
  446 (vir)     1           5.543          -3.378          -2.504          -7.098            6.758
  447 (vir)     1           5.580          -3.431          -2.638          -7.303            6.813
  448 (vir)     1           5.584          -3.411          -2.498          -7.074            6.749
  449 (vir)     1           5.607          -3.288          -2.255          -6.621            6.685
  450 (vir)     1           5.646          -3.349          -2.345          -6.758            6.711
  451 (vir)     1           5.661          -3.533          -2.596          -7.289            6.821
  452 (vir)     1           5.671          -3.209          -2.363          -6.720            6.820
  453 (vir)     1           5.673          -3.343          -2.385          -6.874            6.820
  454 (vir)     1           5.740          -3.334          -2.339          -6.812            6.879
  455 (vir)     1           5.761          -3.343          -2.320          -6.784            6.881
  456 (vir)     1           5.832          -3.188          -2.129          -6.418            6.933
  457 (vir)     1           5.849          -3.150          -2.094          -6.312            6.918
  458 (vir)     1           5.880          -3.261          -2.231          -6.588            6.976
  459 (vir)     1           5.889          -3.204          -2.171          -6.452            6.967
  460 (vir)     1           5.914          -3.495          -2.382          -7.027            7.064
  461 (vir)     1           5.939          -3.546          -2.422          -7.070            7.040
  462 (vir)     1           5.977          -3.379          -2.292          -6.803            7.109
  463 (vir)     1           6.039          -3.300          -2.304          -6.750            7.185
  464 (vir)     1           6.054          -3.851          -2.287          -6.971            6.887
  465 (vir)     1           6.062          -3.442          -2.386          -6.973            7.206
  466 (vir)     1           6.063          -3.093          -2.028          -6.237            7.179
  467 (vir)     1           6.093          -3.197          -2.072          -6.366            7.190
  468 (vir)     1           6.138          -3.531          -2.493          -7.228            7.343
  469 (vir)     1           6.148          -3.379          -2.159          -6.590            7.201
  470 (vir)     1           6.174          -3.268          -2.178          -6.566            7.294
  471 (vir)     1           6.215          -3.493          -2.377          -7.044            7.389
  472 (vir)     1           6.233          -3.585          -2.493          -7.252            7.407
  473 (vir)     1           6.265          -3.257          -2.111          -6.467            7.363
  474 (vir)     1           6.277          -3.355          -2.197          -6.657            7.382
  475 (vir)     1           6.290          -3.179          -2.041          -6.344            7.414
  476 (vir)     1           6.300          -3.378          -2.185          -6.636            7.372
  477 (vir)     1           6.315          -3.327          -2.120          -6.536            7.403
  478 (vir)     1           6.385          -3.357          -2.157          -6.680            7.551
  479 (vir)     1           6.410          -3.207          -1.983          -6.265            7.486
  480 (vir)     1           6.427          -3.378          -2.139          -6.659            7.569
  481 (vir)     1           6.466          -3.528          -2.201          -6.838            7.574
  482 (vir)     1           6.466          -3.550          -2.241          -6.993            7.668
  483 (vir)     1           6.502          -3.329          -2.092          -6.512            7.593
  484 (vir)     1           6.529          -3.825          -2.471          -7.381            7.613
  485 (vir)     1           6.548          -3.317          -1.960          -6.352            7.622
  486 (vir)     1           6.562          -3.462          -2.100          -6.671            7.671
  487 (vir)     1           6.596          -3.592          -2.199          -6.863            7.668
  488 (vir)     1           6.602          -3.451          -2.309          -6.973            7.815
  489 (vir)     1           6.610          -3.472          -2.053          -6.622            7.707
  490 (vir)     1           6.619          -3.593          -2.151          -6.850            7.725
  491 (vir)     1           6.672          -3.183          -1.999          -6.334            7.824
  492 (vir)     1           6.709          -3.373          -2.076          -6.600            7.860
  493 (vir)     1           6.739          -3.760          -2.555          -7.539            7.963
  494 (vir)     1           6.740          -3.306          -1.925          -6.289            7.798
  495 (vir)     1           6.749          -3.360          -2.129          -6.700            7.960
  496 (vir)     1           6.816          -3.362          -2.151          -6.649            7.952
  497 (vir)     1           6.818          -3.462          -1.978          -6.493            7.871
  498 (vir)     1           6.844          -3.229          -1.916          -6.253            7.952
  499 (vir)     1           6.858          -3.623          -2.275          -7.161            8.120
  500 (vir)     1           6.876          -3.461          -2.090          -6.733            8.057
  501 (vir)     1           6.879          -3.533          -2.143          -6.808            8.010
  502 (vir)     1           6.898          -3.419          -2.054          -6.593            8.019
  503 (vir)     1           6.923          -3.729          -2.407          -7.294            8.081
  504 (vir)     1           6.932          -3.431          -2.114          -6.652            8.038
  505 (vir)     1           6.952          -3.642          -2.312          -7.125            8.122
  506 (vir)     1           6.971          -3.530          -1.964          -6.543            8.020
  507 (vir)     1           6.976          -3.594          -2.020          -6.693            8.056
  508 (vir)     1           7.004          -3.503          -2.146          -6.810            8.165
  509 (vir)     1           7.013          -3.417          -2.000          -6.567            8.163
  510 (vir)     1           7.039          -3.646          -2.267          -7.077            8.202
  511 (vir)     1           7.063          -3.547          -2.182          -6.894            8.229
  512 (vir)     1           7.077          -3.464          -1.924          -6.479            8.168
  513 (vir)     1           7.103          -3.563          -2.063          -6.728            8.206
  514 (vir)     1           7.166          -3.333          -1.937          -6.402            8.298
  515 (vir)     1           7.169          -3.499          -2.058          -6.695            8.307
  516 (vir)     1           7.187          -3.264          -1.815          -6.143            8.250
  517 (vir)     1           7.208          -3.584          -2.099          -6.831            8.356
  518 (vir)     1           7.261          -3.368          -1.855          -6.324            8.362
  519 (vir)     1           7.261          -3.591          -2.154          -6.979            8.496
  520 (vir)     1           7.297          -3.461          -2.044          -6.654            8.446
  521 (vir)     1           7.356          -3.802          -2.167          -7.068            8.456
  522 (vir)     1           7.375          -3.690          -2.168          -6.950            8.468
  523 (vir)     1           7.386          -3.404          -1.916          -6.407            8.472
  524 (vir)     1           7.403          -3.504          -2.021          -6.634            8.512
  525 (vir)     1           7.422          -3.363          -1.953          -6.446            8.551
  526 (vir)     1           7.440          -3.742          -2.259          -7.205            8.644
  527 (vir)     1           7.467          -3.665          -2.133          -6.924            8.594
  528 (vir)     1           7.486          -3.623          -2.147          -6.952            8.667
  529 (vir)     1           7.510          -3.414          -1.995          -6.594            8.695
  530 (vir)     1           7.517          -3.644          -2.115          -6.940            8.698
  531 (vir)     1           7.527          -3.609          -2.061          -6.814            8.670
  532 (vir)     1           7.588          -3.799          -2.076          -6.943            8.656
  533 (vir)     1           7.600          -3.600          -2.175          -7.021            8.846
  534 (vir)     1           7.637          -3.991          -2.279          -7.361            8.729
  535 (vir)     1           7.644          -3.649          -2.098          -6.912            8.809
  536 (vir)     1           7.662          -3.659          -2.191          -7.045            8.856
  537 (vir)     1           7.669          -3.917          -2.246          -7.256            8.762
  538 (vir)     1           7.705          -3.588          -2.121          -6.904            8.900
  539 (vir)     1           7.711          -3.673          -2.073          -6.863            8.829
  540 (vir)     1           7.737          -3.864          -2.255          -7.296            8.914
  541 (vir)     1           7.747          -3.890          -2.262          -7.333            8.929
  542 (vir)     1           7.773          -3.767          -2.116          -6.965            8.856
  543 (vir)     1           7.811          -3.919          -2.307          -7.399            8.983
  544 (vir)     1           7.835          -3.996          -2.320          -7.437            8.956
  545 (vir)     1           7.863          -3.905          -2.367          -7.455            9.046
  546 (vir)     1           7.882          -3.790          -2.158          -7.149            9.082
  547 (vir)     1           7.896          -3.540          -2.122          -6.888            9.123
  548 (vir)     1           7.900          -3.517          -1.964          -6.634            9.053
  549 (vir)     1           7.923          -3.758          -2.192          -7.256            9.229
  550 (vir)     1           7.945          -4.047          -2.323          -7.516            9.091
  551 (vir)     1           7.951          -3.686          -2.071          -6.823            9.017
  552 (vir)     1           7.980          -3.807          -2.154          -7.125            9.144
  553 (vir)     1           8.004          -3.865          -2.257          -7.292            9.175
  554 (vir)     1           8.023          -3.842          -2.249          -7.298            9.231
  555 (vir)     1           8.043          -3.726          -2.226          -7.203            9.294
  556 (vir)     1           8.105          -3.890          -2.138          -7.145            9.222
  557 (vir)     1           8.119          -3.736          -2.259          -7.260            9.384
  558 (vir)     1           8.140          -3.679          -1.936          -6.697            9.223
  559 (vir)     1           8.144          -3.604          -2.175          -7.158            9.523
  560 (vir)     1           8.176          -4.079          -2.373          -7.603            9.327
  561 (vir)     1           8.181          -3.909          -2.275          -7.332            9.330
  562 (vir)     1           8.211          -3.704          -2.043          -6.849            9.313
  563 (vir)     1           8.219          -3.932          -2.175          -7.205            9.317
  564 (vir)     1           8.260          -3.806          -2.160          -7.183            9.477
  565 (vir)     1           8.328          -3.659          -2.103          -6.888            9.454
  566 (vir)     1           8.343          -3.620          -1.924          -6.643            9.443
  567 (vir)     1           8.358          -3.687          -1.950          -6.772            9.493
  568 (vir)     1           8.386          -3.785          -2.046          -6.952            9.507
  569 (vir)     1           8.396          -3.845          -2.062          -6.988            9.477
  570 (vir)     1           8.418          -3.574          -1.943          -6.749            9.651
  571 (vir)     1           8.431          -4.203          -2.355          -7.684            9.556
  572 (vir)     1           8.481          -3.626          -1.974          -6.758            9.640
  573 (vir)     1           8.507          -3.873          -2.134          -7.136            9.637
  574 (vir)     1           8.523          -3.684          -1.980          -6.823            9.682
  575 (vir)     1           8.546          -3.808          -2.184          -7.239            9.794
  576 (vir)     1           8.582          -3.615          -1.964          -6.769            9.773
  577 (vir)     1           8.595          -3.858          -2.149          -7.239            9.827
  578 (vir)     1           8.613          -3.910          -2.132          -7.153            9.723
  579 (vir)     1           8.660          -3.862          -2.151          -7.195            9.841
  580 (vir)     1           8.670          -3.496          -1.845          -6.604            9.933
  581 (vir)     1           8.689          -4.106          -2.355          -7.685            9.913
  582 (vir)     1           8.690          -4.124          -2.350          -7.679            9.895
  583 (vir)     1           8.719          -3.749          -2.118          -7.121            9.973
  584 (vir)     1           8.742          -3.760          -2.028          -6.966            9.920
  585 (vir)     1           8.793          -3.907          -2.124          -7.181            9.942
  586 (vir)     1           8.837          -3.690          -1.977          -6.915           10.086
  587 (vir)     1           8.856          -3.826          -2.079          -7.017            9.969
  588 (vir)     1           8.861          -3.873          -2.155          -7.231           10.063
  589 (vir)     1           8.891          -3.727          -2.004          -6.946           10.105
  590 (vir)     1           8.903          -3.716          -2.099          -7.098           10.186
  591 (vir)     1           8.955          -3.913          -2.061          -7.080           10.062
  592 (vir)     1           8.966          -3.703          -1.965          -6.838           10.137
  593 (vir)     1           8.993          -3.950          -2.020          -7.105           10.127
  594 (vir)     1           9.031          -3.875          -2.046          -7.103           10.213
  595 (vir)     1           9.036          -3.824          -2.070          -7.095           10.237
  596 (vir)     1           9.037          -3.839          -2.174          -7.282           10.306
  597 (vir)     1           9.063          -3.587          -1.863          -6.669           10.282
  598 (vir)     1           9.138          -3.592          -1.952          -6.885           10.480
  599 (vir)     1           9.150          -3.803          -2.075          -7.175           10.448
  600 (vir)     1           9.197          -3.837          -1.970          -6.951           10.340
  601 (vir)     1           9.218          -3.881          -2.071          -7.177           10.443
  602 (vir)     1           9.221          -3.949          -1.970          -6.953           10.255
  603 (vir)     1           9.225          -4.107          -2.234          -7.499           10.384
  604 (vir)     1           9.244          -3.842          -1.994          -7.013           10.420
  605 (vir)     1           9.285          -3.743          -1.950          -6.892           10.484
  606 (vir)     1           9.287          -3.636          -1.779          -6.580           10.451
  607 (vir)     1           9.332          -3.749          -1.840          -6.721           10.463
  608 (vir)     1           9.373          -3.954          -2.030          -7.074           10.463
  609 (vir)     1           9.407          -3.703          -1.906          -6.767           10.565
  610 (vir)     1           9.417          -3.677          -1.881          -6.741           10.599
  611 (vir)     1           9.464          -3.662          -1.966          -6.935           10.771
  612 (vir)     1           9.475          -3.988          -2.135          -7.304           10.656
  613 (vir)     1           9.487          -3.941          -2.004          -7.019           10.561
  614 (vir)     1           9.511          -3.918          -2.069          -7.320           10.844
  615 (vir)     1           9.525          -3.827          -1.992          -7.117           10.822
  616 (vir)     1           9.538          -3.878          -2.044          -7.133           10.749
  617 (vir)     1           9.554          -4.012          -2.044          -7.109           10.606
  618 (vir)     1           9.580          -4.025          -2.011          -7.126           10.670
  619 (vir)     1           9.617          -3.881          -2.062          -7.223           10.896
  620 (vir)     1           9.628          -3.947          -1.986          -7.106           10.801
  621 (vir)     1           9.656          -3.915          -2.012          -7.059           10.789
  622 (vir)     1           9.724          -4.115          -2.167          -7.434           10.876
  623 (vir)     1           9.766          -4.069          -2.097          -7.336           10.934
  624 (vir)     1           9.781          -4.107          -2.086          -7.268           10.855
  625 (vir)     1           9.854          -3.860          -1.894          -6.895           10.994
  626 (vir)     1           9.858          -3.989          -1.932          -6.984           10.920
  627 (vir)     1           9.863          -3.977          -2.052          -7.274           11.108
  628 (vir)     1           9.869          -4.125          -2.092          -7.375           11.027
  629 (vir)     1           9.900          -3.518          -1.879          -6.903           11.406
  630 (vir)     1           9.928          -4.033          -2.109          -7.308           11.095
  631 (vir)     1           9.975          -3.869          -1.878          -6.839           11.068
  632 (vir)     1          10.008          -4.116          -2.013          -7.267           11.146
  633 (vir)     1          10.011          -4.029          -2.100          -7.288           11.170
  634 (vir)     1          10.024          -3.890          -2.029          -7.173           11.278
  635 (vir)     1          10.054          -3.866          -1.860          -6.905           11.233
  636 (vir)     1          10.084          -3.957          -1.935          -7.038           11.231
  637 (vir)     1          10.105          -4.320          -2.204          -7.574           11.155
  638 (vir)     1          10.121          -3.927          -1.976          -7.145           11.363
  639 (vir)     1          10.153          -3.907          -1.960          -7.056           11.342
  640 (vir)     1          10.164          -3.781          -1.936          -7.010           11.458
  641 (vir)     1          10.220          -3.964          -1.934          -7.080           11.402
  642 (vir)     1          10.229          -4.301          -2.155          -7.556           11.328
  643 (vir)     1          10.232          -3.966          -2.077          -7.339           11.528
  644 (vir)     1          10.248          -4.064          -1.975          -7.107           11.316
  645 (vir)     1          10.292          -3.903          -2.004          -7.255           11.640
  646 (vir)     1          10.314          -4.094          -2.027          -7.254           11.447
  647 (vir)     1          10.342          -4.015          -2.110          -7.442           11.659
  648 (vir)     1          10.363          -3.977          -2.040          -7.360           11.706
  649 (vir)     1          10.373          -3.938          -2.018          -7.252           11.670
  650 (vir)     1          10.438          -4.188          -2.042          -7.388           11.596
  651 (vir)     1          10.445          -3.943          -1.979          -7.240           11.763
  652 (vir)     1          10.466          -4.023          -1.969          -7.219           11.693
  653 (vir)     1          10.504          -4.043          -2.021          -7.420           11.860
  654 (vir)     1          10.511          -4.136          -1.983          -7.245           11.638
  655 (vir)     1          10.531          -3.908          -2.042          -7.351           11.932
  656 (vir)     1          10.542          -4.282          -2.235          -7.782           11.807
  657 (vir)     1          10.568          -3.883          -1.833          -6.945           11.797
  658 (vir)     1          10.604          -4.223          -2.020          -7.310           11.670
  659 (vir)     1          10.616          -4.231          -2.039          -7.461           11.807
  660 (vir)     1          10.649          -4.313          -2.066          -7.467           11.736
  661 (vir)     1          10.684          -4.084          -1.974          -7.277           11.903
  662 (vir)     1          10.718          -3.869          -1.818          -6.850           11.880
  663 (vir)     1          10.738          -4.228          -1.995          -7.314           11.830
  664 (vir)     1          10.758          -4.061          -1.934          -7.221           11.984
  665 (vir)     1          10.769          -3.846          -1.920          -7.089           12.093
  666 (vir)     1          10.803          -3.917          -1.892          -7.078           12.073
  667 (vir)     1          10.838          -4.365          -2.143          -7.667           11.997
  668 (vir)     1          10.855          -4.070          -1.925          -7.185           12.046
  669 (vir)     1          10.866          -4.219          -2.015          -7.406           12.040
  670 (vir)     1          10.901          -4.357          -2.148          -7.693           12.089
  671 (vir)     1          10.921          -3.983          -1.880          -7.119           12.177
  672 (vir)     1          10.949          -4.158          -1.999          -7.374           12.166
  673 (vir)     1          10.974          -4.036          -1.918          -7.126           12.147
  674 (vir)     1          11.007          -4.505          -2.221          -7.813           12.094
  675 (vir)     1          11.022          -3.983          -1.801          -6.960           12.197
  676 (vir)     1          11.037          -4.195          -2.044          -7.468           12.266
  677 (vir)     1          11.054          -4.214          -1.988          -7.330           12.182
  678 (vir)     1          11.074          -4.053          -1.912          -7.194           12.302
  679 (vir)     1          11.088          -4.072          -1.815          -6.982           12.183
  680 (vir)     1          11.111          -4.088          -1.949          -7.299           12.374
  681 (vir)     1          11.129          -4.215          -1.943          -7.291           12.262
  682 (vir)     1          11.142          -4.128          -1.918          -7.214           12.311
  683 (vir)     1          11.189          -4.213          -1.975          -7.371           12.371
  684 (vir)     1          11.223          -4.372          -2.094          -7.599           12.356
  685 (vir)     1          11.228          -3.895          -1.888          -7.121           12.566
  686 (vir)     1          11.255          -4.284          -1.971          -7.373           12.373
  687 (vir)     1          11.269          -4.334          -2.044          -7.498           12.390
  688 (vir)     1          11.293          -4.226          -2.042          -7.510           12.535
  689 (vir)     1          11.310          -4.126          -1.857          -7.102           12.428
  690 (vir)     1          11.352          -4.015          -1.995          -7.360           12.702
  691 (vir)     1          11.356          -4.099          -1.955          -7.417           12.719
  692 (vir)     1          11.393          -4.349          -2.046          -7.531           12.530
  693 (vir)     1          11.422          -4.257          -1.976          -7.364           12.552
  694 (vir)     1          11.431          -4.493          -2.102          -7.697           12.532
  695 (vir)     1          11.482          -4.425          -2.137          -7.814           12.734
  696 (vir)     1          11.504          -4.352          -2.065          -7.647           12.734
  697 (vir)     1          11.510          -4.364          -2.024          -7.573           12.694
  698 (vir)     1          11.550          -4.290          -1.948          -7.374           12.686
  699 (vir)     1          11.558          -4.267          -2.038          -7.529           12.782
  700 (vir)     1          11.577          -3.853          -1.909          -7.311           13.126
  701 (vir)     1          11.600          -4.151          -1.930          -7.278           12.796
  702 (vir)     1          11.604          -4.131          -1.994          -7.476           12.955
  703 (vir)     1          11.656          -4.422          -2.055          -7.654           12.833
  704 (vir)     1          11.679          -4.041          -1.954          -7.395           13.078
  705 (vir)     1          11.707          -4.334          -1.956          -7.391           12.808
  706 (vir)     1          11.709          -4.688          -2.137          -7.826           12.709
  707 (vir)     1          11.767          -4.447          -2.027          -7.596           12.889
  708 (vir)     1          11.773          -4.170          -1.902          -7.287           12.989
  709 (vir)     1          11.799          -4.278          -2.123          -7.773           13.170
  710 (vir)     1          11.843          -4.258          -2.110          -7.826           13.300
  711 (vir)     1          11.898          -4.465          -2.002          -7.580           13.011
  712 (vir)     1          11.904          -4.178          -1.914          -7.372           13.184
  713 (vir)     1          11.920          -4.291          -2.129          -7.840           13.339
  714 (vir)     1          11.931          -4.254          -2.040          -7.687           13.323
  715 (vir)     1          11.949          -3.938          -1.742          -6.958           13.228
  716 (vir)     1          11.972          -4.494          -2.064          -7.706           13.121
  717 (vir)     1          11.981          -4.574          -2.054          -7.731           13.084
  718 (vir)     1          12.026          -4.387          -2.067          -7.776           13.348
  719 (vir)     1          12.072          -4.314          -1.956          -7.523           13.324
  720 (vir)     1          12.115          -4.453          -2.042          -7.738           13.358
  721 (vir)     1          12.122          -3.828          -1.939          -7.535           13.891
  722 (vir)     1          12.130          -4.361          -1.986          -7.533           13.317
  723 (vir)     1          12.153          -4.127          -1.887          -7.320           13.459
  724 (vir)     1          12.173          -4.452          -2.169          -8.014           13.566
  725 (vir)     1          12.206          -4.784          -2.251          -8.249           13.420
  726 (vir)     1          12.228          -4.449          -1.997          -7.617           13.400
  727 (vir)     1          12.303          -3.994          -1.826          -7.245           13.729
  728 (vir)     1          12.306          -4.514          -2.019          -7.714           13.488
  729 (vir)     1          12.323          -3.725          -1.704          -6.985           13.879
  730 (vir)     1          12.340          -4.235          -1.896          -7.412           13.621
  731 (vir)     1          12.350          -4.392          -1.968          -7.581           13.572
  732 (vir)     1          12.382          -4.541          -2.067          -7.756           13.529
  733 (vir)     1          12.391          -4.597          -2.042          -7.711           13.463
  734 (vir)     1          12.432          -3.997          -1.877          -7.316           13.874
  735 (vir)     1          12.457          -4.419          -2.026          -7.759           13.771
  736 (vir)     1          12.474          -4.436          -2.009          -7.665           13.694
  737 (vir)     1          12.497          -4.668          -2.083          -7.869           13.615
  738 (vir)     1          12.523          -4.482          -2.079          -7.856           13.818
  739 (vir)     1          12.539          -4.326          -1.972          -7.560           13.800
  740 (vir)     1          12.554          -4.156          -1.893          -7.430           13.935
  741 (vir)     1          12.572          -4.493          -2.015          -7.745           13.810
  742 (vir)     1          12.582          -4.445          -1.903          -7.515           13.748
  743 (vir)     1          12.637          -4.484          -2.025          -7.755           13.883
  744 (vir)     1          12.645          -4.394          -1.870          -7.442           13.822
  745 (vir)     1          12.711          -4.115          -1.761          -7.150           13.985
  746 (vir)     1          12.718          -4.160          -1.949          -7.578           14.187
  747 (vir)     1          12.727          -4.334          -1.978          -7.677           14.093
  748 (vir)     1          12.731          -4.500          -2.036          -7.801           13.997
  749 (vir)     1          12.770          -3.968          -1.863          -7.419           14.357
  750 (vir)     1          12.792          -4.458          -1.924          -7.551           13.962
  751 (vir)     1          12.798          -4.729          -2.229          -8.211           14.052
  752 (vir)     1          12.846          -4.327          -1.978          -7.644           14.185
  753 (vir)     1          12.850          -4.660          -2.107          -8.022           14.104
  754 (vir)     1          12.887          -4.491          -2.052          -7.877           14.222
  755 (vir)     1          12.915          -4.811          -2.162          -8.182           14.124
  756 (vir)     1          12.920          -4.756          -2.149          -8.105           14.120
  757 (vir)     1          12.940          -4.358          -2.014          -7.829           14.397
  758 (vir)     1          12.950          -4.395          -1.891          -7.469           14.133
  759 (vir)     1          12.986          -4.322          -1.987          -7.813           14.491
  760 (vir)     1          13.013          -4.072          -1.725          -7.147           14.364
  761 (vir)     1          13.052          -4.745          -2.231          -8.287           14.363
  762 (vir)     1          13.055          -4.516          -1.938          -7.657           14.258
  763 (vir)     1          13.083          -4.504          -1.953          -7.686           14.312
  764 (vir)     1          13.110          -3.831          -2.052          -7.964           15.191
  765 (vir)     1          13.123          -4.607          -2.043          -7.788           14.262
  766 (vir)     1          13.181          -4.590          -2.106          -8.059           14.545
  767 (vir)     1          13.193          -4.558          -2.078          -8.009           14.566
  768 (vir)     1          13.207          -4.892          -2.108          -8.047           14.254
  769 (vir)     1          13.212          -4.624          -2.044          -7.934           14.478
  770 (vir)     1          13.270          -4.519          -2.044          -7.912           14.620
  771 (vir)     1          13.271          -4.750          -2.109          -8.077           14.489
  772 (vir)     1          13.291          -4.269          -1.888          -7.537           14.671
  773 (vir)     1          13.326          -4.602          -2.015          -7.893           14.602
  774 (vir)     1          13.372          -4.599          -2.020          -7.911           14.665
  775 (vir)     1          13.399          -4.438          -1.931          -7.675           14.705
  776 (vir)     1          13.414          -4.579          -1.996          -7.933           14.772
  777 (vir)     1          13.444          -4.795          -1.973          -7.776           14.451
  778 (vir)     1          13.473          -4.331          -1.871          -7.520           14.791
  779 (vir)     1          13.507          -4.484          -2.016          -7.912           14.920
  780 (vir)     1          13.520          -4.246          -1.819          -7.391           14.846
  781 (vir)     1          13.548          -4.281          -1.816          -7.471           14.921
  782 (vir)     1          13.548          -4.398          -1.747          -7.176           14.578
  783 (vir)     1          13.578          -4.570          -2.002          -7.862           14.868
  784 (vir)     1          13.605          -4.460          -1.870          -7.561           14.836
  785 (vir)     1          13.626          -4.241          -1.947          -7.754           15.192
  786 (vir)     1          13.678          -4.127          -1.876          -7.557           15.233
  787 (vir)     1          13.685          -4.763          -1.971          -7.811           14.763
  788 (vir)     1          13.713          -4.697          -2.053          -7.961           14.925
  789 (vir)     1          13.736          -4.943          -2.059          -8.031           14.766
  790 (vir)     1          13.744          -4.723          -2.086          -8.144           15.079
  791 (vir)     1          13.754          -4.400          -1.729          -7.195           14.820
  792 (vir)     1          13.780          -4.822          -2.040          -8.048           14.965
  793 (vir)     1          13.817          -4.625          -1.924          -7.677           14.945
  794 (vir)     1          13.846          -4.359          -1.866          -7.560           15.181
  795 (vir)     1          13.847          -4.474          -1.904          -7.669           15.138
  796 (vir)     1          13.884          -4.377          -1.786          -7.484           15.206
  797 (vir)     1          13.930          -4.628          -2.016          -8.017           15.304
  798 (vir)     1          13.968          -4.489          -1.811          -7.526           15.193
  799 (vir)     1          14.003          -4.517          -1.762          -7.318           15.042
  800 (vir)     1          14.019          -4.314          -1.792          -7.420           15.333
  801 (vir)     1          14.033          -4.525          -1.850          -7.636           15.293
  802 (vir)     1          14.054          -4.446          -1.856          -7.600           15.353
  803 (vir)     1          14.082          -5.078          -2.086          -8.145           15.063
  804 (vir)     1          14.098          -4.901          -1.990          -7.889           15.096
  805 (vir)     1          14.103          -4.357          -1.835          -7.553           15.464
  806 (vir)     1          14.119          -4.478          -1.778          -7.424           15.287
  807 (vir)     1          14.148          -4.894          -2.010          -7.959           15.204
  808 (vir)     1          14.153          -4.467          -1.912          -7.752           15.527
  809 (vir)     1          14.165          -4.841          -2.022          -8.007           15.308
  810 (vir)     1          14.219          -4.817          -1.902          -7.741           15.240
  811 (vir)     1          14.264          -4.426          -1.683          -7.206           15.361
  812 (vir)     1          14.267          -4.805          -1.904          -7.810           15.368
  813 (vir)     1          14.297          -4.596          -1.836          -7.605           15.470
  814 (vir)     1          14.346          -4.816          -1.983          -7.922           15.468
  815 (vir)     1          14.349          -4.951          -2.003          -7.969           15.363
  816 (vir)     1          14.399          -4.859          -1.944          -7.913           15.510
  817 (vir)     1          14.411          -4.805          -2.054          -8.223           15.775
  818 (vir)     1          14.423          -4.454          -1.795          -7.567           15.741
  819 (vir)     1          14.461          -4.597          -1.966          -7.925           15.823
  820 (vir)     1          14.478          -4.794          -1.973          -8.006           15.717
  821 (vir)     1          14.490          -4.963          -1.963          -7.875           15.439
  822 (vir)     1          14.505          -4.635          -1.933          -7.837           15.773
  823 (vir)     1          14.535          -4.753          -1.851          -7.591           15.521
  824 (vir)     1          14.568          -4.534          -1.836          -7.657           15.855
  825 (vir)     1          14.571          -4.270          -1.790          -7.468           15.979
  826 (vir)     1          14.616          -4.424          -1.807          -7.554           15.940
  827 (vir)     1          14.619          -5.202          -2.081          -8.253           15.589
  828 (vir)     1          14.653          -4.412          -1.853          -7.746           16.135
  829 (vir)     1          14.670          -4.709          -1.965          -8.008           16.004
  830 (vir)     1          14.691          -4.800          -1.903          -7.744           15.732
  831 (vir)     1          14.738          -4.318          -1.876          -7.722           16.266
  832 (vir)     1          14.744          -5.197          -2.109          -8.391           15.829
  833 (vir)     1          14.763          -4.516          -1.793          -7.574           16.029
  834 (vir)     1          14.772          -4.583          -1.741          -7.442           15.890
  835 (vir)     1          14.779          -4.844          -1.848          -7.738           15.825
  836 (vir)     1          14.825          -4.444          -1.762          -7.527           16.146
  837 (vir)     1          14.830          -4.368          -1.875          -7.710           16.298
  838 (vir)     1          14.869          -4.470          -1.914          -7.899           16.385
  839 (vir)     1          14.899          -4.854          -1.870          -7.758           15.933
  840 (vir)     1          14.912          -4.852          -1.861          -7.777           15.974
  841 (vir)     1          14.938          -4.812          -1.964          -8.101           16.263
  842 (vir)     1          14.958          -4.488          -1.691          -7.375           16.153
  843 (vir)     1          15.017          -4.326          -1.942          -7.979           16.728
  844 (vir)     1          15.046          -4.503          -1.978          -8.071           16.636
  845 (vir)     1          15.068          -4.184          -1.656          -7.247           16.476
  846 (vir)     1          15.121          -4.434          -1.755          -7.516           16.448
  847 (vir)     1          15.132          -5.207          -2.065          -8.325           16.186
  848 (vir)     1          15.177          -5.068          -1.914          -7.935           16.129
  849 (vir)     1          15.201          -5.217          -1.991          -8.111           16.105
  850 (vir)     1          15.217          -4.393          -1.691          -7.371           16.504
  851 (vir)     1          15.224          -4.633          -2.044          -8.342           16.889
  852 (vir)     1          15.239          -5.134          -1.976          -8.098           16.228
  853 (vir)     1          15.278          -4.373          -1.764          -7.526           16.667
  854 (vir)     1          15.304          -4.489          -1.858          -7.829           16.785
  855 (vir)     1          15.306          -5.036          -1.886          -7.822           16.206
  856 (vir)     1          15.318          -4.236          -1.710          -7.434           16.806
  857 (vir)     1          15.382          -4.849          -1.819          -7.665           16.379
  858 (vir)     1          15.403          -4.789          -1.947          -8.102           16.770
  859 (vir)     1          15.415          -5.044          -1.926          -7.992           16.437
  860 (vir)     1          15.433          -5.029          -1.868          -7.845           16.382
  861 (vir)     1          15.458          -4.336          -1.890          -7.957           17.189
  862 (vir)     1          15.476          -5.079          -1.934          -7.978           16.441
  863 (vir)     1          15.497          -4.897          -1.807          -7.695           16.488
  864 (vir)     1          15.540          -4.599          -1.792          -7.742           16.892
  865 (vir)     1          15.557          -4.460          -1.648          -7.341           16.791
  866 (vir)     1          15.558          -4.955          -1.762          -7.618           16.459
  867 (vir)     1          15.588          -5.021          -1.870          -7.908           16.605
  868 (vir)     1          15.603          -4.324          -1.736          -7.502           17.046
  869 (vir)     1          15.618          -5.012          -1.813          -7.792           16.585
  870 (vir)     1          15.687          -4.512          -1.838          -7.840           17.176
  871 (vir)     1          15.688          -4.618          -1.816          -7.747           17.002
  872 (vir)     1          15.723          -4.395          -1.887          -7.960           17.402
  873 (vir)     1          15.731          -5.007          -1.787          -7.721           16.659
  874 (vir)     1          15.754          -5.253          -2.021          -8.238           16.718
  875 (vir)     1          15.788          -4.506          -1.786          -7.758           17.254
  876 (vir)     1          15.825          -5.478          -1.997          -8.321           16.671
  877 (vir)     1          15.839          -5.125          -1.871          -7.945           16.788
  878 (vir)     1          15.849          -4.709          -2.009          -8.334           17.464
  879 (vir)     1          15.854          -5.263          -1.885          -7.945           16.651
  880 (vir)     1          15.886          -4.632          -1.850          -7.912           17.316
  881 (vir)     1          15.933          -5.134          -1.837          -7.848           16.810
  882 (vir)     1          15.940          -5.256          -1.923          -8.092           16.852
  883 (vir)     1          15.965          -4.517          -1.874          -8.033           17.607
  884 (vir)     1          16.011          -4.608          -1.780          -7.769           17.391
  885 (vir)     1          16.044          -5.219          -1.849          -7.901           16.877
  886 (vir)     1          16.046          -4.597          -1.823          -7.905           17.530
  887 (vir)     1          16.086          -4.538          -1.732          -7.630           17.445
  888 (vir)     1          16.145          -4.532          -1.769          -7.728           17.572
  889 (vir)     1          16.149          -5.214          -1.998          -8.352           17.289
  890 (vir)     1          16.187          -5.195          -1.830          -7.891           17.054
  891 (vir)     1          16.230          -4.787          -1.916          -8.167           17.694
  892 (vir)     1          16.246          -4.630          -1.834          -7.920           17.701
  893 (vir)     1          16.260          -5.326          -1.926          -8.167           17.174
  894 (vir)     1          16.311          -5.369          -1.927          -8.216           17.232
  895 (vir)     1          16.328          -5.311          -1.931          -8.157           17.243
  896 (vir)     1          16.359          -4.420          -1.684          -7.558           17.813
  897 (vir)     1          16.360          -5.219          -1.752          -7.760           17.150
  898 (vir)     1          16.392          -4.872          -1.869          -8.073           17.724
  899 (vir)     1          16.411          -5.349          -1.922          -8.152           17.293
  900 (vir)     1          16.417          -4.793          -1.908          -8.141           17.857
  901 (vir)     1          16.461          -4.934          -1.913          -8.263           17.878
  902 (vir)     1          16.470          -5.197          -2.012          -8.418           17.680
  903 (vir)     1          16.471          -5.366          -1.850          -7.987           17.243
  904 (vir)     1          16.504          -5.404          -1.867          -8.062           17.295
  905 (vir)     1          16.529          -5.150          -1.750          -7.721           17.349
  906 (vir)     1          16.534          -5.182          -1.807          -7.876           17.421
  907 (vir)     1          16.575          -5.116          -1.684          -7.631           17.406
  908 (vir)     1          16.656          -5.602          -2.012          -8.485           17.527
  909 (vir)     1          16.670          -4.856          -1.903          -8.203           18.114
  910 (vir)     1          16.679          -5.082          -1.817          -7.996           17.776
  911 (vir)     1          16.680          -4.875          -1.964          -8.267           18.107
  912 (vir)     1          16.731          -5.551          -1.957          -8.348           17.571
  913 (vir)     1          16.751          -5.740          -1.940          -8.312           17.383
  914 (vir)     1          16.767          -5.361          -1.878          -8.117           17.644
  915 (vir)     1          16.779          -5.302          -1.838          -8.010           17.649
  916 (vir)     1          16.806          -5.479          -1.900          -8.218           17.646
  917 (vir)     1          16.868          -4.861          -1.803          -7.946           18.150
  918 (vir)     1          16.870          -5.491          -1.854          -8.008           17.533
  919 (vir)     1          16.910          -5.442          -1.909          -8.194           17.753
  920 (vir)     1          16.913          -5.441          -1.920          -8.245           17.798
  921 (vir)     1          16.939          -5.407          -1.772          -7.892           17.652
  922 (vir)     1          16.953          -5.524          -1.941          -8.323           17.811
  923 (vir)     1          16.996          -5.671          -1.894          -8.229           17.660
  924 (vir)     1          17.005          -4.817          -1.848          -8.111           18.452
  925 (vir)     1          17.011          -5.343          -1.818          -7.971           17.821
  926 (vir)     1          17.060          -5.405          -1.821          -8.048           17.882
  927 (vir)     1          17.082          -4.647          -1.731          -7.787           18.491
  928 (vir)     1          17.102          -5.798          -1.928          -8.370           17.745
  929 (vir)     1          17.141          -5.488          -1.893          -8.224           17.985
  930 (vir)     1          17.184          -5.788          -2.095          -8.708           18.008
  931 (vir)     1          17.218          -5.655          -1.861          -8.206           17.908
  932 (vir)     1          17.238          -4.623          -1.808          -7.991           18.799
  933 (vir)     1          17.243          -5.421          -1.834          -8.071           18.058
  934 (vir)     1          17.252          -5.530          -1.824          -8.049           17.947
  935 (vir)     1          17.267          -5.721          -1.836          -8.142           17.853
  936 (vir)     1          17.318          -5.808          -1.985          -8.522           18.047
  937 (vir)     1          17.358          -4.677          -1.741          -7.872           18.811
  938 (vir)     1          17.361          -5.036          -1.859          -8.232           18.698
  939 (vir)     1          17.409          -5.301          -1.761          -7.895           18.242
  940 (vir)     1          17.432          -5.748          -1.900          -8.328           18.112
  941 (vir)     1          17.494          -5.292          -1.741          -7.857           18.318
  942 (vir)     1          17.521          -5.450          -1.817          -8.040           18.293
  943 (vir)     1          17.568          -5.667          -1.884          -8.314           18.331
  944 (vir)     1          17.582          -5.516          -1.637          -7.681           18.110
  945 (vir)     1          17.611          -5.540          -1.733          -7.902           18.241
  946 (vir)     1          17.618          -6.071          -1.953          -8.429           18.022
  947 (vir)     1          17.663          -5.430          -1.783          -8.008           18.458
  948 (vir)     1          17.695          -5.742          -1.877          -8.278           18.354
  949 (vir)     1          17.752          -5.370          -1.734          -7.873           18.521
  950 (vir)     1          17.760          -5.108          -1.783          -8.069           18.938
  951 (vir)     1          17.786          -6.105          -1.913          -8.377           18.146
  952 (vir)     1          17.794          -5.260          -1.608          -7.559           18.486
  953 (vir)     1          17.797          -5.686          -1.905          -8.379           18.585
  954 (vir)     1          17.832          -5.808          -1.958          -8.567           18.633
  955 (vir)     1          17.883          -5.770          -1.948          -8.538           18.703
  956 (vir)     1          17.906          -5.582          -1.869          -8.209           18.664
  957 (vir)     1          17.967          -5.491          -1.802          -8.066           18.740
  958 (vir)     1          17.983          -5.558          -1.778          -8.060           18.707
  959 (vir)     1          18.000          -6.253          -1.955          -8.594           18.386
  960 (vir)     1          18.020          -5.893          -1.917          -8.475           18.685
  961 (vir)     1          18.054          -5.900          -1.871          -8.240           18.523
  962 (vir)     1          18.088          -5.316          -1.635          -7.693           18.830
  963 (vir)     1          18.126          -5.716          -1.856          -8.320           18.874
  964 (vir)     1          18.129          -5.916          -1.760          -8.057           18.510
  965 (vir)     1          18.156          -5.470          -1.632          -7.698           18.752
  966 (vir)     1          18.163          -5.915          -1.981          -8.638           18.905
  967 (vir)     1          18.196          -5.683          -1.802          -8.177           18.888
  968 (vir)     1          18.230          -5.829          -1.826          -8.261           18.835
  969 (vir)     1          18.288          -5.581          -1.740          -8.056           19.023
  970 (vir)     1          18.292          -5.699          -1.791          -8.179           18.982
  971 (vir)     1          18.324          -5.487          -1.696          -7.886           19.028
  972 (vir)     1          18.340          -5.674          -1.636          -7.751           18.782
  973 (vir)     1          18.361          -5.768          -1.806          -8.240           19.026
  974 (vir)     1          18.402          -5.619          -1.776          -8.150           19.157
  975 (vir)     1          18.447          -6.255          -1.868          -8.412           18.735
  976 (vir)     1          18.449          -5.730          -1.802          -8.185           19.102
  977 (vir)     1          18.505          -5.906          -1.872          -8.419           19.145
  978 (vir)     1          18.511          -5.853          -1.872          -8.433           19.219
  979 (vir)     1          18.544          -6.252          -2.024          -8.861           19.130
  980 (vir)     1          18.563          -5.826          -1.816          -8.278           19.199
  981 (vir)     1          18.615          -5.646          -1.694          -7.952           19.228
  982 (vir)     1          18.623          -5.571          -1.636          -7.819           19.235
  983 (vir)     1          18.628          -5.538          -1.676          -7.913           19.327
  984 (vir)     1          18.648          -5.806          -1.848          -8.286           19.280
  985 (vir)     1          18.681          -5.857          -1.893          -8.470           19.401
  986 (vir)     1          18.702          -5.735          -1.744          -8.145           19.368
  987 (vir)     1          18.745          -6.290          -2.022          -8.854           19.287
  988 (vir)     1          18.752          -5.748          -1.799          -8.216           19.421
  989 (vir)     1          18.757          -5.779          -1.789          -8.206           19.394
  990 (vir)     1          18.792          -5.895          -1.825          -8.356           19.428
  991 (vir)     1          18.809          -6.128          -1.998          -8.838           19.522
  992 (vir)     1          18.863          -6.039          -1.898          -8.576           19.502
  993 (vir)     1          18.872          -6.090          -1.886          -8.489           19.385
  994 (vir)     1          18.913          -6.218          -1.823          -8.392           19.265
  995 (vir)     1          18.946          -5.708          -1.727          -8.083           19.594
  996 (vir)     1          18.966          -6.238          -1.948          -8.707           19.486
  997 (vir)     1          18.973          -6.051          -1.860          -8.472           19.535
  998 (vir)     1          19.024          -6.088          -1.909          -8.669           19.696
  999 (vir)     1          19.036          -5.451          -1.584          -7.710           19.711
 1000 (vir)     1          19.075          -6.190          -1.928          -8.653           19.609
 1001 (vir)     1          19.077          -5.953          -1.822          -8.413           19.715
 1002 (vir)     1          19.116          -6.063          -1.876          -8.578           19.755
 1003 (vir)     1          19.121          -6.062          -1.835          -8.490           19.714
 1004 (vir)     1          19.139          -6.051          -1.875          -8.558           19.770
 1005 (vir)     1          19.183          -5.825          -1.787          -8.238           19.809
 1006 (vir)     1          19.187          -6.102          -1.864          -8.572           19.794
 1007 (vir)     1          19.188          -6.136          -1.846          -8.491           19.697
 1008 (vir)     1          19.229          -6.027          -1.834          -8.429           19.797
 1009 (vir)     1          19.267          -5.789          -1.688          -8.077           19.868
 1010 (vir)     1          19.278          -5.826          -1.757          -8.254           19.948
 1011 (vir)     1          19.320          -6.216          -1.924          -8.764           19.945
 1012 (vir)     1          19.357          -6.084          -1.808          -8.487           19.952
 1013 (vir)     1          19.418          -6.291          -1.874          -8.587           19.839
 1014 (vir)     1          19.424          -6.228          -1.919          -8.696           19.973
 1015 (vir)     1          19.438          -6.300          -1.923          -8.656           19.871
 1016 (vir)     1          19.527          -6.203          -1.917          -8.714           20.121
 1017 (vir)     1          19.571          -6.218          -1.915          -8.704           20.142
 1018 (vir)     1          19.584          -5.895          -1.768          -8.261           20.183
 1019 (vir)     1          19.594          -6.222          -1.976          -8.875           20.271
 1020 (vir)     1          19.601          -6.092          -1.894          -8.670           20.286
 1021 (vir)     1          19.654          -5.946          -1.764          -8.323           20.268
 1022 (vir)     1          19.658          -6.251          -1.904          -8.704           20.206
 1023 (vir)     1          19.679          -6.254          -1.970          -8.888           20.343
 1024 (vir)     1          19.693          -6.039          -1.785          -8.354           20.222
 1025 (vir)     1          19.709          -6.116          -1.799          -8.432           20.226
 1026 (vir)     1          19.772          -6.303          -1.936          -8.800           20.333
 1027 (vir)     1          19.842          -6.231          -1.842          -8.578           20.347
 1028 (vir)     1          19.852          -6.349          -1.954          -8.829           20.379
 1029 (vir)     1          19.867          -5.792          -1.705          -8.111           20.482
 1030 (vir)     1          19.877          -6.113          -1.793          -8.451           20.422
 1031 (vir)     1          19.928          -6.251          -1.897          -8.666           20.446
 1032 (vir)     1          19.955          -6.061          -1.778          -8.384           20.500
 1033 (vir)     1          19.967          -6.200          -1.820          -8.565           20.512
 1034 (vir)     1          19.993          -6.178          -1.887          -8.699           20.626
 1035 (vir)     1          20.006          -6.253          -1.881          -8.647           20.519
 1036 (vir)     1          20.056          -6.098          -1.834          -8.548           20.672
 1037 (vir)     1          20.097          -6.127          -1.758          -8.390           20.601
 1038 (vir)     1          20.144          -6.099          -1.737          -8.272           20.580
 1039 (vir)     1          20.169          -6.285          -1.946          -8.900           20.838
 1040 (vir)     1          20.178          -6.139          -1.854          -8.621           20.807
 1041 (vir)     1          20.189          -6.088          -1.763          -8.387           20.724
 1042 (vir)     1          20.208          -6.200          -1.851          -8.618           20.776
 1043 (vir)     1          20.229          -6.069          -1.774          -8.410           20.796
 1044 (vir)     1          20.238          -5.885          -1.695          -8.201           20.859
 1045 (vir)     1          20.262          -6.111          -1.788          -8.454           20.817
 1046 (vir)     1          20.347          -6.322          -1.787          -8.616           20.853
 1047 (vir)     1          20.348          -6.252          -1.841          -8.571           20.826
 1048 (vir)     1          20.399          -6.234          -1.804          -8.488           20.848
 1049 (vir)     1          20.405          -6.014          -1.697          -8.250           20.943
 1050 (vir)     1          20.441          -6.655          -1.968          -8.995           20.813
 1051 (vir)     1          20.463          -6.219          -1.828          -8.662           21.077
 1052 (vir)     1          20.514          -6.505          -1.919          -8.900           20.990
 1053 (vir)     1          20.522          -6.187          -1.815          -8.572           21.092
 1054 (vir)     1          20.571          -6.174          -1.740          -8.394           21.051
 1055 (vir)     1          20.602          -6.316          -1.796          -8.555           21.045
 1056 (vir)     1          20.611          -6.212          -1.770          -8.416           21.045
 1057 (vir)     1          20.628          -6.107          -1.752          -8.380           21.150
 1058 (vir)     1          20.631          -6.211          -1.837          -8.669           21.252
 1059 (vir)     1          20.721          -6.336          -1.831          -8.646           21.200
 1060 (vir)     1          20.728          -6.570          -1.917          -8.897           21.138
 1061 (vir)     1          20.782          -6.413          -1.837          -8.590           21.123
 1062 (vir)     1          20.787          -6.085          -1.795          -8.602           21.508
 1063 (vir)     1          20.791          -6.100          -1.726          -8.369           21.335
 1064 (vir)     1          20.826          -6.403          -1.881          -8.935           21.477
 1065 (vir)     1          20.844          -6.292          -1.807          -8.612           21.357
 1066 (vir)     1          20.868          -6.451          -1.887          -8.814           21.344
 1067 (vir)     1          20.922          -6.610          -2.008          -9.141           21.444
 1068 (vir)     1          20.961          -6.453          -1.838          -8.694           21.365
 1069 (vir)     1          20.987          -6.567          -1.901          -8.886           21.405
 1070 (vir)     1          21.032          -6.368          -1.743          -8.478           21.399
 1071 (vir)     1          21.046          -6.521          -1.834          -8.745           21.436
 1072 (vir)     1          21.083          -6.405          -1.788          -8.599           21.489
 1073 (vir)     1          21.086          -6.553          -1.834          -8.736           21.435
 1074 (vir)     1          21.089          -6.514          -1.855          -8.775           21.496
 1075 (vir)     1          21.104          -6.186          -1.754          -8.371           21.535
 1076 (vir)     1          21.157          -6.356          -1.857          -8.820           21.764
 1077 (vir)     1          21.158          -6.520          -1.809          -8.648           21.476
 1078 (vir)     1          21.168          -6.421          -1.865          -8.838           21.721
 1079 (vir)     1          21.218          -6.599          -1.903          -8.978           21.693
 1080 (vir)     1          21.275          -6.282          -1.791          -8.527           21.730
 1081 (vir)     1          21.320          -6.769          -1.995          -9.151           21.707
 1082 (vir)     1          21.362          -6.211          -1.734          -8.460           21.877
 1083 (vir)     1          21.366          -6.639          -1.872          -8.800           21.656
 1084 (vir)     1          21.368          -6.530          -1.837          -8.623           21.624
 1085 (vir)     1          21.397          -6.341          -1.785          -8.566           21.837
 1086 (vir)     1          21.426          -6.428          -1.728          -8.521           21.791
 1087 (vir)     1          21.524          -6.655          -1.886          -8.934           21.917
 1088 (vir)     1          21.541          -6.350          -1.749          -8.565           22.007
 1089 (vir)     1          21.559          -6.665          -1.890          -8.949           21.953
 1090 (vir)     1          21.598          -6.122          -1.685          -8.286           22.078
 1091 (vir)     1          21.606          -6.311          -1.741          -8.492           22.045
 1092 (vir)     1          21.617          -6.411          -1.863          -8.863           22.206
 1093 (vir)     1          21.626          -6.613          -1.802          -8.711           21.922
 1094 (vir)     1          21.650          -6.340          -1.726          -8.457           22.041
 1095 (vir)     1          21.670          -6.658          -1.956          -9.055           22.111
 1096 (vir)     1          21.694          -6.436          -1.720          -8.463           22.001
 1097 (vir)     1          21.714          -6.464          -1.708          -8.524           22.066
 1098 (vir)     1          21.799          -6.581          -1.790          -8.662           22.090
 1099 (vir)     1          21.827          -6.443          -1.823          -8.665           22.225
 1100 (vir)     1          21.851          -6.459          -1.794          -8.585           22.182
 1101 (vir)     1          21.890          -6.546          -1.812          -8.751           22.283
 1102 (vir)     1          21.922          -6.387          -1.820          -8.835           22.551
 1103 (vir)     1          21.968          -6.668          -1.787          -8.657           22.169
 1104 (vir)     1          21.969          -6.516          -1.809          -8.854           22.498
 1105 (vir)     1          22.040          -6.572          -1.777          -8.688           22.379
 1106 (vir)     1          22.051          -6.527          -1.748          -8.627           22.403
 1107 (vir)     1          22.069          -6.348          -1.670          -8.382           22.433
 1108 (vir)     1          22.135          -6.451          -1.815          -8.759           22.628
 1109 (vir)     1          22.163          -6.885          -1.835          -8.887           22.330
 1110 (vir)     1          22.166          -6.552          -1.883          -8.998           22.729
 1111 (vir)     1          22.224          -6.773          -1.883          -9.072           22.640
 1112 (vir)     1          22.240          -6.307          -1.726          -8.554           22.761
 1113 (vir)     1          22.258          -6.477          -1.705          -8.502           22.579
 1114 (vir)     1          22.293          -6.378          -1.701          -8.445           22.659
 1115 (vir)     1          22.302          -6.292          -1.704          -8.496           22.802
 1116 (vir)     1          22.323          -6.591          -1.774          -8.750           22.708
 1117 (vir)     1          22.330          -6.463          -1.689          -8.357           22.536
 1118 (vir)     1          22.374          -6.507          -1.774          -8.665           22.759
 1119 (vir)     1          22.403          -6.679          -1.815          -8.812           22.720
 1120 (vir)     1          22.431          -6.543          -1.712          -8.593           22.769
 1121 (vir)     1          22.476          -6.694          -1.751          -8.693           22.724
 1122 (vir)     1          22.488          -6.551          -1.807          -8.814           22.944
 1123 (vir)     1          22.508          -6.708          -1.762          -8.728           22.765
 1124 (vir)     1          22.576          -6.666          -1.760          -8.724           22.874
 1125 (vir)     1          22.582          -6.790          -1.812          -8.810           22.789
 1126 (vir)     1          22.608          -6.327          -1.614          -8.247           22.914
 1127 (vir)     1          22.614          -6.807          -1.810          -8.864           22.861
 1128 (vir)     1          22.632          -7.113          -1.942          -9.304           22.881
 1129 (vir)     1          22.658          -6.207          -1.731          -8.673           23.393
 1130 (vir)     1          22.702          -6.454          -1.696          -8.476           23.027
 1131 (vir)     1          22.748          -6.970          -1.915          -9.161           23.024
 1132 (vir)     1          22.767          -6.859          -1.793          -8.863           22.979
 1133 (vir)     1          22.778          -6.620          -1.700          -8.525           22.983
 1134 (vir)     1          22.786          -7.048          -1.876          -9.075           22.937
 1135 (vir)     1          22.793          -7.092          -1.839          -9.013           22.875
 1136 (vir)     1          22.855          -6.611          -1.807          -8.777           23.214
 1137 (vir)     1          22.861          -6.446          -1.697          -8.521           23.238
 1138 (vir)     1          22.899          -6.925          -1.770          -8.815           23.020
 1139 (vir)     1          22.900          -6.855          -1.746          -8.682           22.980
 1140 (vir)     1          22.963          -6.597          -1.605          -8.428           23.189
 1141 (vir)     1          22.969          -6.984          -1.793          -8.862           23.055
 1142 (vir)     1          22.989          -6.223          -1.531          -8.135           23.370
 1143 (vir)     1          23.024          -6.728          -1.716          -8.671           23.251
 1144 (vir)     1          23.032          -6.614          -1.721          -8.601           23.297
 1145 (vir)     1          23.132          -6.662          -1.681          -8.549           23.338
 1146 (vir)     1          23.139          -6.585          -1.711          -8.651           23.495
 1147 (vir)     1          23.182          -6.807          -1.686          -8.582           23.270
 1148 (vir)     1          23.200          -6.479          -1.615          -8.362           23.468
 1149 (vir)     1          23.226          -6.804          -1.741          -8.787           23.468
 1150 (vir)     1          23.250          -7.323          -1.873          -9.169           23.223
 1151 (vir)     1          23.253          -6.600          -1.642          -8.445           23.456
 1152 (vir)     1          23.268          -6.743          -1.681          -8.606           23.450
 1153 (vir)     1          23.326          -6.868          -1.724          -8.714           23.447
 1154 (vir)     1          23.383          -6.677          -1.562          -8.256           23.400
 1155 (vir)     1          23.413          -6.805          -1.648          -8.525           23.485
 1156 (vir)     1          23.435          -6.641          -1.673          -8.603           23.725
 1157 (vir)     1          23.461          -6.685          -1.694          -8.688           23.770
 1158 (vir)     1          23.506          -6.878          -1.707          -8.625           23.547
 1159 (vir)     1          23.566          -6.663          -1.658          -8.586           23.830
 1160 (vir)     1          23.579          -6.969          -1.709          -8.713           23.614
 1161 (vir)     1          23.634          -6.416          -1.493          -8.149           23.874
 1162 (vir)     1          23.688          -6.597          -1.566          -8.297           23.823
 1163 (vir)     1          23.693          -6.621          -1.543          -8.230           23.759
 1164 (vir)     1          23.701          -7.212          -1.722          -8.877           23.645
 1165 (vir)     1          23.767          -6.438          -1.606          -8.580           24.304
 1166 (vir)     1          23.801          -6.704          -1.627          -8.518           23.988
 1167 (vir)     1          23.817          -6.571          -1.551          -8.331           24.027
 1168 (vir)     1          23.861          -6.736          -1.580          -8.401           23.946
 1169 (vir)     1          23.865          -6.811          -1.607          -8.463           23.909
 1170 (vir)     1          23.916          -6.771          -1.630          -8.486           24.000
 1171 (vir)     1          23.933          -6.811          -1.590          -8.334           23.866
 1172 (vir)     1          24.031          -7.036          -1.646          -8.604           23.954
 1173 (vir)     1          24.049          -6.653          -1.539          -8.288           24.144
 1174 (vir)     1          24.091          -6.578          -1.572          -8.444           24.385
 1175 (vir)     1          24.116          -6.500          -1.548          -8.334           24.402
 1176 (vir)     1          24.121          -6.856          -1.541          -8.347           24.072
 1177 (vir)     1          24.144          -6.961          -1.644          -8.660           24.199
 1178 (vir)     1          24.188          -6.704          -1.524          -8.189           24.149
 1179 (vir)     1          24.229          -6.777          -1.513          -8.213           24.151
 1180 (vir)     1          24.252          -7.136          -1.648          -8.665           24.132
 1181 (vir)     1          24.267          -7.158          -1.618          -8.625           24.116
 1182 (vir)     1          24.342          -7.146          -1.694          -8.777           24.279
 1183 (vir)     1          24.410          -6.990          -1.617          -8.611           24.415
 1184 (vir)     1          24.437          -6.748          -1.629          -8.622           24.682
 1185 (vir)     1          24.444          -7.071          -1.713          -8.874           24.533
 1186 (vir)     1          24.453          -6.902          -1.570          -8.504           24.484
 1187 (vir)     1          24.504          -6.911          -1.528          -8.333           24.398
 1188 (vir)     1          24.548          -6.993          -1.608          -8.571           24.519
 1189 (vir)     1          24.555          -6.819          -1.562          -8.407           24.581
 1190 (vir)     1          24.576          -7.183          -1.537          -8.400           24.255
 1191 (vir)     1          24.595          -6.530          -1.538          -8.391           24.918
 1192 (vir)     1          24.607          -6.797          -1.503          -8.250           24.556
 1193 (vir)     1          24.615          -6.644          -1.511          -8.304           24.764
 1194 (vir)     1          24.682          -7.372          -1.654          -8.658           24.313
 1195 (vir)     1          24.703          -7.007          -1.521          -8.317           24.491
 1196 (vir)     1          24.732          -6.604          -1.527          -8.433           25.033
 1197 (vir)     1          24.771          -6.831          -1.466          -8.245           24.718
 1198 (vir)     1          24.778          -6.938          -1.550          -8.380           24.671
 1199 (vir)     1          24.851          -7.040          -1.608          -8.664           24.867
 1200 (vir)     1          24.869          -7.095          -1.557          -8.596           24.813
 1201 (vir)     1          24.894          -6.663          -1.560          -8.492           25.164
 1202 (vir)     1          24.931          -6.741          -1.501          -8.313           25.001
 1203 (vir)     1          24.946          -6.977          -1.568          -8.581           24.981
 1204 (vir)     1          25.014          -6.654          -1.523          -8.509           25.345
 1205 (vir)     1          25.040          -7.181          -1.593          -8.573           24.840
 1206 (vir)     1          25.090          -6.665          -1.467          -8.260           25.217
 1207 (vir)     1          25.096          -7.051          -1.584          -8.611           25.073
 1208 (vir)     1          25.124          -7.006          -1.561          -8.520           25.077
 1209 (vir)     1          25.136          -6.935          -1.591          -8.607           25.216
 1210 (vir)     1          25.174          -7.307          -1.660          -8.872           25.079
 1211 (vir)     1          25.264          -6.888          -1.577          -8.516           25.316
 1212 (vir)     1          25.272          -6.917          -1.643          -8.801           25.514
 1213 (vir)     1          25.302          -7.346          -1.672          -8.934           25.218
 1214 (vir)     1          25.344          -7.516          -1.672          -8.821           24.977
 1215 (vir)     1          25.353          -6.751          -1.489          -8.347           25.459
 1216 (vir)     1          25.424          -7.075          -1.555          -8.540           25.333
 1217 (vir)     1          25.437          -7.464          -1.667          -8.803           25.109
 1218 (vir)     1          25.450          -6.888          -1.514          -8.441           25.489
 1219 (vir)     1          25.499          -6.923          -1.506          -8.362           25.431
 1220 (vir)     1          25.529          -6.872          -1.515          -8.359           25.500
 1221 (vir)     1          25.542          -7.204          -1.601          -8.689           25.426
 1222 (vir)     1          25.620          -7.519          -1.639          -8.841           25.303
 1223 (vir)     1          25.646          -7.013          -1.613          -8.659           25.679
 1224 (vir)     1          25.651          -7.206          -1.545          -8.542           25.443
 1225 (vir)     1          25.680          -7.674          -1.676          -8.937           25.267
 1226 (vir)     1          25.730          -6.753          -1.553          -8.644           26.068
 1227 (vir)     1          25.746          -7.212          -1.600          -8.707           25.641
 1228 (vir)     1          25.760          -7.380          -1.629          -8.653           25.403
 1229 (vir)     1          25.794          -6.800          -1.501          -8.486           25.978
 1230 (vir)     1          25.798          -7.119          -1.542          -8.554           25.692
 1231 (vir)     1          25.904          -7.687          -1.515          -8.309           25.010
 1232 (vir)     1          25.912          -7.398          -1.561          -8.630           25.583
 1233 (vir)     1          25.979          -7.503          -1.604          -8.823           25.695
 1234 (vir)     1          26.013          -7.293          -1.584          -8.762           25.897
 1235 (vir)     1          26.030          -6.951          -1.520          -8.521           26.080
 1236 (vir)     1          26.030          -7.450          -1.675          -9.063           25.968
 1237 (vir)     1          26.110          -6.610          -1.556          -8.740           26.684
 1238 (vir)     1          26.123          -7.485          -1.631          -8.903           25.910
 1239 (vir)     1          26.234          -6.840          -1.561          -8.566           26.399
 1240 (vir)     1          26.247          -6.754          -1.463          -8.332           26.363
 1241 (vir)     1          26.282          -7.463          -1.624          -8.839           26.034
 1242 (vir)     1          26.306          -7.481          -1.588          -8.721           25.958
 1243 (vir)     1          26.350          -7.060          -1.460          -8.324           26.154
 1244 (vir)     1          26.370          -7.982          -1.671          -9.000           25.718
 1245 (vir)     1          26.405          -7.109          -1.479          -8.344           26.161
 1246 (vir)     1          26.474          -7.135          -1.489          -8.516           26.366
 1247 (vir)     1          26.535          -7.028          -1.476          -8.371           26.402
 1248 (vir)     1          26.544          -7.199          -1.530          -8.636           26.451
 1249 (vir)     1          26.576          -6.838          -1.601          -8.964           27.101
 1250 (vir)     1          26.577          -6.955          -1.509          -8.593           26.706
 1251 (vir)     1          26.605          -7.393          -1.559          -8.724           26.376
 1252 (vir)     1          26.611          -7.113          -1.580          -8.777           26.696
 1253 (vir)     1          26.630          -7.151          -1.531          -8.712           26.659
 1254 (vir)     1          26.652          -7.469          -1.615          -8.894           26.462
 1255 (vir)     1          26.737          -7.047          -1.577          -8.859           26.973
 1256 (vir)     1          26.741          -6.808          -1.442          -8.415           26.906
 1257 (vir)     1          26.840          -7.633          -1.586          -8.756           26.377
 1258 (vir)     1          26.848          -7.022          -1.503          -8.582           26.906
 1259 (vir)     1          26.856          -7.218          -1.534          -8.691           26.794
 1260 (vir)     1          26.901          -6.429          -1.490          -8.588           27.570
 1261 (vir)     1          26.914          -7.414          -1.612          -8.950           26.837
 1262 (vir)     1          26.924          -7.793          -1.704          -9.166           26.593
 1263 (vir)     1          26.954          -7.275          -1.575          -8.788           26.893
 1264 (vir)     1          27.040          -7.554          -1.561          -8.739           26.665
 1265 (vir)     1          27.115          -7.534          -1.558          -8.800           26.823
 1266 (vir)     1          27.132          -6.798          -1.510          -8.632           27.456
 1267 (vir)     1          27.186          -6.990          -1.533          -8.717           27.380
 1268 (vir)     1          27.246          -7.110          -1.553          -8.811           27.395
 1269 (vir)     1          27.268          -7.109          -1.483          -8.594           27.270
 1270 (vir)     1          27.292          -7.065          -1.497          -8.606           27.336
 1271 (vir)     1          27.311          -7.305          -1.575          -8.837           27.267
 1272 (vir)     1          27.356          -7.141          -1.541          -8.737           27.411
 1273 (vir)     1          27.368          -7.209          -1.475          -8.462           27.146
 1274 (vir)     1          27.404          -7.337          -1.537          -8.786           27.316
 1275 (vir)     1          27.431          -7.227          -1.502          -8.582           27.285
 1276 (vir)     1          27.443          -7.231          -1.529          -8.766           27.449
 1277 (vir)     1          27.516          -7.013          -1.448          -8.573           27.628
 1278 (vir)     1          27.537          -7.901          -1.619          -9.053           27.070
 1279 (vir)     1          27.606          -7.638          -1.475          -8.433           26.925
 1280 (vir)     1          27.665          -7.542          -1.499          -8.568           27.191
 1281 (vir)     1          27.697          -7.119          -1.509          -8.689           27.757
 1282 (vir)     1          27.733          -7.345          -1.496          -8.643           27.535
 1283 (vir)     1          27.814          -7.635          -1.621          -9.124           27.681
 1284 (vir)     1          27.844          -7.461          -1.573          -8.941           27.751
 1285 (vir)     1          27.863          -7.797          -1.495          -8.627           27.199
 1286 (vir)     1          27.892          -7.621          -1.613          -9.067           27.724
 1287 (vir)     1          27.963          -7.266          -1.480          -8.478           27.696
 1288 (vir)     1          27.969          -6.955          -1.419          -8.427           28.023
 1289 (vir)     1          27.971          -7.248          -1.573          -8.956           28.106
 1290 (vir)     1          28.016          -7.232          -1.499          -8.608           27.894
 1291 (vir)     1          28.111          -7.715          -1.530          -8.876           27.742
 1292 (vir)     1          28.118          -7.332          -1.470          -8.561           27.878
 1293 (vir)     1          28.174          -7.245          -1.480          -8.598           28.047
 1294 (vir)     1          28.236          -6.503          -1.445          -8.549           28.837
 1295 (vir)     1          28.269          -8.030          -1.484          -8.677           27.432
 1296 (vir)     1          28.284          -7.518          -1.466          -8.568           27.868
 1297 (vir)     1          28.349          -7.683          -1.535          -8.797           27.928
 1298 (vir)     1          28.379          -6.212          -1.378          -8.287           29.077
 1299 (vir)     1          28.440          -7.583          -1.504          -8.715           28.068
 1300 (vir)     1          28.451          -6.678          -1.452          -8.645           28.966
 1301 (vir)     1          28.524           2.780          -1.405          -8.488           38.387
 1302 (vir)     1          28.582          -6.864          -1.446          -8.511           28.783
 1303 (vir)     1          28.627          -7.823          -1.477          -8.615           27.943
 1304 (vir)     1          28.628          -6.834          -1.524          -8.767           29.037
 1305 (vir)     1          28.680          -7.473          -1.464          -8.627           28.370
 1306 (vir)     1          28.713          -6.825          -1.390          -8.476           28.974
 1307 (vir)     1          28.761          -7.058          -1.487          -8.725           28.942
 1308 (vir)     1          28.832          -7.315          -1.377          -8.392           28.532
 1309 (vir)     1          28.850          -8.099          -1.497          -8.685           27.939
 1310 (vir)     1          28.870          -7.360          -1.462          -8.571           28.619
 1311 (vir)     1          28.943           4.208          -1.457          -8.581           40.275
 1312 (vir)     1          28.982          -7.203          -1.407          -8.463           28.836
 1313 (vir)     1          29.022           3.808          -1.401          -8.492           39.921
 1314 (vir)     1          29.048          -7.302          -1.466          -8.693           28.974
 1315 (vir)     1          29.074          -7.218          -1.396          -8.487           28.947
 1316 (vir)     1          29.106          -7.240          -1.431          -8.491           28.927
 1317 (vir)     1          29.134           3.917          -1.422          -8.561           40.190
 1318 (vir)     1          29.146          -7.578          -1.460          -8.588           28.696
 1319 (vir)     1          29.184          -7.119          -1.415          -8.564           29.214
 1320 (vir)     1          29.201           4.229          -1.512          -8.837           40.755
 1321 (vir)     1          29.232          -7.485          -1.510          -8.963           29.200
 1322 (vir)     1          29.242          -6.757          -1.506          -8.811           29.791
 1323 (vir)     1          29.300          -7.449          -1.434          -8.688           29.105
 1324 (vir)     1          29.449          -6.279          -1.438          -8.757           30.489
 1325 (vir)     1          29.466           4.043          -1.428          -8.644           40.725
 1326 (vir)     1          29.520           4.215          -1.371          -8.436           40.801
 1327 (vir)     1          29.609           4.087          -1.371          -8.420           40.744
 1328 (vir)     1          29.618          -8.626          -1.502          -8.913           28.402
 1329 (vir)     1          29.656          -7.043          -1.428          -8.598           29.783
 1330 (vir)     1          29.670          -7.595          -1.442          -8.565           29.199
 1331 (vir)     1          29.726           4.071          -1.357          -8.375           40.815
 1332 (vir)     1          29.742           4.273          -1.456          -8.865           41.424
 1333 (vir)     1          29.891           4.151          -1.469          -8.789           41.362
 1334 (vir)     1          29.906           4.119          -1.404          -8.683           41.304
 1335 (vir)     1          29.918          -6.735          -1.456          -8.773           30.501
 1336 (vir)     1          29.966           3.935          -1.317          -8.209           40.793
 1337 (vir)     1          29.992           3.951          -1.375          -8.455           41.023
 1338 (vir)     1          30.054           4.091          -1.389          -8.506           41.262
 1339 (vir)     1          30.076           4.139          -1.395          -8.632           41.452
 1340 (vir)     1          30.098           3.966          -1.356          -8.430           41.138
 1341 (vir)     1          30.151           4.051          -1.338          -8.395           41.258
 1342 (vir)     1          30.194           4.152          -1.435          -8.724           41.636
 1343 (vir)     1          30.215           4.099          -1.427          -8.651           41.538
 1344 (vir)     1          30.276           4.199          -1.386          -8.634           41.723
 1345 (vir)     1          30.304           3.963          -1.373          -8.426           41.319
 1346 (vir)     1          30.339           4.221          -1.424          -8.734           41.870
 1347 (vir)     1          30.401           4.071          -1.437          -8.690           41.725
 1348 (vir)     1          30.414           4.343          -1.422          -8.797           42.132
 1349 (vir)     1          30.457          -8.094          -1.415          -8.662           29.611
 1350 (vir)     1          30.474           3.987          -1.306          -8.327           41.482
 1351 (vir)     1          30.520           3.980          -1.369          -8.537           41.668
 1352 (vir)     1          30.583           3.886          -1.376          -8.495           41.589
 1353 (vir)     1          30.614          -8.488          -1.417          -8.504           29.213
 1354 (vir)     1          30.626          -8.108          -1.339          -8.336           29.515
 1355 (vir)     1          30.656           3.960          -1.392          -8.605           41.829
 1356 (vir)     1          30.661           3.960          -1.400          -8.590           41.811
 1357 (vir)     1          30.722           4.111          -1.401          -8.655           42.087
 1358 (vir)     1          30.769          -8.557          -1.375          -8.394           29.231
 1359 (vir)     1          30.780           3.633          -1.350          -8.295           41.359
 1360 (vir)     1          30.801           3.852          -1.364          -8.502           41.790
 1361 (vir)     1          30.818           3.904          -1.338          -8.401           41.785
 1362 (vir)     1          30.913           3.920          -1.318          -8.336           41.851
 1363 (vir)     1          30.923           3.971          -1.294          -8.335           41.935
 1364 (vir)     1          30.931           4.042          -1.332          -8.446           42.088
 1365 (vir)     1          30.934           3.884          -1.351          -8.430           41.898
 1366 (vir)     1          31.038           3.819          -1.266          -8.199           41.789
 1367 (vir)     1          31.071           3.848          -1.311          -8.259           41.867
 1368 (vir)     1          31.119           3.932          -1.369          -8.623           42.304
 1369 (vir)     1          31.132          -5.904          -1.271          -8.149           32.106
 1370 (vir)     1          31.201           3.823          -1.401          -8.694           42.317
 1371 (vir)     1          31.210           3.835          -1.314          -8.374           42.105
 1372 (vir)     1          31.243           3.910          -1.316          -8.441           42.277
 1373 (vir)     1          31.312           3.926          -1.373          -8.688           42.552
 1374 (vir)     1          31.327           3.977          -1.329          -8.499           42.474
 1375 (vir)     1          31.466           3.808          -1.266          -8.255           42.264
 1376 (vir)     1          31.487           3.788          -1.316          -8.380           42.340
 1377 (vir)     1          31.491          -6.136          -1.294          -8.335           32.396
 1378 (vir)     1          31.548           3.960          -1.333          -8.518           42.693
 1379 (vir)     1          31.553           4.005          -1.344          -8.604           42.818
 1380 (vir)     1          31.668           3.953          -1.341          -8.582           42.861
 1381 (vir)     1          31.671           3.942          -1.279          -8.395           42.729
 1382 (vir)     1          31.740           3.793          -1.261          -8.217           42.490
 1383 (vir)     1          31.759           3.772          -1.294          -8.433           42.670
 1384 (vir)     1          31.836          -5.592          -1.265          -8.265           33.243
 1385 (vir)     1          31.901          -6.200          -1.271          -8.390           32.819
 1386 (vir)     1          31.908           3.736          -1.282          -8.304           42.666
 1387 (vir)     1          31.931           3.566          -1.176          -7.926           42.248
 1388 (vir)     1          31.972           3.895          -1.293          -8.469           43.043
 1389 (vir)     1          32.062           3.635          -1.287          -8.429           42.839
 1390 (vir)     1          32.087          -4.951          -1.190          -7.973           33.919
 1391 (vir)     1          32.122           3.982          -1.334          -8.661           43.430
 1392 (vir)     1          32.156          -6.499          -1.309          -8.608           32.956
 1393 (vir)     1          32.207          -4.053          -1.315          -8.687           35.526
 1394 (vir)     1          32.214           3.902          -1.250          -8.267           43.132
 1395 (vir)     1          32.281           3.435          -1.257          -8.216           42.675
 1396 (vir)     1          32.328           3.664          -1.232          -8.217           42.978
 1397 (vir)     1          32.349           3.733          -1.220          -8.231           43.092
 1398 (vir)     1          32.375           3.835          -1.340          -8.694           43.564
 1399 (vir)     1          32.438           3.714          -1.234          -8.237           43.156
 1400 (vir)     1          32.491          -6.167          -1.240          -8.315           33.399
 1401 (vir)     1          32.536           3.529          -1.264          -8.298           43.100
 1402 (vir)     1          32.619          -4.859          -1.231          -8.187           34.715
 1403 (vir)     1          32.621           3.668          -1.257          -8.376           43.407
 1404 (vir)     1          32.720          -6.078          -1.193          -8.038           33.487
 1405 (vir)     1          32.759          -6.223          -1.240          -8.272           33.568
 1406 (vir)     1          32.804           3.500          -1.268          -8.347           43.383
 1407 (vir)     1          32.817           3.960          -1.312          -8.737           44.201
 1408 (vir)     1          32.879           3.540          -1.214          -8.141           43.346
 1409 (vir)     1          32.951          -5.606          -1.155          -7.954           34.144
 1410 (vir)     1          33.015          -5.533          -1.243          -8.199           34.437
 1411 (vir)     1          33.026          -6.694          -1.265          -8.272           33.338
 1412 (vir)     1          33.122          -6.660          -1.269          -8.366           33.558
 1413 (vir)     1          33.175          -5.476          -1.112          -7.850           34.436
 1414 (vir)     1          33.258          -6.733          -1.214          -8.115           33.426
 1415 (vir)     1          33.258           3.633          -1.265          -8.439           44.065
 1416 (vir)     1          33.304           3.443          -1.243          -8.310           43.814
 1417 (vir)     1          33.312          -4.044          -1.252          -8.414           36.430
 1418 (vir)     1          33.344          -5.544          -1.236          -8.327           34.892
 1419 (vir)     1          33.481          -5.729          -1.232          -8.250           34.770
 1420 (vir)     1          33.505           3.475          -1.229          -8.270           44.021
 1421 (vir)     1          33.569          -6.596          -1.225          -8.344           34.092
 1422 (vir)     1          33.581          -5.454          -1.250          -8.349           35.226
 1423 (vir)     1          33.606          -6.579          -1.317          -8.645           34.354
 1424 (vir)     1          33.681           3.497          -1.288          -8.459           44.349
 1425 (vir)     1          33.761          -4.979          -1.233          -8.294           35.843
 1426 (vir)     1          33.834           3.278          -1.183          -8.071           44.001
 1427 (vir)     1          33.865          -4.147          -1.232          -8.317           36.803
 1428 (vir)     1          33.886          -5.068          -1.141          -7.892           35.569
 1429 (vir)     1          33.944          -6.547          -1.301          -8.570           34.666
 1430 (vir)     1          33.951          -6.291          -1.218          -8.277           34.717
 1431 (vir)     1          34.028          -3.587          -1.223          -8.101           37.320
 1432 (vir)     1          34.076           3.404          -1.205          -8.194           44.470
 1433 (vir)     1          34.099           3.757          -1.330          -8.770           45.297
 1434 (vir)     1          34.134           3.469          -1.316          -8.693           44.980
 1435 (vir)     1          34.155          -6.155          -1.258          -8.336           35.079
 1436 (vir)     1          34.171          -6.285          -1.223          -8.260           34.923
 1437 (vir)     1          34.189          -5.985          -1.207          -8.148           35.144
 1438 (vir)     1          34.272          -6.992          -1.270          -8.520           34.530
 1439 (vir)     1          34.347          -5.481          -1.243          -8.382           36.006
 1440 (vir)     1          34.418          -6.925          -1.288          -8.324           34.528
 1441 (vir)     1          34.437          -6.696          -1.294          -8.507           34.953
 1442 (vir)     1          34.503          -6.719          -1.203          -8.236           34.817
 1443 (vir)     1          34.549          -5.065          -1.218          -8.345           36.611
 1444 (vir)     1          34.619          -6.057          -1.180          -8.248           35.630
 1445 (vir)     1          34.647          -6.430          -1.256          -8.405           35.366
 1446 (vir)     1          34.720           3.199          -1.204          -8.084           44.799
 1447 (vir)     1          34.721          -6.359          -1.237          -8.490           35.616
 1448 (vir)     1          34.798           3.362          -1.269          -8.481           45.371
 1449 (vir)     1          34.831          -5.532          -1.190          -8.195           36.304
 1450 (vir)     1          34.873          -6.095          -1.167          -8.060           35.671
 1451 (vir)     1          34.946          -6.270          -1.266          -8.496           35.906
 1452 (vir)     1          34.990          -5.957          -1.214          -8.265           36.085
 1453 (vir)     1          35.026          -5.866          -1.232          -8.311           36.240
 1454 (vir)     1          35.041          -5.013          -1.232          -8.402           37.198
 1455 (vir)     1          35.108          -4.971          -1.145          -7.998           36.990
 1456 (vir)     1          35.172          -6.097          -1.191          -8.219           36.104
 1457 (vir)     1          35.194          -6.231          -1.197          -8.199           35.965
 1458 (vir)     1          35.283          -6.360          -1.227          -8.327           36.024
 1459 (vir)     1          35.325           3.070          -1.204          -8.258           45.448
 1460 (vir)     1          35.412           3.324          -1.284          -8.483           45.935
 1461 (vir)     1          35.422          -6.180          -1.215          -8.217           36.244
 1462 (vir)     1          35.442           3.193          -1.197          -8.279           45.717
 1463 (vir)     1          35.485          -6.191          -1.281          -8.469           36.482
 1464 (vir)     1          35.591          -6.045          -1.269          -8.523           36.799
 1465 (vir)     1          35.640          -6.722          -1.321          -8.784           36.380
 1466 (vir)     1          35.748          -5.987          -1.200          -8.283           36.845
 1467 (vir)     1          35.779          -6.284          -1.218          -8.138           36.415
 1468 (vir)     1          35.797          -5.551          -1.201          -8.140           37.184
 1469 (vir)     1          35.836          -4.222          -1.193          -8.189           38.610
 1470 (vir)     1          35.885          -5.260          -1.262          -8.443           37.806
 1471 (vir)     1          35.951          -5.199          -1.164          -8.088           37.677
 1472 (vir)     1          35.964          -5.749          -1.234          -8.430           37.411
 1473 (vir)     1          35.990           2.924          -1.219          -8.427           46.122
 1474 (vir)     1          36.113          -6.123          -1.207          -8.259           37.041
 1475 (vir)     1          36.117           3.074          -1.232          -8.330           46.289
 1476 (vir)     1          36.156           3.010          -1.188          -8.224           46.203
 1477 (vir)     1          36.206           3.287          -1.339          -8.741           46.895
 1478 (vir)     1          36.257           3.129          -1.211          -8.271           46.445
 1479 (vir)     1          36.295           3.149          -1.212          -8.343           46.575
 1480 (vir)     1          36.404          -5.875          -1.207          -8.497           37.820
 1481 (vir)     1          36.432          -6.574          -1.303          -8.672           37.226
 1482 (vir)     1          36.507           3.295          -1.243          -8.555           47.114
 1483 (vir)     1          36.532          -5.883          -1.249          -8.513           37.913
 1484 (vir)     1          36.549           3.081          -1.236          -8.418           46.813
 1485 (vir)     1          36.623           3.084          -1.256          -8.451           46.902
 1486 (vir)     1          36.658          -4.712          -1.215          -8.262           38.993
 1487 (vir)     1          36.696           3.131          -1.239          -8.428           47.017
 1488 (vir)     1          36.741           2.958          -1.198          -8.187           46.687
 1489 (vir)     1          36.840           3.133          -1.305          -8.694           47.361
 1490 (vir)     1          36.889           3.075          -1.132          -8.063           46.896
 1491 (vir)     1          36.912           2.949          -1.208          -8.406           47.059
 1492 (vir)     1          37.021           3.149          -1.318          -8.768           47.620
 1493 (vir)     1          37.049           2.958          -1.188          -8.194           47.013
 1494 (vir)     1          37.145           3.162          -1.296          -8.632           47.643
 1495 (vir)     1          37.169           3.030          -1.194          -8.313           47.319
 1496 (vir)     1          37.234           3.057          -1.201          -8.326           47.417
 1497 (vir)     1          37.272           3.084          -1.253          -8.479           47.581
 1498 (vir)     1          37.355           3.112          -1.217          -8.433           47.683
 1499 (vir)     1          37.358           2.967          -1.222          -8.436           47.539
 1500 (vir)     1          37.454           2.904          -1.099          -8.009           47.269
 1501 (vir)     1          37.486           2.905          -1.192          -8.266           47.465
 1502 (vir)     1          37.564           3.053          -1.198          -8.375           47.795
 1503 (vir)     1          37.574           2.901          -1.261          -8.556           47.770
 1504 (vir)     1          37.587           3.120          -1.226          -8.459           47.940
 1505 (vir)     1          37.689           3.212          -1.280          -8.708           48.329
 1506 (vir)     1          37.696           3.192          -1.253          -8.582           48.218
 1507 (vir)     1          37.764           2.994          -1.203          -8.360           47.915
 1508 (vir)     1          37.778           2.995          -1.247          -8.567           48.092
 1509 (vir)     1          37.830           2.848          -1.169          -8.313           47.822
 1510 (vir)     1          37.845           3.177          -1.217          -8.541           48.347
 1511 (vir)     1          37.883           3.075          -1.195          -8.383           48.145
 1512 (vir)     1          37.925           2.961          -1.137          -8.096           47.845
 1513 (vir)     1          38.014           3.071          -1.245          -8.629           48.470
 1514 (vir)     1          38.017           2.680          -1.197          -8.511           48.010
 1515 (vir)     1          38.126           3.008          -1.261          -8.686           48.558
 1516 (vir)     1          38.154           3.284          -1.252          -8.650           48.835
 1517 (vir)     1          38.187           2.956          -1.305          -8.917           48.755
 1518 (vir)     1          38.331           2.931          -1.302          -8.805           48.764
 1519 (vir)     1          38.337           3.024          -1.215          -8.462           48.609
 1520 (vir)     1          38.380           3.091          -1.229          -8.634           48.876
 1521 (vir)     1          38.410           2.973          -1.183          -8.375           48.575
 1522 (vir)     1          38.476           2.925          -1.105          -8.043           48.340
 1523 (vir)     1          38.553           2.917          -1.215          -8.518           48.774
 1524 (vir)     1          38.555           2.796          -1.139          -8.175           48.386
 1525 (vir)     1          38.629           3.039          -1.220          -8.563           49.012
 1526 (vir)     1          38.697           2.798          -1.227          -8.546           48.815
 1527 (vir)     1          38.714           3.058          -1.145          -8.311           48.939
 1528 (vir)     1          38.818           3.030          -1.227          -8.641           49.263
 1529 (vir)     1          38.830           2.829          -1.210          -8.619           49.068
 1530 (vir)     1          38.894           2.848          -1.129          -8.252           48.865
 1531 (vir)     1          38.926           2.932          -1.211          -8.483           49.130
 1532 (vir)     1          39.014           2.934          -1.234          -8.592           49.306
 1533 (vir)     1          39.029           2.711          -1.210          -8.550           49.080
 1534 (vir)     1          39.066           3.020          -1.278          -8.816           49.624
 1535 (vir)     1          39.093           2.765          -1.244          -8.522           49.137
 1536 (vir)     1          39.147           2.880          -1.171          -8.354           49.209
 1537 (vir)     1          39.202           2.856          -1.098          -8.004           48.964
 1538 (vir)     1          39.211           2.765          -1.169          -8.351           49.158
 1539 (vir)     1          39.293           2.934          -1.225          -8.736           49.738
 1540 (vir)     1          39.357           2.963          -1.280          -8.832           49.872
 1541 (vir)     1          39.463           2.670          -1.172          -8.426           49.387
 1542 (vir)     1          39.493           2.935          -1.175          -8.377           49.630
 1543 (vir)     1          39.623           2.761          -1.210          -8.519           49.693
 1544 (vir)     1          39.693           2.827          -1.229          -8.598           49.890
 1545 (vir)     1          39.712           2.733          -1.233          -8.656           49.868
 1546 (vir)     1          39.773           2.662          -1.249          -8.759           49.945
 1547 (vir)     1          39.815           2.937          -1.275          -8.805           50.281
 1548 (vir)     1          39.840           2.683          -1.176          -8.430           49.776
 1549 (vir)     1          39.922           2.903          -1.273          -8.742           50.293
 1550 (vir)     1          39.928           2.963          -1.274          -8.807           50.425
 1551 (vir)     1          40.024           2.722          -1.190          -8.531           50.088
 1552 (vir)     1          40.042           2.708          -1.213          -8.626           50.163
 1553 (vir)     1          40.079           2.807          -1.216          -8.674           50.344
 1554 (vir)     1          40.155           2.815          -1.249          -8.746           50.468
 1555 (vir)     1          40.202           2.697          -1.224          -8.729           50.404
 1556 (vir)     1          40.266           2.859          -1.193          -8.453           50.385
 1557 (vir)     1          40.412           2.893          -1.248          -8.857           50.913
 1558 (vir)     1          40.418           2.823          -1.215          -8.565           50.591
 1559 (vir)     1          40.466           2.667          -1.204          -8.687           50.615
 1560 (vir)     1          40.604           2.729          -1.171          -8.408           50.570
 1561 (vir)     1          40.635           2.784          -1.182          -8.501           50.738
 1562 (vir)     1          40.746           2.915          -1.273          -8.917           51.306
 1563 (vir)     1          40.814           2.859          -1.231          -8.765           51.207
 1564 (vir)     1          40.838           2.607          -1.250          -8.902           51.098
 1565 (vir)     1          40.923           2.783          -1.200          -8.608           51.114
 1566 (vir)     1          40.947           2.772          -1.255          -8.835           51.299
 1567 (vir)     1          40.999           2.821          -1.284          -9.072           51.608
 1568 (vir)     1          41.100           2.587          -1.160          -8.468           50.994
 1569 (vir)     1          41.121           2.482          -1.179          -8.695           51.118
 1570 (vir)     1          41.194           2.807          -1.222          -8.792           51.572
 1571 (vir)     1          41.225           2.509          -1.253          -8.785           51.266
 1572 (vir)     1          41.365           2.569          -1.256          -8.882           51.560
 1573 (vir)     1          41.415           2.616          -1.196          -8.709           51.544
 1574 (vir)     1          41.490           2.583          -1.144          -8.548           51.476
 1575 (vir)     1          41.602           2.797          -1.248          -8.882           52.034
 1576 (vir)     1          41.605           2.541          -1.150          -8.595           51.592
 1577 (vir)     1          41.747           2.391          -1.190          -8.717           51.665
 1578 (vir)     1          41.753           2.753          -1.239          -8.886           52.153
 1579 (vir)     1          41.754           2.662          -1.211          -8.665           51.870
 1580 (vir)     1          41.818           2.607          -1.176          -8.573           51.822
 1581 (vir)     1          41.854           2.710          -1.271          -8.972           52.265
 1582 (vir)     1          41.894           2.579          -1.234          -8.782           52.021
 1583 (vir)     1          42.002           2.359          -1.154          -8.623           51.829
 1584 (vir)     1          42.031           2.699          -1.243          -8.869           52.357
 1585 (vir)     1          42.123           2.517          -1.184          -8.643           52.099
 1586 (vir)     1          42.172           2.575          -1.144          -8.479           52.082
 1587 (vir)     1          42.178           2.505          -1.251          -8.887           52.319
 1588 (vir)     1          42.251           2.547          -1.170          -8.519           52.147
 1589 (vir)     1          42.265           2.661          -1.192          -8.830           52.563
 1590 (vir)     1          42.350           2.652          -1.228          -8.910           52.684
 1591 (vir)     1          42.423           2.495          -1.132          -8.466           52.254
 1592 (vir)     1          42.519           2.625          -1.210          -8.884           52.817
 1593 (vir)     1          42.568           2.460          -1.207          -8.863           52.684
 1594 (vir)     1          42.631           2.344          -1.160          -8.647           52.463
 1595 (vir)     1          42.722           2.524          -1.176          -8.736           52.806
 1596 (vir)     1          42.799           2.492          -1.145          -8.599           52.745
 1597 (vir)     1          42.852           2.617          -1.195          -8.864           53.138
 1598 (vir)     1          42.976           2.663          -1.191          -8.860           53.307
 1599 (vir)     1          42.981           2.504          -1.270          -9.052           53.267
 1600 (vir)     1          43.006           2.658          -1.193          -8.799           53.270
 1601 (vir)     1          43.083           2.399          -1.171          -8.775           53.085
 1602 (vir)     1          43.124           2.616          -1.213          -8.997           53.525
 1603 (vir)     1          43.179           2.382          -1.145          -8.617           53.033
 1604 (vir)     1          43.231           2.673          -1.246          -9.139           53.796
 1605 (vir)     1          43.306           2.583          -1.185          -8.858           53.562
 1606 (vir)     1          43.375           2.474          -1.229          -9.013           53.632
 1607 (vir)     1          43.446           2.494          -1.197          -9.007           53.750
 1608 (vir)     1          43.522           2.378          -1.128          -8.678           53.450
 1609 (vir)     1          43.527           2.349          -1.129          -8.507           53.254
 1610 (vir)     1          43.583           2.443          -1.149          -8.711           53.588
 1611 (vir)     1          43.599           2.332          -1.155          -8.675           53.451
 1612 (vir)     1          43.833           2.506          -1.177          -8.924           54.087
 1613 (vir)     1          43.836           2.274          -1.134          -8.691           53.666
 1614 (vir)     1          43.882           2.461          -1.180          -8.820           53.982
 1615 (vir)     1          43.928           2.251          -1.084          -8.441           53.536
 1616 (vir)     1          43.929           2.636          -1.237          -9.182           54.510
 1617 (vir)     1          44.117           2.523          -1.207          -9.017           54.449
 1618 (vir)     1          44.170           2.330          -1.135          -8.647           54.012
 1619 (vir)     1          44.192           2.709          -1.235          -9.108           54.775
 1620 (vir)     1          44.309           2.581          -1.266          -9.266           54.890
 1621 (vir)     1          44.339           2.898          -1.184          -8.939           54.993
 1622 (vir)     1          44.365           2.313          -1.209          -9.009           54.478
 1623 (vir)     1          44.466           2.704          -1.170          -8.907           54.906
 1624 (vir)     1          44.470           2.303          -1.159          -8.876           54.491
 1625 (vir)     1          44.537           2.462          -1.186          -8.854           54.668
 1626 (vir)     1          44.555           2.624          -1.163          -9.010           55.026
 1627 (vir)     1          44.657           2.563          -1.137          -8.691           54.774
 1628 (vir)     1          44.868           2.882          -1.136          -8.706           55.320
 1629 (vir)     1          44.931           2.551          -1.201          -9.000           55.280
 1630 (vir)     1          44.979           2.765          -1.163          -8.962           55.543
 1631 (vir)     1          44.994           2.200          -1.096          -8.568           54.666
 1632 (vir)     1          45.056           2.155          -1.054          -8.411           54.568
 1633 (vir)     1          45.090           2.293          -1.172          -8.893           55.105
 1634 (vir)     1          45.263           2.481          -1.201          -9.094           55.637
 1635 (vir)     1          45.290           2.218          -1.124          -8.698           55.082
 1636 (vir)     1          45.345           2.942          -1.231          -9.150           56.205
 1637 (vir)     1          45.369           2.213          -1.176          -8.871           55.278
 1638 (vir)     1          45.442           2.576          -1.178          -8.834           55.674
 1639 (vir)     1          45.523           2.926          -1.149          -8.851           56.151
 1640 (vir)     1          45.649           1.950          -1.094          -8.629           55.134
 1641 (vir)     1          45.723           3.180          -1.165          -9.075           56.814
 1642 (vir)     1          45.821           2.412          -1.240          -9.281           56.274
 1643 (vir)     1          45.839           2.280          -1.201          -9.081           55.999
 1644 (vir)     1          45.839           2.191          -1.176          -8.964           55.818
 1645 (vir)     1          45.939           2.519          -1.206          -9.079           56.331
 1646 (vir)     1          45.994           2.202          -1.086          -8.633           55.742
 1647 (vir)     1          46.039           2.802          -1.166          -8.997           56.672
 1648 (vir)     1          46.190           2.805          -1.191          -9.069           56.873
 1649 (vir)     1          46.192           2.708          -1.149          -8.888           56.639
 1650 (vir)     1          46.332           2.504          -1.341          -9.735           57.230
 1651 (vir)     1          46.410           2.042          -1.150          -8.969           56.271
 1652 (vir)     1          46.454           2.022          -1.091          -8.602           55.987
 1653 (vir)     1          46.493           2.324          -1.156          -8.912           56.573
 1654 (vir)     1          46.504           3.055          -1.134          -8.869           57.295
 1655 (vir)     1          46.567           2.347          -1.168          -8.994           56.739
 1656 (vir)     1          46.677           1.973          -1.055          -8.558           56.153
 1657 (vir)     1          46.792           2.819          -1.083          -8.645           57.173
 1658 (vir)     1          46.889           2.791          -1.163          -8.941           57.458
 1659 (vir)     1          46.951           2.553          -1.175          -9.050           57.379
 1660 (vir)     1          47.011           2.563          -1.108          -8.767           57.233
 1661 (vir)     1          47.101           2.877          -1.100          -8.745           57.623
 1662 (vir)     1          47.177           2.035          -1.157          -8.985           57.040
 1663 (vir)     1          47.215           2.991          -1.090          -8.819           57.934
 1664 (vir)     1          47.356           2.043          -1.217          -9.197           57.380
 1665 (vir)     1          47.519           2.759          -1.115          -8.835           57.998
 1666 (vir)     1          47.520           2.911          -1.145          -9.007           58.293
 1667 (vir)     1          47.583           2.040          -1.117          -8.832           57.338
 1668 (vir)     1          47.649           2.198          -1.135          -8.832           57.545
 1669 (vir)     1          47.652           2.118          -1.137          -8.971           57.604
 1670 (vir)     1          47.874           2.086          -1.150          -8.999           57.809
 1671 (vir)     1          47.883           2.486          -1.128          -8.906           58.147
 1672 (vir)     1          47.996           2.696          -1.083          -8.850           58.458
 1673 (vir)     1          48.062           2.759          -1.063          -8.717           58.475
 1674 (vir)     1          48.084           3.096          -1.153          -9.013           59.041
 1675 (vir)     1          48.185           3.056          -1.114          -9.001           59.128
 1676 (vir)     1          48.292           2.714          -1.159          -9.074           58.921
 1677 (vir)     1          48.406           2.412          -1.142          -9.034           58.709
 1678 (vir)     1          48.494           2.622          -1.107          -8.953           58.961
 1679 (vir)     1          48.612           2.784          -1.203          -9.214           59.407
 1680 (vir)     1          48.729           2.441          -1.232          -9.305           59.243
 1681 (vir)     1          48.837           2.665          -1.117          -8.953           59.338
 1682 (vir)     1          48.896           2.455          -1.114          -8.914           59.151
 1683 (vir)     1          48.903           2.382          -1.173          -9.111           59.223
 1684 (vir)     1          49.089           2.241          -1.134          -9.031           59.227
 1685 (vir)     1          49.091           2.387          -1.189          -9.225           59.514
 1686 (vir)     1          49.239           2.183          -1.111          -8.825           59.136
 1687 (vir)     1          49.297           2.185          -1.154          -8.988           59.316
 1688 (vir)     1          49.333           2.993          -1.105          -8.955           60.177
 1689 (vir)     1          49.584           1.994          -1.101          -9.005           59.483
 1690 (vir)     1          49.637           2.303          -1.131          -9.010           59.819
 1691 (vir)     1          49.723           2.318          -1.214          -9.285           60.112
 1692 (vir)     1          49.744           2.402          -1.177          -9.295           60.264
 1693 (vir)     1          49.767           1.907          -1.092          -8.852           59.433
 1694 (vir)     1          49.860           2.208          -1.173          -9.254           60.150
 1695 (vir)     1          50.024           2.681          -1.187          -9.133           60.651
 1696 (vir)     1          50.024           2.605          -1.113          -9.000           60.516
 1697 (vir)     1          50.132           2.078          -1.040          -8.734           59.903
 1698 (vir)     1          50.161           2.366          -1.219          -9.341           60.649
 1699 (vir)     1          50.276           2.272          -1.272          -9.418           60.694
 1700 (vir)     1          50.319           2.596          -1.260          -9.506           61.160
 1701 (vir)     1          50.362           2.713          -1.070          -8.842           60.848
 1702 (vir)     1          50.429           2.272          -1.102          -9.080           60.679
 1703 (vir)     1          50.477           2.482          -1.117          -9.082           60.923
 1704 (vir)     1          50.644           2.376          -1.281          -9.727           61.466
 1705 (vir)     1          50.692           2.084          -1.227          -9.417           60.967
 1706 (vir)     1          50.720           1.921          -1.089          -8.957           60.509
 1707 (vir)     1          50.751           2.138          -1.234          -9.549           61.204
 1708 (vir)     1          50.989           2.081          -1.202          -9.321           61.189
 1709 (vir)     1          51.078           2.208          -1.027          -8.702           60.961
 1710 (vir)     1          51.197           2.407          -1.217          -9.518           61.905
 1711 (vir)     1          51.376           2.132          -1.243          -9.459           61.724
 1712 (vir)     1          51.468           2.683          -1.159          -9.236           62.227
 1713 (vir)     1          51.584           2.533          -1.223          -9.516           62.409
 1714 (vir)     1          51.707           2.185          -1.288          -9.642           62.246
 1715 (vir)     1          51.734           2.162          -1.244          -9.432           62.084
 1716 (vir)     1          51.832           2.056          -1.211          -9.420           62.097
 1717 (vir)     1          51.935           2.110          -1.289          -9.581           62.336
 1718 (vir)     1          51.947           1.943          -1.204          -9.418           62.105
 1719 (vir)     1          52.076           1.822          -1.147          -9.308           62.060
 1720 (vir)     1          52.161           1.976          -1.213          -9.537           62.461
 1721 (vir)     1          52.274           2.123          -1.272          -9.486           62.612
 1722 (vir)     1          52.395           1.990          -1.256          -9.504           62.633
 1723 (vir)     1          52.454           2.137          -1.229          -9.441           62.803
 1724 (vir)     1          52.496           1.864          -1.121          -9.079           62.318
 1725 (vir)     1          52.726           1.945          -1.139          -9.168           62.699
 1726 (vir)     1          52.749           1.937          -1.130          -9.093           62.650
 1727 (vir)     1          52.839           1.971          -1.220          -9.527           63.116
 1728 (vir)     1          52.913           2.244          -1.155          -9.429           63.431
 1729 (vir)     1          52.966           2.140          -1.098          -9.080           63.088
 1730 (vir)     1          53.120           1.707          -1.217          -9.558           63.168
 1731 (vir)     1          53.153           2.264          -1.158          -9.254           63.514
 1732 (vir)     1          53.215           1.925          -1.161          -9.327           63.306
 1733 (vir)     1          53.239           1.820          -1.147          -9.271           63.183
 1734 (vir)     1          53.338           2.088          -1.248          -9.583           63.762
 1735 (vir)     1          53.394           1.916          -1.215          -9.315           63.410
 1736 (vir)     1          53.456           2.463          -1.127          -9.359           64.151
 1737 (vir)     1          53.687           1.858          -1.175          -9.382           63.751
 1738 (vir)     1          53.788           1.722          -1.176          -9.268           63.603
 1739 (vir)     1          53.807           1.856          -1.235          -9.628           64.056
 1740 (vir)     1          53.869           1.832          -1.243          -9.590           64.049
 1741 (vir)     1          54.063           1.068          -1.087          -9.167           63.212
 1742 (vir)     1          54.087           1.844          -1.170          -9.407           64.169
 1743 (vir)     1          54.225           2.014          -1.179          -9.375           64.435
 1744 (vir)     1          54.264           1.700          -1.113          -9.196           64.046
 1745 (vir)     1          54.377           1.814          -1.104          -9.244           64.331
 1746 (vir)     1          54.382           1.764          -1.179          -9.295           64.262
 1747 (vir)     1          54.537           1.876          -1.186          -9.435           64.662
 1748 (vir)     1          54.598           1.097          -1.262          -9.512           63.945
 1749 (vir)     1          54.655           1.895          -1.095          -9.190           64.645
 1750 (vir)     1          54.831           1.864          -1.069          -9.052           64.678
 1751 (vir)     1          54.869           1.762          -1.120          -9.175           64.688
 1752 (vir)     1          55.001           1.790          -1.101          -9.090           64.780
 1753 (vir)     1          55.020           1.946          -1.244          -9.467           65.188
 1754 (vir)     1          55.388           1.834          -1.177          -9.457           65.502
 1755 (vir)     1          55.397           1.931          -1.237          -9.624           65.716
 1756 (vir)     1          55.443           1.734          -1.151          -9.409           65.435
 1757 (vir)     1          55.467           1.848          -1.122          -9.242           65.434
 1758 (vir)     1          55.662           1.316          -1.172          -9.355           65.161
 1759 (vir)     1          55.694           1.698          -1.058          -9.103           65.436
 1760 (vir)     1          55.831           1.773          -1.127          -9.291           65.767
 1761 (vir)     1          55.844           1.676          -1.132          -9.383           65.772
 1762 (vir)     1          55.952           1.876          -1.162          -9.445           66.112
 1763 (vir)     1          56.005           1.474          -1.226          -9.607           65.860
 1764 (vir)     1          56.215           1.531          -1.109          -9.206           65.842
 1765 (vir)     1          56.231           1.846          -1.168          -9.520           66.430
 1766 (vir)     1          56.309           1.530          -1.176          -9.457           66.120
 1767 (vir)     1          56.342           1.692          -1.044          -9.074           66.064
 1768 (vir)     1          56.723           1.911          -1.175          -9.414           66.873
 1769 (vir)     1          56.725           1.301          -1.063          -9.147           66.110
 1770 (vir)     1          56.765           1.401          -1.341          -9.826           66.651
 1771 (vir)     1          56.853           2.004          -1.190          -9.540           67.207
 1772 (vir)     1          57.054           1.922          -1.205          -9.593           67.364
 1773 (vir)     1          57.141           1.629          -1.129          -9.342           66.983
 1774 (vir)     1          57.200           1.595          -1.035          -9.114           66.874
 1775 (vir)     1          57.257           1.934          -1.213          -9.654           67.633
 1776 (vir)     1          57.459           2.090          -1.255          -9.696           67.990
 1777 (vir)     1          57.656           1.992          -1.146          -9.423           67.924
 1778 (vir)     1          57.721           1.790          -1.122          -9.377           67.766
 1779 (vir)     1          57.890           1.554          -1.125          -9.472           67.791
 1780 (vir)     1          57.895           2.135          -1.184          -9.598           68.444
 1781 (vir)     1          58.153           1.941          -1.210          -9.619           68.504
 1782 (vir)     1          58.255           1.653          -1.150          -9.485           68.242
 1783 (vir)     1          58.461           1.901          -1.188          -9.609           68.783
 1784 (vir)     1          58.462           1.846          -1.221          -9.695           68.783
 1785 (vir)     1          58.552           1.907          -1.278          -9.860           69.041
 1786 (vir)     1          58.666           1.903          -1.232          -9.726           69.063
 1787 (vir)     1          58.975           1.856          -1.135          -9.448           69.143
 1788 (vir)     1          59.018           1.838          -1.195          -9.740           69.400
 1789 (vir)     1          59.202           1.864          -1.255          -9.804           69.614
 1790 (vir)     1          59.343           1.968          -1.094          -9.383           69.600
 1791 (vir)     1          59.718           1.713          -1.199          -9.834           70.066
 1792 (vir)     1          59.748           1.733          -1.123          -9.458           69.816
 1793 (vir)     1          59.867           1.820          -1.246          -9.827           70.268
 1794 (vir)     1          59.941           1.982          -1.137          -9.546           70.332
 1795 (vir)     1          60.147           1.800          -1.153          -9.622           70.417
 1796 (vir)     1          60.223           1.725          -1.119          -9.465           70.294
 1797 (vir)     1          60.352           1.749          -1.121          -9.507           70.487
 1798 (vir)     1          60.456           1.913          -1.273          -9.906           71.002
 1799 (vir)     1          60.656           1.752          -1.087          -9.328           70.650
 1800 (vir)     1          60.685           1.771          -1.174          -9.741           71.022
 1801 (vir)     1          60.867           1.817          -1.164          -9.793           71.312
 1802 (vir)     1          60.942           1.776          -1.224          -9.828           71.321
 1803 (vir)     1          61.033           1.725          -1.151          -9.689           71.296
 1804 (vir)     1          61.165           1.707          -1.056          -9.441           71.257
 1805 (vir)     1          61.257           1.815          -1.245          -9.976           71.803
 1806 (vir)     1          61.405           1.719          -1.134          -9.608           71.598
 1807 (vir)     1          61.414           1.723          -1.155          -9.662           71.643
 1808 (vir)     1          61.603           1.802          -1.179          -9.718           71.945
 1809 (vir)     1          61.630           1.696          -1.177          -9.658           71.807
 1810 (vir)     1          61.737           1.782          -1.107          -9.544           71.955
 1811 (vir)     1          61.893           1.756          -1.102          -9.558           72.105
 1812 (vir)     1          62.050           1.756          -1.152          -9.714           72.367
 1813 (vir)     1          62.069           1.843          -1.311         -10.137           72.738
 1814 (vir)     1          62.160           1.704          -1.242          -9.982           72.605
 1815 (vir)     1          62.302           1.895          -1.319         -10.157           73.034
 1816 (vir)     1          62.346           1.806          -1.114          -9.659           72.697
 1817 (vir)     1          62.483           1.853          -1.193          -9.885           73.028
 1818 (vir)     1          62.716           1.751          -1.123          -9.708           73.051
 1819 (vir)     1          62.733           1.718          -1.249          -9.973           73.175
 1820 (vir)     1          62.999           1.761          -1.221          -9.931           73.470
 1821 (vir)     1          63.117           1.732          -1.079          -9.556           73.326
 1822 (vir)     1          63.210           1.724          -1.139          -9.728           73.523
 1823 (vir)     1          63.219           1.729          -1.070          -9.602           73.480
 1824 (vir)     1          63.548           1.684          -1.087          -9.629           73.775
 1825 (vir)     1          63.563           1.793          -1.145          -9.789           73.999
 1826 (vir)     1          63.691           1.836          -1.276         -10.135           74.386
 1827 (vir)     1          63.723           1.874          -1.208          -9.974           74.362
 1828 (vir)     1          63.821           1.934          -1.281         -10.170           74.644
 1829 (vir)     1          63.909           1.729          -1.101          -9.717           74.254
 1830 (vir)     1          63.965           1.752          -1.257         -10.105           74.565
 1831 (vir)     1          64.015           1.830          -1.229         -10.046           74.662
 1832 (vir)     1          64.371           1.767          -1.108          -9.819           74.849
 1833 (vir)     1          64.409           1.781          -1.181          -9.976           74.985
 1834 (vir)     1          64.585           1.678          -1.103          -9.723           74.883
 1835 (vir)     1          64.659           1.753          -1.053          -9.591           74.950
 1836 (vir)     1          64.854           1.808          -1.224         -10.087           75.526
 1837 (vir)     1          64.904           1.720          -1.184          -9.926           75.366
 1838 (vir)     1          64.979           1.774          -1.261         -10.140           75.631
 1839 (vir)     1          65.304           1.786          -1.198         -10.057           75.949
 1840 (vir)     1          65.407           1.854          -1.291         -10.259           76.230
 1841 (vir)     1          65.535           1.703          -0.992          -9.500           75.745
 1842 (vir)     1          65.664           1.637          -0.909          -9.290           75.683
 1843 (vir)     1          65.716           1.704          -1.131          -9.879           76.167
 1844 (vir)     1          65.771           1.751          -1.195         -10.070           76.396
 1845 (vir)     1          65.883           1.714          -1.175          -9.953           76.375
 1846 (vir)     1          66.105           1.696          -1.027          -9.696           76.470
 1847 (vir)     1          66.138           1.592          -1.042          -9.641           76.328
 1848 (vir)     1          66.286           1.811          -1.214         -10.150           77.032
 1849 (vir)     1          66.346           1.769          -1.321         -10.394           77.188
 1850 (vir)     1          66.414           1.765          -1.187         -10.108           77.099
 1851 (vir)     1          66.758           1.702          -1.155          -9.976           77.281
 1852 (vir)     1          66.885           1.691          -1.095          -9.959           77.440
 1853 (vir)     1          66.905           1.621          -1.115          -9.911           77.322
 1854 (vir)     1          67.057           1.633          -1.073          -9.839           77.456
 1855 (vir)     1          67.295           1.576          -0.995          -9.603           77.480
 1856 (vir)     1          67.381           1.677          -1.008          -9.724           77.774
 1857 (vir)     1          67.383           1.827          -1.331         -10.507           78.386
 1858 (vir)     1          67.581           1.611          -1.049          -9.772           77.915
 1859 (vir)     1          67.643           1.792          -1.369         -10.609           78.676
 1860 (vir)     1          67.715           1.620          -1.089          -9.868           78.115
 1861 (vir)     1          67.912           1.834          -1.392         -10.695           79.049
 1862 (vir)     1          67.970           1.651          -1.102          -9.908           78.427
 1863 (vir)     1          68.158           1.621          -1.077          -9.822           78.523
 1864 (vir)     1          68.334           1.672          -1.191         -10.239           79.054
 1865 (vir)     1          68.417           1.727          -1.191         -10.233           79.185
 1866 (vir)     1          68.620           1.579          -1.103          -9.996           79.092
 1867 (vir)     1          68.642           1.613          -1.045          -9.850           79.060
 1868 (vir)     1          68.959           1.667          -1.103          -9.980           79.503
 1869 (vir)     1          69.198           1.784          -1.348         -10.641           80.275
 1870 (vir)     1          69.328           1.657          -1.039          -9.782           79.728
 1871 (vir)     1          69.688           1.705          -1.261         -10.440           80.572
 1872 (vir)     1          69.762           1.643          -1.123         -10.082           80.363
 1873 (vir)     1          69.932           1.602          -0.941          -9.618           80.210
 1874 (vir)     1          70.052           1.751          -1.253         -10.415           80.965
 1875 (vir)     1          70.134           1.721          -1.250         -10.472           81.077
 1876 (vir)     1          70.238           1.691          -1.158         -10.206           80.977
 1877 (vir)     1          70.688           1.730          -1.122         -10.211           81.507
 1878 (vir)     1          70.830           1.591          -1.038          -9.976           81.358
 1879 (vir)     1          70.903           1.717          -1.201         -10.362           81.780
 1880 (vir)     1          71.140           1.720          -1.159         -10.226           81.928
 1881 (vir)     1          71.252           1.855          -1.360         -10.838           82.585
 1882 (vir)     1          71.333           1.775          -1.397         -10.871           82.581
 1883 (vir)     1          71.378           1.746          -1.230         -10.545           82.439
 1884 (vir)     1          71.604           1.645          -1.135         -10.334           82.447
 1885 (vir)     1          71.673           1.684          -1.218         -10.447           82.586
 1886 (vir)     1          71.707           1.586          -1.000          -9.870           82.162
 1887 (vir)     1          71.753           1.766          -1.381         -10.873           83.011
 1888 (vir)     1          71.835           1.817          -1.527         -11.249           83.375
 1889 (vir)     1          72.010           1.667          -1.157         -10.248           82.768
 1890 (vir)     1          72.144           1.867          -1.504         -11.193           83.701
 1891 (vir)     1          72.361           1.482          -0.880          -9.664           82.627
 1892 (vir)     1          72.456           1.645          -1.162         -10.352           83.291
 1893 (vir)     1          72.560           1.586          -1.108         -10.192           83.229
 1894 (vir)     1          72.745           1.617          -1.143         -10.320           83.539
 1895 (vir)     1          72.909           1.682          -1.180         -10.494           83.905
 1896 (vir)     1          72.990           1.618          -1.138         -10.356           83.825
 1897 (vir)     1          73.009           1.695          -1.145         -10.383           83.942
 1898 (vir)     1          73.110           1.566          -1.066         -10.179           83.790
 1899 (vir)     1          73.320           1.590          -1.044         -10.170           84.036
 1900 (vir)     1          73.443           1.689          -1.230         -10.520           84.423
 1901 (vir)     1          73.613           1.588          -0.912          -9.826           84.115
 1902 (vir)     1          73.646           1.667          -1.121         -10.355           84.547
 1903 (vir)     1          73.941           1.516          -1.074         -10.150           84.533
 1904 (vir)     1          74.090           1.630          -1.136         -10.388           84.971
 1905 (vir)     1          74.206           1.496          -1.168         -10.429           84.962
 1906 (vir)     1          74.270           1.554          -1.209         -10.530           85.144
 1907 (vir)     1          74.505           1.556          -1.115         -10.386           85.333
 1908 (vir)     1          74.672           1.612          -1.405         -11.137           86.016
 1909 (vir)     1          74.754           1.442          -0.969         -10.066           85.293
 1910 (vir)     1          74.833           1.535          -1.111         -10.395           85.652
 1911 (vir)     1          74.969           1.493          -1.013         -10.281           85.730
 1912 (vir)     1          74.981           1.542          -0.999         -10.240           85.764
 1913 (vir)     1          75.271           1.587          -1.012         -10.220           86.065
 1914 (vir)     1          75.541           1.570          -1.122         -10.511           86.499
 1915 (vir)     1          75.762           1.504          -0.951         -10.072           86.387
 1916 (vir)     1          76.015           1.464          -0.929         -10.065           86.615
 1917 (vir)     1          76.293           1.554          -0.929         -10.042           86.960
 1918 (vir)     1          76.314           1.436          -0.929         -10.079           86.899
 1919 (vir)     1          76.391           1.508          -0.955         -10.181           87.124
 1920 (vir)     1          76.702           1.358          -0.929         -10.106           87.236
 1921 (vir)     1          76.834           1.409          -0.909         -10.026           87.359
 1922 (vir)     1          77.159           1.526          -0.960         -10.347           88.072
 1923 (vir)     1          77.278           1.438          -0.884         -10.066           87.898
 1924 (vir)     1          77.543           1.611          -0.872         -10.024           88.306
 1925 (vir)     1          77.636           1.445          -0.939         -10.218           88.359
 1926 (vir)     1          77.842           1.431          -0.905         -10.125           88.493
 1927 (vir)     1          77.973           1.450          -0.882         -10.149           88.691
 1928 (vir)     1          78.057           1.463          -0.917         -10.229           88.833
 1929 (vir)     1          78.091           1.386          -0.888         -10.185           88.774
 1930 (vir)     1          78.512           1.413          -0.864         -10.126           89.187
 1931 (vir)     1          78.715           1.445          -0.992         -10.456           89.624
 1932 (vir)     1          78.872           1.408          -0.900         -10.161           89.541
 1933 (vir)     1          79.013           1.475          -0.894         -10.328           89.923
 1934 (vir)     1          79.064           1.519          -0.902         -10.291           89.971
 1935 (vir)     1          79.450           1.339          -0.949         -10.411           90.251
 1936 (vir)     1          79.579           1.446          -0.937         -10.475           90.563
 1937 (vir)     1          79.702           1.422          -0.957         -10.506           90.673
 1938 (vir)     1          79.917           1.373          -0.942         -10.440           90.788
 1939 (vir)     1          80.012           1.506          -0.928         -10.569           91.159
 1940 (vir)     1          80.105           1.468          -0.887         -10.318           91.004
 1941 (vir)     1          80.467           1.366          -0.909         -10.413           91.337
 1942 (vir)     1          80.644           1.268          -0.963         -10.526           91.476
 1943 (vir)     1          80.783           1.381          -0.942         -10.494           91.716
 1944 (vir)     1          80.957           1.234          -1.005         -10.735           91.922
 1945 (vir)     1          81.104           1.566          -0.932         -10.613           92.350
 1946 (vir)     1          81.345           1.474          -0.920         -10.591           92.491
 1947 (vir)     1          81.548           1.356          -0.951         -10.628           92.580
 1948 (vir)     1          81.854           1.409          -0.921         -10.598           92.941
 1949 (vir)     1          81.972           1.398          -0.955         -10.702           93.117
 1950 (vir)     1          82.260           1.552          -0.930         -10.711           93.594
 1951 (vir)     1          82.393           1.378          -0.918         -10.574           93.427
 1952 (vir)     1          82.448           1.482          -0.961         -10.789           93.758
 1953 (vir)     1          82.871           1.637          -0.959         -10.904           94.453
 1954 (vir)     1          82.978           1.394          -0.956         -10.676           94.092
 1955 (vir)     1          83.108           1.340          -0.957         -10.738           94.229
 1956 (vir)     1          83.340           1.512          -0.944         -10.810           94.718
 1957 (vir)     1          83.547           1.431          -0.990         -10.900           94.887
 1958 (vir)     1          84.025           1.686          -0.968         -11.017           95.760
 1959 (vir)     1          84.193           1.426          -0.976         -10.901           95.544
 1960 (vir)     1          84.366           1.641          -0.975         -11.030           96.062
 1961 (vir)     1          84.500           1.484          -0.964         -10.886           95.906
 1962 (vir)     1          84.705           1.438          -0.985         -10.943           96.100
 1963 (vir)     1          84.774           1.180          -0.950         -10.706           95.710
 1964 (vir)     1          85.004           1.502          -0.979         -11.015           96.543
 1965 (vir)     1          85.119           1.141          -0.954         -10.724           96.030
 1966 (vir)     1          85.253           1.392          -1.000         -11.029           96.674
 1967 (vir)     1          85.326           1.329          -0.992         -10.963           96.626
 1968 (vir)     1          85.935           1.279          -0.945         -10.869           97.138
 1969 (vir)     1          86.514           1.330          -0.949         -10.904           97.799
 1970 (vir)     1          86.631           1.323          -0.979         -10.949           97.925
 1971 (vir)     1          86.700           1.386          -1.019         -11.189           98.256
 1972 (vir)     1          87.070           1.420          -0.983         -11.095           98.601
 1973 (vir)     1          87.362           1.369          -0.952         -11.016           98.796
 1974 (vir)     1          87.541           1.245          -0.972         -10.983           98.797
 1975 (vir)     1          87.914           1.319          -0.942         -10.961           99.252
 1976 (vir)     1          88.140           1.337          -0.964         -11.069           99.582
 1977 (vir)     1          88.700           1.245          -0.990         -11.051          100.004
 1978 (vir)     1          88.724           1.281          -0.953         -11.024          100.077
 1979 (vir)     1          89.003           1.244          -0.997         -11.099          100.348
 1980 (vir)     1          89.168           1.274          -0.947         -10.954          100.450
 1981 (vir)     1          89.618           1.403          -0.934         -11.129          101.216
 1982 (vir)     1          89.670           1.388          -0.936         -11.051          101.173
 1983 (vir)     1          90.269           1.474          -0.910         -11.140          101.972
 1984 (vir)     1          90.300           1.420          -0.915         -11.146          101.950
 1985 (vir)     1         104.094          -6.412          -0.542          -8.061          105.202
 1986 (vir)     1         104.214          -6.807          -0.538          -8.064          104.932
 1987 (vir)     1         104.500          -7.235          -0.545          -8.062          104.782
 1988 (vir)     1         104.779          -7.654          -0.546          -8.051          104.631
 1989 (vir)     1         104.876          -8.119          -0.523          -8.056          104.289
 1990 (vir)     1         104.965          -8.599          -0.522          -8.065          103.909
 1991 (vir)     1         104.993          -9.072          -0.537          -8.045          103.429
 1992 (vir)     1         105.288          -9.615          -0.527          -8.061          103.206
 1993 (vir)     1         105.412         -10.186          -0.519          -8.039          102.747
 1994 (vir)     1         105.456         -10.753          -0.533          -8.056          102.226
 1995 (vir)     1         105.571         -11.373          -0.519          -8.059          101.738
 1996 (vir)     1         105.610         -11.617          -0.522          -8.053          101.524
 1997 (vir)     1         105.649         -11.837          -0.536          -8.064          101.339
 1998 (vir)     1         105.843         -12.061          -0.526          -8.074          101.330
 1999 (vir)     1         105.881         -12.288          -0.526          -8.055          101.123
 2000 (vir)     1         105.909         -12.503          -0.520          -8.035          100.921
 2001 (vir)     1         105.938         -12.713          -0.522          -8.033          100.736
 2002 (vir)     1         105.978         -12.890          -0.526          -8.078          100.640
 2003 (vir)     1         106.009         -13.063          -0.520          -8.026          100.452
 2004 (vir)     1         106.021         -13.219          -0.516          -8.039          100.324
 2005 (vir)     1         106.222         -13.351          -0.528          -8.092          100.434
 2006 (vir)     1         106.250         -13.459          -0.516          -8.055          100.330
 2007 (vir)     1         106.263         -13.563          -0.524          -8.072          100.248
 2008 (vir)     1         106.351         -13.652          -0.519          -8.064          100.243
 2009 (vir)     1         106.405         -13.743          -0.524          -8.076          100.215
 2010 (vir)     1         106.483         -13.830          -0.513          -8.083          100.223
 2011 (vir)     1         106.499         -13.908          -0.520          -8.061          100.132
 2012 (vir)     1         106.578         -13.986          -0.518          -8.068          100.142
 2013 (vir)     1         106.626         -14.057          -0.519          -8.065          100.115
 2014 (vir)     1         106.728         -14.127          -0.518          -8.047          100.129
 2015 (vir)     1         106.738         -14.179          -0.515          -8.083          100.128
 2016 (vir)     1         106.759         -14.234          -0.514          -8.069          100.080
 2017 (vir)     1         106.797         -14.275          -0.513          -8.062          100.070
 2018 (vir)     1         106.799         -14.322          -0.509          -8.064          100.032
 2019 (vir)     1         106.927         -14.372          -0.517          -8.061          100.099
 2020 (vir)     1         106.931         -14.397          -0.519          -8.075          100.089
 2021 (vir)     1         107.016         -14.441          -0.515          -8.086          100.146
 2022 (vir)     1         107.145         -14.465          -0.519          -8.054          100.215
 2023 (vir)     1         107.160         -14.495          -0.516          -8.089          100.238
 2024 (vir)     1         107.191         -14.514          -0.518          -8.043          100.202
 2025 (vir)     1         107.206         -14.539          -0.518          -8.051          100.201
 2026 (vir)     1         107.341         -14.567          -0.514          -8.054          100.315
 2027 (vir)     1         107.357         -14.587          -0.507          -8.054          100.317
 2028 (vir)     1         107.396         -14.623          -0.512          -8.066          100.327
 2029 (vir)     1         107.445         -14.639          -0.510          -8.073          100.369
 2030 (vir)     1         107.484         -14.649          -0.512          -8.057          100.379
 2031 (vir)     1         107.690         -14.640          -0.506          -8.071          100.615
 2032 (vir)     1         107.720         -14.636          -0.508          -8.069          100.645
 2033 (vir)     1         107.844         -14.647          -0.505          -8.062          100.753
 2034 (vir)     1         107.884         -14.667          -0.505          -8.063          100.775
 2035 (vir)     1         107.898         -14.677          -0.500          -8.072          100.793
 2036 (vir)     1         107.916         -14.680          -0.498          -8.077          100.816
 2037 (vir)     1         107.990         -14.700          -0.493          -8.059          100.856
 2038 (vir)     1         108.112         -14.697          -0.500          -8.081          100.996
 2039 (vir)     1         108.224         -13.843          -0.495          -8.092          101.978
 2040 (vir)     1         108.240         -12.974          -0.490          -8.071          102.847
 2041 (vir)     1         108.410         -12.049          -0.486          -8.056          103.931
 2042 (vir)     1         108.471         -11.085          -0.486          -8.065          104.966
 2043 (vir)     1         108.509         -10.049          -0.492          -8.074          106.041
 2044 (vir)     1         108.514          -8.958          -0.490          -8.071          107.138
 2045 (vir)     1         108.915          -7.823          -0.485          -8.061          108.669
 2046 (vir)     1         108.917          -6.629          -0.479          -8.060          109.868
 2047 (vir)     1         109.142          -5.371          -0.479          -8.043          111.335
 2048 (vir)     1         109.152          -4.050          -0.479          -8.039          112.662
 2049 (vir)     1         144.868           2.175          -1.769         -15.963          161.236
 2050 (vir)     1         144.870           2.174          -1.770         -15.963          161.237
 2051 (vir)     1         145.707           2.255          -1.771         -16.007          162.199
 2052 (vir)     1         145.711           2.255          -1.771         -16.007          162.202
 2053 (vir)     1         146.477           2.254          -1.745         -15.991          162.978
 2054 (vir)     1         146.541           2.286          -1.735         -15.989          163.081
 2055 (vir)     1         146.586           2.234          -1.743         -15.965          163.043
 2056 (vir)     1         146.853           2.274          -1.726         -15.939          163.340
 2057 (vir)     1         146.893           2.290          -1.722         -15.934          163.394
 2058 (vir)     1         147.281           2.272          -1.739         -15.944          163.759
 2059 (vir)     1         147.291           2.261          -1.739         -15.940          163.753
 2060 (vir)     1         147.441           2.323          -1.761         -16.031          164.034
 2061 (vir)     1         147.620           2.330          -1.754         -16.018          164.214
 2062 (vir)     1         147.965           2.279          -1.728         -15.920          164.436
 2063 (vir)     1         147.966           2.276          -1.726         -15.912          164.427
 2064 (vir)     1         148.045           2.289          -1.740         -15.978          164.572
 2065 (vir)     1         148.060           2.293          -1.740         -15.979          164.593
 2066 (vir)     1         150.344           2.266          -1.672         -15.818          166.755
 2067 (vir)     1         150.733           2.274          -1.677         -15.841          167.171
 2068 (vir)     1         151.389           2.271          -1.656         -15.778          167.781
 2069 (vir)     1         151.944           2.299          -1.700         -15.907          168.450
 2070 (vir)     1         152.234           2.308          -1.679         -15.846          168.708
 2071 (vir)     1         152.330           2.253          -1.677         -15.857          168.763
 2072 (vir)     1         152.430           2.261          -1.669         -15.831          168.853
 
