 
  kpoint:       1             coordinate:     0.0000    0.0000    0.0000                  spin:  1
 
    n           k   ϵ_nk^DFT (eV)     Σ^c_nk (eV)     Σ^x_nk (eV)    v_nk^xc (eV)   ϵ_nk^G0W0 (eV)
 
    1 (occ)     1         -19.579           8.945         -20.297         -12.155          -18.776
    2 (occ)     1         -19.557           8.757         -20.285         -12.158          -18.928
    3 (occ)     1         -19.511           8.961         -20.264         -12.153          -18.662
    4 (occ)     1         -19.505           8.670         -20.268         -12.163          -18.941
    5 (occ)     1         -19.489           9.092         -20.256         -12.158          -18.495
    6 (occ)     1         -19.437           8.152         -20.240         -12.165          -19.360
    7 (occ)     1         -19.432           9.149         -20.246         -12.172          -18.357
    8 (occ)     1         -19.382           8.821         -20.216         -12.156          -18.622
    9 (occ)     1         -19.365           8.110         -20.217         -12.174          -19.298
   10 (occ)     1         -19.360           8.633         -20.212         -12.164          -18.775
   11 (occ)     1         -19.334           8.993         -20.223         -12.186          -18.378
   12 (occ)     1         -19.307           8.073         -20.195         -12.170          -19.260
   13 (occ)     1         -19.266           8.107         -20.199         -12.191          -19.168
   14 (occ)     1         -19.234           8.109         -20.174         -12.182          -19.117
   15 (occ)     1         -19.216           8.788         -20.198         -12.204          -18.422
   16 (occ)     1         -19.201           8.796         -20.155         -12.165          -18.395
   17 (occ)     1         -19.181           8.290         -20.149         -12.171          -18.869
   18 (occ)     1         -19.148           8.050         -20.174         -12.209          -19.064
   19 (occ)     1         -19.136           8.109         -20.156         -12.198          -18.985
   20 (occ)     1         -19.126           7.989         -20.136         -12.180          -19.094
   21 (occ)     1         -19.080           8.875         -20.169         -12.225          -18.148
   22 (occ)     1         -19.053           8.026         -20.112         -12.192          -18.947
   23 (occ)     1         -19.019           8.062         -20.132         -12.217          -18.872
   24 (occ)     1         -19.012           8.004         -20.143         -12.231          -18.921
   25 (occ)     1         -18.968           8.763         -20.078         -12.179          -18.104
   26 (occ)     1         -18.956           8.039         -20.098         -12.209          -18.807
   27 (occ)     1         -18.950           7.878         -20.071         -12.186          -18.957
   28 (occ)     1         -18.927           8.602         -20.137         -12.250          -18.212
   29 (occ)     1         -18.895           7.916         -20.058         -12.193          -18.844
   30 (occ)     1         -18.884           8.007         -20.099         -12.239          -18.738
   31 (occ)     1         -18.861           7.916         -20.110         -12.255          -18.801
   32 (occ)     1         -18.840           7.999         -20.073         -12.228          -18.686
   33 (occ)     1         -18.821           7.927         -20.031         -12.205          -18.719
   34 (occ)     1         -18.761           8.115         -20.102         -12.276          -18.472
   35 (occ)     1         -18.733           7.918         -20.067         -12.264          -18.618
   36 (occ)     1         -18.727           7.929         -20.019         -12.223          -18.593
   37 (occ)     1         -18.707           7.935         -20.042         -12.251          -18.562
   38 (occ)     1         -18.696           7.849         -20.078         -12.281          -18.644
   39 (occ)     1         -18.685           7.770         -19.982         -12.198          -18.699
   40 (occ)     1         -18.668           7.794         -19.976         -12.204          -18.647
   41 (occ)     1         -18.613           7.816         -19.966         -12.211          -18.551
   42 (occ)     1         -18.611           7.888         -19.993         -12.242          -18.474
   43 (occ)     1         -18.584           8.522         -20.064         -12.305          -17.820
   44 (occ)     1         -18.570           7.835         -20.033         -12.291          -18.477
   45 (occ)     1         -18.557           7.850         -20.007         -12.275          -18.439
   46 (occ)     1         -18.539           7.802         -19.937         -12.225          -18.449
   47 (occ)     1         -18.519           7.691         -20.037         -12.310          -18.556
   48 (occ)     1         -18.480           7.821         -19.959         -12.266          -18.353
   49 (occ)     1         -18.448           7.789         -19.927         -12.241          -18.345
   50 (occ)     1         -18.399           7.781         -20.012         -12.324          -18.305
   51 (occ)     1         -18.395           7.721         -19.991         -12.320          -18.346
   52 (occ)     1         -18.394           7.776         -19.987         -12.312          -18.292
   53 (occ)     1         -18.354           7.670         -19.875         -12.222          -18.337
   54 (occ)     1         -18.339           7.689         -19.871         -12.231          -18.290
   55 (occ)     1         -18.336           7.734         -19.898         -12.267          -18.233
   56 (occ)     1         -18.334           7.755         -19.999         -12.338          -18.240
   57 (occ)     1         -18.331           7.742         -19.922         -12.281          -18.229
   58 (occ)     1         -18.284           7.677         -19.859         -12.235          -18.230
   59 (occ)     1         -18.222           7.670         -19.929         -12.330          -18.152
   60 (occ)     1         -18.214           7.686         -19.923         -12.326          -18.125
   61 (occ)     1         -18.212           7.636         -19.835         -12.253          -18.158
   62 (occ)     1         -18.206           7.639         -19.978         -12.359          -18.186
   63 (occ)     1         -18.203           7.692         -19.900         -12.305          -18.106
   64 (occ)     1         -18.173           7.662         -19.901         -12.318          -18.093
   65 (occ)     1         -18.144           7.639         -19.960         -12.367          -18.100
   66 (occ)     1         -18.124           7.618         -19.819         -12.266          -18.059
   67 (occ)     1         -18.064           7.597         -19.839         -12.312          -17.994
   68 (occ)     1         -18.038           7.608         -19.899         -12.361          -17.968
   69 (occ)     1         -18.022           7.587         -19.884         -12.352          -17.967
   70 (occ)     1         -18.017           7.569         -19.941         -12.388          -18.001
   71 (occ)     1         -18.013           7.581         -19.834         -12.316          -17.950
   72 (occ)     1         -18.000           7.561         -19.837         -12.335          -17.941
   73 (occ)     1         -17.979           7.523         -19.749         -12.249          -17.956
   74 (occ)     1         -17.964           7.510         -19.743         -12.257          -17.939
   75 (occ)     1         -17.955           7.561         -19.916         -12.392          -17.918
   76 (occ)     1         -17.914           7.531         -19.764         -12.282          -17.865
   77 (occ)     1         -17.907           7.510         -19.782         -12.318          -17.861
   78 (occ)     1         -17.889           7.513         -19.767         -12.310          -17.832
   79 (occ)     1         -17.852           7.512         -19.858         -12.387          -17.811
   80 (occ)     1         -17.844           7.454         -19.706         -12.278          -17.818
   81 (occ)     1         -17.832           7.508         -19.864         -12.398          -17.790
   82 (occ)     1         -17.832           7.516         -19.895         -12.408          -17.803
   83 (occ)     1         -17.816           7.492         -19.821         -12.375          -17.769
   84 (occ)     1         -17.775           7.486         -19.849         -12.399          -17.738
   85 (occ)     1         -17.760           7.429         -19.701         -12.297          -17.736
   86 (occ)     1         -17.750           7.444         -19.773         -12.363          -17.715
   87 (occ)     1         -17.733           7.440         -19.759         -12.355          -17.698
   88 (occ)     1         -17.667           7.427         -19.820         -12.411          -17.648
   89 (occ)     1         -17.664           7.394         -19.723         -12.349          -17.644
   90 (occ)     1         -17.658           7.469         -19.857         -12.425          -17.621
   91 (occ)     1         -17.642           7.410         -19.783         -12.399          -17.616
   92 (occ)     1         -17.628           7.403         -19.773         -12.394          -17.604
   93 (occ)     1         -17.604           7.376         -19.722         -12.370          -17.580
   94 (occ)     1         -17.595           7.431         -19.827         -12.427          -17.563
   95 (occ)     1         -17.564           7.338         -19.617         -12.286          -17.557
   96 (occ)     1         -17.554           7.337         -19.694         -12.372          -17.538
   97 (occ)     1         -17.550           7.310         -19.604         -12.288          -17.556
   98 (occ)     1         -17.539           7.328         -19.672         -12.353          -17.530
   99 (occ)     1         -17.501           7.315         -19.610         -12.299          -17.497
  100 (occ)     1         -17.500           7.431         -19.818         -12.434          -17.454
  101 (occ)     1         -17.479           7.351         -19.772         -12.433          -17.467
  102 (occ)     1         -17.470           7.376         -19.785         -12.437          -17.442
  103 (occ)     1         -17.452           7.269         -19.676         -12.391          -17.468
  104 (occ)     1         -17.446           7.307         -19.736         -12.427          -17.448
  105 (occ)     1         -17.442           7.254         -19.583         -12.322          -17.449
  106 (occ)     1         -17.437           7.383         -19.786         -12.436          -17.403
  107 (occ)     1         -17.403           7.257         -19.627         -12.365          -17.408
  108 (occ)     1         -17.369           7.233         -19.584         -12.336          -17.384
  109 (occ)     1         -17.365           7.261         -19.676         -12.416          -17.364
  110 (occ)     1         -17.362           7.404         -19.784         -12.435          -17.307
  111 (occ)     1         -17.312           7.324         -19.749         -12.448          -17.290
  112 (occ)     1         -17.305           7.282         -19.728         -12.445          -17.306
  113 (occ)     1         -17.295           7.344         -19.746         -12.435          -17.262
  114 (occ)     1         -17.291           7.217         -19.635         -12.408          -17.300
  115 (occ)     1         -17.271           7.181         -19.563         -12.359          -17.294
  116 (occ)     1         -17.259           7.238         -19.690         -12.449          -17.262
  117 (occ)     1         -17.248           7.381         -19.751         -12.430          -17.187
  118 (occ)     1         -17.235           7.170         -19.597         -12.405          -17.257
  119 (occ)     1         -17.204           7.180         -19.633         -12.428          -17.229
  120 (occ)     1         -17.179           7.331         -19.728         -12.436          -17.140
  121 (occ)     1         -17.172           7.279         -19.708         -12.447          -17.153
  122 (occ)     1         -17.163           7.373         -19.727         -12.421          -17.096
  123 (occ)     1         -17.151           7.121         -19.547         -12.398          -17.179
  124 (occ)     1         -17.142           7.112         -19.593         -12.430          -17.193
  125 (occ)     1         -17.135           7.212         -19.672         -12.453          -17.142
  126 (occ)     1         -17.113           7.122         -19.477         -12.321          -17.147
  127 (occ)     1         -17.106           7.252         -19.608         -12.377          -17.085
  128 (occ)     1         -17.100           7.217         -19.574         -12.366          -17.091
  129 (occ)     1         -17.092           7.314         -19.702         -12.427          -17.052
  130 (occ)     1         -17.087           7.163         -19.648         -12.457          -17.116
  131 (occ)     1         -17.074           7.092         -19.559         -12.428          -17.113
  132 (occ)     1         -17.061           7.109         -19.488         -12.344          -17.095
  133 (occ)     1         -17.057           7.097         -19.542         -12.424          -17.077
  134 (occ)     1         -17.053           7.230         -19.658         -12.437          -17.044
  135 (occ)     1         -17.032           7.305         -19.682         -12.419          -16.990
  136 (occ)     1         -17.009           7.073         -19.471         -12.362          -17.045
  137 (occ)     1         -16.994           7.183         -19.647         -12.461          -16.997
  138 (occ)     1         -16.989           7.089         -19.565         -12.455          -17.010
  139 (occ)     1         -16.981           7.064         -19.543         -12.438          -17.022
  140 (occ)     1         -16.961           7.088         -19.527         -12.407          -16.993
  141 (occ)     1         -16.959           7.158         -19.589         -12.422          -16.968
  142 (occ)     1         -16.933           7.072         -19.578         -12.460          -16.979
  143 (occ)     1         -16.912           7.027         -19.533         -12.454          -16.964
  144 (occ)     1         -16.899           7.228         -19.638         -12.429          -16.880
  145 (occ)     1         -16.896           6.992         -19.470         -12.432          -16.942
  146 (occ)     1         -16.873           7.147         -19.614         -12.459          -16.881
  147 (occ)     1         -16.865           7.022         -19.484         -12.422          -16.905
  148 (occ)     1         -16.834           6.935         -19.473         -12.457          -16.915
  149 (occ)     1         -16.829           7.025         -19.569         -12.485          -16.888
  150 (occ)     1         -16.794           6.938         -19.425         -12.432          -16.849
  151 (occ)     1         -16.779           7.129         -19.586         -12.449          -16.787
  152 (occ)     1         -16.769           6.926         -19.461         -12.467          -16.837
  153 (occ)     1         -16.764           7.048         -19.558         -12.474          -16.799
  154 (occ)     1         -16.743           6.940         -19.440         -12.466          -16.777
  155 (occ)     1         -16.711           7.119         -19.566         -12.439          -16.719
  156 (occ)     1         -16.695           6.921         -19.431         -12.469          -16.737
  157 (occ)     1         -16.684           6.932         -19.432         -12.469          -16.714
  158 (occ)     1         -16.671           6.945         -19.504         -12.486          -16.743
  159 (occ)     1         -16.653           6.839         -19.378         -12.454          -16.737
  160 (occ)     1         -16.641           7.014         -19.522         -12.470          -16.679
  161 (occ)     1         -16.633           6.852         -19.312         -12.399          -16.694
  162 (occ)     1         -16.632           6.823         -19.294         -12.393          -16.710
  163 (occ)     1         -16.609           6.834         -19.315         -12.418          -16.672
  164 (occ)     1         -16.597           6.812         -19.307         -12.427          -16.666
  165 (occ)     1         -16.594           6.845         -19.333         -12.437          -16.645
  166 (occ)     1         -16.565           6.815         -19.348         -12.470          -16.627
  167 (occ)     1         -16.558           6.874         -19.407         -12.469          -16.622
  168 (occ)     1         -16.553           6.882         -19.432         -12.487          -16.616
  169 (occ)     1         -16.540           6.969         -19.490         -12.474          -16.586
  170 (occ)     1         -16.530           6.837         -19.358         -12.472          -16.580
  171 (occ)     1         -16.502           6.840         -19.346         -12.494          -16.515
  172 (occ)     1         -16.500           6.813         -19.338         -12.489          -16.535
  173 (occ)     1         -16.484           6.880         -19.417         -12.484          -16.537
  174 (occ)     1         -16.479           6.845         -19.338         -12.494          -16.478
  175 (occ)     1         -16.466           6.978         -19.467         -12.456          -16.499
  176 (occ)     1         -16.456           6.824         -19.322         -12.496          -16.458
  177 (occ)     1         -16.423           6.795         -19.347         -12.514          -16.461
  178 (occ)     1         -16.412           6.801         -19.333         -12.507          -16.437
  179 (occ)     1         -16.394           6.799         -19.412         -12.518          -16.490
  180 (occ)     1         -16.365           6.863         -19.427         -12.491          -16.438
  181 (occ)     1         -16.335           6.745         -19.322         -12.520          -16.394
  182 (occ)     1         -16.295           6.747         -19.348         -12.531          -16.366
  183 (occ)     1         -16.268           6.729         -19.307         -12.511          -16.336
  184 (occ)     1         -16.257           6.839         -19.396         -12.483          -16.331
  185 (occ)     1         -16.238           6.706         -19.316         -12.500          -16.348
  186 (occ)     1         -16.202           6.682         -19.240         -12.493          -16.267
  187 (occ)     1         -16.173           6.838         -19.372         -12.466          -16.241
  188 (occ)     1         -16.166           6.650         -19.207         -12.458          -16.264
  189 (occ)     1         -16.152           6.670         -19.292         -12.523          -16.251
  190 (occ)     1         -16.147           6.674         -19.223         -12.481          -16.215
  191 (occ)     1         -16.134           6.645         -19.142         -12.412          -16.218
  192 (occ)     1         -16.058           6.687         -19.283         -12.507          -16.147
  193 (occ)     1         -16.014           6.604         -19.258         -12.537          -16.131
  194 (occ)     1         -15.943           6.649         -19.269         -12.505          -16.058
  195 (occ)     1         -15.899           6.371         -19.193         -12.523          -16.198
  196 (occ)     1         -15.874           6.228         -19.146         -12.514          -16.278
  197 (occ)     1         -15.855           6.408         -19.148         -12.516          -16.079
  198 (occ)     1         -15.832           6.626         -19.228         -12.486          -15.949
  199 (occ)     1         -15.757           6.259         -19.053         -12.504          -16.047
  200 (occ)     1         -15.755           6.251         -19.047         -12.503          -16.048
  201 (occ)     1         -15.739           6.457         -19.097         -12.507          -15.873
  202 (occ)     1         -15.604           6.345         -19.022         -12.495          -15.786
  203 (occ)     1         -15.568           6.296         -18.944         -12.469          -15.746
  204 (occ)     1         -15.316           6.334         -18.972         -12.462          -15.492
  205 (occ)     1         -15.204           6.215         -18.868         -12.443          -15.414
  206 (occ)     1         -15.113           6.113         -18.768         -12.509          -15.260
  207 (occ)     1         -15.066           6.126         -18.786         -12.427          -15.299
  208 (occ)     1         -15.049           6.059         -18.745         -12.495          -15.239
  209 (occ)     1         -14.984           6.071         -18.821         -12.496          -15.238
  210 (occ)     1         -14.957           6.126         -18.852         -12.489          -15.196
  211 (occ)     1         -14.915           6.166         -18.859         -12.478          -15.129
  212 (occ)     1         -14.914           6.027         -18.691         -12.415          -15.163
  213 (occ)     1         -14.903           6.067         -18.728         -12.457          -15.107
  214 (occ)     1         -14.871           6.068         -18.746         -12.444          -15.104
  215 (occ)     1         -14.824           5.976         -18.684         -12.413          -15.119
  216 (occ)     1         -14.771           5.988         -18.625         -12.443          -14.964
  217 (occ)     1         -14.768           5.916         -18.627         -12.418          -15.062
  218 (occ)     1         -14.750           5.914         -18.623         -12.398          -15.061
  219 (occ)     1         -14.671           5.900         -18.601         -12.550          -14.823
  220 (occ)     1         -14.667           5.815         -18.617         -12.436          -15.033
  221 (occ)     1         -14.654           5.816         -18.556         -12.396          -14.998
  222 (occ)     1         -14.629           5.853         -18.572         -12.535          -14.813
  223 (occ)     1         -14.615           5.899         -18.531         -12.428          -14.819
  224 (occ)     1         -14.611           5.820         -18.564         -12.404          -14.951
  225 (occ)     1         -14.599           5.802         -18.512         -12.388          -14.922
  226 (occ)     1         -14.562           5.788         -18.494         -12.383          -14.885
  227 (occ)     1         -14.551           5.817         -18.531         -12.507          -14.758
  228 (occ)     1         -14.543           5.738         -18.492         -12.399          -14.899
  229 (occ)     1         -14.530           5.823         -18.544         -12.412          -14.839
  230 (occ)     1         -14.523           5.867         -18.573         -12.434          -14.794
  231 (occ)     1         -14.508           5.834         -18.575         -12.453          -14.797
  232 (occ)     1         -14.499           5.941         -18.676         -12.491          -14.744
  233 (occ)     1         -14.496           5.875         -18.485         -12.392          -14.714
  234 (occ)     1         -14.480           5.681         -18.464         -12.403          -14.860
  235 (occ)     1         -14.464           5.946         -18.680         -12.497          -14.701
  236 (occ)     1         -14.445           5.875         -18.565         -12.460          -14.675
  237 (occ)     1         -14.439           5.902         -18.598         -12.470          -14.665
  238 (occ)     1         -14.429           5.796         -18.469         -12.475          -14.627
  239 (occ)     1         -14.379           5.788         -18.398         -12.381          -14.607
  240 (occ)     1         -14.320           5.755         -18.336         -12.358          -14.542
  241 (occ)     1         -14.319           5.731         -18.358         -12.387          -14.560
  242 (occ)     1         -14.306           5.730         -18.437         -12.556          -14.456
  243 (occ)     1         -14.289           5.734         -18.382         -12.448          -14.489
  244 (occ)     1         -14.276           5.686         -18.410         -12.545          -14.455
  245 (occ)     1         -14.270           5.724         -18.378         -12.424          -14.500
  246 (occ)     1         -14.250           5.680         -18.386         -12.427          -14.529
  247 (occ)     1         -14.219           5.685         -18.351         -12.449          -14.435
  248 (occ)     1         -14.216           5.666         -18.326         -12.392          -14.485
  249 (occ)     1         -14.215           5.682         -18.348         -12.447          -14.434
  250 (occ)     1         -14.169           5.655         -18.376         -12.446          -14.444
  251 (occ)     1         -14.137           5.655         -18.295         -12.447          -14.330
  252 (occ)     1         -14.128           5.659         -18.289         -12.425          -14.333
  253 (occ)     1         -14.101           5.643         -18.391         -12.478          -14.372
  254 (occ)     1         -14.092           5.604         -18.332         -12.425          -14.396
  255 (occ)     1         -14.063           5.622         -18.264         -12.402          -14.304
  256 (occ)     1         -14.041           5.641         -18.396         -12.494          -14.302
  257 (occ)     1         -14.037           5.601         -18.291         -12.543          -14.184
  258 (occ)     1         -14.023           5.574         -18.266         -12.509          -14.206
  259 (occ)     1         -14.017           5.564         -18.230         -12.403          -14.281
  260 (occ)     1         -14.010           5.617         -18.241         -12.420          -14.215
  261 (occ)     1         -13.985           5.640         -18.434         -12.524          -14.255
  262 (occ)     1         -13.984           5.579         -18.217         -12.466          -14.157
  263 (occ)     1         -13.958           5.579         -18.197         -12.395          -14.181
  264 (occ)     1         -13.944           5.638         -18.422         -12.525          -14.203
  265 (occ)     1         -13.941           5.544         -18.271         -12.437          -14.230
  266 (occ)     1         -13.925           5.572         -18.142         -12.394          -14.101
  267 (occ)     1         -13.906           5.658         -18.446         -12.534          -14.160
  268 (occ)     1         -13.880           5.557         -18.116         -12.364          -14.075
  269 (occ)     1         -13.870           5.503         -18.156         -12.481          -14.042
  270 (occ)     1         -13.868           5.515         -18.174         -12.407          -14.121
  271 (occ)     1         -13.867           5.504         -18.131         -12.444          -14.050
  272 (occ)     1         -13.847           5.517         -18.161         -12.394          -14.097
  273 (occ)     1         -13.843           5.542         -18.104         -12.412          -13.993
  274 (occ)     1         -13.833           5.544         -18.080         -12.349          -14.020
  275 (occ)     1         -13.814           5.499         -18.207         -12.435          -14.086
  276 (occ)     1         -13.806           5.531         -18.044         -12.341          -13.977
  277 (occ)     1         -13.787           5.460         -18.036         -12.386          -13.977
  278 (occ)     1         -13.786           5.460         -18.032         -12.380          -13.978
  279 (occ)     1         -13.760           5.538         -18.024         -12.401          -13.845
  280 (occ)     1         -13.759           5.487         -18.090         -12.370          -13.993
  281 (occ)     1         -13.748           5.493         -17.933         -12.270          -13.918
  282 (occ)     1         -13.746           5.544         -17.918         -12.262          -13.858
  283 (occ)     1         -13.744           5.462         -17.958         -12.323          -13.917
  284 (occ)     1         -13.741           5.503         -17.924         -12.268          -13.895
  285 (occ)     1         -13.729           5.527         -17.952         -12.244          -13.909
  286 (occ)     1         -13.723           5.508         -18.006         -12.302          -13.918
  287 (occ)     1         -13.712           5.558         -17.867         -12.234          -13.787
  288 (occ)     1         -13.711           5.535         -17.972         -12.377          -13.771
  289 (occ)     1         -13.703           5.543         -17.818         -12.150          -13.829
  290 (occ)     1         -13.693           5.433         -18.237         -12.486          -14.011
  291 (occ)     1         -13.683           5.560         -17.756         -12.095          -13.785
  292 (occ)     1         -13.672           5.418         -18.142         -12.438          -13.957
  293 (occ)     1         -13.660           5.512         -17.795         -12.120          -13.822
  294 (occ)     1         -13.641           5.393         -18.063         -12.396          -13.914
  295 (occ)     1         -13.633           5.527         -17.728         -12.059          -13.775
  296 (occ)     1         -13.622           5.547         -17.676         -12.010          -13.740
  297 (occ)     1         -13.595           5.476         -17.832         -12.165          -13.786
  298 (occ)     1         -13.582           5.402         -18.231         -12.511          -13.900
  299 (occ)     1         -13.560           5.409         -17.997         -12.351          -13.797
  300 (occ)     1         -13.549           5.484         -17.660         -12.008          -13.718
  301 (occ)     1         -13.545           5.432         -17.896         -12.260          -13.749
  302 (occ)     1         -13.532           5.507         -17.626         -11.980          -13.670
  303 (occ)     1         -13.526           5.518         -17.619         -11.976          -13.650
  304 (occ)     1         -13.489           5.384         -18.234         -12.528          -13.810
  305 (occ)     1         -13.478           5.310         -18.080         -12.459          -13.788
  306 (occ)     1         -13.440           5.318         -18.026         -12.424          -13.724
  307 (occ)     1         -13.438           5.411         -17.690         -12.080          -13.637
  308 (occ)     1         -13.419           5.379         -18.223         -12.532          -13.731
  309 (occ)     1         -13.415           5.450         -17.520         -11.906          -13.579
  310 (occ)     1         -13.396           5.460         -17.549         -11.950          -13.534
  311 (occ)     1         -13.389           5.456         -17.563         -11.969          -13.526
  312 (occ)     1         -13.365           5.374         -18.215         -12.539          -13.667
  313 (occ)     1         -13.345           5.345         -17.809         -12.240          -13.568
  314 (occ)     1         -13.336           5.302         -17.908         -12.359          -13.583
  315 (occ)     1         -13.323           5.374         -18.219         -12.542          -13.626
  316 (occ)     1         -13.302           5.243         -18.055         -12.490          -13.624
  317 (occ)     1         -13.259           5.350         -17.520         -11.963          -13.466
  318 (occ)     1         -13.251           5.388         -17.394         -11.845          -13.413
  319 (occ)     1         -13.223           5.383         -17.493         -11.966          -13.367
  320 (occ)     1         -13.220           5.200         -17.934         -12.439          -13.514
  321 (occ)     1         -13.215           5.378         -17.475         -11.946          -13.366
  322 (occ)     1         -13.160           5.179         -18.027         -12.509          -13.499
  323 (occ)     1         -13.125           5.237         -17.662         -12.200          -13.351
  324 (occ)     1         -13.103           5.203         -17.831         -12.358          -13.373
  325 (occ)     1         -13.058           5.300         -17.283         -11.813          -13.228
  326 (occ)     1         -13.052           5.263         -17.341         -11.883          -13.248
  327 (occ)     1         -13.022           5.158         -17.921         -12.451          -13.334
  328 (occ)     1         -13.016           5.259         -17.497         -12.059          -13.194
  329 (occ)     1         -13.011           5.281         -17.373         -11.933          -13.170
  330 (occ)     1         -13.007           5.102         -17.871         -12.462          -13.314
  331 (occ)     1         -12.905           5.099         -17.990         -12.549          -13.247
  332 (occ)     1         -12.887           5.151         -17.599         -12.184          -13.152
  333 (occ)     1         -12.863           5.070         -17.721         -12.374          -13.140
  334 (occ)     1         -12.832           5.239         -17.259         -11.781          -13.071
  335 (occ)     1         -12.823           5.190         -17.306         -11.854          -13.085
  336 (occ)     1         -12.813           5.080         -17.970         -12.553          -13.150
  337 (occ)     1         -12.797           5.010         -17.823         -12.494          -13.117
  338 (occ)     1         -12.783           5.195         -17.391         -11.973          -13.006
  339 (occ)     1         -12.779           5.205         -17.369         -11.940          -13.004
  340 (occ)     1         -12.746           5.069         -17.969         -12.568          -13.077
  341 (occ)     1         -12.700           5.077         -17.975         -12.568          -13.029
  342 (occ)     1         -12.632           5.005         -17.452         -12.186          -12.893
  343 (occ)     1         -12.622           4.937         -17.743         -12.479          -12.949
  344 (occ)     1         -12.613           4.945         -17.663         -12.421          -12.910
  345 (occ)     1         -12.580           5.088         -17.056         -11.772          -12.777
  346 (occ)     1         -12.569           5.037         -17.111         -11.839          -12.804
  347 (occ)     1         -12.526           5.038         -17.193         -11.958          -12.723
  348 (occ)     1         -12.523           5.049         -17.196         -11.949          -12.721
  349 (occ)     1         -12.449           4.865         -17.740         -12.533          -12.791
  350 (occ)     1         -12.371           4.835         -17.551         -12.416          -12.671
  351 (occ)     1         -12.366           4.873         -17.356         -12.206          -12.643
  352 (occ)     1         -12.306           4.937         -16.962         -11.808          -12.523
  353 (occ)     1         -12.304           4.827         -17.594         -12.441          -12.629
  354 (occ)     1         -12.293           4.888         -17.051         -11.902          -12.553
  355 (occ)     1         -12.250           4.895         -17.074         -11.967          -12.461
  356 (occ)     1         -12.247           4.906         -17.058         -11.938          -12.461
  357 (occ)     1         -12.183           4.779         -17.702         -12.573          -12.533
  358 (occ)     1         -12.146           4.728         -17.494         -12.446          -12.466
  359 (occ)     1         -12.098           4.753         -17.684         -12.585          -12.445
  360 (occ)     1         -12.090           4.737         -17.260         -12.236          -12.378
  361 (occ)     1         -12.045           4.757         -17.676         -12.574          -12.391
  362 (occ)     1         -12.012           4.781         -16.774         -11.764          -12.240
  363 (occ)     1         -12.000           4.733         -16.860         -11.856          -12.271
  364 (occ)     1         -11.959           4.745         -16.960         -11.991          -12.182
  365 (occ)     1         -11.955           4.747         -16.896         -11.919          -12.185
  366 (occ)     1         -11.928           4.636         -17.437         -12.474          -12.255
  367 (occ)     1         -11.820           4.600         -17.171         -12.269          -12.122
  368 (occ)     1         -11.737           4.550         -17.399         -12.513          -12.073
  369 (occ)     1         -11.704           4.603         -16.634         -11.778          -11.957
  370 (occ)     1         -11.697           4.561         -16.729         -11.882          -11.984
  371 (occ)     1         -11.658           4.589         -16.796         -11.974          -11.891
  372 (occ)     1         -11.650           4.578         -16.729         -11.906          -11.896
  373 (occ)     1         -11.570           4.491         -17.368         -12.532          -11.915
  374 (occ)     1         -11.548           4.472         -17.118         -12.333          -11.861
  375 (occ)     1         -11.447           4.446         -17.376         -12.582          -11.795
  376 (occ)     1         -11.391           4.394         -16.587         -11.889          -11.695
  377 (occ)     1         -11.387           4.405         -16.509         -11.827          -11.663
  378 (occ)     1         -11.372           4.437         -17.369         -12.584          -11.720
  379 (occ)     1         -11.349           4.417         -16.598         -11.936          -11.595
  380 (occ)     1         -11.337           4.399         -16.569         -11.906          -11.601
  381 (occ)     1         -11.293           4.346         -17.025         -12.361          -11.612
  382 (occ)     1         -11.084           4.208         -16.532         -11.996          -11.412
  383 (occ)     1         -11.073           4.216         -16.246         -11.750          -11.353
  384 (occ)     1         -11.053           4.246         -16.995         -12.419          -11.384
  385 (occ)     1         -11.038           4.227         -16.373         -11.883          -11.301
  386 (occ)     1         -11.023           4.210         -16.381         -11.892          -11.302
  387 (occ)     1         -10.856           4.165         -16.994         -12.490          -11.194
  388 (occ)     1         -10.787           4.039         -16.404         -12.018          -11.134
  389 (occ)     1         -10.772           4.008         -16.015         -11.703          -11.075
  390 (occ)     1         -10.736           4.028         -16.146         -11.837          -11.017
  391 (occ)     1         -10.721           4.111         -16.819         -12.384          -11.045
  392 (occ)     1         -10.716           4.042         -16.398         -12.040          -11.032
  393 (occ)     1         -10.542           3.592         -15.622         -11.415          -11.157
  394 (occ)     1         -10.528           3.515         -15.635         -11.439          -11.209
  395 (occ)     1         -10.518           3.763         -15.906         -11.690          -10.971
  396 (occ)     1         -10.512           3.741         -15.682         -11.432          -11.021
  397 (occ)     1         -10.505           3.776         -15.711         -11.566          -10.874
  398 (occ)     1         -10.499           3.696         -15.518         -11.266          -11.055
  399 (occ)     1         -10.483           3.629         -15.721         -11.538          -11.037
  400 (occ)     1         -10.482           3.689         -15.481         -11.268          -11.006
  401 (occ)     1         -10.473           3.641         -15.504         -11.299          -11.037
  402 (occ)     1         -10.466           3.651         -15.570         -11.360          -11.025
  403 (occ)     1         -10.459           3.831         -15.919         -11.781          -10.767
  404 (occ)     1         -10.450           3.510         -15.621         -11.475          -11.087
  405 (occ)     1         -10.450           3.655         -15.507         -11.328          -10.973
  406 (occ)     1         -10.428           3.785         -15.885         -11.756          -10.773
  407 (occ)     1         -10.421           3.595         -15.585         -11.377          -11.034
  408 (occ)     1         -10.409           3.578         -15.559         -11.361          -11.029
  409 (occ)     1         -10.379           3.616         -15.491         -11.333          -10.920
  410 (occ)     1         -10.366           3.511         -15.628         -11.500          -10.984
  411 (occ)     1         -10.347           3.498         -15.705         -11.556          -10.998
  412 (occ)     1         -10.345           3.528         -15.594         -11.430          -10.982
  413 (occ)     1         -10.324           3.491         -15.692         -11.558          -10.966
  414 (occ)     1         -10.321           3.498         -15.573         -11.495          -10.899
  415 (occ)     1         -10.299           3.591         -15.514         -11.531          -10.690
  416 (occ)     1         -10.296           3.570         -15.478         -11.388          -10.815
  417 (occ)     1         -10.291           3.587         -15.515         -11.436          -10.783
  418 (occ)     1         -10.289           3.510         -15.539         -11.502          -10.816
  419 (occ)     1         -10.278           3.526         -15.599         -11.526          -10.825
  420 (occ)     1         -10.276           3.623         -15.396         -11.344          -10.704
  421 (occ)     1         -10.271           3.614         -15.427         -11.381          -10.704
  422 (occ)     1         -10.270           3.494         -15.740         -11.633          -10.884
  423 (occ)     1         -10.264           3.466         -15.681         -11.592          -10.887
  424 (occ)     1         -10.262           3.594         -15.661         -11.655          -10.674
  425 (occ)     1         -10.251           3.557         -15.505         -11.435          -10.764
  426 (occ)     1         -10.240           3.527         -15.459         -11.434          -10.738
  427 (occ)     1         -10.239           3.611         -15.320         -11.315          -10.633
  428 (occ)     1         -10.230           3.472         -15.583         -11.520          -10.820
  429 (occ)     1         -10.225           3.633         -15.605         -11.573          -10.624
  430 (occ)     1         -10.221           3.694         -15.816         -11.779          -10.564
  431 (occ)     1         -10.219           3.509         -15.509         -11.473          -10.746
  432 (occ)     1         -10.201           3.532         -15.452         -11.400          -10.720
  433 (occ)     1         -10.194           3.552         -15.487         -11.482          -10.647
  434 (occ)     1         -10.187           3.552         -15.490         -11.543          -10.582
  435 (occ)     1         -10.178           3.548         -15.269         -11.427          -10.472
  436 (occ)     1         -10.173           3.493         -15.439         -11.487          -10.632
  437 (occ)     1         -10.158           3.576         -15.344         -11.363          -10.562
  438 (occ)     1         -10.151           3.474         -15.418         -11.443          -10.652
  439 (occ)     1         -10.136           3.490         -15.463         -11.438          -10.671
  440 (occ)     1         -10.125           3.496         -15.262         -11.445          -10.446
  441 (occ)     1         -10.119           3.403         -15.594         -11.545          -10.766
  442 (occ)     1         -10.103           3.445         -15.424         -11.504          -10.577
  443 (occ)     1         -10.091           3.451         -15.421         -11.489          -10.571
  444 (occ)     1         -10.075           3.355         -15.655         -11.584          -10.791
  445 (occ)     1         -10.058           3.483         -15.377         -11.444          -10.508
  446 (occ)     1         -10.057           3.450         -15.445         -11.483          -10.568
  447 (occ)     1         -10.040           3.322         -15.637         -11.589          -10.767
  448 (occ)     1         -10.026           3.441         -15.284         -11.483          -10.386
  449 (occ)     1         -10.023           3.461         -15.441         -11.476          -10.527
  450 (occ)     1         -10.018           3.503         -15.361         -11.419          -10.457
  451 (occ)     1         -10.018           3.507         -15.285         -11.389          -10.406
  452 (occ)     1         -10.007           3.388         -15.408         -11.521          -10.506
  453 (occ)     1         -10.000           3.408         -15.429         -11.588          -10.433
  454 (occ)     1          -9.990           3.454         -15.394         -11.438          -10.492
  455 (occ)     1          -9.984           3.395         -15.456         -11.514          -10.531
  456 (occ)     1          -9.973           3.454         -15.331         -11.461          -10.388
  457 (occ)     1          -9.966           3.429         -15.360         -11.498          -10.399
  458 (occ)     1          -9.949           3.409         -15.350         -11.524          -10.366
  459 (occ)     1          -9.948           3.441         -15.369         -11.463          -10.414
  460 (occ)     1          -9.940           3.391         -15.397         -11.510          -10.436
  461 (occ)     1          -9.938           3.422         -15.352         -11.471          -10.397
  462 (occ)     1          -9.935           3.343         -15.490         -11.595          -10.486
  463 (occ)     1          -9.918           3.370         -15.409         -11.649          -10.309
  464 (occ)     1          -9.913           3.396         -15.408         -11.520          -10.405
  465 (occ)     1          -9.901           3.355         -15.319         -11.566          -10.300
  466 (occ)     1          -9.896           3.392         -15.429         -11.531          -10.402
  467 (occ)     1          -9.887           3.381         -15.342         -11.547          -10.301
  468 (occ)     1          -9.879           3.378         -15.329         -11.497          -10.332
  469 (occ)     1          -9.878           3.350         -15.418         -11.573          -10.373
  470 (occ)     1          -9.867           3.314         -15.544         -11.631          -10.465
  471 (occ)     1          -9.860           3.322         -15.360         -11.563          -10.336
  472 (occ)     1          -9.836           3.316         -15.504         -11.621          -10.403
  473 (occ)     1          -9.820           3.286         -15.413         -11.613          -10.334
  474 (occ)     1          -9.816           3.385         -15.344         -11.529          -10.246
  475 (occ)     1          -9.809           3.305         -15.325         -11.553          -10.277
  476 (occ)     1          -9.805           3.373         -15.312         -11.497          -10.246
  477 (occ)     1          -9.804           3.331         -15.404         -11.659          -10.218
  478 (occ)     1          -9.782           3.322         -15.379         -11.593          -10.246
  479 (occ)     1          -9.781           3.284         -15.349         -11.620          -10.226
  480 (occ)     1          -9.775           3.374         -15.629         -11.809          -10.221
  481 (occ)     1          -9.764           3.287         -15.404         -11.665          -10.217
  482 (occ)     1          -9.745           3.288         -15.381         -11.640          -10.198
  483 (occ)     1          -9.741           3.275         -15.318         -11.595          -10.189
  484 (occ)     1          -9.722           3.266         -15.379         -11.720          -10.115
  485 (occ)     1          -9.717           3.308         -15.305         -11.565          -10.150
  486 (occ)     1          -9.712           3.310         -15.317         -11.586          -10.133
  487 (occ)     1          -9.711           3.253         -15.356         -11.628          -10.186
  488 (occ)     1          -9.705           3.294         -15.286         -11.573          -10.125
  489 (occ)     1          -9.701           3.288         -15.298         -11.578          -10.133
  490 (occ)     1          -9.700           3.300         -15.306         -11.577          -10.128
  491 (occ)     1          -9.693           3.285         -15.280         -11.567          -10.121
  492 (occ)     1          -9.683           3.256         -15.255         -11.593          -10.089
  493 (occ)     1          -9.668           3.267         -15.328         -11.619          -10.109
  494 (occ)     1          -9.666           3.235         -15.323         -11.638          -10.116
  495 (occ)     1          -9.647           3.282         -15.271         -11.634          -10.001
  496 (occ)     1          -9.639           3.213         -15.369         -11.673          -10.121
  497 (occ)     1          -9.635           3.237         -15.319         -11.667          -10.050
  498 (occ)     1          -9.630           3.222         -15.308         -11.658          -10.058
  499 (occ)     1          -9.618           3.262         -15.335         -11.652          -10.039
  500 (occ)     1          -9.606           3.226         -15.352         -11.680          -10.052
  501 (occ)     1          -9.600           3.221         -15.284         -11.641          -10.021
  502 (occ)     1          -9.592           3.244         -15.386         -11.732          -10.002
  503 (occ)     1          -9.589           3.199         -15.285         -11.662          -10.014
  504 (occ)     1          -9.581           3.236         -15.399         -11.758           -9.987
  505 (occ)     1          -9.578           3.204         -15.337         -11.691          -10.020
  506 (occ)     1          -9.560           3.210         -15.344         -11.723           -9.972
  507 (occ)     1          -9.555           3.216         -15.362         -11.746           -9.956
  508 (occ)     1          -9.546           3.196         -15.280         -11.712           -9.918
  509 (occ)     1          -9.538           3.202         -15.342         -11.729           -9.948
  510 (occ)     1          -9.532           3.199         -15.306         -11.703           -9.935
  511 (occ)     1          -9.522           3.183         -15.281         -11.651           -9.968
  512 (occ)     1          -9.511           3.205         -15.241         -11.638           -9.910
  513 (occ)     1          -9.508           3.177         -15.255         -11.652           -9.934
  514 (occ)     1          -9.501           3.185         -15.246         -11.666           -9.895
  515 (occ)     1          -9.499           3.192         -15.375         -11.783           -9.900
  516 (occ)     1          -9.494           3.235         -15.256         -11.725           -9.789
  517 (occ)     1          -9.491           3.146         -15.182         -11.659           -9.868
  518 (occ)     1          -9.486           3.198         -15.282         -11.676           -9.894
  519 (occ)     1          -9.479           3.196         -15.263         -11.708           -9.838
  520 (occ)     1          -9.461           3.128         -15.242         -11.716           -9.859
  521 (occ)     1          -9.461           3.146         -15.236         -11.692           -9.860
  522 (occ)     1          -9.452           3.238         -15.425         -11.793           -9.846
  523 (occ)     1          -9.451           3.120         -15.206         -11.713           -9.823
  524 (occ)     1          -9.440           3.126         -15.194         -11.669           -9.838
  525 (occ)     1          -9.438           3.173         -15.301         -11.754           -9.812
  526 (occ)     1          -9.436           3.103         -15.235         -11.715           -9.853
  527 (occ)     1          -9.426           3.275         -15.558         -11.954           -9.754
  528 (occ)     1          -9.418           3.301         -15.615         -11.968           -9.764
  529 (occ)     1          -9.416           3.123         -15.272         -11.736           -9.828
  530 (occ)     1          -9.407           3.130         -15.222         -11.736           -9.763
  531 (occ)     1          -9.404           3.117         -15.279         -11.766           -9.799
  532 (occ)     1          -9.398           3.149         -15.239         -11.703           -9.786
  533 (occ)     1          -9.396           3.070         -15.208         -11.745           -9.789
  534 (occ)     1          -9.389           3.087         -15.230         -11.769           -9.763
  535 (occ)     1          -9.377           3.153         -15.302         -11.806           -9.721
  536 (occ)     1          -9.374           3.160         -15.306         -11.797           -9.722
  537 (occ)     1          -9.357           3.032         -15.191         -11.744           -9.771
  538 (occ)     1          -9.356           3.075         -15.219         -11.736           -9.764
  539 (occ)     1          -9.352           3.060         -15.242         -11.786           -9.747
  540 (occ)     1          -9.352           3.072         -15.229         -11.753           -9.757
  541 (occ)     1          -9.345           3.132         -15.209         -11.725           -9.696
  542 (occ)     1          -9.339           3.102         -15.190         -11.725           -9.702
  543 (occ)     1          -9.337           3.091         -15.257         -11.809           -9.694
  544 (occ)     1          -9.312           2.984         -15.184         -11.795           -9.717
  545 (occ)     1          -9.309           3.069         -15.255         -11.827           -9.667
  546 (occ)     1          -9.305           3.025         -15.217         -11.814           -9.684
  547 (occ)     1          -9.282           3.023         -15.254         -11.824           -9.689
  548 (occ)     1          -9.275           2.945         -15.196         -11.827           -9.699
  549 (occ)     1          -9.264           3.079         -15.383         -11.903           -9.664
  550 (occ)     1          -9.262           3.040         -15.211         -11.727           -9.706
  551 (occ)     1          -9.256           3.013         -15.270         -11.848           -9.666
  552 (occ)     1          -9.237           3.344         -15.732         -12.072           -9.553
  553 (occ)     1          -9.233           3.095         -15.355         -11.864           -9.628
  554 (occ)     1          -9.232           2.984         -15.190         -11.810           -9.628
  555 (occ)     1          -9.200           2.969         -15.180         -11.814           -9.597
  556 (occ)     1          -9.178           3.041         -15.395         -11.920           -9.612
  557 (occ)     1          -9.171           2.986         -15.190         -11.779           -9.595
  558 (occ)     1          -9.164           2.960         -15.175         -11.810           -9.570
  559 (occ)     1          -9.161           3.098         -15.388         -11.915           -9.536
  560 (occ)     1          -9.154           3.585         -16.021         -12.211           -9.379
  561 (occ)     1          -9.151           2.969         -15.215         -11.824           -9.572
  562 (occ)     1          -9.142           3.017         -15.316         -11.886           -9.554
  563 (occ)     1          -9.077           3.084         -15.354         -11.877           -9.470
  564 (occ)     1          -9.044           3.324         -15.608         -11.987           -9.341
  565 (occ)     1          -9.039           3.490         -15.787         -12.061           -9.275
  566 (occ)     1          -9.018           3.466         -15.734         -12.024           -9.261
  567 (occ)     1          -9.000           3.036         -15.058         -11.649           -9.373
  568 (occ)     1          -8.987           3.055         -15.027         -11.605           -9.353
  569 (occ)     1          -8.962           2.991         -15.087         -11.707           -9.352
  570 (occ)     1          -8.933           2.933         -15.183         -11.843           -9.340
  571 (occ)     1          -8.929           3.506         -15.627         -11.913           -9.136
  572 (occ)     1          -8.914           3.002         -14.959         -11.577           -9.294
  573 (occ)     1          -8.889           3.098         -15.354         -11.917           -9.228
  574 (occ)     1          -8.882           2.948         -15.084         -11.734           -9.284
  575 (occ)     1          -8.858           2.894         -15.144         -11.856           -9.253
  576 (occ)     1          -8.852           3.337         -15.418         -11.828           -9.105
  577 (occ)     1          -8.822           2.872         -15.190         -11.900           -9.241
  578 (occ)     1          -8.808           2.977         -15.020         -11.653           -9.197
  579 (occ)     1          -8.798           3.329         -14.733         -11.092           -9.111
  580 (occ)     1          -8.795           3.426         -14.230         -10.539           -9.060
  581 (occ)     1          -8.794           3.237         -14.770         -11.219           -9.108
  582 (occ)     1          -8.781           3.396         -15.310         -11.695           -9.000
  583 (occ)     1          -8.748           3.029         -15.187         -11.811           -9.095
  584 (occ)     1          -8.705           3.146         -14.650         -11.163           -9.046
  585 (occ)     1          -8.705           3.219         -14.761         -11.204           -9.042
  586 (occ)     1          -8.702           3.267         -14.381         -10.821           -8.995
  587 (occ)     1          -8.693           3.201         -14.733         -11.201           -9.024
  588 (occ)     1          -8.682           3.137         -15.159         -11.732           -8.972
  589 (occ)     1          -8.671           2.963         -15.140         -11.825           -9.024
  590 (occ)     1          -8.668           2.948         -14.931         -11.601           -9.050
  591 (occ)     1          -8.642           2.890         -15.179         -11.906           -9.024
  592 (occ)     1          -8.620           3.287         -15.042         -11.525           -8.850
  593 (occ)     1          -8.620           2.833         -15.144         -11.913           -9.019
  594 (occ)     1          -8.614           3.240         -14.287         -10.707           -8.954
  595 (occ)     1          -8.590           2.913         -14.908         -11.606           -8.979
  596 (occ)     1          -8.588           3.057         -14.651         -11.273           -8.909
  597 (occ)     1          -8.553           3.124         -14.699         -11.282           -8.846
  598 (occ)     1          -8.548           3.136         -14.685         -11.256           -8.841
  599 (occ)     1          -8.541           3.035         -14.591         -11.150           -8.947
  600 (occ)     1          -8.521           3.071         -14.514         -11.066           -8.898
  601 (occ)     1          -8.515           3.136         -14.728         -11.236           -8.871
  602 (occ)     1          -8.504           3.115         -14.734         -11.264           -8.858
  603 (occ)     1          -8.502           3.120         -14.950         -11.555           -8.777
  604 (occ)     1          -8.478           2.923         -14.853         -11.583           -8.825
  605 (occ)     1          -8.468           3.037         -14.671         -11.291           -8.810
  606 (occ)     1          -8.459           3.017         -14.662         -11.284           -8.820
  607 (occ)     1          -8.456           3.069         -14.675         -11.268           -8.794
  608 (occ)     1          -8.450           3.195         -14.779         -11.340           -8.694
  609 (occ)     1          -8.432           2.984         -14.668         -11.322           -8.794
  610 (occ)     1          -8.406           2.849         -14.851         -11.646           -8.762
  611 (occ)     1          -8.389           2.695         -15.070         -12.005           -8.759
  612 (occ)     1          -8.366           2.877         -14.724         -11.479           -8.733
  613 (occ)     1          -8.349           3.019         -14.586         -11.141           -8.775
  614 (occ)     1          -8.335           2.843         -14.907         -11.716           -8.683
  615 (occ)     1          -8.330           2.873         -14.901         -11.699           -8.659
  616 (occ)     1          -8.324           3.013         -14.652         -11.300           -8.664
  617 (occ)     1          -8.315           2.909         -14.688         -11.418           -8.677
  618 (occ)     1          -8.309           2.970         -14.696         -11.395           -8.641
  619 (occ)     1          -8.308           3.024         -14.669         -11.297           -8.655
  620 (occ)     1          -8.300           2.884         -14.786         -11.568           -8.633
  621 (occ)     1          -8.291           2.982         -14.688         -11.365           -8.631
  622 (occ)     1          -8.271           3.060         -14.349         -10.934           -8.626
  623 (occ)     1          -8.269           3.106         -14.630         -11.283           -8.510
  624 (occ)     1          -8.263           2.939         -14.515         -11.220           -8.620
  625 (occ)     1          -8.216           2.728         -14.845         -11.764           -8.568
  626 (occ)     1          -8.213           2.675         -15.017         -11.979           -8.575
  627 (occ)     1          -8.194           2.913         -14.617         -11.389           -8.509
  628 (occ)     1          -8.193           2.902         -14.631         -11.385           -8.537
  629 (occ)     1          -8.167           2.982         -14.652         -11.248           -8.590
  630 (occ)     1          -8.164           2.835         -14.841         -11.704           -8.466
  631 (occ)     1          -8.150           2.849         -14.761         -11.556           -8.507
  632 (occ)     1          -8.147           2.915         -14.660         -11.388           -8.505
  633 (occ)     1          -8.138           2.914         -14.685         -11.374           -8.536
  634 (occ)     1          -8.132           2.846         -14.697         -11.500           -8.484
  635 (occ)     1          -8.116           2.880         -14.707         -11.444           -8.499
  636 (occ)     1          -8.108           2.890         -14.719         -11.435           -8.503
  637 (occ)     1          -8.106           2.963         -14.591         -11.267           -8.468
  638 (occ)     1          -8.105           2.945         -14.612         -11.295           -8.477
  639 (occ)     1          -8.099           2.995         -14.604         -11.243           -8.465
  640 (occ)     1          -8.092           2.708         -14.878         -11.825           -8.438
  641 (occ)     1          -8.086           2.894         -14.626         -11.375           -8.444
  642 (occ)     1          -8.076           3.011         -14.483         -11.228           -8.320
  643 (occ)     1          -8.053           2.799         -14.855         -11.663           -8.446
  644 (occ)     1          -8.052           2.785         -14.903         -11.708           -8.461
  645 (occ)     1          -8.048           2.731         -15.005         -11.939           -8.383
  646 (occ)     1          -8.040           2.906         -14.760         -11.465           -8.429
  647 (occ)     1          -8.027           2.838         -14.841         -11.610           -8.420
  648 (occ)     1          -8.017           2.768         -14.853         -11.717           -8.384
  649 (occ)     1          -8.012           2.775         -14.887         -11.737           -8.388
  650 (occ)     1          -8.006           2.849         -14.791         -11.552           -8.396
  651 (occ)     1          -7.999           2.799         -14.720         -11.565           -8.355
  652 (occ)     1          -7.997           2.868         -14.735         -11.509           -8.355
  653 (occ)     1          -7.983           2.733         -14.914         -11.823           -8.341
  654 (occ)     1          -7.981           2.853         -14.838         -11.573           -8.393
  655 (occ)     1          -7.975           2.814         -14.937         -11.699           -8.400
  656 (occ)     1          -7.971           2.872         -14.812         -11.563           -8.349
  657 (occ)     1          -7.955           2.740         -14.825         -11.709           -8.331
  658 (occ)     1          -7.943           2.833         -14.749         -11.542           -8.318
  659 (occ)     1          -7.940           2.862         -14.741         -11.466           -8.353
  660 (occ)     1          -7.933           2.846         -14.614         -11.416           -8.285
  661 (occ)     1          -7.922           2.746         -14.762         -11.638           -8.300
  662 (occ)     1          -7.919           2.785         -14.688         -11.556           -8.267
  663 (occ)     1          -7.911           2.810         -14.698         -11.507           -8.293
  664 (occ)     1          -7.901           2.810         -14.569         -11.427           -8.233
  665 (occ)     1          -7.898           2.808         -14.567         -11.450           -8.207
  666 (occ)     1          -7.892           2.770         -14.691         -11.568           -8.245
  667 (occ)     1          -7.888           2.799         -14.663         -11.503           -8.249
  668 (occ)     1          -7.877           2.768         -14.755         -11.612           -8.253
  669 (occ)     1          -7.871           2.901         -14.367         -11.215           -8.122
  670 (occ)     1          -7.866           2.800         -14.623         -11.498           -8.191
  671 (occ)     1          -7.857           2.785         -14.699         -11.557           -8.214
  672 (occ)     1          -7.857           2.844         -14.549         -11.373           -8.190
  673 (occ)     1          -7.851           2.647         -14.824         -11.834           -8.194
  674 (occ)     1          -7.845           2.762         -14.597         -11.515           -8.165
  675 (occ)     1          -7.838           2.768         -14.545         -11.436           -8.179
  676 (occ)     1          -7.835           2.756         -14.515         -11.421           -8.173
  677 (occ)     1          -7.827           2.771         -14.606         -11.487           -8.175
  678 (occ)     1          -7.818           2.766         -14.582         -11.474           -8.160
  679 (occ)     1          -7.815           2.717         -14.630         -11.562           -8.167
  680 (occ)     1          -7.814           2.723         -14.693         -11.643           -8.142
  681 (occ)     1          -7.805           2.767         -14.457         -11.349           -8.146
  682 (occ)     1          -7.788           2.759         -14.553         -11.468           -8.114
  683 (occ)     1          -7.788           2.791         -14.495         -11.413           -8.079
  684 (occ)     1          -7.782           2.704         -14.546         -11.518           -8.106
  685 (occ)     1          -7.778           2.786         -14.495         -11.400           -8.087
  686 (occ)     1          -7.764           2.735         -14.515         -11.470           -8.075
  687 (occ)     1          -7.760           2.762         -14.576         -11.479           -8.095
  688 (occ)     1          -7.752           2.769         -14.427         -11.334           -8.075
  689 (occ)     1          -7.747           2.751         -14.553         -11.511           -8.038
  690 (occ)     1          -7.746           2.776         -14.359         -11.247           -8.082
  691 (occ)     1          -7.740           2.667         -14.730         -11.745           -8.059
  692 (occ)     1          -7.739           2.761         -14.462         -11.381           -8.059
  693 (occ)     1          -7.735           2.774         -14.391         -11.265           -8.087
  694 (occ)     1          -7.734           2.705         -14.626         -11.601           -8.054
  695 (occ)     1          -7.728           2.711         -14.508         -11.459           -8.065
  696 (occ)     1          -7.720           2.724         -14.559         -11.491           -8.065
  697 (occ)     1          -7.711           2.749         -14.485         -11.418           -8.029
  698 (occ)     1          -7.710           2.597         -14.704         -11.783           -8.034
  699 (occ)     1          -7.701           2.604         -14.640         -11.718           -8.019
  700 (occ)     1          -7.698           2.740         -14.509         -11.457           -8.010
  701 (occ)     1          -7.689           2.692         -14.489         -11.478           -8.008
  702 (occ)     1          -7.688           2.714         -14.427         -11.376           -8.026
  703 (occ)     1          -7.679           2.743         -14.331         -11.235           -8.032
  704 (occ)     1          -7.669           2.677         -14.569         -11.612           -7.949
  705 (occ)     1          -7.667           2.699         -14.579         -11.572           -7.975
  706 (occ)     1          -7.666           2.665         -14.444         -11.443           -8.003
  707 (occ)     1          -7.656           2.670         -14.601         -11.632           -7.955
  708 (occ)     1          -7.656           2.744         -14.487         -11.403           -7.995
  709 (occ)     1          -7.643           2.700         -14.603         -11.577           -7.969
  710 (occ)     1          -7.637           2.705         -14.452         -11.410           -7.974
  711 (occ)     1          -7.631           2.698         -14.494         -11.505           -7.922
  712 (occ)     1          -7.626           2.684         -14.653         -11.648           -7.948
  713 (occ)     1          -7.621           2.697         -14.570         -11.513           -7.982
  714 (occ)     1          -7.618           2.618         -14.520         -11.549           -7.971
  715 (occ)     1          -7.611           2.664         -14.488         -11.475           -7.960
  716 (occ)     1          -7.597           2.696         -14.547         -11.533           -7.914
  717 (occ)     1          -7.589           2.676         -14.568         -11.573           -7.908
  718 (occ)     1          -7.584           2.711         -14.310         -11.301           -7.882
  719 (occ)     1          -7.578           2.703         -14.529         -11.494           -7.910
  720 (occ)     1          -7.578           2.690         -14.516         -11.489           -7.915
  721 (occ)     1          -7.576           2.669         -14.502         -11.489           -7.919
  722 (occ)     1          -7.571           2.699         -14.662         -11.656           -7.879
  723 (occ)     1          -7.569           2.672         -14.475         -11.452           -7.919
  724 (occ)     1          -7.561           2.610         -14.504         -11.565           -7.891
  725 (occ)     1          -7.549           2.713         -14.381         -11.363           -7.854
  726 (occ)     1          -7.543           2.583         -14.591         -11.680           -7.871
  727 (occ)     1          -7.536           2.655         -14.513         -11.523           -7.871
  728 (occ)     1          -7.533           2.672         -14.462         -11.449           -7.873
  729 (occ)     1          -7.519           2.681         -14.419         -11.416           -7.842
  730 (occ)     1          -7.516           2.641         -14.482         -11.493           -7.864
  731 (occ)     1          -7.512           2.695         -14.738         -11.767           -7.788
  732 (occ)     1          -7.508           2.557         -14.636         -11.759           -7.828
  733 (occ)     1          -7.497           2.489         -14.852         -12.036           -7.824
  734 (occ)     1          -7.492           2.623         -14.495         -11.554           -7.810
  735 (occ)     1          -7.490           2.640         -14.499         -11.538           -7.811
  736 (occ)     1          -7.486           2.621         -14.514         -11.578           -7.801
  737 (occ)     1          -7.479           2.581         -14.573         -11.659           -7.812
  738 (occ)     1          -7.476           2.631         -14.446         -11.489           -7.802
  739 (occ)     1          -7.467           2.671         -14.500         -11.489           -7.807
  740 (occ)     1          -7.462           2.664         -14.595         -11.623           -7.769
  741 (occ)     1          -7.460           2.645         -14.439         -11.461           -7.793
  742 (occ)     1          -7.444           2.662         -14.361         -11.389           -7.754
  743 (occ)     1          -7.440           2.631         -14.395         -11.435           -7.768
  744 (occ)     1          -7.427           2.637         -14.361         -11.410           -7.741
  745 (occ)     1          -7.422           2.657         -14.352         -11.398           -7.719
  746 (occ)     1          -7.422           2.451         -14.688         -11.904           -7.755
  747 (occ)     1          -7.418           2.610         -14.386         -11.461           -7.733
  748 (occ)     1          -7.409           2.580         -14.474         -11.568           -7.736
  749 (occ)     1          -7.403           2.631         -14.441         -11.488           -7.725
  750 (occ)     1          -7.399           2.616         -14.490         -11.580           -7.694
  751 (occ)     1          -7.389           2.540         -14.553         -11.693           -7.709
  752 (occ)     1          -7.386           2.635         -14.277         -11.329           -7.699
  753 (occ)     1          -7.382           2.639         -14.237         -11.326           -7.654
  754 (occ)     1          -7.380           2.666         -14.446         -11.481           -7.679
  755 (occ)     1          -7.374           2.620         -14.424         -11.495           -7.682
  756 (occ)     1          -7.371           2.608         -14.702         -11.788           -7.678
  757 (occ)     1          -7.371           2.624         -14.477         -11.557           -7.667
  758 (occ)     1          -7.367           2.660         -14.617         -11.658           -7.666
  759 (occ)     1          -7.364           2.503         -14.749         -11.924           -7.686
  760 (occ)     1          -7.363           2.672         -14.363         -11.404           -7.650
  761 (occ)     1          -7.353           2.585         -14.154         -11.308           -7.614
  762 (occ)     1          -7.328           2.584         -14.218         -11.311           -7.651
  763 (occ)     1          -7.323           2.566         -14.393         -11.528           -7.622
  764 (occ)     1          -7.319           2.565         -14.385         -11.513           -7.626
  765 (occ)     1          -7.305           2.653         -14.390         -11.468           -7.574
  766 (occ)     1          -7.301           2.397         -14.693         -11.974           -7.623
  767 (occ)     1          -7.292           2.565         -14.480         -11.585           -7.622
  768 (occ)     1          -7.283           2.512         -14.237         -11.446           -7.562
  769 (occ)     1          -7.274           2.607         -14.654         -11.744           -7.576
  770 (occ)     1          -7.263           2.444         -14.523         -11.815           -7.526
  771 (occ)     1          -7.251           2.510         -14.492         -11.665           -7.568
  772 (occ)     1          -7.248           2.498         -14.497         -11.679           -7.568
  773 (occ)     1          -7.243           2.418         -14.593         -11.847           -7.571
  774 (occ)     1          -7.236           2.624         -14.370         -11.437           -7.544
  775 (occ)     1          -7.233           2.521         -14.207         -11.392           -7.527
  776 (occ)     1          -7.209           2.442         -14.411         -11.647           -7.531
  777 (occ)     1          -7.205           2.599         -14.458         -11.580           -7.484
  778 (occ)     1          -7.200           2.484         -14.372         -11.586           -7.502
  779 (occ)     1          -7.192           2.609         -14.597         -11.707           -7.473
  780 (occ)     1          -7.191           2.326         -14.673         -12.001           -7.537
  781 (occ)     1          -7.187           2.537         -14.472         -11.639           -7.482
  782 (occ)     1          -7.176           2.614         -14.547         -11.683           -7.426
  783 (occ)     1          -7.145           2.498         -14.341         -11.564           -7.424
  784 (occ)     1          -7.144           2.278         -14.708         -12.116           -7.458
  785 (occ)     1          -7.137           2.422         -14.573         -11.837           -7.451
  786 (occ)     1          -7.130           2.569         -13.976         -11.154           -7.383
  787 (occ)     1          -7.123           2.256         -14.908         -12.377           -7.398
  788 (occ)     1          -7.095           2.530         -13.980         -11.168           -7.377
  789 (occ)     1          -7.091           2.446         -14.423         -11.655           -7.413
  790 (occ)     1          -7.081           2.445         -14.185         -11.421           -7.399
  791 (occ)     1          -7.047           2.368         -14.329         -11.659           -7.350
  792 (occ)     1          -7.028           2.340         -14.428         -11.785           -7.331
  793 (occ)     1          -7.021           2.441         -14.222         -11.489           -7.313
  794 (occ)     1          -7.003           2.440         -14.235         -11.487           -7.312
  795 (occ)     1          -7.003           2.438         -14.105         -11.355           -7.316
  796 (occ)     1          -6.997           2.462         -14.158         -11.401           -7.291
  797 (occ)     1          -6.993           2.207         -14.879         -12.396           -7.269
  798 (occ)     1          -6.981           2.433         -14.302         -11.581           -7.269
  799 (occ)     1          -6.974           2.452         -14.347         -11.633           -7.236
  800 (occ)     1          -6.969           2.448         -14.364         -11.615           -7.271
  801 (occ)     1          -6.943           2.152         -14.817         -12.344           -7.264
  802 (occ)     1          -6.880           2.202         -14.807         -12.316           -7.170
  803 (occ)     1          -6.858           2.429         -13.757         -11.091           -7.095
  804 (occ)     1          -6.848           2.271         -14.388         -11.799           -7.164
  805 (occ)     1          -6.830           2.392         -13.818         -11.163           -7.093
  806 (occ)     1          -6.830           2.162         -14.677         -12.224           -7.120
  807 (occ)     1          -6.820           2.358         -14.186         -11.555           -7.092
  808 (occ)     1          -6.800           2.352         -14.284         -11.625           -7.107
  809 (occ)     1          -6.781           2.304         -14.158         -11.590           -7.045
  810 (occ)     1          -6.767           2.200         -14.508         -12.009           -7.065
  811 (occ)     1          -6.755           2.227         -14.460         -11.975           -7.013
  812 (occ)     1          -6.754           2.221         -14.464         -11.974           -7.023
  813 (occ)     1          -6.745           2.117         -14.797         -12.368           -7.057
  814 (occ)     1          -6.728           2.335         -14.144         -11.540           -6.998
  815 (occ)     1          -6.711           2.333         -14.174         -11.566           -6.986
  816 (occ)     1          -6.652           2.066         -14.887         -12.547           -6.927
  817 (occ)     1          -6.605           2.264         -13.897         -11.340           -6.898
  818 (occ)     1          -6.587           2.285         -14.156         -11.438           -7.020
  819 (occ)     1          -6.583           2.356         -14.054         -11.269           -7.011
  820 (occ)     1          -6.577           2.322         -14.072         -11.280           -7.047
  821 (occ)     1          -6.575           2.366         -14.078         -11.283           -7.004
  822 (occ)     1          -6.560           2.078         -14.722         -12.346           -6.858
  823 (occ)     1          -6.559           2.316         -13.575         -11.067           -6.752
  824 (occ)     1          -6.527           2.289         -13.643         -11.110           -6.770
  825 (occ)     1          -6.519           2.313         -14.056         -11.241           -7.021
  826 (occ)     1          -6.516           2.307         -14.015         -11.250           -6.975
  827 (occ)     1          -6.477           2.028         -14.816         -12.514           -6.751
  828 (occ)     1          -6.472           2.204         -13.953         -11.413           -6.807
  829 (occ)     1          -6.460           2.264         -13.697         -11.159           -6.734
  830 (occ)     1          -6.443           2.277         -14.041         -11.234           -6.973
  831 (occ)     1          -6.440           2.271         -13.993         -11.206           -6.957
  832 (occ)     1          -6.418           2.011         -14.819         -12.536           -6.690
  833 (occ)     1          -6.397           2.198         -13.905         -11.276           -6.827
  834 (occ)     1          -6.387           2.207         -13.964         -11.288           -6.855
  835 (occ)     1          -6.385           2.212         -13.974         -11.309           -6.838
  836 (occ)     1          -6.382           2.139         -14.367         -11.919           -6.692
  837 (occ)     1          -6.380           2.156         -14.316         -11.781           -6.759
  838 (occ)     1          -6.370           2.213         -13.921         -11.294           -6.783
  839 (occ)     1          -6.344           2.212         -13.915         -11.385           -6.661
  840 (occ)     1          -6.341           2.216         -13.939         -11.386           -6.678
  841 (occ)     1          -6.321           2.211         -13.736         -11.178           -6.667
  842 (occ)     1          -6.313           2.205         -13.643         -11.170           -6.581
  843 (occ)     1          -6.306           2.217         -13.719         -11.112           -6.696
  844 (occ)     1          -6.270           2.197         -13.636         -11.121           -6.588
  845 (occ)     1          -6.257           2.214         -13.677         -11.102           -6.617
  846 (occ)     1          -6.248           2.204         -13.393         -11.076           -6.361
  847 (occ)     1          -6.241           2.211         -13.625         -11.085           -6.570
  848 (occ)     1          -6.230           2.196         -13.663         -11.207           -6.490
  849 (occ)     1          -6.227           2.213         -13.660         -11.153           -6.521
  850 (occ)     1          -6.219           2.107         -13.783         -11.410           -6.485
  851 (occ)     1          -6.215           2.184         -13.420         -11.096           -6.355
  852 (occ)     1          -6.208           2.203         -13.585         -11.060           -6.531
  853 (occ)     1          -6.201           2.194         -13.532         -11.028           -6.512
  854 (occ)     1          -6.194           2.217         -13.576         -11.070           -6.483
  855 (occ)     1          -6.183           2.187         -13.611         -11.153           -6.454
  856 (occ)     1          -6.163           2.193         -13.533         -11.042           -6.460
  857 (occ)     1          -6.156           2.213         -13.615         -11.092           -6.466
  858 (occ)     1          -6.143           2.177         -13.570         -11.125           -6.411
  859 (occ)     1          -6.140           2.182         -13.721         -11.193           -6.486
  860 (occ)     1          -6.131           2.181         -13.536         -11.159           -6.328
  861 (occ)     1          -6.119           2.136         -13.733         -11.297           -6.420
  862 (occ)     1          -6.117           2.168         -13.595         -11.095           -6.449
  863 (occ)     1          -6.101           2.164         -13.568         -11.099           -6.406
  864 (occ)     1          -6.100           2.155         -13.666         -11.194           -6.417
  865 (occ)     1          -6.099           2.129         -13.629         -11.194           -6.405
  866 (occ)     1          -6.084           2.118         -13.568         -11.118           -6.416
  867 (occ)     1          -6.076           2.144         -13.589         -11.173           -6.347
  868 (occ)     1          -6.075           2.135         -13.524         -11.115           -6.349
  869 (occ)     1          -6.061           2.188         -13.681         -11.170           -6.383
  870 (occ)     1          -6.048           2.147         -13.594         -11.131           -6.364
  871 (occ)     1          -6.035           2.143         -13.606         -11.142           -6.357
  872 (occ)     1          -6.033           2.155         -13.628         -11.168           -6.338
  873 (occ)     1          -6.030           2.147         -13.596         -11.147           -6.332
  874 (occ)     1          -6.022           2.136         -13.492         -11.155           -6.223
  875 (occ)     1          -6.012           2.165         -13.538         -11.106           -6.280
  876 (occ)     1          -6.012           2.114         -13.746         -11.343           -6.302
  877 (occ)     1          -6.003           2.126         -13.579         -11.129           -6.327
  878 (occ)     1          -5.999           2.178         -13.671         -11.209           -6.282
  879 (occ)     1          -5.997           2.165         -13.669         -11.177           -6.324
  880 (occ)     1          -5.985           2.130         -13.652         -11.255           -6.252
  881 (occ)     1          -5.972           2.105         -13.443         -10.985           -6.325
  882 (occ)     1          -5.962           2.110         -13.755         -11.396           -6.212
  883 (occ)     1          -5.957           2.106         -13.363         -10.927           -6.286
  884 (occ)     1          -5.954           2.113         -13.546         -11.177           -6.210
  885 (occ)     1          -5.951           2.103         -13.345         -10.929           -6.265
  886 (occ)     1          -5.946           2.066         -13.359         -11.075           -6.163
  887 (occ)     1          -5.936           2.101         -13.419         -11.022           -6.231
  888 (occ)     1          -5.935           2.133         -13.462         -11.014           -6.250
  889 (occ)     1          -5.932           2.108         -13.471         -11.110           -6.184
  890 (occ)     1          -5.927           2.152         -13.563         -11.119           -6.220
  891 (occ)     1          -5.922           2.035         -13.288         -11.098           -6.077
  892 (occ)     1          -5.907           2.088         -13.317         -10.935           -6.199
  893 (occ)     1          -5.906           2.138         -13.665         -11.230           -6.203
  894 (occ)     1          -5.903           2.093         -13.545         -11.114           -6.240
  895 (occ)     1          -5.899           2.091         -13.432         -11.050           -6.190
  896 (occ)     1          -5.897           2.107         -13.626         -11.280           -6.136
  897 (occ)     1          -5.895           2.078         -13.584         -11.200           -6.202
  898 (occ)     1          -5.886           2.108         -13.577         -11.221           -6.134
  899 (occ)     1          -5.882           2.089         -13.591         -11.256           -6.127
  900 (occ)     1          -5.877           2.051         -13.410         -11.142           -6.094
  901 (occ)     1          -5.869           2.083         -13.514         -11.164           -6.136
  902 (occ)     1          -5.866           2.076         -13.606         -11.229           -6.167
  903 (occ)     1          -5.861           2.038         -13.534         -11.194           -6.163
  904 (occ)     1          -5.857           2.080         -13.640         -11.265           -6.152
  905 (occ)     1          -5.852           2.100         -13.613         -11.252           -6.113
  906 (occ)     1          -5.848           2.070         -13.591         -11.195           -6.174
  907 (occ)     1          -5.841           2.032         -13.647         -11.348           -6.107
  908 (occ)     1          -5.834           2.100         -13.573         -11.196           -6.111
  909 (occ)     1          -5.832           2.047         -13.590         -11.286           -6.088
  910 (occ)     1          -5.824           2.079         -13.577         -11.278           -6.044
  911 (occ)     1          -5.823           2.028         -13.436         -11.127           -6.103
  912 (occ)     1          -5.821           2.025         -13.378         -11.069           -6.105
  913 (occ)     1          -5.809           2.029         -13.600         -11.314           -6.066
  914 (occ)     1          -5.809           2.057         -13.467         -11.171           -6.049
  915 (occ)     1          -5.806           2.096         -13.531         -11.174           -6.067
  916 (occ)     1          -5.802           2.042         -13.504         -11.217           -6.046
  917 (occ)     1          -5.802           2.027         -13.620         -11.365           -6.030
  918 (occ)     1          -5.792           2.027         -13.366         -11.088           -6.043
  919 (occ)     1          -5.788           2.113         -13.702         -11.316           -6.061
  920 (occ)     1          -5.784           2.038         -13.549         -11.284           -6.011
  921 (occ)     1          -5.781           2.041         -13.502         -11.269           -5.972
  922 (occ)     1          -5.779           2.041         -13.561         -11.299           -6.000
  923 (occ)     1          -5.770           2.017         -13.647         -11.381           -6.019
  924 (occ)     1          -5.765           2.097         -13.643         -11.263           -6.049
  925 (occ)     1          -5.760           2.019         -13.599         -11.312           -6.028
  926 (occ)     1          -5.756           2.077         -13.593         -11.298           -5.974
  927 (occ)     1          -5.752           2.040         -13.633         -11.348           -5.997
  928 (occ)     1          -5.742           2.002         -13.630         -11.359           -6.011
  929 (occ)     1          -5.741           2.126         -13.624         -11.202           -6.036
  930 (occ)     1          -5.736           2.022         -13.580         -11.317           -5.977
  931 (occ)     1          -5.727           2.051         -13.541         -11.302           -5.914
  932 (occ)     1          -5.719           2.027         -13.575         -11.321           -5.947
  933 (occ)     1          -5.717           2.093         -13.608         -11.255           -5.977
  934 (occ)     1          -5.704           2.050         -13.593         -11.333           -5.915
  935 (occ)     1          -5.690           2.093         -13.665         -11.295           -5.966
  936 (occ)     1          -5.679           2.055         -13.638         -11.300           -5.962
  937 (occ)     1          -5.678           2.042         -13.589         -11.294           -5.931
  938 (occ)     1          -5.670           1.955         -13.464         -11.259           -5.919
  939 (occ)     1          -5.669           1.994         -13.635         -11.380           -5.930
  940 (occ)     1          -5.652           2.028         -13.564         -11.292           -5.895
  941 (occ)     1          -5.648           2.047         -13.639         -11.348           -5.892
  942 (occ)     1          -5.642           1.923         -13.368         -11.247           -5.840
  943 (occ)     1          -5.641           1.922         -13.375         -11.246           -5.848
  944 (occ)     1          -5.639           2.007         -13.561         -11.334           -5.859
  945 (occ)     1          -5.636           2.068         -13.620         -11.313           -5.874
  946 (occ)     1          -5.629           1.987         -13.665         -11.442           -5.865
  947 (occ)     1          -5.623           2.066         -13.642         -11.325           -5.873
  948 (occ)     1          -5.607           1.944         -13.593         -11.383           -5.873
  949 (occ)     1          -5.600           2.041         -13.619         -11.349           -5.829
  950 (occ)     1          -5.595           2.073         -13.658         -11.314           -5.866
  951 (occ)     1          -5.590           2.008         -13.587         -11.367           -5.803
  952 (occ)     1          -5.586           2.012         -13.644         -11.398           -5.820
  953 (occ)     1          -5.571           1.933         -13.579         -11.400           -5.817
  954 (occ)     1          -5.565           1.937         -13.442         -11.307           -5.763
  955 (occ)     1          -5.565           1.940         -13.396         -11.286           -5.735
  956 (occ)     1          -5.565           2.017         -13.604         -11.369           -5.783
  957 (occ)     1          -5.555           1.885         -13.306         -11.260           -5.717
  958 (occ)     1          -5.551           1.935         -13.572         -11.435           -5.754
  959 (occ)     1          -5.550           2.000         -13.621         -11.406           -5.765
  960 (occ)     1          -5.548           1.980         -13.596         -11.418           -5.746
  961 (occ)     1          -5.548           1.941         -13.605         -11.458           -5.754
  962 (occ)     1          -5.542           1.880         -13.330         -11.303           -5.688
  963 (occ)     1          -5.541           1.944         -13.598         -11.443           -5.752
  964 (occ)     1          -5.536           2.002         -13.578         -11.393           -5.719
  965 (occ)     1          -5.536           1.984         -13.637         -11.427           -5.762
  966 (occ)     1          -5.533           1.967         -13.576         -11.410           -5.733
  967 (occ)     1          -5.526           1.878         -13.489         -11.406           -5.731
  968 (occ)     1          -5.519           1.883         -13.520         -11.408           -5.749
  969 (occ)     1          -5.519           1.989         -13.609         -11.396           -5.742
  970 (occ)     1          -5.516           2.011         -13.609         -11.391           -5.723
  971 (occ)     1          -5.510           1.915         -13.460         -11.387           -5.667
  972 (occ)     1          -5.509           2.029         -13.633         -11.390           -5.723
  973 (occ)     1          -5.502           1.901         -13.443         -11.411           -5.633
  974 (occ)     1          -5.501           2.028         -13.614         -11.405           -5.682
  975 (occ)     1          -5.497           1.921         -13.494         -11.408           -5.661
  976 (occ)     1          -5.495           1.992         -13.590         -11.432           -5.660
  977 (occ)     1          -5.489           2.008         -13.567         -11.417           -5.631
  978 (occ)     1          -5.486           1.893         -13.659         -11.548           -5.704
  979 (occ)     1          -5.481           1.898         -13.618         -11.518           -5.684
  980 (occ)     1          -5.474           1.922         -13.530         -11.468           -5.615
  981 (occ)     1          -5.465           1.871         -13.669         -11.584           -5.680
  982 (occ)     1          -5.455           1.998         -13.609         -11.472           -5.593
  983 (occ)     1          -5.454           1.999         -13.605         -11.467           -5.592
  984 (occ)     1          -5.451           2.035         -13.648         -11.460           -5.604
  985 (occ)     1          -5.444           2.042         -13.666         -11.448           -5.620
  986 (occ)     1          -5.427           1.876         -13.522         -11.477           -5.596
  987 (occ)     1          -5.403           1.839         -13.618         -11.520           -5.663
  988 (occ)     1          -5.380           1.799         -13.568         -11.577           -5.573
  989 (occ)     1          -5.366           1.851         -13.545         -11.515           -5.545
  990 (occ)     1          -5.359           1.764         -13.375         -11.443           -5.528
  991 (occ)     1          -5.353           1.825         -13.480         -11.498           -5.509
  992 (occ)     1          -5.317           1.792         -13.690         -11.677           -5.537
  993 (occ)     1          -5.309           1.834         -13.549         -11.544           -5.479
  994 (occ)     1          -5.303           1.781         -13.563         -11.569           -5.517
  995 (occ)     1          -5.300           1.784         -13.564         -11.542           -5.538
  996 (occ)     1          -5.286           1.781         -13.406         -11.486           -5.426
  997 (occ)     1          -5.263           1.753         -13.505         -11.545           -5.470
  998 (occ)     1          -5.259           1.686         -13.171         -11.340           -5.404
  999 (occ)     1          -5.258           1.846         -13.567         -11.564           -5.416
 1000 (occ)     1          -5.250           1.681         -13.077         -11.293           -5.353
 1001 (occ)     1          -5.244           1.726         -13.205         -11.399           -5.323
 1002 (occ)     1          -5.228           1.705         -13.205         -11.407           -5.321
 1003 (occ)     1          -5.209           1.774         -13.528         -11.585           -5.378
 1004 (occ)     1          -5.209           1.762         -13.676         -11.717           -5.406
 1005 (occ)     1          -5.205           1.765         -13.658         -11.693           -5.404
 1006 (occ)     1          -5.160           1.720         -13.656         -11.743           -5.354
 1007 (occ)     1          -5.120           1.704         -13.599         -11.693           -5.322
 1008 (occ)     1          -5.089           1.673         -13.538         -11.698           -5.256
 1009 (occ)     1          -5.088           1.738         -13.515         -11.621           -5.245
 1010 (occ)     1          -5.081           1.698         -13.411         -11.566           -5.228
 1011 (occ)     1          -5.040           1.662         -13.539         -11.699           -5.219
 1012 (occ)     1          -5.006           1.678         -13.676         -11.827           -5.177
 1013 (occ)     1          -5.002           1.655         -13.535         -11.715           -5.168
 1014 (occ)     1          -5.000           1.671         -13.412         -11.607           -5.134
 1015 (occ)     1          -4.997           1.696         -13.466         -11.630           -5.136
 1016 (occ)     1          -4.960           1.543         -13.081         -11.434           -5.064
 1017 (occ)     1          -4.939           1.517         -12.996         -11.408           -5.011
 1018 (occ)     1          -4.934           1.521         -12.922         -11.360           -4.975
 1019 (occ)     1          -4.909           1.638         -13.422         -11.646           -5.047
 1020 (occ)     1          -4.892           1.629         -13.623         -11.849           -5.037
 1021 (occ)     1          -4.876           1.617         -13.579         -11.822           -5.017
 1022 (occ)     1          -4.783           1.621         -13.453         -11.708           -4.907
 1023 (occ)     1          -4.783           1.540         -13.275         -11.620           -4.899
 1024 (occ)     1          -4.706           1.448         -13.095         -11.556           -4.797
 1025 (occ)     1          -4.666           1.387         -12.934         -11.487           -4.726
 1026 (occ)     1          -4.644           1.362         -12.817         -11.425           -4.673
 1027 (occ)     1          -4.622           1.516         -13.334         -11.715           -4.725
 1028 (occ)     1          -4.513           1.419         -13.184         -11.684           -4.594
 1029 (occ)     1          -4.448           1.347         -13.034         -11.632           -4.503
 1030 (occ)     1          -4.409           1.311         -12.916         -11.575           -4.440
 1031 (vir)     1          -3.294          -2.423          -6.481          -9.892           -2.307
 1032 (vir)     1          -3.246          -2.456          -6.447          -9.918           -2.230
 1033 (vir)     1          -3.146          -2.529          -6.393          -9.960           -2.108
 1034 (vir)     1          -3.115          -2.446          -6.523          -9.934           -2.150
 1035 (vir)     1          -3.097          -2.954          -6.427         -10.170           -2.309
 1036 (vir)     1          -3.092          -2.962          -6.439         -10.195           -2.298
 1037 (vir)     1          -3.078          -2.475          -6.472          -9.945           -2.081
 1038 (vir)     1          -2.998          -2.630          -6.326         -10.013           -1.942
 1039 (vir)     1          -2.996          -2.548          -6.400          -9.972           -1.972
 1040 (vir)     1          -2.962          -2.976          -6.399         -10.214           -2.124
 1041 (vir)     1          -2.957          -2.967          -6.420         -10.218           -2.125
 1042 (vir)     1          -2.936          -3.131          -6.159         -10.175           -2.051
 1043 (vir)     1          -2.929          -3.112          -6.217         -10.183           -2.076
 1044 (vir)     1          -2.928          -3.105          -6.161         -10.155           -2.039
 1045 (vir)     1          -2.916          -3.121          -6.228         -10.183           -2.081
 1046 (vir)     1          -2.894          -2.979          -6.383         -10.198           -2.058
 1047 (vir)     1          -2.890          -3.170          -6.152         -10.222           -1.990
 1048 (vir)     1          -2.876          -2.922          -6.378         -10.194           -1.982
 1049 (vir)     1          -2.874          -3.155          -6.232         -10.260           -2.002
 1050 (vir)     1          -2.870          -2.733          -6.357         -10.090           -1.870
 1051 (vir)     1          -2.866          -2.554          -6.472          -9.965           -1.927
 1052 (vir)     1          -2.855          -3.089          -6.169         -10.157           -1.956
 1053 (vir)     1          -2.838          -2.568          -6.419          -9.958           -1.866
 1054 (vir)     1          -2.830          -3.090          -6.215         -10.206           -1.929
 1055 (vir)     1          -2.808          -2.814          -6.269         -10.114           -1.777
 1056 (vir)     1          -2.805          -2.955          -6.296         -10.180           -1.876
 1057 (vir)     1          -2.782          -2.991          -6.357         -10.229           -1.901
 1058 (vir)     1          -2.772          -2.649          -6.335          -9.976           -1.779
 1059 (vir)     1          -2.751          -3.074          -6.181         -10.160           -1.846
 1060 (vir)     1          -2.740          -3.021          -6.363         -10.267           -1.858
 1061 (vir)     1          -2.734          -3.010          -6.368         -10.260           -1.851
 1062 (vir)     1          -2.722          -3.095          -6.216         -10.225           -1.808
 1063 (vir)     1          -2.718          -3.102          -6.191         -10.209           -1.802
 1064 (vir)     1          -2.716          -3.105          -6.260         -10.260           -1.821
 1065 (vir)     1          -2.713          -3.097          -6.208         -10.219           -1.799
 1066 (vir)     1          -2.701          -2.801          -6.240         -10.085           -1.657
 1067 (vir)     1          -2.672          -2.725          -6.275         -10.025           -1.647
 1068 (vir)     1          -2.660          -3.154          -6.191         -10.293           -1.712
 1069 (vir)     1          -2.657          -3.131          -6.326         -10.350           -1.764
 1070 (vir)     1          -2.652          -3.087          -6.181         -10.197           -1.723
 1071 (vir)     1          -2.639          -3.097          -6.229         -10.235           -1.730
 1072 (vir)     1          -2.635          -3.176          -6.285         -10.389           -1.708
 1073 (vir)     1          -2.612          -2.782          -6.321         -10.033           -1.682
 1074 (vir)     1          -2.600          -3.004          -6.257         -10.188           -1.674
 1075 (vir)     1          -2.591          -3.106          -6.273         -10.271           -1.698
 1076 (vir)     1          -2.584          -2.919          -6.260         -10.239           -1.524
 1077 (vir)     1          -2.576          -2.702          -6.277          -9.935           -1.619
 1078 (vir)     1          -2.556          -3.095          -6.116         -10.158           -1.609
 1079 (vir)     1          -2.546          -3.091          -6.343         -10.337           -1.643
 1080 (vir)     1          -2.538          -2.820          -6.209         -10.076           -1.492
 1081 (vir)     1          -2.534          -3.111          -6.288         -10.310           -1.622
 1082 (vir)     1          -2.520          -3.113          -6.220         -10.261           -1.592
 1083 (vir)     1          -2.516          -2.785          -6.235          -9.992           -1.545
 1084 (vir)     1          -2.510          -3.064          -6.283         -10.286           -1.572
 1085 (vir)     1          -2.509          -2.914          -6.254         -10.225           -1.452
 1086 (vir)     1          -2.480          -3.115          -6.381         -10.403           -1.572
 1087 (vir)     1          -2.471          -3.128          -6.269         -10.319           -1.550
 1088 (vir)     1          -2.462          -3.087          -6.299         -10.303           -1.546
 1089 (vir)     1          -2.454          -3.118          -6.299         -10.308           -1.563
 1090 (vir)     1          -2.435          -2.813          -6.184          -9.998           -1.434
 1091 (vir)     1          -2.430          -3.118          -6.235         -10.290           -1.492
 1092 (vir)     1          -2.427          -3.132          -6.346         -10.460           -1.444
 1093 (vir)     1          -2.413          -3.130          -6.165         -10.253           -1.455
 1094 (vir)     1          -2.394          -2.989          -6.212         -10.136           -1.458
 1095 (vir)     1          -2.392          -3.136          -6.196         -10.303           -1.422
 1096 (vir)     1          -2.391          -3.155          -6.202         -10.310           -1.438
 1097 (vir)     1          -2.384          -3.085          -6.286         -10.320           -1.434
 1098 (vir)     1          -2.383          -3.132          -6.221         -10.322           -1.415
 1099 (vir)     1          -2.376          -2.947          -6.184         -10.181           -1.326
 1100 (vir)     1          -2.375          -3.135          -6.269         -10.363           -1.417
 1101 (vir)     1          -2.333          -3.156          -6.213         -10.315           -1.386
 1102 (vir)     1          -2.328          -2.884          -6.139         -10.055           -1.296
 1103 (vir)     1          -2.322          -3.049          -6.176         -10.181           -1.366
 1104 (vir)     1          -2.316          -2.963          -6.130         -10.064           -1.345
 1105 (vir)     1          -2.313          -3.123          -6.241         -10.337           -1.340
 1106 (vir)     1          -2.294          -3.156          -6.138         -10.267           -1.322
 1107 (vir)     1          -2.291          -3.173          -6.228         -10.331           -1.361
 1108 (vir)     1          -2.274          -3.161          -6.188         -10.293           -1.329
 1109 (vir)     1          -2.269          -3.178          -6.208         -10.334           -1.322
 1110 (vir)     1          -2.251          -3.188          -6.218         -10.353           -1.304
 1111 (vir)     1          -2.247          -3.209          -6.263         -10.386           -1.333
 1112 (vir)     1          -2.246          -2.913          -6.083          -9.964           -1.278
 1113 (vir)     1          -2.235          -3.231          -6.218         -10.390           -1.295
 1114 (vir)     1          -2.231          -3.341          -6.645         -10.868           -1.350
 1115 (vir)     1          -2.220          -3.421          -6.860         -11.119           -1.382
 1116 (vir)     1          -2.215          -3.116          -6.141         -10.244           -1.227
 1117 (vir)     1          -2.210          -3.202          -6.360         -10.499           -1.274
 1118 (vir)     1          -2.197          -3.158          -5.825          -9.968           -1.212
 1119 (vir)     1          -2.190          -3.142          -6.065         -10.210           -1.187
 1120 (vir)     1          -2.190          -3.204          -6.216         -10.354           -1.256
 1121 (vir)     1          -2.182          -3.207          -6.149         -10.285           -1.254
 1122 (vir)     1          -2.178          -3.335          -6.671         -10.908           -1.276
 1123 (vir)     1          -2.176          -2.964          -6.123         -10.078           -1.185
 1124 (vir)     1          -2.174          -3.401          -6.190         -10.413           -1.351
 1125 (vir)     1          -2.174          -3.336          -6.522         -10.772           -1.259
 1126 (vir)     1          -2.158          -3.209          -6.147         -10.317           -1.197
 1127 (vir)     1          -2.154          -3.358          -6.421         -10.673           -1.260
 1128 (vir)     1          -2.147          -3.271          -6.240         -10.440           -1.218
 1129 (vir)     1          -2.139          -3.214          -6.243         -10.431           -1.164
 1130 (vir)     1          -2.136          -3.433          -6.182         -10.437           -1.314
 1131 (vir)     1          -2.127          -3.213          -6.215         -10.392           -1.163
 1132 (vir)     1          -2.124          -3.213          -5.971         -10.143           -1.164
 1133 (vir)     1          -2.118          -3.350          -6.692         -10.968           -1.192
 1134 (vir)     1          -2.112          -3.289          -6.253         -10.465           -1.190
 1135 (vir)     1          -2.107          -3.285          -6.280         -10.494           -1.178
 1136 (vir)     1          -2.097          -3.180          -6.204         -10.331           -1.151
 1137 (vir)     1          -2.094          -3.036          -6.097         -10.134           -1.093
 1138 (vir)     1          -2.088          -3.288          -6.310         -10.505           -1.180
 1139 (vir)     1          -2.077          -3.294          -6.387         -10.611           -1.147
 1140 (vir)     1          -2.073          -3.289          -6.213         -10.406           -1.170
 1141 (vir)     1          -2.072          -3.263          -6.218         -10.408           -1.145
 1142 (vir)     1          -2.060          -3.368          -6.373         -10.624           -1.177
 1143 (vir)     1          -2.057          -3.275          -6.215         -10.436           -1.111
 1144 (vir)     1          -2.036          -3.345          -6.385         -10.663           -1.104
 1145 (vir)     1          -2.033          -3.295          -6.314         -10.546           -1.097
 1146 (vir)     1          -2.030          -3.207          -6.130         -10.321           -1.046
 1147 (vir)     1          -2.022          -3.129          -6.104         -10.246           -1.009
 1148 (vir)     1          -2.021          -3.283          -6.233         -10.441           -1.096
 1149 (vir)     1          -2.004          -3.249          -6.164         -10.389           -1.029
 1150 (vir)     1          -1.998          -3.263          -6.280         -10.484           -1.057
 1151 (vir)     1          -1.994          -3.182          -6.088         -10.247           -1.018
 1152 (vir)     1          -1.983          -3.176          -6.151         -10.270           -1.040
 1153 (vir)     1          -1.972          -3.186          -6.195         -10.355           -0.997
 1154 (vir)     1          -1.971          -3.283          -6.172         -10.401           -1.024
 1155 (vir)     1          -1.966          -3.325          -6.123         -10.335           -1.079
 1156 (vir)     1          -1.957          -3.242          -6.081         -10.320           -0.959
 1157 (vir)     1          -1.947          -3.268          -6.118         -10.354           -0.979
 1158 (vir)     1          -1.939          -3.255          -6.113         -10.356           -0.951
 1159 (vir)     1          -1.934          -3.262          -6.065         -10.297           -0.964
 1160 (vir)     1          -1.924          -3.292          -6.099         -10.350           -0.966
 1161 (vir)     1          -1.920          -3.311          -6.166         -10.416           -0.981
 1162 (vir)     1          -1.917          -3.243          -6.084         -10.339           -0.904
 1163 (vir)     1          -1.914          -3.088          -5.955         -10.039           -0.918
 1164 (vir)     1          -1.897          -3.459          -6.596         -10.959           -0.993
 1165 (vir)     1          -1.897          -3.184          -6.036         -10.256           -0.862
 1166 (vir)     1          -1.888          -3.341          -6.232         -10.533           -0.928
 1167 (vir)     1          -1.885          -3.277          -6.139         -10.390           -0.911
 1168 (vir)     1          -1.882          -3.292          -6.160         -10.449           -0.884
 1169 (vir)     1          -1.877          -3.270          -6.113         -10.403           -0.856
 1170 (vir)     1          -1.876          -3.399          -6.372         -10.714           -0.934
 1171 (vir)     1          -1.871          -3.376          -6.301         -10.646           -0.902
 1172 (vir)     1          -1.858          -3.325          -5.945         -10.231           -0.897
 1173 (vir)     1          -1.847          -3.162          -6.025         -10.177           -0.856
 1174 (vir)     1          -1.846          -3.354          -6.215         -10.524           -0.891
 1175 (vir)     1          -1.842          -3.276          -6.205         -10.483           -0.839
 1176 (vir)     1          -1.837          -3.275          -6.073         -10.334           -0.852
 1177 (vir)     1          -1.833          -3.284          -6.024         -10.327           -0.813
 1178 (vir)     1          -1.830          -3.286          -6.102         -10.415           -0.803
 1179 (vir)     1          -1.807          -3.296          -6.003         -10.233           -0.872
 1180 (vir)     1          -1.803          -3.275          -6.066         -10.324           -0.820
 1181 (vir)     1          -1.802          -3.256          -6.068         -10.339           -0.787
 1182 (vir)     1          -1.796          -3.396          -6.148         -10.469           -0.870
 1183 (vir)     1          -1.791          -3.352          -6.245         -10.545           -0.842
 1184 (vir)     1          -1.785          -3.274          -6.052         -10.321           -0.790
 1185 (vir)     1          -1.777          -3.339          -6.173         -10.473           -0.816
 1186 (vir)     1          -1.770          -3.312          -6.117         -10.422           -0.778
 1187 (vir)     1          -1.767          -3.311          -6.119         -10.402           -0.795
 1188 (vir)     1          -1.764          -3.364          -6.189         -10.511           -0.806
 1189 (vir)     1          -1.751          -3.376          -5.860         -10.138           -0.849
 1190 (vir)     1          -1.749          -3.364          -5.987         -10.281           -0.819
 1191 (vir)     1          -1.740          -3.226          -5.948         -10.159           -0.757
 1192 (vir)     1          -1.737          -3.389          -6.204         -10.526           -0.805
 1193 (vir)     1          -1.732          -3.446          -6.141         -10.490           -0.830
 1194 (vir)     1          -1.731          -3.274          -5.980         -10.254           -0.731
 1195 (vir)     1          -1.723          -3.331          -6.117         -10.455           -0.717
 1196 (vir)     1          -1.721          -3.334          -6.101         -10.411           -0.745
 1197 (vir)     1          -1.709          -3.386          -6.142         -10.499           -0.738
 1198 (vir)     1          -1.707          -3.372          -6.174         -10.503           -0.749
 1199 (vir)     1          -1.704          -3.379          -6.142         -10.464           -0.762
 1200 (vir)     1          -1.694          -3.353          -6.104         -10.445           -0.706
 1201 (vir)     1          -1.688          -3.383          -6.163         -10.495           -0.738
 1202 (vir)     1          -1.685          -3.364          -6.156         -10.498           -0.706
 1203 (vir)     1          -1.680          -3.356          -6.128         -10.466           -0.699
 1204 (vir)     1          -1.679          -3.402          -5.990         -10.325           -0.746
 1205 (vir)     1          -1.675          -3.364          -6.075         -10.395           -0.718
 1206 (vir)     1          -1.674          -3.344          -6.098         -10.437           -0.680
 1207 (vir)     1          -1.664          -3.409          -6.275         -10.653           -0.697
 1208 (vir)     1          -1.659          -3.368          -6.167         -10.510           -0.684
 1209 (vir)     1          -1.653          -3.419          -6.185         -10.563           -0.694
 1210 (vir)     1          -1.650          -3.379          -6.139         -10.486           -0.681
 1211 (vir)     1          -1.641          -3.363          -6.088         -10.445           -0.647
 1212 (vir)     1          -1.640          -3.420          -6.186         -10.563           -0.682
 1213 (vir)     1          -1.638          -3.452          -6.267         -10.690           -0.666
 1214 (vir)     1          -1.633          -3.443          -6.197         -10.603           -0.671
 1215 (vir)     1          -1.629          -3.407          -6.213         -10.601           -0.647
 1216 (vir)     1          -1.624          -3.408          -6.142         -10.502           -0.671
 1217 (vir)     1          -1.622          -3.384          -6.159         -10.494           -0.670
 1218 (vir)     1          -1.618          -3.421          -6.201         -10.593           -0.647
 1219 (vir)     1          -1.617          -3.360          -6.022         -10.374           -0.626
 1220 (vir)     1          -1.612          -3.429          -6.192         -10.596           -0.636
 1221 (vir)     1          -1.610          -3.429          -6.118         -10.491           -0.665
 1222 (vir)     1          -1.607          -3.364          -6.115         -10.459           -0.626
 1223 (vir)     1          -1.604          -3.359          -5.992         -10.336           -0.619
 1224 (vir)     1          -1.595          -3.370          -6.155         -10.512           -0.609
 1225 (vir)     1          -1.592          -3.411          -6.294         -10.654           -0.643
 1226 (vir)     1          -1.588          -3.405          -6.200         -10.589           -0.604
 1227 (vir)     1          -1.585          -3.395          -6.081         -10.440           -0.621
 1228 (vir)     1          -1.579          -3.427          -6.134         -10.535           -0.605
 1229 (vir)     1          -1.579          -3.460          -6.145         -10.547           -0.637
 1230 (vir)     1          -1.577          -3.258          -5.982         -10.220           -0.596
 1231 (vir)     1          -1.569          -3.376          -5.998         -10.357           -0.586
 1232 (vir)     1          -1.555          -3.431          -6.189         -10.547           -0.628
 1233 (vir)     1          -1.553          -3.462          -6.222         -10.618           -0.619
 1234 (vir)     1          -1.548          -3.413          -6.188         -10.588           -0.561
 1235 (vir)     1          -1.540          -3.383          -6.076         -10.451           -0.547
 1236 (vir)     1          -1.535          -3.429          -6.171         -10.546           -0.587
 1237 (vir)     1          -1.532          -3.441          -6.086         -10.485           -0.573
 1238 (vir)     1          -1.531          -3.393          -6.113         -10.506           -0.531
 1239 (vir)     1          -1.526          -3.329          -5.921         -10.246           -0.530
 1240 (vir)     1          -1.524          -3.499          -6.248         -10.685           -0.586
 1241 (vir)     1          -1.522          -3.409          -6.141         -10.540           -0.533
 1242 (vir)     1          -1.517          -3.362          -6.036         -10.371           -0.545
 1243 (vir)     1          -1.513          -3.388          -6.045         -10.429           -0.517
 1244 (vir)     1          -1.510          -3.402          -6.073         -10.420           -0.565
 1245 (vir)     1          -1.507          -3.474          -6.312         -10.730           -0.564
 1246 (vir)     1          -1.500          -3.458          -6.103         -10.499           -0.562
 1247 (vir)     1          -1.497          -3.375          -6.045         -10.420           -0.497
 1248 (vir)     1          -1.496          -3.408          -6.047         -10.372           -0.579
 1249 (vir)     1          -1.481          -3.454          -6.218         -10.647           -0.505
 1250 (vir)     1          -1.471          -3.422          -6.154         -10.551           -0.496
 1251 (vir)     1          -1.468          -3.438          -6.119         -10.524           -0.500
 1252 (vir)     1          -1.462          -3.447          -6.133         -10.579           -0.464
 1253 (vir)     1          -1.456          -3.393          -6.091         -10.488           -0.451
 1254 (vir)     1          -1.455          -3.398          -6.117         -10.509           -0.461
 1255 (vir)     1          -1.447          -3.504          -6.271         -10.750           -0.472
 1256 (vir)     1          -1.447          -3.461          -6.178         -10.616           -0.470
 1257 (vir)     1          -1.431          -3.507          -6.325         -10.809           -0.455
 1258 (vir)     1          -1.431          -3.368          -6.003         -10.372           -0.430
 1259 (vir)     1          -1.419          -3.400          -5.984         -10.396           -0.407
 1260 (vir)     1          -1.415          -3.490          -6.287         -10.740           -0.453
 1261 (vir)     1          -1.404          -3.438          -6.074         -10.522           -0.395
 1262 (vir)     1          -1.394          -3.441          -6.059         -10.486           -0.409
 1263 (vir)     1          -1.390          -3.399          -6.024         -10.437           -0.376
 1264 (vir)     1          -1.379          -3.563          -6.263         -10.752           -0.453
 1265 (vir)     1          -1.376          -3.454          -5.970         -10.397           -0.403
 1266 (vir)     1          -1.369          -3.441          -6.076         -10.528           -0.357
 1267 (vir)     1          -1.368          -3.430          -6.118         -10.502           -0.414
 1268 (vir)     1          -1.363          -3.465          -6.193         -10.624           -0.397
 1269 (vir)     1          -1.362          -3.465          -5.934         -10.357           -0.405
 1270 (vir)     1          -1.359          -3.482          -6.118         -10.581           -0.378
 1271 (vir)     1          -1.353          -3.464          -6.104         -10.538           -0.383
 1272 (vir)     1          -1.345          -3.501          -6.201         -10.657           -0.390
 1273 (vir)     1          -1.341          -3.476          -6.147         -10.624           -0.340
 1274 (vir)     1          -1.336          -3.518          -6.117         -10.612           -0.359
 1275 (vir)     1          -1.336          -3.484          -6.111         -10.571           -0.359
 1276 (vir)     1          -1.328          -3.463          -6.160         -10.599           -0.353
 1277 (vir)     1          -1.326          -3.622          -6.370         -10.920           -0.398
 1278 (vir)     1          -1.326          -3.617          -6.372         -10.909           -0.406
 1279 (vir)     1          -1.321          -3.432          -6.035         -10.443           -0.345
 1280 (vir)     1          -1.312          -3.737          -6.595         -11.218           -0.426
 1281 (vir)     1          -1.304          -3.399          -5.942         -10.361           -0.284
 1282 (vir)     1          -1.301          -3.506          -6.156         -10.656           -0.307
 1283 (vir)     1          -1.301          -3.425          -5.994         -10.415           -0.305
 1284 (vir)     1          -1.296          -3.540          -6.177         -10.665           -0.348
 1285 (vir)     1          -1.290          -3.503          -6.119         -10.604           -0.308
 1286 (vir)     1          -1.290          -3.525          -6.131         -10.637           -0.309
 1287 (vir)     1          -1.287          -3.465          -6.066         -10.495           -0.323
 1288 (vir)     1          -1.271          -3.538          -6.199         -10.759           -0.249
 1289 (vir)     1          -1.270          -3.382          -5.919         -10.275           -0.295
 1290 (vir)     1          -1.257          -3.522          -6.085         -10.582           -0.283
 1291 (vir)     1          -1.254          -3.516          -6.039         -10.555           -0.255
 1292 (vir)     1          -1.248          -3.480          -6.046         -10.472           -0.301
 1293 (vir)     1          -1.241          -3.542          -6.061         -10.600           -0.244
 1294 (vir)     1          -1.239          -3.474          -6.038         -10.456           -0.295
 1295 (vir)     1          -1.235          -3.520          -5.903         -10.352           -0.307
 1296 (vir)     1          -1.224          -3.550          -6.233         -10.823           -0.184
 1297 (vir)     1          -1.222          -3.491          -5.967         -10.375           -0.305
 1298 (vir)     1          -1.218          -3.531          -6.077         -10.586           -0.240
 1299 (vir)     1          -1.213          -3.581          -6.186         -10.758           -0.223
 1300 (vir)     1          -1.212          -3.490          -5.981         -10.461           -0.222
 1301 (vir)     1          -1.204          -3.504          -6.008         -10.532           -0.184
 1302 (vir)     1          -1.200          -3.503          -6.054         -10.566           -0.191
 1303 (vir)     1          -1.197          -3.534          -5.988         -10.518           -0.202
 1304 (vir)     1          -1.195          -3.478          -6.033         -10.540           -0.166
 1305 (vir)     1          -1.189          -3.574          -6.104         -10.692           -0.174
 1306 (vir)     1          -1.183          -3.585          -6.177         -10.744           -0.201
 1307 (vir)     1          -1.183          -3.568          -6.207         -10.798           -0.160
 1308 (vir)     1          -1.179          -3.731          -6.497         -11.190           -0.217
 1309 (vir)     1          -1.177          -3.603          -6.062         -10.617           -0.225
 1310 (vir)     1          -1.172          -3.597          -6.114         -10.683           -0.200
 1311 (vir)     1          -1.168          -3.692          -6.248         -10.898           -0.210
 1312 (vir)     1          -1.164          -3.526          -5.989         -10.518           -0.161
 1313 (vir)     1          -1.155          -3.581          -6.222         -10.792           -0.166
 1314 (vir)     1          -1.149          -3.467          -5.968         -10.442           -0.143
 1315 (vir)     1          -1.143          -3.589          -6.196         -10.761           -0.167
 1316 (vir)     1          -1.139          -3.588          -6.172         -10.701           -0.198
 1317 (vir)     1          -1.134          -3.542          -6.023         -10.568           -0.130
 1318 (vir)     1          -1.132          -3.561          -6.110         -10.659           -0.144
 1319 (vir)     1          -1.124          -3.760          -6.624         -11.378           -0.131
 1320 (vir)     1          -1.116          -3.479          -5.867         -10.349           -0.113
 1321 (vir)     1          -1.112          -3.534          -5.930         -10.446           -0.130
 1322 (vir)     1          -1.112          -3.440          -5.802         -10.257           -0.096
 1323 (vir)     1          -1.095          -3.435          -5.891         -10.340           -0.081
 1324 (vir)     1          -1.091          -3.493          -5.897         -10.405           -0.076
 1325 (vir)     1          -1.080          -3.501          -5.722         -10.169           -0.133
 1326 (vir)     1          -1.077          -3.530          -5.921         -10.453           -0.074
 1327 (vir)     1          -1.067          -3.488          -5.781         -10.212           -0.123
 1328 (vir)     1          -1.066          -3.457          -5.822         -10.291           -0.054
 1329 (vir)     1          -1.060          -3.513          -5.943         -10.493           -0.023
 1330 (vir)     1          -1.054          -3.557          -6.025         -10.583           -0.052
 1331 (vir)     1          -1.053          -3.527          -5.753         -10.262           -0.072
 1332 (vir)     1          -1.043          -3.537          -5.983         -10.518           -0.045
 1333 (vir)     1          -1.029          -3.576          -6.052         -10.624           -0.034
 1334 (vir)     1          -1.025          -3.533          -5.842         -10.383           -0.018
 1335 (vir)     1          -1.016          -3.560          -5.866         -10.435           -0.008
 1336 (vir)     1          -1.015          -3.522          -5.920         -10.426           -0.031
 1337 (vir)     1          -1.015          -3.501          -5.888         -10.418            0.014
 1338 (vir)     1          -1.010          -3.447          -5.693         -10.109           -0.042
 1339 (vir)     1          -1.008          -3.466          -5.751         -10.179           -0.046
 1340 (vir)     1          -1.006          -3.456          -5.709         -10.086           -0.085
 1341 (vir)     1          -0.994          -3.429          -5.649         -10.107            0.034
 1342 (vir)     1          -0.991          -3.503          -5.769         -10.305            0.043
 1343 (vir)     1          -0.988          -3.583          -5.971         -10.520           -0.022
 1344 (vir)     1          -0.984          -3.636          -6.047         -10.652           -0.014
 1345 (vir)     1          -0.969          -3.612          -6.026         -10.599           -0.007
 1346 (vir)     1          -0.962          -3.610          -6.036         -10.657            0.049
 1347 (vir)     1          -0.962          -3.506          -5.675         -10.188            0.045
 1348 (vir)     1          -0.958          -3.495          -5.752         -10.269            0.064
 1349 (vir)     1          -0.955          -3.513          -5.814         -10.347            0.066
 1350 (vir)     1          -0.941          -3.567          -5.869         -10.430            0.054
 1351 (vir)     1          -0.931          -3.594          -5.790         -10.386            0.072
 1352 (vir)     1          -0.929          -3.761          -6.355         -11.101            0.056
 1353 (vir)     1          -0.922          -3.519          -5.736         -10.260            0.083
 1354 (vir)     1          -0.916          -3.497          -5.596         -10.094            0.084
 1355 (vir)     1          -0.903          -3.463          -5.679         -10.171            0.126
 1356 (vir)     1          -0.899          -3.767          -6.339         -11.085            0.080
 1357 (vir)     1          -0.894          -3.560          -5.780         -10.363            0.129
 1358 (vir)     1          -0.887          -3.527          -5.764         -10.313            0.135
 1359 (vir)     1          -0.885          -3.614          -5.986         -10.616            0.132
 1360 (vir)     1          -0.873          -3.855          -6.370         -11.108            0.010
 1361 (vir)     1          -0.873          -3.540          -5.790         -10.330            0.128
 1362 (vir)     1          -0.853          -3.551          -5.765         -10.317            0.148
 1363 (vir)     1          -0.853          -3.525          -5.635         -10.164            0.152
 1364 (vir)     1          -0.849          -3.495          -5.665         -10.157            0.149
 1365 (vir)     1          -0.840          -3.519          -5.704         -10.231            0.167
 1366 (vir)     1          -0.840          -3.519          -5.707         -10.267            0.201
 1367 (vir)     1          -0.838          -3.499          -5.746         -10.335            0.251
 1368 (vir)     1          -0.829          -3.530          -5.760         -10.280            0.162
 1369 (vir)     1          -0.820          -3.515          -5.647         -10.121            0.138
 1370 (vir)     1          -0.809          -3.573          -5.849         -10.444            0.213
 1371 (vir)     1          -0.809          -3.493          -5.640         -10.116            0.174
 1372 (vir)     1          -0.791          -3.757          -6.222         -11.032            0.262
 1373 (vir)     1          -0.778          -3.532          -5.658         -10.208            0.241
 1374 (vir)     1          -0.777          -3.640          -5.675         -10.265            0.174
 1375 (vir)     1          -0.776          -3.495          -5.540         -10.032            0.221
 1376 (vir)     1          -0.774          -3.677          -5.986         -10.636            0.199
 1377 (vir)     1          -0.773          -3.563          -5.736         -10.301            0.228
 1378 (vir)     1          -0.770          -3.596          -5.739         -10.282            0.178
 1379 (vir)     1          -0.758          -3.588          -5.793         -10.341            0.202
 1380 (vir)     1          -0.756          -3.451          -5.461         -10.005            0.338
 1381 (vir)     1          -0.750          -3.515          -5.688         -10.240            0.286
 1382 (vir)     1          -0.749          -3.555          -5.726         -10.239            0.208
 1383 (vir)     1          -0.733          -3.594          -5.863         -10.504            0.314
 1384 (vir)     1          -0.724          -3.559          -5.699         -10.311            0.329
 1385 (vir)     1          -0.723          -3.559          -5.643         -10.194            0.268
 1386 (vir)     1          -0.707          -3.533          -5.536         -10.084            0.307
 1387 (vir)     1          -0.702          -3.613          -5.721         -10.339            0.304
 1388 (vir)     1          -0.693          -3.548          -5.610         -10.187            0.337
 1389 (vir)     1          -0.671          -3.593          -5.608         -10.197            0.325
 1390 (vir)     1          -0.658          -3.612          -5.761         -10.422            0.392
 1391 (vir)     1          -0.646          -3.573          -5.644         -10.263            0.400
 1392 (vir)     1          -0.645          -3.659          -5.907         -10.598            0.387
 1393 (vir)     1          -0.643          -3.690          -5.760         -10.428            0.335
 1394 (vir)     1          -0.634          -3.495          -5.370          -9.918            0.419
 1395 (vir)     1          -0.631          -3.602          -5.744         -10.342            0.365
 1396 (vir)     1          -0.621          -3.550          -5.638         -10.253            0.444
 1397 (vir)     1          -0.609          -3.545          -5.362          -9.889            0.373
 1398 (vir)     1          -0.598          -3.591          -5.656         -10.260            0.415
 1399 (vir)     1          -0.594          -3.514          -5.289          -9.766            0.370
 1400 (vir)     1          -0.593          -3.579          -5.621         -10.253            0.460
 1401 (vir)     1          -0.589          -3.546          -5.357          -9.860            0.367
 1402 (vir)     1          -0.582          -3.556          -5.661         -10.234            0.435
 1403 (vir)     1          -0.574          -3.618          -5.641         -10.279            0.446
 1404 (vir)     1          -0.573          -3.649          -5.636         -10.299            0.441
 1405 (vir)     1          -0.560          -3.726          -5.868         -10.580            0.427
 1406 (vir)     1          -0.544          -3.570          -5.591         -10.213            0.508
 1407 (vir)     1          -0.542          -3.683          -5.850         -10.558            0.483
 1408 (vir)     1          -0.533          -3.656          -5.608         -10.267            0.469
 1409 (vir)     1          -0.533          -3.602          -5.643         -10.274            0.497
 1410 (vir)     1          -0.524          -3.563          -5.496         -10.037            0.454
 1411 (vir)     1          -0.518          -3.606          -5.645         -10.212            0.442
 1412 (vir)     1          -0.512          -3.753          -5.973         -10.708            0.470
 1413 (vir)     1          -0.509          -3.626          -5.727         -10.343            0.482
 1414 (vir)     1          -0.506          -3.578          -5.602         -10.167            0.482
 1415 (vir)     1          -0.500          -3.661          -5.623         -10.270            0.487
 1416 (vir)     1          -0.499          -3.636          -5.606         -10.273            0.532
 1417 (vir)     1          -0.498          -3.608          -5.544         -10.127            0.477
 1418 (vir)     1          -0.489          -3.553          -5.356          -9.827            0.429
 1419 (vir)     1          -0.488          -3.707          -5.840         -10.575            0.540
 1420 (vir)     1          -0.466          -3.582          -5.375          -9.947            0.524
 1421 (vir)     1          -0.462          -3.673          -5.703         -10.400            0.563
 1422 (vir)     1          -0.461          -3.454          -5.135          -9.606            0.555
 1423 (vir)     1          -0.458          -3.568          -5.351          -9.908            0.531
 1424 (vir)     1          -0.436          -3.680          -5.562         -10.228            0.550
 1425 (vir)     1          -0.421          -3.587          -5.439         -10.019            0.572
 1426 (vir)     1          -0.416          -3.773          -5.817         -10.522            0.516
 1427 (vir)     1          -0.411          -3.623          -5.549         -10.222            0.640
 1428 (vir)     1          -0.400          -3.772          -5.888         -10.686            0.626
 1429 (vir)     1          -0.398          -3.612          -5.666         -10.287            0.611
 1430 (vir)     1          -0.391          -3.716          -5.639         -10.350            0.605
 1431 (vir)     1          -0.384          -3.689          -5.714         -10.454            0.666
 1432 (vir)     1          -0.384          -3.741          -5.652         -10.349            0.572
 1433 (vir)     1          -0.370          -3.648          -5.540         -10.202            0.645
 1434 (vir)     1          -0.368          -3.958          -6.001         -10.861            0.534
 1435 (vir)     1          -0.361          -3.703          -5.583         -10.253            0.606
 1436 (vir)     1          -0.342          -3.979          -6.082         -10.990            0.587
 1437 (vir)     1          -0.337          -4.097          -6.294         -11.261            0.533
 1438 (vir)     1          -0.321          -3.647          -5.389         -10.017            0.661
 1439 (vir)     1          -0.315          -3.654          -5.452         -10.067            0.647
 1440 (vir)     1          -0.306          -3.658          -5.471         -10.107            0.671
 1441 (vir)     1          -0.299          -3.635          -5.373          -9.987            0.680
 1442 (vir)     1          -0.297          -3.707          -5.560         -10.238            0.674
 1443 (vir)     1          -0.294          -3.690          -5.582         -10.270            0.702
 1444 (vir)     1          -0.281          -3.591          -5.283          -9.809            0.654
 1445 (vir)     1          -0.279          -3.688          -5.612         -10.251            0.672
 1446 (vir)     1          -0.272          -3.717          -5.630         -10.339            0.720
 1447 (vir)     1          -0.266          -3.542          -5.083          -9.483            0.592
 1448 (vir)     1          -0.262          -3.677          -5.548         -10.215            0.728
 1449 (vir)     1          -0.257          -3.635          -5.408         -10.020            0.720
 1450 (vir)     1          -0.240          -3.707          -5.486         -10.129            0.695
 1451 (vir)     1          -0.235          -3.568          -5.174          -9.760            0.784
 1452 (vir)     1          -0.224          -3.715          -5.446         -10.063            0.679
 1453 (vir)     1          -0.220          -3.660          -5.450         -10.107            0.778
 1454 (vir)     1          -0.210          -3.811          -5.742         -10.525            0.762
 1455 (vir)     1          -0.208          -3.698          -5.452         -10.071            0.714
 1456 (vir)     1          -0.201          -3.809          -5.564         -10.296            0.722
 1457 (vir)     1          -0.195          -3.854          -5.639         -10.422            0.734
 1458 (vir)     1          -0.193          -3.824          -5.717         -10.522            0.787
 1459 (vir)     1          -0.184          -3.747          -5.471         -10.160            0.758
 1460 (vir)     1          -0.175          -3.722          -5.445         -10.155            0.813
 1461 (vir)     1          -0.174          -3.718          -5.403         -10.087            0.791
 1462 (vir)     1          -0.160          -3.570          -4.923          -9.360            0.707
 1463 (vir)     1          -0.159          -3.887          -5.767         -10.619            0.806
 1464 (vir)     1          -0.146          -3.879          -5.590         -10.365            0.750
 1465 (vir)     1          -0.132          -3.674          -5.279          -9.917            0.832
 1466 (vir)     1          -0.122          -3.789          -5.508         -10.230            0.811
 1467 (vir)     1          -0.114          -3.718          -5.413         -10.096            0.851
 1468 (vir)     1          -0.105          -3.712          -5.343          -9.998            0.837
 1469 (vir)     1          -0.100          -3.720          -5.378         -10.113            0.915
 1470 (vir)     1          -0.091          -3.667          -5.326          -9.964            0.879
 1471 (vir)     1          -0.078          -3.317          -4.398          -8.552            0.759
 1472 (vir)     1          -0.074          -3.635          -5.190          -9.733            0.834
 1473 (vir)     1          -0.068          -3.698          -5.249          -9.870            0.855
 1474 (vir)     1          -0.064          -3.355          -4.565          -8.795            0.811
 1475 (vir)     1          -0.059          -3.804          -5.536         -10.327            0.927
 1476 (vir)     1          -0.059          -3.672          -5.268          -9.920            0.921
 1477 (vir)     1          -0.052          -3.793          -5.473         -10.250            0.933
 1478 (vir)     1          -0.038          -3.643          -5.145          -9.725            0.899
 1479 (vir)     1          -0.028          -3.568          -4.934          -9.386            0.857
 1480 (vir)     1          -0.022          -3.580          -5.020          -9.576            0.955
 1481 (vir)     1          -0.020          -3.522          -4.818          -9.216            0.857
 1482 (vir)     1          -0.013          -3.546          -4.989          -9.565            1.017
 1483 (vir)     1          -0.009          -3.664          -5.207          -9.868            0.988
 1484 (vir)     1          -0.009          -3.587          -4.950          -9.467            0.921
 1485 (vir)     1          -0.004          -3.799          -5.467         -10.259            0.990
 1486 (vir)     1           0.008          -3.611          -5.017          -9.586            0.966
 1487 (vir)     1           0.017          -3.805          -5.443         -10.166            0.935
 1488 (vir)     1           0.020          -3.849          -5.578         -10.429            1.023
 1489 (vir)     1           0.024          -3.739          -5.364         -10.114            1.035
 1490 (vir)     1           0.027          -2.902          -3.473          -7.161            0.813
 1491 (vir)     1           0.036          -3.518          -4.796          -9.251            0.973
 1492 (vir)     1           0.046          -3.194          -4.111          -8.167            0.909
 1493 (vir)     1           0.052          -3.759          -5.222          -9.891            0.963
 1494 (vir)     1           0.082          -3.365          -4.423          -8.662            0.957
 1495 (vir)     1           0.088          -3.568          -4.945          -9.458            1.033
 1496 (vir)     1           0.090          -3.715          -5.169          -9.822            1.028
 1497 (vir)     1           0.091          -3.599          -4.933          -9.451            1.010
 1498 (vir)     1           0.105          -3.718          -5.181          -9.852            1.057
 1499 (vir)     1           0.114          -3.442          -4.553          -8.911            1.030
 1500 (vir)     1           0.120          -3.324          -4.312          -8.504            0.988
 1501 (vir)     1           0.123          -3.665          -5.037          -9.613            1.035
 1502 (vir)     1           0.136          -3.561          -4.824          -9.310            1.062
 1503 (vir)     1           0.146          -3.058          -3.800          -7.669            0.957
 1504 (vir)     1           0.155          -3.413          -4.443          -8.701            1.001
 1505 (vir)     1           0.162          -3.445          -4.591          -8.946            1.072
 1506 (vir)     1           0.176          -3.568          -4.745          -9.196            1.058
 1507 (vir)     1           0.179          -3.346          -4.321          -8.539            1.050
 1508 (vir)     1           0.189          -3.538          -4.728          -9.178            1.100
 1509 (vir)     1           0.191          -3.531          -4.696          -9.149            1.112
 1510 (vir)     1           0.196          -3.535          -4.774          -9.213            1.101
 1511 (vir)     1           0.225          -3.728          -5.149          -9.885            1.233
 1512 (vir)     1           0.226          -3.412          -4.501          -8.810            1.123
 1513 (vir)     1           0.236          -3.418          -4.488          -8.786            1.115
 1514 (vir)     1           0.240          -3.793          -5.244         -10.001            1.204
 1515 (vir)     1           0.254          -3.551          -4.709          -9.196            1.190
 1516 (vir)     1           0.263          -3.852          -5.350         -10.174            1.235
 1517 (vir)     1           0.269          -3.719          -5.083          -9.780            1.246
 1518 (vir)     1           0.277          -3.816          -5.261         -10.027            1.227
 1519 (vir)     1           0.303          -3.604          -4.881          -9.525            1.343
 1520 (vir)     1           0.319          -3.573          -4.781          -9.350            1.316
 1521 (vir)     1           0.331          -3.557          -4.686          -9.231            1.320
 1522 (vir)     1           0.336          -3.882          -5.338         -10.171            1.287
 1523 (vir)     1           0.341          -3.755          -5.134          -9.875            1.328
 1524 (vir)     1           0.343          -3.652          -4.870          -9.481            1.303
 1525 (vir)     1           0.354          -3.888          -5.418         -10.321            1.368
 1526 (vir)     1           0.356          -3.723          -5.028          -9.713            1.317
 1527 (vir)     1           0.371          -3.955          -5.390         -10.294            1.320
 1528 (vir)     1           0.372          -3.501          -4.504          -8.824            1.191
 1529 (vir)     1           0.378          -3.540          -4.651          -9.134            1.321
 1530 (vir)     1           0.389          -3.669          -4.920          -9.586            1.386
 1531 (vir)     1           0.390          -3.838          -5.015          -9.769            1.307
 1532 (vir)     1           0.392          -3.683          -4.945          -9.654            1.418
 1533 (vir)     1           0.409          -3.577          -4.683          -9.122            1.271
 1534 (vir)     1           0.417          -3.944          -5.125          -9.963            1.311
 1535 (vir)     1           0.426          -3.835          -5.128          -9.933            1.396
 1536 (vir)     1           0.437          -3.617          -4.780          -9.271            1.310
 1537 (vir)     1           0.439          -3.801          -5.037          -9.775            1.377
 1538 (vir)     1           0.448          -3.797          -4.999          -9.744            1.396
 1539 (vir)     1           0.467          -3.678          -4.818          -9.450            1.422
 1540 (vir)     1           0.470          -3.793          -5.028          -9.799            1.448
 1541 (vir)     1           0.484          -3.961          -5.293         -10.219            1.450
 1542 (vir)     1           0.491          -3.590          -4.641          -9.130            1.390
 1543 (vir)     1           0.499          -3.411          -4.351          -8.746            1.483
 1544 (vir)     1           0.515          -3.562          -4.491          -9.046            1.507
 1545 (vir)     1           0.520          -3.905          -5.150         -10.027            1.492
 1546 (vir)     1           0.530          -3.890          -5.113          -9.994            1.520
 1547 (vir)     1           0.548          -3.846          -5.033          -9.822            1.491
 1548 (vir)     1           0.556          -3.877          -5.215         -10.102            1.566
 1549 (vir)     1           0.558          -4.043          -5.389         -10.323            1.449
 1550 (vir)     1           0.581          -3.779          -4.880          -9.618            1.540
 1551 (vir)     1           0.589          -3.785          -4.958          -9.733            1.580
 1552 (vir)     1           0.608          -3.830          -4.945          -9.727            1.560
 1553 (vir)     1           0.615          -3.800          -4.946          -9.647            1.515
 1554 (vir)     1           0.617          -3.844          -4.988          -9.794            1.579
 1555 (vir)     1           0.626          -3.882          -4.950          -9.751            1.546
 1556 (vir)     1           0.626          -3.768          -5.011          -9.730            1.577
 1557 (vir)     1           0.649          -3.706          -4.669          -9.301            1.574
 1558 (vir)     1           0.650          -3.637          -4.602          -9.078            1.489
 1559 (vir)     1           0.666          -3.979          -5.232         -10.182            1.638
 1560 (vir)     1           0.667          -3.872          -5.006          -9.782            1.571
 1561 (vir)     1           0.680          -3.862          -4.952          -9.679            1.545
 1562 (vir)     1           0.684          -3.832          -4.906          -9.686            1.631
 1563 (vir)     1           0.696          -3.904          -5.067          -9.927            1.652
 1564 (vir)     1           0.699          -3.773          -4.807          -9.437            1.555
 1565 (vir)     1           0.709          -4.036          -5.331         -10.350            1.692
 1566 (vir)     1           0.716          -3.935          -5.048          -9.884            1.616
 1567 (vir)     1           0.717          -4.044          -5.274         -10.242            1.640
 1568 (vir)     1           0.719          -3.934          -5.182         -10.046            1.649
 1569 (vir)     1           0.729          -3.859          -5.002          -9.801            1.668
 1570 (vir)     1           0.753          -3.866          -4.991          -9.786            1.682
 1571 (vir)     1           0.760          -3.814          -4.835          -9.571            1.682
 1572 (vir)     1           0.763          -3.891          -5.066          -9.927            1.734
 1573 (vir)     1           0.779          -3.906          -5.033          -9.909            1.749
 1574 (vir)     1           0.783          -3.923          -5.040          -9.903            1.722
 1575 (vir)     1           0.789          -3.950          -5.055          -9.944            1.728
 1576 (vir)     1           0.801          -3.882          -4.966          -9.819            1.772
 1577 (vir)     1           0.812          -3.993          -5.171         -10.113            1.762
 1578 (vir)     1           0.819          -3.853          -4.859          -9.639            1.746
 1579 (vir)     1           0.847          -3.985          -5.035          -9.909            1.737
 1580 (vir)     1           0.861          -3.934          -5.093          -9.995            1.828
 1581 (vir)     1           0.864          -3.883          -4.942          -9.731            1.769
 1582 (vir)     1           0.879          -3.867          -4.824          -9.630            1.817
 1583 (vir)     1           0.882          -3.991          -5.181         -10.130            1.840
 1584 (vir)     1           0.889          -3.898          -4.824          -9.630            1.796
 1585 (vir)     1           0.895          -3.877          -4.898          -9.750            1.870
 1586 (vir)     1           0.913          -3.699          -4.586          -9.251            1.879
 1587 (vir)     1           0.926          -3.763          -4.661          -9.325            1.826
 1588 (vir)     1           0.934          -4.043          -5.100         -10.046            1.837
 1589 (vir)     1           0.942          -3.793          -4.669          -9.301            1.781
 1590 (vir)     1           0.956          -3.913          -4.961          -9.822            1.904
 1591 (vir)     1           0.957          -3.940          -5.082          -9.968            1.904
 1592 (vir)     1           0.974          -3.970          -4.976          -9.784            1.812
 1593 (vir)     1           0.980          -3.851          -4.740          -9.403            1.792
 1594 (vir)     1           0.982          -3.751          -4.579          -9.248            1.900
 1595 (vir)     1           0.988          -3.815          -4.677          -9.369            1.865
 1596 (vir)     1           0.999          -4.071          -5.210         -10.217            1.935
 1597 (vir)     1           1.007          -3.838          -4.715          -9.486            1.941
 1598 (vir)     1           1.011          -3.962          -4.998          -9.902            1.953
 1599 (vir)     1           1.014          -3.801          -4.720          -9.450            1.943
 1600 (vir)     1           1.035          -4.009          -5.082         -10.056            2.000
 1601 (vir)     1           1.037          -3.938          -4.877          -9.753            1.975
 1602 (vir)     1           1.044          -3.994          -5.029          -9.984            2.005
 1603 (vir)     1           1.074          -4.082          -5.103         -10.106            1.996
 1604 (vir)     1           1.078          -3.483          -4.009          -8.410            1.997
 1605 (vir)     1           1.082          -3.845          -4.731          -9.533            2.039
 1606 (vir)     1           1.105          -3.711          -4.457          -9.067            2.004
 1607 (vir)     1           1.124          -3.382          -4.020          -8.287            2.009
 1608 (vir)     1           1.128          -3.319          -3.928          -8.195            2.076
 1609 (vir)     1           1.140          -3.562          -4.192          -8.646            2.032
 1610 (vir)     1           1.148          -3.720          -4.374          -8.997            2.051
 1611 (vir)     1           1.149          -3.494          -4.088          -8.463            2.031
 1612 (vir)     1           1.169          -3.724          -4.478          -9.120            2.087
 1613 (vir)     1           1.170          -3.631          -4.261          -8.745            2.023
 1614 (vir)     1           1.174          -3.534          -4.017          -8.409            2.032
 1615 (vir)     1           1.188          -3.206          -3.514          -7.536            2.003
 1616 (vir)     1           1.192          -3.879          -4.704          -9.498            2.106
 1617 (vir)     1           1.195          -3.240          -3.716          -7.848            2.086
 1618 (vir)     1           1.203          -3.338          -3.827          -8.043            2.082
 1619 (vir)     1           1.213          -3.274          -3.670          -7.801            2.069
 1620 (vir)     1           1.221          -3.295          -3.735          -7.898            2.089
 1621 (vir)     1           1.225          -2.957          -3.138          -6.944            2.074
 1622 (vir)     1           1.227          -2.802          -2.770          -6.333            1.988
 1623 (vir)     1           1.239          -3.360          -3.752          -7.890            2.017
 1624 (vir)     1           1.248          -3.508          -3.971          -8.397            2.166
 1625 (vir)     1           1.250          -3.264          -3.674          -7.817            2.128
 1626 (vir)     1           1.251          -3.706          -4.410          -9.004            2.140
 1627 (vir)     1           1.257          -3.029          -3.216          -7.077            2.090
 1628 (vir)     1           1.269          -3.630          -4.263          -8.771            2.147
 1629 (vir)     1           1.284          -3.586          -4.067          -8.530            2.161
 1630 (vir)     1           1.297          -3.507          -3.936          -8.326            2.180
 1631 (vir)     1           1.301          -3.877          -4.660          -9.396            2.160
 1632 (vir)     1           1.302          -3.583          -4.067          -8.511            2.162
 1633 (vir)     1           1.304          -2.765          -2.726          -6.293            2.105
 1634 (vir)     1           1.311          -3.433          -3.759          -7.920            2.039
 1635 (vir)     1           1.312          -3.154          -3.374          -7.358            2.143
 1636 (vir)     1           1.329          -3.075          -3.266          -7.171            2.159
 1637 (vir)     1           1.333          -3.096          -3.306          -7.279            2.209
 1638 (vir)     1           1.343          -3.263          -3.462          -7.573            2.191
 1639 (vir)     1           1.352          -3.415          -3.833          -8.104            2.208
 1640 (vir)     1           1.354          -3.190          -3.526          -7.587            2.226
 1641 (vir)     1           1.363          -3.308          -3.595          -7.732            2.191
 1642 (vir)     1           1.371          -3.279          -3.535          -7.674            2.232
 1643 (vir)     1           1.373          -3.081          -3.222          -7.157            2.227
 1644 (vir)     1           1.378          -3.491          -3.897          -8.230            2.219
 1645 (vir)     1           1.384          -2.962          -3.053          -6.873            2.242
 1646 (vir)     1           1.388          -3.408          -3.733          -7.982            2.228
 1647 (vir)     1           1.392          -2.925          -2.912          -6.549            2.105
 1648 (vir)     1           1.410          -3.182          -3.418          -7.494            2.304
 1649 (vir)     1           1.412          -3.144          -3.356          -7.358            2.269
 1650 (vir)     1           1.424          -3.069          -3.201          -7.111            2.265
 1651 (vir)     1           1.427          -3.082          -3.221          -7.165            2.288
 1652 (vir)     1           1.449          -3.341          -3.521          -7.659            2.245
 1653 (vir)     1           1.454          -3.202          -3.406          -7.406            2.252
 1654 (vir)     1           1.459          -3.209          -3.353          -7.394            2.291
 1655 (vir)     1           1.462          -3.534          -3.872          -8.257            2.313
 1656 (vir)     1           1.464          -3.276          -3.478          -7.569            2.281
 1657 (vir)     1           1.473          -2.828          -2.813          -6.493            2.325
 1658 (vir)     1           1.481          -2.888          -2.882          -6.622            2.333
 1659 (vir)     1           1.491          -3.524          -3.833          -8.186            2.320
 1660 (vir)     1           1.501          -2.894          -2.900          -6.666            2.372
 1661 (vir)     1           1.501          -3.804          -4.272          -8.847            2.273
 1662 (vir)     1           1.509          -2.949          -2.877          -6.631            2.313
 1663 (vir)     1           1.509          -3.692          -4.061          -8.586            2.342
 1664 (vir)     1           1.525          -3.206          -3.403          -7.480            2.395
 1665 (vir)     1           1.530          -3.702          -4.066          -8.562            2.324
 1666 (vir)     1           1.538          -3.637          -3.950          -8.397            2.348
 1667 (vir)     1           1.559          -3.094          -3.137          -7.043            2.371
 1668 (vir)     1           1.561          -2.859          -2.739          -6.421            2.382
 1669 (vir)     1           1.569          -3.381          -3.541          -7.778            2.425
 1670 (vir)     1           1.574          -3.356          -3.504          -7.578            2.290
 1671 (vir)     1           1.580          -3.482          -3.669          -8.006            2.435
 1672 (vir)     1           1.586          -3.622          -3.914          -8.372            2.423
 1673 (vir)     1           1.601          -3.029          -3.067          -6.937            2.442
 1674 (vir)     1           1.610          -2.926          -2.917          -6.685            2.451
 1675 (vir)     1           1.619          -2.986          -2.997          -6.802            2.438
 1676 (vir)     1           1.623          -2.985          -2.880          -6.648            2.406
 1677 (vir)     1           1.627          -3.060          -2.965          -6.778            2.379
 1678 (vir)     1           1.633          -2.949          -2.841          -6.554            2.396
 1679 (vir)     1           1.639          -3.455          -3.594          -7.861            2.452
 1680 (vir)     1           1.646          -3.482          -3.654          -7.936            2.446
 1681 (vir)     1           1.652          -2.955          -2.969          -6.776            2.504
 1682 (vir)     1           1.666          -3.199          -3.317          -7.349            2.499
 1683 (vir)     1           1.667          -3.089          -3.109          -7.013            2.483
 1684 (vir)     1           1.674          -2.956          -2.864          -6.641            2.494
 1685 (vir)     1           1.675          -3.489          -3.739          -8.025            2.472
 1686 (vir)     1           1.683          -3.089          -3.108          -6.995            2.480
 1687 (vir)     1           1.690          -3.369          -3.554          -7.765            2.533
 1688 (vir)     1           1.706          -2.866          -2.450          -6.077            2.467
 1689 (vir)     1           1.706          -2.996          -2.940          -6.735            2.505
 1690 (vir)     1           1.718          -3.012          -2.972          -6.821            2.555
 1691 (vir)     1           1.731          -2.881          -2.668          -6.362            2.544
 1692 (vir)     1           1.734          -2.896          -2.677          -6.342            2.504
 1693 (vir)     1           1.743          -2.987          -2.810          -6.562            2.508
 1694 (vir)     1           1.755          -3.033          -3.021          -6.876            2.576
 1695 (vir)     1           1.760          -2.924          -2.831          -6.552            2.557
 1696 (vir)     1           1.765          -3.089          -3.077          -6.974            2.572
 1697 (vir)     1           1.771          -3.171          -3.176          -7.139            2.564
 1698 (vir)     1           1.771          -3.047          -2.982          -6.860            2.602
 1699 (vir)     1           1.775          -3.178          -3.274          -7.294            2.617
 1700 (vir)     1           1.777          -3.416          -3.623          -7.860            2.599
 1701 (vir)     1           1.787          -3.136          -3.062          -6.983            2.571
 1702 (vir)     1           1.787          -2.758          -2.481          -6.029            2.577
 1703 (vir)     1           1.793          -2.948          -2.910          -6.689            2.623
 1704 (vir)     1           1.802          -2.970          -2.900          -6.656            2.588
 1705 (vir)     1           1.804          -2.913          -2.655          -6.347            2.583
 1706 (vir)     1           1.804          -3.082          -3.088          -7.008            2.643
 1707 (vir)     1           1.814          -2.989          -2.920          -6.719            2.623
 1708 (vir)     1           1.814          -2.921          -2.741          -6.464            2.615
 1709 (vir)     1           1.818          -2.906          -2.766          -6.455            2.601
 1710 (vir)     1           1.825          -2.878          -2.685          -6.378            2.640
 1711 (vir)     1           1.825          -3.096          -3.032          -6.940            2.636
 1712 (vir)     1           1.836          -2.818          -2.519          -6.106            2.605
 1713 (vir)     1           1.843          -3.133          -3.045          -6.968            2.633
 1714 (vir)     1           1.848          -2.997          -2.868          -6.687            2.670
 1715 (vir)     1           1.849          -2.970          -2.861          -6.647            2.665
 1716 (vir)     1           1.860          -2.965          -2.932          -6.758            2.721
 1717 (vir)     1           1.860          -3.194          -3.193          -7.197            2.671
 1718 (vir)     1           1.868          -2.935          -2.880          -6.644            2.696
 1719 (vir)     1           1.878          -3.044          -2.932          -6.767            2.668
 1720 (vir)     1           1.885          -2.833          -2.685          -6.354            2.720
 1721 (vir)     1           1.890          -3.142          -2.993          -6.913            2.669
 1722 (vir)     1           1.893          -2.964          -2.771          -6.535            2.693
 1723 (vir)     1           1.895          -3.032          -2.854          -6.716            2.725
 1724 (vir)     1           1.907          -2.902          -2.685          -6.419            2.739
 1725 (vir)     1           1.920          -3.186          -3.070          -7.069            2.733
 1726 (vir)     1           1.922          -3.174          -3.088          -7.094            2.755
 1727 (vir)     1           1.925          -2.728          -2.485          -6.043            2.756
 1728 (vir)     1           1.925          -3.155          -3.069          -7.041            2.742
 1729 (vir)     1           1.938          -3.260          -3.196          -7.280            2.761
 1730 (vir)     1           1.941          -3.008          -2.922          -6.797            2.807
 1731 (vir)     1           1.950          -3.138          -2.976          -6.875            2.711
 1732 (vir)     1           1.953          -3.102          -3.004          -6.939            2.786
 1733 (vir)     1           1.957          -3.121          -2.966          -6.918            2.789
 1734 (vir)     1           1.963          -2.949          -2.779          -6.571            2.806
 1735 (vir)     1           1.972          -3.046          -2.873          -6.780            2.833
 1736 (vir)     1           1.983          -3.011          -2.762          -6.593            2.803
 1737 (vir)     1           1.986          -2.955          -2.759          -6.528            2.800
 1738 (vir)     1           1.994          -2.931          -2.723          -6.501            2.841
 1739 (vir)     1           1.996          -3.062          -2.857          -6.730            2.807
 1740 (vir)     1           2.005          -2.994          -2.750          -6.558            2.819
 1741 (vir)     1           2.005          -3.374          -3.379          -7.564            2.816
 1742 (vir)     1           2.022          -3.632          -3.715          -8.146            2.821
 1743 (vir)     1           2.025          -3.013          -2.705          -6.508            2.816
 1744 (vir)     1           2.029          -2.915          -2.603          -6.323            2.833
 1745 (vir)     1           2.032          -3.076          -2.839          -6.718            2.834
 1746 (vir)     1           2.032          -2.934          -2.720          -6.479            2.857
 1747 (vir)     1           2.039          -3.069          -2.791          -6.654            2.832
 1748 (vir)     1           2.047          -3.064          -2.801          -6.662            2.844
 1749 (vir)     1           2.051          -3.012          -2.839          -6.676            2.876
 1750 (vir)     1           2.055          -2.895          -2.462          -6.150            2.848
 1751 (vir)     1           2.058          -2.878          -2.574          -6.254            2.861
 1752 (vir)     1           2.062          -2.926          -2.646          -6.390            2.880
 1753 (vir)     1           2.073          -3.018          -2.709          -6.519            2.865
 1754 (vir)     1           2.082          -2.964          -2.480          -6.222            2.859
 1755 (vir)     1           2.083          -3.006          -2.668          -6.483            2.892
 1756 (vir)     1           2.089          -2.964          -2.544          -6.300            2.882
 1757 (vir)     1           2.098          -2.935          -2.491          -6.211            2.884
 1758 (vir)     1           2.104          -3.102          -2.815          -6.699            2.886
 1759 (vir)     1           2.112          -3.062          -2.720          -6.562            2.891
 1760 (vir)     1           2.117          -2.869          -2.572          -6.284            2.960
 1761 (vir)     1           2.123          -3.098          -2.825          -6.720            2.920
 1762 (vir)     1           2.132          -3.077          -2.858          -6.780            2.977
 1763 (vir)     1           2.134          -3.008          -2.621          -6.440            2.944
 1764 (vir)     1           2.154          -2.935          -2.752          -6.514            2.981
 1765 (vir)     1           2.157          -2.975          -2.560          -6.335            2.956
 1766 (vir)     1           2.165          -3.036          -2.733          -6.601            2.998
 1767 (vir)     1           2.177          -3.017          -2.608          -6.414            2.966
 1768 (vir)     1           2.178          -2.808          -2.447          -6.079            3.001
 1769 (vir)     1           2.189          -2.915          -2.387          -6.094            2.980
 1770 (vir)     1           2.189          -3.121          -2.843          -6.805            3.031
 1771 (vir)     1           2.193          -3.055          -2.764          -6.630            3.005
 1772 (vir)     1           2.200          -2.963          -2.844          -6.702            3.095
 1773 (vir)     1           2.203          -3.071          -2.757          -6.653            3.028
 1774 (vir)     1           2.212          -3.120          -2.769          -6.697            3.020
 1775 (vir)     1           2.218          -2.979          -2.886          -6.664            3.017
 1776 (vir)     1           2.223          -3.051          -2.773          -6.656            3.055
 1777 (vir)     1           2.224          -3.077          -2.743          -6.629            3.033
 1778 (vir)     1           2.240          -3.079          -2.708          -6.596            3.050
 1779 (vir)     1           2.243          -3.123          -2.743          -6.658            3.035
 1780 (vir)     1           2.244          -3.130          -2.731          -6.668            3.052
 1781 (vir)     1           2.249          -3.140          -2.697          -6.619            3.031
 1782 (vir)     1           2.262          -3.112          -2.715          -6.610            3.045
 1783 (vir)     1           2.265          -3.180          -2.846          -6.823            3.062
 1784 (vir)     1           2.267          -3.522          -3.417          -7.742            3.070
 1785 (vir)     1           2.276          -3.146          -2.755          -6.661            3.036
 1786 (vir)     1           2.279          -3.074          -2.653          -6.525            3.078
 1787 (vir)     1           2.287          -3.083          -2.571          -6.406            3.039
 1788 (vir)     1           2.290          -3.087          -2.627          -6.480            3.056
 1789 (vir)     1           2.301          -3.049          -2.733          -6.624            3.143
 1790 (vir)     1           2.304          -3.464          -3.189          -7.428            3.079
 1791 (vir)     1           2.313          -3.116          -2.679          -6.587            3.105
 1792 (vir)     1           2.317          -3.133          -2.679          -6.562            3.067
 1793 (vir)     1           2.321          -3.109          -2.814          -6.748            3.146
 1794 (vir)     1           2.329          -3.172          -2.790          -6.732            3.100
 1795 (vir)     1           2.342          -3.165          -2.885          -6.871            3.162
 1796 (vir)     1           2.347          -3.272          -2.959          -7.026            3.142
 1797 (vir)     1           2.350          -3.062          -2.561          -6.404            3.130
 1798 (vir)     1           2.351          -3.211          -2.884          -6.884            3.140
 1799 (vir)     1           2.357          -3.136          -2.761          -6.678            3.138
 1800 (vir)     1           2.363          -3.101          -2.629          -6.499            3.132
 1801 (vir)     1           2.372          -3.299          -2.922          -6.988            3.140
 1802 (vir)     1           2.377          -3.013          -2.619          -6.432            3.178
 1803 (vir)     1           2.380          -3.379          -3.117          -7.280            3.165
 1804 (vir)     1           2.387          -3.016          -2.703          -6.552            3.219
 1805 (vir)     1           2.395          -3.135          -2.678          -6.565            3.147
 1806 (vir)     1           2.396          -3.266          -2.940          -6.984            3.174
 1807 (vir)     1           2.406          -3.113          -2.794          -6.727            3.226
 1808 (vir)     1           2.408          -3.187          -2.763          -6.741            3.199
 1809 (vir)     1           2.412          -3.106          -2.612          -6.480            3.174
 1810 (vir)     1           2.415          -3.181          -2.711          -6.662            3.185
 1811 (vir)     1           2.421          -3.242          -2.914          -6.956            3.220
 1812 (vir)     1           2.432          -3.113          -2.728          -6.642            3.232
 1813 (vir)     1           2.445          -3.202          -2.850          -6.830            3.223
 1814 (vir)     1           2.448          -3.210          -2.900          -6.934            3.272
 1815 (vir)     1           2.451          -3.091          -2.642          -6.515            3.233
 1816 (vir)     1           2.453          -3.081          -2.595          -6.471            3.249
 1817 (vir)     1           2.455          -3.072          -2.658          -6.543            3.269
 1818 (vir)     1           2.459          -3.015          -2.571          -6.398            3.271
 1819 (vir)     1           2.462          -3.159          -2.847          -6.799            3.255
 1820 (vir)     1           2.467          -3.172          -2.773          -6.727            3.250
 1821 (vir)     1           2.468          -3.106          -2.766          -6.648            3.245
 1822 (vir)     1           2.481          -3.200          -2.837          -6.820            3.264
 1823 (vir)     1           2.481          -3.180          -2.744          -6.713            3.270
 1824 (vir)     1           2.484          -3.188          -2.780          -6.744            3.261
 1825 (vir)     1           2.491          -3.168          -2.732          -6.691            3.283
 1826 (vir)     1           2.496          -3.336          -3.032          -7.183            3.312
 1827 (vir)     1           2.498          -3.233          -2.888          -6.929            3.306
 1828 (vir)     1           2.506          -3.207          -2.798          -6.785            3.287
 1829 (vir)     1           2.513          -3.098          -2.674          -6.593            3.334
 1830 (vir)     1           2.519          -3.216          -2.782          -6.796            3.317
 1831 (vir)     1           2.520          -3.364          -3.110          -7.300            3.347
 1832 (vir)     1           2.524          -3.163          -2.775          -6.742            3.329
 1833 (vir)     1           2.533          -3.145          -2.737          -6.680            3.331
 1834 (vir)     1           2.536          -3.141          -2.719          -6.675            3.351
 1835 (vir)     1           2.551          -3.183          -2.759          -6.761            3.370
 1836 (vir)     1           2.554          -3.355          -3.102          -7.273            3.370
 1837 (vir)     1           2.554          -3.156          -2.756          -6.745            3.387
 1838 (vir)     1           2.558          -3.192          -2.770          -6.763            3.360
 1839 (vir)     1           2.560          -3.190          -2.815          -6.836            3.391
 1840 (vir)     1           2.562          -3.218          -2.910          -6.931            3.366
 1841 (vir)     1           2.564          -3.320          -3.011          -7.148            3.382
 1842 (vir)     1           2.574          -3.219          -2.847          -6.847            3.355
 1843 (vir)     1           2.575          -3.186          -2.745          -6.715            3.359
 1844 (vir)     1           2.583          -3.141          -2.682          -6.639            3.399
 1845 (vir)     1           2.588          -3.349          -3.053          -7.182            3.368
 1846 (vir)     1           2.596          -3.160          -2.779          -6.721            3.377
 1847 (vir)     1           2.602          -3.304          -2.858          -6.957            3.397
 1848 (vir)     1           2.603          -3.171          -2.851          -6.819            3.400
 1849 (vir)     1           2.615          -3.225          -2.776          -6.784            3.398
 1850 (vir)     1           2.618          -3.071          -2.539          -6.395            3.402
 1851 (vir)     1           2.621          -3.345          -2.892          -6.981            3.365
 1852 (vir)     1           2.625          -3.369          -3.003          -7.164            3.417
 1853 (vir)     1           2.627          -3.045          -2.525          -6.366            3.423
 1854 (vir)     1           2.636          -3.253          -2.891          -6.991            3.484
 1855 (vir)     1           2.639          -3.287          -3.010          -7.176            3.519
 1856 (vir)     1           2.644          -3.154          -2.881          -6.911            3.520
 1857 (vir)     1           2.652          -3.216          -2.920          -6.971            3.488
 1858 (vir)     1           2.656          -3.247          -2.835          -6.903            3.477
 1859 (vir)     1           2.656          -3.238          -2.986          -7.023            3.455
 1860 (vir)     1           2.662          -3.257          -2.834          -6.866            3.437
 1861 (vir)     1           2.672          -3.440          -3.378          -7.622            3.476
 1862 (vir)     1           2.675          -3.350          -3.065          -7.239            3.499
 1863 (vir)     1           2.676          -3.078          -2.742          -6.681            3.537
 1864 (vir)     1           2.686          -3.298          -2.896          -7.016            3.508
 1865 (vir)     1           2.689          -3.139          -2.639          -6.596            3.507
 1866 (vir)     1           2.690          -3.115          -2.643          -6.547            3.479
 1867 (vir)     1           2.694          -3.162          -2.778          -6.776            3.530
 1868 (vir)     1           2.705          -3.264          -2.893          -6.983            3.530
 1869 (vir)     1           2.712          -3.272          -2.842          -6.927            3.525
 1870 (vir)     1           2.720          -3.143          -2.680          -6.625            3.523
 1871 (vir)     1           2.729          -3.191          -2.814          -6.858            3.582
 1872 (vir)     1           2.732          -3.123          -2.666          -6.642            3.584
 1873 (vir)     1           2.737          -3.250          -2.778          -6.820            3.528
 1874 (vir)     1           2.738          -3.187          -2.795          -6.796            3.552
 1875 (vir)     1           2.740          -3.263          -2.825          -6.915            3.567
 1876 (vir)     1           2.751          -3.303          -3.148          -7.269            3.569
 1877 (vir)     1           2.755          -3.202          -2.783          -6.820            3.590
 1878 (vir)     1           2.761          -3.256          -2.882          -6.965            3.588
 1879 (vir)     1           2.764          -3.283          -2.905          -7.011            3.586
 1880 (vir)     1           2.767          -3.244          -2.837          -6.953            3.640
 1881 (vir)     1           2.772          -3.285          -2.990          -7.157            3.653
 1882 (vir)     1           2.777          -3.259          -2.888          -6.996            3.626
 1883 (vir)     1           2.781          -3.342          -2.974          -7.178            3.643
 1884 (vir)     1           2.786          -3.353          -3.007          -7.199            3.625
 1885 (vir)     1           2.796          -3.356          -3.103          -7.350            3.687
 1886 (vir)     1           2.803          -3.230          -2.793          -6.851            3.631
 1887 (vir)     1           2.805          -3.277          -2.861          -6.971            3.638
 1888 (vir)     1           2.812          -3.219          -2.838          -6.955            3.709
 1889 (vir)     1           2.817          -3.475          -3.279          -7.594            3.657
 1890 (vir)     1           2.822          -3.249          -2.819          -6.908            3.662
 1891 (vir)     1           2.824          -3.306          -2.922          -7.048            3.644
 1892 (vir)     1           2.825          -3.487          -3.408          -7.731            3.661
 1893 (vir)     1           2.832          -3.408          -3.106          -7.356            3.673
 1894 (vir)     1           2.835          -3.318          -2.923          -7.089            3.683
 1895 (vir)     1           2.835          -3.430          -3.183          -7.453            3.676
 1896 (vir)     1           2.847          -3.316          -2.825          -6.949            3.654
 1897 (vir)     1           2.851          -3.295          -2.966          -7.103            3.693
 1898 (vir)     1           2.853          -3.377          -2.914          -7.093            3.655
 1899 (vir)     1           2.862          -3.408          -3.088          -7.371            3.737
 1900 (vir)     1           2.863          -3.318          -2.889          -7.038            3.695
 1901 (vir)     1           2.869          -3.417          -2.984          -7.250            3.719
 1902 (vir)     1           2.874          -3.517          -3.208          -7.565            3.714
 1903 (vir)     1           2.875          -3.367          -2.818          -6.937            3.627
 1904 (vir)     1           2.885          -3.403          -2.963          -7.170            3.688
 1905 (vir)     1           2.888          -3.408          -2.941          -7.161            3.700
 1906 (vir)     1           2.895          -3.505          -3.121          -7.428            3.697
 1907 (vir)     1           2.899          -3.354          -2.794          -6.917            3.667
 1908 (vir)     1           2.909          -3.399          -3.057          -7.291            3.744
 1909 (vir)     1           2.910          -3.342          -2.879          -7.037            3.726
 1910 (vir)     1           2.912          -3.259          -2.755          -6.855            3.752
 1911 (vir)     1           2.916          -3.383          -2.948          -7.171            3.755
 1912 (vir)     1           2.922          -3.226          -2.736          -6.807            3.768
 1913 (vir)     1           2.930          -3.390          -2.992          -7.230            3.778
 1914 (vir)     1           2.942          -3.378          -2.984          -7.221            3.800
 1915 (vir)     1           2.943          -3.370          -2.969          -7.192            3.796
 1916 (vir)     1           2.947          -3.374          -3.004          -7.223            3.791
 1917 (vir)     1           2.948          -3.367          -2.898          -7.077            3.761
 1918 (vir)     1           2.951          -3.471          -3.170          -7.490            3.801
 1919 (vir)     1           2.958          -3.431          -3.045          -7.336            3.817
 1920 (vir)     1           2.958          -3.544          -3.231          -7.636            3.819
 1921 (vir)     1           2.959          -3.390          -3.128          -7.417            3.859
 1922 (vir)     1           2.970          -3.339          -3.067          -7.317            3.880
 1923 (vir)     1           2.971          -3.496          -3.361          -7.753            3.868
 1924 (vir)     1           2.978          -3.374          -2.996          -7.255            3.863
 1925 (vir)     1           2.982          -3.284          -2.853          -7.017            3.862
 1926 (vir)     1           2.988          -3.329          -2.902          -7.078            3.835
 1927 (vir)     1           2.990          -3.231          -2.763          -6.846            3.841
 1928 (vir)     1           2.994          -3.397          -3.056          -7.329            3.870
 1929 (vir)     1           2.999          -3.282          -2.819          -6.956            3.853
 1930 (vir)     1           3.002          -3.277          -2.827          -6.975            3.873
 1931 (vir)     1           3.008          -3.337          -2.951          -7.165            3.885
 1932 (vir)     1           3.015          -3.444          -3.004          -7.256            3.823
 1933 (vir)     1           3.019          -3.474          -3.069          -7.389            3.864
 1934 (vir)     1           3.028          -3.448          -3.064          -7.388            3.906
 1935 (vir)     1           3.030          -3.435          -3.047          -7.359            3.908
 1936 (vir)     1           3.037          -3.404          -2.824          -7.012            3.821
 1937 (vir)     1           3.042          -3.402          -2.869          -7.070            3.842
 1938 (vir)     1           3.049          -3.326          -2.896          -7.075            3.902
 1939 (vir)     1           3.057          -3.298          -2.727          -6.835            3.867
 1940 (vir)     1           3.059          -3.293          -2.741          -6.842            3.866
 1941 (vir)     1           3.065          -3.313          -2.793          -6.922            3.881
 1942 (vir)     1           3.073          -3.272          -2.757          -6.876            3.920
 1943 (vir)     1           3.083          -3.348          -2.733          -6.842            3.844
 1944 (vir)     1           3.095          -3.378          -2.821          -6.995            3.892
 1945 (vir)     1           3.100          -3.417          -2.959          -7.226            3.950
 1946 (vir)     1           3.107          -3.251          -2.778          -6.891            3.968
 1947 (vir)     1           3.113          -3.389          -2.740          -6.867            3.851
 1948 (vir)     1           3.116          -3.438          -2.821          -6.998            3.855
 1949 (vir)     1           3.124          -3.265          -2.720          -6.813            3.952
 1950 (vir)     1           3.128          -3.410          -2.875          -7.083            3.926
 1951 (vir)     1           3.128          -3.455          -2.958          -7.205            3.920
 1952 (vir)     1           3.130          -3.338          -2.887          -7.072            3.977
 1953 (vir)     1           3.140          -3.432          -2.913          -7.149            3.943
 1954 (vir)     1           3.140          -3.309          -2.851          -7.059            4.039
 1955 (vir)     1           3.144          -3.324          -2.630          -6.705            3.895
 1956 (vir)     1           3.150          -3.435          -2.796          -6.969            3.889
 1957 (vir)     1           3.152          -3.380          -2.905          -7.142            4.010
 1958 (vir)     1           3.166          -3.277          -2.775          -6.920            4.034
 1959 (vir)     1           3.167          -3.312          -2.765          -6.924            4.015
 1960 (vir)     1           3.177          -3.321          -2.842          -7.033            4.048
 1961 (vir)     1           3.177          -3.301          -2.822          -7.000            4.054
 1962 (vir)     1           3.182          -3.226          -2.679          -6.783            4.061
 1963 (vir)     1           3.184          -3.271          -2.686          -6.788            4.015
 1964 (vir)     1           3.202          -3.344          -2.866          -7.097            4.089
 1965 (vir)     1           3.204          -3.278          -2.803          -6.964            4.086
 1966 (vir)     1           3.204          -3.283          -2.765          -6.931            4.087
 1967 (vir)     1           3.216          -3.306          -2.748          -6.889            4.051
 1968 (vir)     1           3.218          -3.388          -2.928          -7.197            4.099
 1969 (vir)     1           3.219          -3.431          -3.040          -7.381            4.129
 1970 (vir)     1           3.222          -3.249          -2.803          -6.971            4.140
 1971 (vir)     1           3.231          -3.371          -2.891          -7.145            4.114
 1972 (vir)     1           3.232          -3.334          -2.637          -6.761            4.022
 1973 (vir)     1           3.234          -3.342          -2.774          -6.963            4.081
 1974 (vir)     1           3.237          -3.428          -2.989          -7.308            4.128
 1975 (vir)     1           3.249          -3.334          -2.810          -7.021            4.126
 1976 (vir)     1           3.254          -3.520          -3.116          -7.534            4.152
 1977 (vir)     1           3.256          -3.461          -2.962          -7.268            4.102
 1978 (vir)     1           3.258          -3.364          -2.928          -7.206            4.172
 1979 (vir)     1           3.265          -3.303          -2.775          -6.958            4.145
 1980 (vir)     1           3.272          -3.251          -2.723          -6.859            4.156
 1981 (vir)     1           3.278          -3.307          -2.848          -7.067            4.190
 1982 (vir)     1           3.286          -3.409          -2.941          -7.236            4.172
 1983 (vir)     1           3.292          -3.344          -2.866          -7.108            4.191
 1984 (vir)     1           3.303          -3.313          -2.788          -6.982            4.184
 1985 (vir)     1           3.306          -3.399          -2.900          -7.170            4.177
 1986 (vir)     1           3.311          -3.398          -2.990          -7.327            4.250
 1987 (vir)     1           3.322          -3.363          -2.880          -7.141            4.219
 1988 (vir)     1           3.327          -3.462          -3.083          -7.489            4.270
 1989 (vir)     1           3.329          -3.441          -3.038          -7.408            4.259
 1990 (vir)     1           3.331          -3.488          -3.091          -7.441            4.193
 1991 (vir)     1           3.339          -3.467          -3.110          -7.521            4.283
 1992 (vir)     1           3.345          -3.448          -2.990          -7.337            4.244
 1993 (vir)     1           3.349          -3.550          -3.208          -7.670            4.261
 1994 (vir)     1           3.364          -3.447          -3.002          -7.339            4.253
 1995 (vir)     1           3.370          -3.617          -3.227          -7.738            4.264
 1996 (vir)     1           3.378          -3.355          -2.918          -7.217            4.321
 1997 (vir)     1           3.381          -3.411          -2.991          -7.356            4.335
 1998 (vir)     1           3.384          -3.570          -3.201          -7.681            4.294
 1999 (vir)     1           3.387          -3.524          -3.044          -7.461            4.280
 2000 (vir)     1           3.397          -3.572          -3.144          -7.625            4.306
 2001 (vir)     1           3.400          -3.524          -3.084          -7.508            4.300
 2002 (vir)     1           3.405          -3.337          -2.785          -6.996            4.278
 2003 (vir)     1           3.410          -3.697          -3.281          -7.853            4.285
 2004 (vir)     1           3.413          -3.547          -3.118          -7.555            4.302
 2005 (vir)     1           3.417          -3.570          -3.245          -7.791            4.393
 2006 (vir)     1           3.423          -3.464          -3.040          -7.428            4.347
 2007 (vir)     1           3.423          -3.508          -3.125          -7.578            4.368
 2008 (vir)     1           3.430          -3.394          -2.976          -7.327            4.387
 2009 (vir)     1           3.434          -3.611          -3.184          -7.681            4.320
 2010 (vir)     1           3.438          -3.692          -3.301          -7.888            4.334
 2011 (vir)     1           3.441          -3.493          -3.083          -7.511            4.376
 2012 (vir)     1           3.442          -3.653          -3.293          -7.861            4.357
 2013 (vir)     1           3.450          -3.573          -3.186          -7.675            4.365
 2014 (vir)     1           3.452          -3.692          -3.352          -7.960            4.368
 2015 (vir)     1           3.454          -3.538          -3.097          -7.554            4.374
 2016 (vir)     1           3.464          -3.590          -3.108          -7.615            4.380
 2017 (vir)     1           3.477          -3.500          -3.073          -7.482            4.385
 2018 (vir)     1           3.481          -3.627          -3.126          -7.601            4.330
 2019 (vir)     1           3.487          -3.870          -3.532          -8.209            4.295
 2020 (vir)     1           3.490          -3.562          -3.131          -7.583            4.379
 2021 (vir)     1           3.501          -3.581          -3.125          -7.596            4.391
 2022 (vir)     1           3.511          -3.755          -3.367          -7.997            4.385
 2023 (vir)     1           3.512          -3.433          -2.874          -7.190            4.396
 2024 (vir)     1           3.513          -3.635          -3.193          -7.745            4.430
 2025 (vir)     1           3.526          -3.489          -3.011          -7.425            4.451
 2026 (vir)     1           3.535          -3.651          -3.140          -7.655            4.399
 2027 (vir)     1           3.539          -3.670          -3.203          -7.740            4.406
 2028 (vir)     1           3.545          -3.438          -2.895          -7.244            4.455
 2029 (vir)     1           3.563          -3.590          -3.115          -7.582            4.439
 2030 (vir)     1           3.565          -3.478          -2.849          -7.168            4.405
 2031 (vir)     1           3.565          -3.748          -3.205          -7.756            4.368
 2032 (vir)     1           3.577          -3.605          -3.078          -7.566            4.460
 2033 (vir)     1           3.577          -3.751          -3.230          -7.802            4.398
 2034 (vir)     1           3.588          -3.657          -3.183          -7.715            4.463
 2035 (vir)     1           3.593          -3.651          -3.216          -7.788            4.514
 2036 (vir)     1           3.603          -3.405          -2.794          -7.051            4.455
 2037 (vir)     1           3.610          -3.645          -3.102          -7.602            4.465
 2038 (vir)     1           3.616          -3.794          -3.298          -7.913            4.437
 2039 (vir)     1           3.621          -3.616          -3.177          -7.697            4.526
 2040 (vir)     1           3.626          -3.725          -3.249          -7.850            4.501
 2041 (vir)     1           3.641          -3.653          -3.189          -7.749            4.549
 2042 (vir)     1           3.644          -3.512          -2.895          -7.256            4.493
 2043 (vir)     1           3.645          -3.691          -3.184          -7.752            4.521
 2044 (vir)     1           3.652          -3.633          -3.156          -7.702            4.565
 2045 (vir)     1           3.654          -3.894          -3.479          -8.179            4.459
 2046 (vir)     1           3.661          -3.886          -3.485          -8.165            4.455
 2047 (vir)     1           3.663          -3.634          -3.119          -7.604            4.514
 2048 (vir)     1           3.667          -3.822          -3.388          -8.009            4.466
 2049 (vir)     1           3.682          -3.736          -3.257          -7.850            4.539
 2050 (vir)     1           3.689          -3.529          -2.970          -7.398            4.588
 2051 (vir)     1           3.692          -3.727          -3.294          -7.901            4.572
 2052 (vir)     1           3.701          -3.628          -3.126          -7.659            4.607
 2053 (vir)     1           3.704          -3.725          -3.212          -7.821            4.588
 2054 (vir)     1           3.709          -3.743          -3.274          -7.879            4.570
 2055 (vir)     1           3.709          -3.674          -3.150          -7.694            4.579
 2056 (vir)     1           3.716          -3.714          -3.204          -7.796            4.594
 2057 (vir)     1           3.725          -3.552          -2.953          -7.324            4.545
 2058 (vir)     1           3.726          -3.544          -2.947          -7.373            4.608
 2059 (vir)     1           3.734          -3.439          -2.749          -7.024            4.570
 2060 (vir)     1           3.744          -3.729          -3.213          -7.810            4.612
 2061 (vir)     1           3.750          -3.726          -3.155          -7.716            4.586
 2062 (vir)     1           3.753          -3.753          -3.248          -7.888            4.639
 2063 (vir)     1           3.761          -3.703          -3.121          -7.680            4.617
 2064 (vir)     1           3.770          -3.668          -3.041          -7.554            4.614
 2065 (vir)     1           3.781          -3.610          -3.139          -7.673            4.705
 2066 (vir)     1           3.785          -3.678          -3.145          -7.702            4.664
 2067 (vir)     1           3.793          -3.506          -2.835          -7.238            4.689
 2068 (vir)     1           3.811          -3.609          -3.103          -7.623            4.722
 2069 (vir)     1           3.818          -3.598          -3.080          -7.612            4.752
 2070 (vir)     1           3.819          -3.649          -3.041          -7.534            4.664
 2071 (vir)     1           3.822          -3.572          -2.982          -7.431            4.699
 2072 (vir)     1           3.837          -3.847          -3.362          -8.054            4.682
 2073 (vir)     1           3.843          -3.579          -2.950          -7.405            4.719
 2074 (vir)     1           3.849          -3.695          -3.105          -7.654            4.703
 2075 (vir)     1           3.853          -3.820          -3.214          -7.849            4.668
 2076 (vir)     1           3.854          -3.852          -3.394          -8.160            4.768
 2077 (vir)     1           3.862          -3.733          -3.090          -7.607            4.646
 2078 (vir)     1           3.864          -3.659          -3.063          -7.601            4.744
 2079 (vir)     1           3.869          -3.756          -3.215          -7.846            4.744
 2080 (vir)     1           3.888          -4.018          -3.582          -8.474            4.763
 2081 (vir)     1           3.896          -3.814          -3.287          -7.956            4.752
 2082 (vir)     1           3.898          -3.676          -3.079          -7.603            4.747
 2083 (vir)     1           3.904          -3.598          -2.974          -7.421            4.752
 2084 (vir)     1           3.910          -3.704          -3.183          -7.778            4.801
 2085 (vir)     1           3.911          -3.793          -3.181          -7.833            4.770
 2086 (vir)     1           3.921          -3.899          -3.318          -8.041            4.745
 2087 (vir)     1           3.923          -3.742          -3.090          -7.662            4.753
 2088 (vir)     1           3.940          -3.979          -3.495          -8.296            4.762
 2089 (vir)     1           3.948          -3.755          -3.199          -7.839            4.834
 2090 (vir)     1           3.965          -3.851          -3.271          -8.002            4.845
 2091 (vir)     1           3.967          -3.885          -3.406          -8.167            4.843
 2092 (vir)     1           3.969          -3.826          -3.323          -8.074            4.894
 2093 (vir)     1           3.969          -3.710          -3.081          -7.641            4.820
 2094 (vir)     1           3.988          -3.716          -3.170          -7.803            4.905
 2095 (vir)     1           3.994          -4.020          -3.538          -8.420            4.856
 2096 (vir)     1           3.997          -3.779          -3.136          -7.757            4.839
 2097 (vir)     1           3.999          -3.841          -3.292          -8.018            4.884
 2098 (vir)     1           4.005          -3.475          -2.868          -7.294            4.955
 2099 (vir)     1           4.010          -3.767          -3.159          -7.787            4.871
 2100 (vir)     1           4.020          -3.980          -3.437          -8.204            4.807
 2101 (vir)     1           4.026          -3.715          -3.036          -7.608            4.882
 2102 (vir)     1           4.034          -3.634          -2.953          -7.404            4.851
 2103 (vir)     1           4.044          -3.827          -3.210          -7.900            4.907
 2104 (vir)     1           4.054          -3.666          -3.019          -7.547            4.916
 2105 (vir)     1           4.060          -3.828          -3.223          -7.924            4.932
 2106 (vir)     1           4.067          -3.835          -3.214          -7.945            4.963
 2107 (vir)     1           4.070          -3.789          -3.174          -7.869            4.976
 2108 (vir)     1           4.071          -3.722          -3.070          -7.653            4.932
 2109 (vir)     1           4.087          -3.902          -3.320          -8.086            4.950
 2110 (vir)     1           4.087          -3.810          -3.158          -7.802            4.921
 2111 (vir)     1           4.089          -3.698          -3.101          -7.674            4.965
 2112 (vir)     1           4.108          -3.805          -3.168          -7.843            4.978
 2113 (vir)     1           4.121          -3.770          -3.062          -7.680            4.968
 2114 (vir)     1           4.129          -3.974          -3.375          -8.194            4.974
 2115 (vir)     1           4.129          -3.637          -2.962          -7.470            5.000
 2116 (vir)     1           4.141          -3.749          -3.131          -7.786            5.047
 2117 (vir)     1           4.144          -3.861          -3.290          -8.029            5.022
 2118 (vir)     1           4.152          -3.915          -3.269          -8.044            5.012
 2119 (vir)     1           4.185          -3.819          -3.119          -7.802            5.049
 2120 (vir)     1           4.187          -3.571          -2.793          -7.198            5.021
 2121 (vir)     1           4.190          -3.461          -2.726          -7.068            5.071
 2122 (vir)     1           4.192          -3.623          -2.874          -7.330            5.026
 2123 (vir)     1           4.196          -3.696          -2.951          -7.493            5.041
 2124 (vir)     1           4.202          -3.837          -3.118          -7.819            5.066
 2125 (vir)     1           4.203          -3.832          -3.159          -7.860            5.072
 2126 (vir)     1           4.211          -3.674          -2.984          -7.521            5.074
 2127 (vir)     1           4.214          -3.769          -2.988          -7.619            5.075
 2128 (vir)     1           4.215          -3.921          -3.256          -8.013            5.052
 2129 (vir)     1           4.228          -3.814          -3.085          -7.739            5.068
 2130 (vir)     1           4.232          -3.798          -3.003          -7.630            5.061
 2131 (vir)     1           4.245          -3.719          -2.990          -7.564            5.100
 2132 (vir)     1           4.246          -3.728          -3.019          -7.580            5.080
 2133 (vir)     1           4.254          -3.746          -3.112          -7.751            5.147
 2134 (vir)     1           4.257          -3.632          -2.943          -7.483            5.165
 2135 (vir)     1           4.266          -3.831          -3.072          -7.759            5.123
 2136 (vir)     1           4.270          -3.687          -2.980          -7.567            5.171
 2137 (vir)     1           4.271          -3.664          -2.990          -7.556            5.173
 2138 (vir)     1           4.275          -3.673          -2.992          -7.577            5.187
 2139 (vir)     1           4.289          -3.620          -2.805          -7.307            5.172
 2140 (vir)     1           4.291          -3.700          -2.966          -7.558            5.184
 2141 (vir)     1           4.296          -3.693          -2.915          -7.520            5.209
 2142 (vir)     1           4.298          -3.644          -2.839          -7.324            5.140
 2143 (vir)     1           4.315          -3.649          -2.909          -7.465            5.221
 2144 (vir)     1           4.316          -3.769          -3.069          -7.703            5.181
 2145 (vir)     1           4.322          -3.677          -2.899          -7.479            5.224
 2146 (vir)     1           4.328          -3.782          -3.009          -7.668            5.205
 2147 (vir)     1           4.334          -3.617          -2.826          -7.334            5.224
 2148 (vir)     1           4.340          -3.648          -2.865          -7.367            5.194
 2149 (vir)     1           4.345          -3.716          -2.997          -7.589            5.222
 2150 (vir)     1           4.357          -3.680          -2.936          -7.506            5.246
 2151 (vir)     1           4.358          -3.572          -2.768          -7.244            5.262
 2152 (vir)     1           4.365          -3.677          -2.846          -7.398            5.240
 2153 (vir)     1           4.370          -3.724          -2.942          -7.514            5.218
 2154 (vir)     1           4.373          -3.831          -3.191          -7.923            5.274
 2155 (vir)     1           4.377          -3.623          -2.872          -7.388            5.268
 2156 (vir)     1           4.380          -3.618          -2.869          -7.417            5.310
 2157 (vir)     1           4.382          -3.512          -2.791          -7.195            5.274
 2158 (vir)     1           4.395          -3.638          -2.834          -7.301            5.224
 2159 (vir)     1           4.407          -3.779          -3.125          -7.815            5.317
 2160 (vir)     1           4.410          -3.748          -2.972          -7.599            5.290
 2161 (vir)     1           4.418          -3.731          -2.933          -7.515            5.268
 2162 (vir)     1           4.423          -3.674          -2.881          -7.422            5.290
 2163 (vir)     1           4.429          -3.945          -3.198          -7.995            5.281
 2164 (vir)     1           4.433          -3.735          -2.915          -7.510            5.293
 2165 (vir)     1           4.437          -3.706          -2.949          -7.534            5.317
 2166 (vir)     1           4.442          -3.551          -2.735          -7.199            5.355
 2167 (vir)     1           4.456          -3.574          -2.746          -7.201            5.337
 2168 (vir)     1           4.461          -3.658          -2.955          -7.501            5.348
 2169 (vir)     1           4.462          -3.657          -2.858          -7.406            5.353
 2170 (vir)     1           4.474          -3.560          -2.682          -7.152            5.384
 2171 (vir)     1           4.480          -3.646          -2.825          -7.370            5.378
 2172 (vir)     1           4.480          -3.770          -3.035          -7.706            5.381
 2173 (vir)     1           4.488          -3.821          -3.048          -7.729            5.348
 2174 (vir)     1           4.494          -3.650          -2.766          -7.237            5.314
 2175 (vir)     1           4.496          -3.639          -2.732          -7.227            5.352
 2176 (vir)     1           4.506          -3.666          -2.752          -7.248            5.335
 2177 (vir)     1           4.514          -3.692          -2.955          -7.578            5.445
 2178 (vir)     1           4.522          -3.674          -2.979          -7.579            5.448
 2179 (vir)     1           4.522          -3.634          -2.742          -7.228            5.375
 2180 (vir)     1           4.528          -3.682          -2.845          -7.410            5.412
 2181 (vir)     1           4.540          -3.711          -2.799          -7.358            5.388
 2182 (vir)     1           4.543          -3.659          -2.767          -7.298            5.414
 2183 (vir)     1           4.548          -3.706          -2.788          -7.330            5.384
 2184 (vir)     1           4.560          -3.768          -2.917          -7.508            5.384
 2185 (vir)     1           4.561          -3.749          -3.149          -7.867            5.530
 2186 (vir)     1           4.566          -3.652          -2.756          -7.288            5.446
 2187 (vir)     1           4.574          -3.694          -2.790          -7.318            5.408
 2188 (vir)     1           4.575          -3.805          -3.061          -7.779            5.487
 2189 (vir)     1           4.576          -3.645          -2.798          -7.306            5.439
 2190 (vir)     1           4.580          -3.791          -2.970          -7.579            5.398
 2191 (vir)     1           4.588          -3.723          -2.925          -7.498            5.439
 2192 (vir)     1           4.596          -3.662          -2.761          -7.299            5.472
 2193 (vir)     1           4.601          -3.672          -2.866          -7.436            5.499
 2194 (vir)     1           4.610          -3.779          -2.985          -7.611            5.457
 2195 (vir)     1           4.616          -3.738          -2.876          -7.483            5.485
 2196 (vir)     1           4.619          -3.761          -2.881          -7.479            5.456
 2197 (vir)     1           4.628          -3.746          -2.933          -7.504            5.454
 2198 (vir)     1           4.629          -3.761          -2.934          -7.535            5.469
 2199 (vir)     1           4.638          -3.695          -2.890          -7.479            5.533
 2200 (vir)     1           4.656          -3.893          -3.131          -7.917            5.550
 2201 (vir)     1           4.661          -3.792          -2.941          -7.580            5.508
 2202 (vir)     1           4.670          -3.721          -2.816          -7.397            5.530
 2203 (vir)     1           4.671          -3.805          -2.947          -7.596            5.515
 2204 (vir)     1           4.682          -3.714          -2.922          -7.529            5.575
 2205 (vir)     1           4.686          -3.675          -2.798          -7.305            5.518
 2206 (vir)     1           4.695          -3.722          -2.860          -7.450            5.563
 2207 (vir)     1           4.696          -3.730          -2.837          -7.447            5.576
 2208 (vir)     1           4.701          -3.698          -2.906          -7.515            5.612
 2209 (vir)     1           4.703          -3.773          -2.872          -7.471            5.529
 2210 (vir)     1           4.706          -3.708          -2.813          -7.352            5.536
 2211 (vir)     1           4.714          -3.619          -2.592          -7.053            5.555
 2212 (vir)     1           4.722          -3.708          -2.861          -7.482            5.635
 2213 (vir)     1           4.727          -3.882          -3.205          -8.026            5.667
 2214 (vir)     1           4.739          -3.807          -2.989          -7.638            5.582
 2215 (vir)     1           4.740          -3.777          -2.932          -7.586            5.617
 2216 (vir)     1           4.744          -3.742          -2.868          -7.475            5.608
 2217 (vir)     1           4.746          -3.705          -2.843          -7.441            5.639
 2218 (vir)     1           4.748          -3.609          -2.629          -7.083            5.593
 2219 (vir)     1           4.755          -3.731          -2.843          -7.440            5.621
 2220 (vir)     1           4.761          -3.712          -2.815          -7.373            5.607
 2221 (vir)     1           4.762          -3.737          -2.843          -7.467            5.649
 2222 (vir)     1           4.766          -3.695          -2.713          -7.245            5.602
 2223 (vir)     1           4.771          -3.719          -2.701          -7.222            5.572
 2224 (vir)     1           4.785          -3.700          -2.775          -7.347            5.657
 2225 (vir)     1           4.788          -3.701          -2.752          -7.269            5.603
 2226 (vir)     1           4.791          -3.747          -2.759          -7.353            5.637
 2227 (vir)     1           4.797          -3.835          -3.000          -7.709            5.670
 2228 (vir)     1           4.803          -3.686          -2.838          -7.421            5.700
 2229 (vir)     1           4.805          -3.736          -2.887          -7.506            5.689
 2230 (vir)     1           4.808          -3.872          -3.087          -7.820            5.669
 2231 (vir)     1           4.817          -3.859          -3.002          -7.727            5.683
 2232 (vir)     1           4.825          -3.732          -2.814          -7.417            5.695
 2233 (vir)     1           4.825          -3.734          -2.813          -7.375            5.652
 2234 (vir)     1           4.828          -3.816          -2.869          -7.519            5.662
 2235 (vir)     1           4.836          -3.944          -3.120          -7.895            5.667
 2236 (vir)     1           4.837          -3.686          -2.729          -7.253            5.676
 2237 (vir)     1           4.840          -3.799          -2.801          -7.417            5.656
 2238 (vir)     1           4.846          -3.825          -2.996          -7.680            5.705
 2239 (vir)     1           4.852          -3.894          -2.990          -7.712            5.680
 2240 (vir)     1           4.866          -3.767          -2.900          -7.537            5.736
 2241 (vir)     1           4.870          -3.914          -3.066          -7.814            5.705
 2242 (vir)     1           4.875          -3.765          -2.923          -7.599            5.786
 2243 (vir)     1           4.879          -3.735          -2.722          -7.282            5.703
 2244 (vir)     1           4.881          -3.796          -2.894          -7.562            5.754
 2245 (vir)     1           4.882          -3.784          -2.937          -7.606            5.767
 2246 (vir)     1           4.888          -3.716          -2.810          -7.435            5.797
 2247 (vir)     1           4.889          -3.733          -2.729          -7.261            5.688
 2248 (vir)     1           4.894          -3.773          -2.902          -7.547            5.765
 2249 (vir)     1           4.898          -3.762          -2.809          -7.422            5.749
 2250 (vir)     1           4.906          -3.872          -3.012          -7.747            5.768
 2251 (vir)     1           4.908          -3.670          -2.714          -7.276            5.799
 2252 (vir)     1           4.920          -3.682          -2.702          -7.211            5.748
 2253 (vir)     1           4.923          -3.937          -3.127          -7.925            5.783
 2254 (vir)     1           4.926          -3.749          -2.846          -7.462            5.793
 2255 (vir)     1           4.927          -3.715          -2.730          -7.268            5.750
 2256 (vir)     1           4.940          -3.776          -2.803          -7.432            5.793
 2257 (vir)     1           4.944          -3.804          -2.878          -7.552            5.814
 2258 (vir)     1           4.946          -3.888          -2.896          -7.574            5.736
 2259 (vir)     1           4.955          -3.815          -2.932          -7.647            5.855
 2260 (vir)     1           4.956          -3.852          -2.894          -7.588            5.799
 2261 (vir)     1           4.959          -3.856          -3.005          -7.787            5.885
 2262 (vir)     1           4.968          -3.914          -2.998          -7.776            5.832
 2263 (vir)     1           4.971          -3.987          -3.215          -8.130            5.900
 2264 (vir)     1           4.972          -3.835          -2.828          -7.500            5.809
 2265 (vir)     1           4.977          -3.796          -2.893          -7.590            5.877
 2266 (vir)     1           4.984          -3.779          -2.800          -7.422            5.827
 2267 (vir)     1           4.986          -3.677          -2.771          -7.383            5.922
 2268 (vir)     1           4.989          -3.668          -2.686          -7.237            5.871
 2269 (vir)     1           4.996          -3.840          -2.969          -7.708            5.895
 2270 (vir)     1           5.005          -3.856          -2.987          -7.742            5.904
 2271 (vir)     1           5.006          -3.706          -2.769          -7.391            5.922
 2272 (vir)     1           5.010          -3.841          -2.980          -7.726            5.915
 2273 (vir)     1           5.020          -3.803          -2.801          -7.428            5.844
 2274 (vir)     1           5.025          -3.785          -2.830          -7.480            5.889
 2275 (vir)     1           5.031          -3.756          -2.692          -7.258            5.841
 2276 (vir)     1           5.032          -3.661          -2.655          -7.181            5.897
 2277 (vir)     1           5.039          -3.737          -2.760          -7.371            5.914
 2278 (vir)     1           5.042          -3.907          -3.039          -7.850            5.946
 2279 (vir)     1           5.047          -3.762          -2.746          -7.367            5.905
 2280 (vir)     1           5.052          -3.857          -2.858          -7.546            5.883
 2281 (vir)     1           5.053          -3.820          -2.807          -7.470            5.896
 2282 (vir)     1           5.063          -3.722          -2.801          -7.408            5.948
 2283 (vir)     1           5.063          -3.752          -2.750          -7.401            5.962
 2284 (vir)     1           5.076          -3.703          -2.696          -7.291            5.969
 2285 (vir)     1           5.077          -3.976          -2.970          -7.803            5.934
 2286 (vir)     1           5.082          -3.839          -2.758          -7.409            5.895
 2287 (vir)     1           5.084          -3.922          -2.895          -7.664            5.930
 2288 (vir)     1           5.089          -3.980          -3.026          -7.855            5.939
 2289 (vir)     1           5.090          -3.818          -2.746          -7.388            5.913
 2290 (vir)     1           5.103          -3.784          -2.778          -7.426            5.968
 2291 (vir)     1           5.108          -3.688          -2.658          -7.202            5.964
 2292 (vir)     1           5.110          -3.762          -2.679          -7.263            5.932
 2293 (vir)     1           5.112          -3.890          -2.793          -7.498            5.928
 2294 (vir)     1           5.113          -3.854          -2.754          -7.415            5.920
 2295 (vir)     1           5.124          -3.831          -2.810          -7.467            5.950
 2296 (vir)     1           5.128          -3.831          -2.818          -7.511            5.991
 2297 (vir)     1           5.137          -3.881          -2.794          -7.501            5.962
 2298 (vir)     1           5.145          -3.943          -2.880          -7.660            5.982
 2299 (vir)     1           5.150          -3.829          -2.846          -7.552            6.028
 2300 (vir)     1           5.152          -3.831          -2.728          -7.389            5.982
 2301 (vir)     1           5.155          -3.922          -2.975          -7.763            6.021
 2302 (vir)     1           5.163          -3.879          -2.896          -7.624            6.012
 2303 (vir)     1           5.171          -3.906          -2.803          -7.525            5.987
 2304 (vir)     1           5.174          -3.845          -2.782          -7.473            6.020
 2305 (vir)     1           5.175          -3.872          -2.929          -7.683            6.057
 2306 (vir)     1           5.186          -3.862          -2.845          -7.601            6.080
 2307 (vir)     1           5.191          -3.740          -2.744          -7.391            6.099
 2308 (vir)     1           5.199          -3.900          -2.861          -7.614            6.053
 2309 (vir)     1           5.200          -3.824          -2.856          -7.591            6.110
 2310 (vir)     1           5.206          -3.953          -2.963          -7.742            6.032
 2311 (vir)     1           5.216          -3.908          -2.907          -7.699            6.100
 2312 (vir)     1           5.216          -3.983          -3.037          -7.855            6.051
 2313 (vir)     1           5.223          -3.936          -2.894          -7.634            6.027
 2314 (vir)     1           5.231          -3.794          -2.761          -7.386            6.061
 2315 (vir)     1           5.232          -3.842          -2.823          -7.527            6.093
 2316 (vir)     1           5.236          -3.905          -2.872          -7.641            6.099
 2317 (vir)     1           5.237          -3.954          -2.897          -7.687            6.072
 2318 (vir)     1           5.244          -3.942          -2.882          -7.632            6.052
 2319 (vir)     1           5.249          -3.897          -2.967          -7.763            6.148
 2320 (vir)     1           5.254          -3.968          -2.935          -7.750            6.101
 2321 (vir)     1           5.265          -3.848          -2.794          -7.497            6.120
 2322 (vir)     1           5.270          -3.909          -2.931          -7.718            6.148
 2323 (vir)     1           5.271          -4.087          -3.107          -8.040            6.118
 2324 (vir)     1           5.273          -4.178          -3.251          -8.236            6.080
 2325 (vir)     1           5.279          -4.103          -3.149          -8.101            6.127
 2326 (vir)     1           5.290          -4.008          -2.975          -7.815            6.122
 2327 (vir)     1           5.298          -4.001          -2.977          -7.817            6.137
 2328 (vir)     1           5.299          -3.973          -2.960          -7.796            6.162
 2329 (vir)     1           5.306          -3.916          -2.769          -7.501            6.121
 2330 (vir)     1           5.307          -3.962          -2.997          -7.831            6.178
 2331 (vir)     1           5.314          -3.968          -2.879          -7.703            6.170
 2332 (vir)     1           5.319          -3.982          -2.927          -7.764            6.173
 2333 (vir)     1           5.323          -3.983          -2.992          -7.876            6.224
 2334 (vir)     1           5.331          -3.879          -2.871          -7.644            6.225
 2335 (vir)     1           5.332          -4.118          -3.139          -8.132            6.207
 2336 (vir)     1           5.344          -3.949          -2.865          -7.642            6.172
 2337 (vir)     1           5.347          -3.948          -2.870          -7.651            6.180
 2338 (vir)     1           5.351          -3.763          -2.701          -7.352            6.240
 2339 (vir)     1           5.360          -3.946          -2.930          -7.759            6.242
 2340 (vir)     1           5.364          -3.987          -2.973          -7.818            6.222
 2341 (vir)     1           5.364          -3.873          -2.818          -7.545            6.217
 2342 (vir)     1           5.383          -4.111          -3.130          -8.100            6.242
 2343 (vir)     1           5.385          -4.148          -3.160          -8.151            6.228
 2344 (vir)     1           5.393          -4.065          -3.035          -7.965            6.258
 2345 (vir)     1           5.395          -3.916          -2.860          -7.651            6.269
 2346 (vir)     1           5.406          -3.991          -2.905          -7.715            6.225
 2347 (vir)     1           5.420          -3.818          -2.784          -7.505            6.322
 2348 (vir)     1           5.425          -3.999          -2.914          -7.750            6.261
 2349 (vir)     1           5.437          -3.880          -2.890          -7.693            6.359
 2350 (vir)     1           5.441          -3.811          -2.773          -7.498            6.356
 2351 (vir)     1           5.452          -3.933          -2.807          -7.576            6.288
 2352 (vir)     1           5.454          -3.856          -2.769          -7.504            6.332
 2353 (vir)     1           5.461          -3.937          -2.879          -7.695            6.340
 2354 (vir)     1           5.468          -3.916          -2.869          -7.627            6.309
 2355 (vir)     1           5.473          -3.903          -2.808          -7.617            6.379
 2356 (vir)     1           5.479          -4.038          -2.861          -7.657            6.236
 2357 (vir)     1           5.481          -4.083          -3.031          -7.976            6.344
 2358 (vir)     1           5.483          -4.093          -3.080          -8.063            6.372
 2359 (vir)     1           5.498          -3.938          -2.818          -7.622            6.363
 2360 (vir)     1           5.511          -4.048          -2.989          -7.946            6.420
 2361 (vir)     1           5.519          -4.006          -2.835          -7.705            6.383
 2362 (vir)     1           5.525          -3.976          -2.911          -7.767            6.405
 2363 (vir)     1           5.528          -4.043          -3.052          -8.005            6.438
 2364 (vir)     1           5.537          -3.959          -2.919          -7.783            6.441
 2365 (vir)     1           5.552          -4.052          -3.065          -8.048            6.483
 2366 (vir)     1           5.553          -4.047          -2.969          -7.846            6.383
 2367 (vir)     1           5.558          -3.942          -2.889          -7.701            6.428
 2368 (vir)     1           5.559          -3.998          -3.000          -7.940            6.501
 2369 (vir)     1           5.571          -4.009          -2.866          -7.731            6.427
 2370 (vir)     1           5.577          -4.120          -3.026          -8.015            6.445
 2371 (vir)     1           5.582          -3.966          -2.933          -7.821            6.505
 2372 (vir)     1           5.586          -4.084          -2.917          -7.834            6.418
 2373 (vir)     1           5.589          -4.011          -2.905          -7.758            6.431
 2374 (vir)     1           5.595          -4.049          -2.874          -7.719            6.391
 2375 (vir)     1           5.600          -3.935          -2.759          -7.548            6.454
 2376 (vir)     1           5.607          -3.927          -2.875          -7.710            6.516
 2377 (vir)     1           5.619          -4.079          -3.115          -8.113            6.537
 2378 (vir)     1           5.626          -4.104          -2.893          -7.813            6.442
 2379 (vir)     1           5.632          -4.009          -2.828          -7.679            6.474
 2380 (vir)     1           5.640          -3.998          -2.874          -7.724            6.493
 2381 (vir)     1           5.642          -4.008          -3.013          -7.956            6.578
 2382 (vir)     1           5.655          -4.011          -2.853          -7.694            6.485
 2383 (vir)     1           5.660          -4.055          -2.978          -7.957            6.584
 2384 (vir)     1           5.664          -4.043          -2.914          -7.853            6.560
 2385 (vir)     1           5.664          -3.913          -2.780          -7.559            6.531
 2386 (vir)     1           5.676          -4.150          -2.990          -7.989            6.525
 2387 (vir)     1           5.682          -4.103          -2.966          -7.916            6.529
 2388 (vir)     1           5.685          -4.054          -2.891          -7.775            6.515
 2389 (vir)     1           5.694          -4.018          -2.879          -7.745            6.541
 2390 (vir)     1           5.695          -3.984          -2.880          -7.730            6.561
 2391 (vir)     1           5.717          -4.062          -2.897          -7.831            6.588
 2392 (vir)     1           5.724          -3.968          -2.878          -7.722            6.600
 2393 (vir)     1           5.734          -4.035          -2.977          -7.921            6.644
 2394 (vir)     1           5.737          -4.118          -2.874          -7.830            6.575
 2395 (vir)     1           5.749          -4.091          -2.961          -7.906            6.603
 2396 (vir)     1           5.754          -3.931          -2.904          -7.747            6.666
 2397 (vir)     1           5.759          -3.951          -2.838          -7.667            6.637
 2398 (vir)     1           5.770          -3.924          -2.737          -7.516            6.624
 2399 (vir)     1           5.775          -4.084          -2.924          -7.869            6.637
 2400 (vir)     1           5.788          -4.171          -3.028          -8.096            6.685
 2401 (vir)     1           5.788          -4.104          -2.976          -7.930            6.638
 2402 (vir)     1           5.793          -4.042          -3.000          -7.947            6.697
 2403 (vir)     1           5.803          -4.055          -2.881          -7.817            6.684
 2404 (vir)     1           5.808          -4.028          -2.968          -7.952            6.763
 2405 (vir)     1           5.810          -4.014          -2.846          -7.726            6.676
 2406 (vir)     1           5.820          -3.982          -2.855          -7.728            6.710
 2407 (vir)     1           5.826          -4.241          -2.997          -8.077            6.664
 2408 (vir)     1           5.827          -3.945          -2.780          -7.552            6.652
 2409 (vir)     1           5.830          -4.148          -3.052          -8.058            6.688
 2410 (vir)     1           5.838          -3.944          -2.752          -7.561            6.704
 2411 (vir)     1           5.845          -4.069          -2.880          -7.823            6.719
 2412 (vir)     1           5.848          -3.825          -2.654          -7.374            6.744
 2413 (vir)     1           5.864          -4.085          -2.883          -7.803            6.699
 2414 (vir)     1           5.868          -3.847          -2.813          -7.644            6.852
 2415 (vir)     1           5.870          -4.037          -2.910          -7.837            6.761
 2416 (vir)     1           5.880          -3.998          -2.709          -7.538            6.711
 2417 (vir)     1           5.884          -4.087          -2.925          -7.880            6.750
 2418 (vir)     1           5.887          -4.006          -2.859          -7.724            6.747
 2419 (vir)     1           5.891          -4.000          -3.146          -8.208            6.954
 2420 (vir)     1           5.900          -3.976          -2.884          -7.808            6.848
 2421 (vir)     1           5.903          -3.879          -2.847          -7.720            6.897
 2422 (vir)     1           5.904          -4.080          -3.213          -8.337            6.948
 2423 (vir)     1           5.919          -3.992          -2.836          -7.719            6.811
 2424 (vir)     1           5.925          -3.968          -2.743          -7.634            6.848
 2425 (vir)     1           5.934          -4.026          -2.925          -7.822            6.805
 2426 (vir)     1           5.935          -4.010          -2.739          -7.605            6.791
 2427 (vir)     1           5.942          -4.060          -2.973          -7.975            6.883
 2428 (vir)     1           5.947          -4.009          -2.724          -7.601            6.815
 2429 (vir)     1           5.958          -3.903          -2.807          -7.622            6.869
 2430 (vir)     1           5.966          -3.980          -2.717          -7.532            6.802
 2431 (vir)     1           5.973          -3.948          -2.824          -7.705            6.907
 2432 (vir)     1           5.977          -4.006          -2.699          -7.504            6.776
 2433 (vir)     1           5.987          -4.020          -2.692          -7.554            6.829
 2434 (vir)     1           5.989          -3.949          -2.820          -7.652            6.872
 2435 (vir)     1           5.996          -3.941          -2.479          -7.155            6.731
 2436 (vir)     1           5.998          -3.933          -2.742          -7.566            6.889
 2437 (vir)     1           6.000          -4.072          -2.804          -7.666            6.791
 2438 (vir)     1           6.009          -3.988          -2.888          -7.771            6.903
 2439 (vir)     1           6.017          -3.938          -2.690          -7.479            6.869
 2440 (vir)     1           6.019          -3.958          -2.764          -7.611            6.908
 2441 (vir)     1           6.023          -3.976          -2.890          -7.778            6.934
 2442 (vir)     1           6.028          -4.076          -2.898          -7.842            6.896
 2443 (vir)     1           6.041          -3.958          -2.750          -7.554            6.887
 2444 (vir)     1           6.042          -3.964          -2.844          -7.753            6.986
 2445 (vir)     1           6.048          -4.158          -2.992          -8.064            6.963
 2446 (vir)     1           6.057          -3.994          -2.813          -7.686            6.936
 2447 (vir)     1           6.065          -4.086          -2.878          -7.825            6.927
 2448 (vir)     1           6.068          -3.890          -2.728          -7.591            7.040
 2449 (vir)     1           6.072          -3.951          -2.757          -7.573            6.937
 2450 (vir)     1           6.073          -4.063          -2.790          -7.711            6.931
 2451 (vir)     1           6.082          -3.984          -2.828          -7.717            6.987
 2452 (vir)     1           6.088          -4.160          -2.881          -7.877            6.923
 2453 (vir)     1           6.094          -4.047          -2.825          -7.779            7.000
 2454 (vir)     1           6.096          -4.159          -2.994          -7.996            6.938
 2455 (vir)     1           6.109          -4.050          -2.884          -7.821            6.995
 2456 (vir)     1           6.120          -3.927          -2.689          -7.502            7.006
 2457 (vir)     1           6.124          -3.958          -2.982          -7.971            7.155
 2458 (vir)     1           6.126          -3.946          -2.708          -7.541            7.014
 2459 (vir)     1           6.129          -3.989          -2.725          -7.597            7.012
 2460 (vir)     1           6.138          -4.000          -2.878          -7.816            7.076
 2461 (vir)     1           6.142          -4.124          -3.073          -8.192            7.137
 2462 (vir)     1           6.150          -3.801          -2.699          -7.509            7.159
 2463 (vir)     1           6.153          -4.013          -2.867          -7.810            7.083
 2464 (vir)     1           6.161          -3.897          -2.683          -7.526            7.107
 2465 (vir)     1           6.167          -4.042          -2.851          -7.743            7.017
 2466 (vir)     1           6.179          -3.919          -2.750          -7.576            7.086
 2467 (vir)     1           6.182          -3.994          -2.828          -7.780            7.140
 2468 (vir)     1           6.185          -4.002          -2.760          -7.656            7.079
 2469 (vir)     1           6.186          -3.968          -2.801          -7.721            7.138
 2470 (vir)     1           6.188          -4.028          -2.838          -7.756            7.079
 2471 (vir)     1           6.198          -3.966          -2.743          -7.623            7.112
 2472 (vir)     1           6.199          -4.020          -2.727          -7.519            6.971
 2473 (vir)     1           6.200          -4.096          -2.831          -7.811            7.085
 2474 (vir)     1           6.204          -3.952          -2.747          -7.605            7.110
 2475 (vir)     1           6.214          -3.999          -2.755          -7.599            7.058
 2476 (vir)     1           6.232          -4.034          -2.764          -7.675            7.109
 2477 (vir)     1           6.244          -4.217          -3.015          -8.152            7.163
 2478 (vir)     1           6.251          -3.925          -2.662          -7.472            7.136
 2479 (vir)     1           6.251          -3.963          -2.718          -7.613            7.183
 2480 (vir)     1           6.253          -4.065          -2.748          -7.668            7.108
 2481 (vir)     1           6.260          -4.009          -2.619          -7.443            7.074
 2482 (vir)     1           6.264          -3.972          -2.734          -7.607            7.165
 2483 (vir)     1           6.268          -4.062          -2.702          -7.553            7.058
 2484 (vir)     1           6.270          -4.058          -2.792          -7.707            7.126
 2485 (vir)     1           6.275          -4.124          -2.944          -7.967            7.174
 2486 (vir)     1           6.277          -4.031          -2.743          -7.626            7.129
 2487 (vir)     1           6.288          -3.970          -2.776          -7.694            7.237
 2488 (vir)     1           6.292          -3.879          -2.610          -7.362            7.165
 2489 (vir)     1           6.297          -3.985          -2.720          -7.630            7.222
 2490 (vir)     1           6.321          -4.139          -2.934          -7.985            7.233
 2491 (vir)     1           6.322          -3.922          -2.670          -7.493            7.223
 2492 (vir)     1           6.330          -4.149          -2.892          -7.909            7.200
 2493 (vir)     1           6.335          -3.972          -2.743          -7.642            7.262
 2494 (vir)     1           6.338          -4.000          -2.767          -7.679            7.250
 2495 (vir)     1           6.340          -4.013          -2.760          -7.665            7.232
 2496 (vir)     1           6.355          -4.048          -2.855          -7.853            7.306
 2497 (vir)     1           6.360          -4.037          -2.758          -7.708            7.274
 2498 (vir)     1           6.372          -4.081          -2.883          -7.888            7.296
 2499 (vir)     1           6.377          -4.043          -2.784          -7.719            7.269
 2500 (vir)     1           6.383          -4.126          -2.792          -7.847            7.311
 2501 (vir)     1           6.385          -4.121          -2.859          -7.882            7.286
 2502 (vir)     1           6.398          -3.951          -2.622          -7.386            7.212
 2503 (vir)     1           6.399          -3.929          -2.774          -7.672            7.368
 2504 (vir)     1           6.408          -4.031          -2.788          -7.698            7.287
 2505 (vir)     1           6.422          -4.005          -2.792          -7.753            7.378
 2506 (vir)     1           6.423          -4.012          -2.762          -7.678            7.327
 2507 (vir)     1           6.434          -4.157          -2.810          -7.860            7.327
 2508 (vir)     1           6.436          -4.162          -3.127          -8.329            7.475
 2509 (vir)     1           6.444          -3.979          -2.739          -7.660            7.386
 2510 (vir)     1           6.451          -4.202          -2.851          -7.880            7.278
 2511 (vir)     1           6.451          -4.240          -3.041          -8.286            7.456
 2512 (vir)     1           6.458          -3.957          -2.653          -7.488            7.337
 2513 (vir)     1           6.461          -4.180          -2.932          -8.074            7.423
 2514 (vir)     1           6.475          -4.036          -2.654          -7.546            7.331
 2515 (vir)     1           6.478          -4.132          -2.842          -7.865            7.369
 2516 (vir)     1           6.488          -4.163          -2.857          -7.948            7.416
 2517 (vir)     1           6.499          -4.054          -2.779          -7.746            7.413
 2518 (vir)     1           6.508          -4.127          -2.841          -7.888            7.428
 2519 (vir)     1           6.512          -4.039          -2.779          -7.807            7.501
 2520 (vir)     1           6.519          -3.858          -2.601          -7.430            7.491
 2521 (vir)     1           6.532          -4.104          -2.866          -7.873            7.434
 2522 (vir)     1           6.540          -4.066          -2.790          -7.745            7.429
 2523 (vir)     1           6.552          -4.060          -2.625          -7.542            7.410
 2524 (vir)     1           6.552          -4.294          -2.905          -8.071            7.424
 2525 (vir)     1           6.556          -4.081          -2.776          -7.791            7.490
 2526 (vir)     1           6.558          -4.115          -2.727          -7.714            7.431
 2527 (vir)     1           6.559          -3.916          -2.691          -7.601            7.554
 2528 (vir)     1           6.570          -4.173          -2.848          -7.922            7.471
 2529 (vir)     1           6.579          -4.158          -2.767          -7.784            7.437
 2530 (vir)     1           6.582          -4.262          -2.892          -8.041            7.469
 2531 (vir)     1           6.592          -4.063          -2.725          -7.697            7.500
 2532 (vir)     1           6.599          -4.216          -2.790          -7.804            7.398
 2533 (vir)     1           6.605          -4.061          -2.704          -7.708            7.548
 2534 (vir)     1           6.614          -4.011          -2.646          -7.554            7.510
 2535 (vir)     1           6.615          -4.144          -2.799          -7.805            7.477
 2536 (vir)     1           6.621          -4.095          -2.777          -7.812            7.562
 2537 (vir)     1           6.641          -3.964          -2.673          -7.570            7.574
 2538 (vir)     1           6.644          -4.041          -2.755          -7.746            7.594
 2539 (vir)     1           6.644          -4.210          -2.833          -7.932            7.534
 2540 (vir)     1           6.656          -4.057          -2.711          -7.737            7.624
 2541 (vir)     1           6.664          -4.095          -2.746          -7.746            7.569
 2542 (vir)     1           6.666          -4.010          -2.674          -7.638            7.620
 2543 (vir)     1           6.683          -4.276          -3.096          -8.371            7.682
 2544 (vir)     1           6.685          -3.979          -2.559          -7.437            7.583
 2545 (vir)     1           6.694          -4.244          -3.070          -8.323            7.703
 2546 (vir)     1           6.696          -4.060          -2.591          -7.508            7.554
 2547 (vir)     1           6.701          -4.030          -2.761          -7.743            7.653
 2548 (vir)     1           6.707          -4.126          -2.735          -7.774            7.619
 2549 (vir)     1           6.710          -4.168          -2.819          -7.885            7.608
 2550 (vir)     1           6.733          -4.049          -2.721          -7.709            7.671
 2551 (vir)     1           6.733          -4.151          -2.838          -7.946            7.690
 2552 (vir)     1           6.741          -4.303          -2.943          -8.120            7.616
 2553 (vir)     1           6.758          -4.212          -2.869          -8.001            7.677
 2554 (vir)     1           6.760          -4.177          -2.801          -7.848            7.630
 2555 (vir)     1           6.762          -4.275          -2.782          -7.865            7.570
 2556 (vir)     1           6.773          -4.102          -2.692          -7.688            7.666
 2557 (vir)     1           6.775          -4.173          -2.763          -7.830            7.669
 2558 (vir)     1           6.780          -4.217          -2.732          -7.752            7.583
 2559 (vir)     1           6.789          -4.086          -2.633          -7.599            7.670
 2560 (vir)     1           6.794          -4.112          -2.727          -7.735            7.689
 2561 (vir)     1           6.796          -4.213          -2.770          -7.809            7.621
 2562 (vir)     1           6.814          -4.212          -2.714          -7.690            7.578
 2563 (vir)     1           6.830          -4.218          -2.733          -7.813            7.692
 2564 (vir)     1           6.833          -4.320          -2.791          -7.908            7.630
 2565 (vir)     1           6.839          -4.007          -2.566          -7.499            7.765
 2566 (vir)     1           6.840          -4.094          -2.608          -7.567            7.704
 2567 (vir)     1           6.847          -4.238          -2.803          -7.925            7.731
 2568 (vir)     1           6.854          -4.149          -2.734          -7.748            7.720
 2569 (vir)     1           6.860          -4.117          -2.686          -7.711            7.768
 2570 (vir)     1           6.866          -4.302          -2.826          -7.990            7.728
 2571 (vir)     1           6.869          -4.221          -2.787          -7.859            7.720
 2572 (vir)     1           6.873          -4.223          -2.736          -7.774            7.688
 2573 (vir)     1           6.887          -4.270          -2.783          -7.929            7.763
 2574 (vir)     1           6.893          -4.186          -2.697          -7.736            7.745
 2575 (vir)     1           6.895          -4.157          -2.644          -7.670            7.764
 2576 (vir)     1           6.898          -4.077          -2.690          -7.714            7.845
 2577 (vir)     1           6.904          -4.099          -2.703          -7.782            7.884
 2578 (vir)     1           6.909          -4.003          -2.537          -7.410            7.780
 2579 (vir)     1           6.919          -4.182          -2.710          -7.782            7.809
 2580 (vir)     1           6.921          -4.203          -2.665          -7.698            7.751
 2581 (vir)     1           6.939          -4.214          -2.747          -7.858            7.836
 2582 (vir)     1           6.944          -4.152          -2.633          -7.659            7.817
 2583 (vir)     1           6.949          -4.197          -2.814          -8.002            7.940
 2584 (vir)     1           6.958          -4.187          -2.654          -7.667            7.784
 2585 (vir)     1           6.960          -4.256          -2.876          -8.082            7.910
 2586 (vir)     1           6.966          -4.159          -2.670          -7.730            7.867
 2587 (vir)     1           6.976          -4.265          -2.857          -8.066            7.921
 2588 (vir)     1           6.983          -4.132          -2.647          -7.658            7.862
 2589 (vir)     1           6.985          -4.265          -2.734          -7.828            7.813
 2590 (vir)     1           6.986          -4.213          -2.717          -7.875            7.932
 2591 (vir)     1           6.998          -4.120          -2.568          -7.520            7.829
 2592 (vir)     1           7.001          -4.261          -2.758          -7.900            7.883
 2593 (vir)     1           7.010          -4.141          -2.642          -7.637            7.864
 2594 (vir)     1           7.016          -4.406          -2.755          -7.938            7.793
 2595 (vir)     1           7.027          -4.200          -2.632          -7.721            7.916
 2596 (vir)     1           7.032          -4.197          -2.689          -7.753            7.898
 2597 (vir)     1           7.044          -4.137          -2.611          -7.620            7.916
 2598 (vir)     1           7.047          -4.177          -2.540          -7.548            7.877
 2599 (vir)     1           7.053          -4.226          -2.667          -7.747            7.907
 2600 (vir)     1           7.053          -4.310          -2.618          -7.733            7.859
 2601 (vir)     1           7.060          -4.193          -2.696          -7.808            7.979
 2602 (vir)     1           7.062          -4.213          -2.614          -7.678            7.913
 2603 (vir)     1           7.075          -4.206          -2.614          -7.708            7.962
 2604 (vir)     1           7.079          -4.226          -2.607          -7.694            7.939
 2605 (vir)     1           7.083          -4.287          -2.662          -7.755            7.889
 2606 (vir)     1           7.088          -4.270          -2.761          -7.943            8.000
 2607 (vir)     1           7.091          -4.251          -2.567          -7.708            7.981
 2608 (vir)     1           7.100          -4.252          -2.667          -7.805            7.987
 2609 (vir)     1           7.102          -4.212          -2.813          -8.060            8.136
 2610 (vir)     1           7.107          -4.322          -2.622          -7.745            7.908
 2611 (vir)     1           7.111          -4.212          -2.527          -7.582            7.953
 2612 (vir)     1           7.118          -4.228          -2.580          -7.649            7.958
 2613 (vir)     1           7.122          -4.242          -2.744          -7.926            8.062
 2614 (vir)     1           7.123          -4.282          -2.635          -7.714            7.920
 2615 (vir)     1           7.131          -4.239          -2.679          -7.779            7.993
 2616 (vir)     1           7.134          -4.148          -2.612          -7.697            8.071
 2617 (vir)     1           7.135          -4.252          -2.641          -7.752            7.995
 2618 (vir)     1           7.145          -4.305          -2.787          -7.977            8.031
 2619 (vir)     1           7.153          -4.229          -2.531          -7.553            7.947
 2620 (vir)     1           7.158          -4.190          -2.571          -7.648            8.044
 2621 (vir)     1           7.159          -4.301          -2.657          -7.800            8.000
 2622 (vir)     1           7.167          -4.192          -2.648          -7.706            8.033
 2623 (vir)     1           7.168          -4.393          -2.687          -7.871            7.959
 2624 (vir)     1           7.178          -4.177          -2.539          -7.542            8.004
 2625 (vir)     1           7.180          -4.172          -2.635          -7.711            8.085
 2626 (vir)     1           7.188          -4.307          -2.631          -7.719            7.968
 2627 (vir)     1           7.191          -4.236          -2.656          -7.769            8.067
 2628 (vir)     1           7.198          -4.290          -2.742          -7.912            8.078
 2629 (vir)     1           7.216          -4.278          -2.667          -7.762            8.033
 2630 (vir)     1           7.220          -4.246          -2.648          -7.734            8.059
 2631 (vir)     1           7.224          -4.429          -2.700          -7.893            7.987
 2632 (vir)     1           7.227          -4.161          -2.543          -7.578            8.100
 2633 (vir)     1           7.235          -4.393          -2.737          -7.919            8.025
 2634 (vir)     1           7.237          -4.377          -2.969          -8.344            8.234
 2635 (vir)     1           7.238          -4.220          -2.579          -7.584            8.023
 2636 (vir)     1           7.240          -4.394          -2.739          -7.954            8.061
 2637 (vir)     1           7.252          -4.171          -2.617          -7.669            8.132
 2638 (vir)     1           7.254          -4.317          -2.705          -7.882            8.114
 2639 (vir)     1           7.257          -4.175          -2.522          -7.557            8.118
 2640 (vir)     1           7.271          -4.219          -2.542          -7.575            8.084
 2641 (vir)     1           7.274          -4.242          -2.672          -7.797            8.157
 2642 (vir)     1           7.274          -4.390          -2.647          -7.818            8.055
 2643 (vir)     1           7.283          -4.180          -2.573          -7.625            8.155
 2644 (vir)     1           7.289          -4.397          -2.488          -7.618            8.022
 2645 (vir)     1           7.292          -4.213          -2.531          -7.517            8.064
 2646 (vir)     1           7.303          -4.401          -2.760          -8.020            8.163
 2647 (vir)     1           7.304          -4.514          -2.789          -8.057            8.058
 2648 (vir)     1           7.308          -4.544          -2.760          -8.045            8.050
 2649 (vir)     1           7.312          -4.119          -2.511          -7.437            8.120
 2650 (vir)     1           7.317          -4.255          -2.652          -7.791            8.201
 2651 (vir)     1           7.324          -4.407          -2.691          -7.853            8.080
 2652 (vir)     1           7.328          -4.282          -2.575          -7.727            8.198
 2653 (vir)     1           7.336          -4.431          -2.777          -8.135            8.263
 2654 (vir)     1           7.336          -4.496          -2.836          -8.139            8.144
 2655 (vir)     1           7.350          -4.462          -2.686          -7.938            8.142
 2656 (vir)     1           7.352          -4.309          -2.565          -7.740            8.217
 2657 (vir)     1           7.357          -4.534          -2.762          -8.061            8.123
 2658 (vir)     1           7.360          -4.582          -2.878          -8.274            8.174
 2659 (vir)     1           7.363          -4.458          -2.647          -7.857            8.116
 2660 (vir)     1           7.368          -4.407          -2.622          -7.868            8.207
 2661 (vir)     1           7.376          -4.437          -2.710          -7.977            8.206
 2662 (vir)     1           7.380          -4.513          -2.752          -8.048            8.164
 2663 (vir)     1           7.382          -4.387          -2.739          -7.933            8.190
 2664 (vir)     1           7.388          -4.332          -2.620          -7.805            8.240
 2665 (vir)     1           7.395          -4.383          -2.685          -7.929            8.256
 2666 (vir)     1           7.396          -4.551          -2.729          -7.946            8.062
 2667 (vir)     1           7.403          -4.459          -2.726          -7.960            8.177
 2668 (vir)     1           7.407          -4.500          -2.741          -8.017            8.183
 2669 (vir)     1           7.413          -4.409          -2.749          -7.974            8.229
 2670 (vir)     1           7.418          -4.469          -2.745          -7.974            8.179
 2671 (vir)     1           7.420          -4.584          -2.795          -8.093            8.135
 2672 (vir)     1           7.421          -4.426          -2.757          -8.057            8.295
 2673 (vir)     1           7.424          -4.432          -2.677          -7.873            8.188
 2674 (vir)     1           7.425          -4.398          -2.843          -8.195            8.379
 2675 (vir)     1           7.431          -4.437          -2.707          -7.898            8.185
 2676 (vir)     1           7.432          -4.317          -2.637          -7.778            8.256
 2677 (vir)     1           7.444          -4.511          -2.790          -8.150            8.293
 2678 (vir)     1           7.447          -4.531          -2.711          -7.980            8.185
 2679 (vir)     1           7.459          -4.420          -2.673          -7.879            8.245
 2680 (vir)     1           7.470          -4.435          -2.792          -8.082            8.325
 2681 (vir)     1           7.470          -4.552          -2.852          -8.221            8.287
 2682 (vir)     1           7.475          -4.533          -2.739          -8.038            8.242
 2683 (vir)     1           7.483          -4.516          -2.628          -7.787            8.126
 2684 (vir)     1           7.484          -4.537          -2.697          -7.945            8.195
 2685 (vir)     1           7.496          -4.539          -2.703          -7.982            8.236
 2686 (vir)     1           7.496          -4.445          -2.722          -7.961            8.290
 2687 (vir)     1           7.499          -4.399          -2.699          -7.887            8.288
 2688 (vir)     1           7.500          -4.427          -2.798          -8.066            8.341
 2689 (vir)     1           7.509          -4.602          -2.707          -7.992            8.192
 2690 (vir)     1           7.513          -4.464          -2.690          -7.943            8.302
 2691 (vir)     1           7.513          -4.483          -2.678          -7.914            8.266
 2692 (vir)     1           7.525          -4.565          -2.676          -8.028            8.312
 2693 (vir)     1           7.525          -4.483          -2.753          -8.065            8.354
 2694 (vir)     1           7.529          -4.433          -2.632          -7.844            8.307
 2695 (vir)     1           7.533          -4.421          -2.585          -7.738            8.265
 2696 (vir)     1           7.537          -4.611          -2.692          -8.047            8.281
 2697 (vir)     1           7.542          -4.535          -2.772          -8.101            8.335
 2698 (vir)     1           7.555          -4.733          -2.698          -8.021            8.146
 2699 (vir)     1           7.557          -4.578          -2.727          -8.022            8.273
 2700 (vir)     1           7.562          -4.590          -2.703          -8.031            8.299
 2701 (vir)     1           7.562          -4.615          -2.838          -8.247            8.357
 2702 (vir)     1           7.569          -4.413          -2.721          -7.946            8.380
 2703 (vir)     1           7.570          -4.503          -2.716          -7.993            8.345
 2704 (vir)     1           7.587          -4.472          -2.812          -8.161            8.464
 2705 (vir)     1           7.592          -4.332          -2.607          -7.737            8.390
 2706 (vir)     1           7.593          -4.450          -2.593          -7.790            8.339
 2707 (vir)     1           7.594          -4.521          -2.798          -8.150            8.425
 2708 (vir)     1           7.607          -4.665          -2.820          -8.183            8.305
 2709 (vir)     1           7.612          -4.555          -2.828          -8.190            8.419
 2710 (vir)     1           7.615          -4.547          -2.712          -8.009            8.365
 2711 (vir)     1           7.619          -4.631          -2.813          -8.207            8.383
 2712 (vir)     1           7.626          -4.622          -2.749          -8.101            8.356
 2713 (vir)     1           7.630          -4.504          -2.809          -8.141            8.457
 2714 (vir)     1           7.632          -4.538          -2.836          -8.236            8.494
 2715 (vir)     1           7.638          -4.669          -2.809          -8.240            8.400
 2716 (vir)     1           7.648          -4.728          -2.729          -8.086            8.278
 2717 (vir)     1           7.651          -4.710          -2.796          -8.228            8.373
 2718 (vir)     1           7.659          -4.407          -2.713          -7.988            8.528
 2719 (vir)     1           7.669          -4.684          -2.696          -8.070            8.360
 2720 (vir)     1           7.672          -4.564          -2.818          -8.215            8.505
 2721 (vir)     1           7.679          -4.575          -2.813          -8.190            8.482
 2722 (vir)     1           7.680          -4.541          -2.693          -7.992            8.438
 2723 (vir)     1           7.686          -4.563          -2.781          -8.150            8.492
 2724 (vir)     1           7.689          -4.479          -2.723          -8.030            8.518
 2725 (vir)     1           7.689          -4.558          -2.843          -8.258            8.546
 2726 (vir)     1           7.695          -4.602          -2.867          -8.264            8.491
 2727 (vir)     1           7.698          -4.724          -2.799          -8.204            8.380
 2728 (vir)     1           7.705          -4.651          -2.755          -8.137            8.435
 2729 (vir)     1           7.713          -4.646          -2.820          -8.200            8.447
 2730 (vir)     1           7.720          -4.535          -2.792          -8.169            8.562
 2731 (vir)     1           7.725          -4.560          -2.804          -8.184            8.545
 2732 (vir)     1           7.725          -4.600          -2.860          -8.317            8.582
 2733 (vir)     1           7.729          -4.575          -2.785          -8.144            8.514
 2734 (vir)     1           7.741          -4.834          -2.835          -8.308            8.380
 2735 (vir)     1           7.742          -4.612          -2.873          -8.319            8.575
 2736 (vir)     1           7.755          -4.547          -2.684          -8.023            8.546
 2737 (vir)     1           7.760          -4.713          -2.763          -8.187            8.471
 2738 (vir)     1           7.766          -4.617          -2.754          -8.147            8.543
 2739 (vir)     1           7.775          -4.679          -2.770          -8.159            8.485
 2740 (vir)     1           7.777          -4.636          -2.800          -8.163            8.504
 2741 (vir)     1           7.780          -4.447          -2.731          -8.055            8.656
 2742 (vir)     1           7.783          -4.544          -2.765          -8.128            8.602
 2743 (vir)     1           7.789          -4.632          -2.706          -8.069            8.520
 2744 (vir)     1           7.793          -4.623          -2.820          -8.281            8.631
 2745 (vir)     1           7.808          -4.749          -2.900          -8.425            8.583
 2746 (vir)     1           7.813          -4.557          -2.793          -8.242            8.706
 2747 (vir)     1           7.822          -4.693          -2.748          -8.157            8.537
 2748 (vir)     1           7.822          -4.544          -2.837          -8.233            8.673
 2749 (vir)     1           7.825          -4.557          -2.683          -8.003            8.588
 2750 (vir)     1           7.827          -4.742          -2.951          -8.464            8.598
 2751 (vir)     1           7.838          -4.565          -2.691          -8.003            8.585
 2752 (vir)     1           7.840          -4.665          -2.717          -8.117            8.574
 2753 (vir)     1           7.844          -4.696          -2.795          -8.252            8.605
 2754 (vir)     1           7.852          -4.580          -2.677          -8.012            8.607
 2755 (vir)     1           7.855          -4.725          -2.776          -8.228            8.582
 2756 (vir)     1           7.856          -4.696          -2.888          -8.390            8.661
 2757 (vir)     1           7.861          -4.601          -2.776          -8.157            8.640
 2758 (vir)     1           7.862          -4.565          -2.697          -8.055            8.654
 2759 (vir)     1           7.875          -4.767          -2.993          -8.581            8.696
 2760 (vir)     1           7.882          -4.693          -2.949          -8.445            8.684
 2761 (vir)     1           7.899          -4.697          -2.856          -8.322            8.667
 2762 (vir)     1           7.902          -4.730          -2.850          -8.335            8.657
 2763 (vir)     1           7.907          -4.749          -2.885          -8.422            8.696
 2764 (vir)     1           7.908          -4.746          -2.849          -8.361            8.674
 2765 (vir)     1           7.910          -4.636          -2.744          -8.167            8.697
 2766 (vir)     1           7.910          -4.589          -2.792          -8.208            8.736
 2767 (vir)     1           7.918          -4.547          -2.680          -8.017            8.708
 2768 (vir)     1           7.926          -4.606          -2.762          -8.186            8.744
 2769 (vir)     1           7.932          -4.608          -2.756          -8.164            8.732
 2770 (vir)     1           7.936          -4.823          -3.007          -8.637            8.743
 2771 (vir)     1           7.938          -4.714          -2.835          -8.352            8.741
 2772 (vir)     1           7.947          -4.663          -2.878          -8.358            8.764
 2773 (vir)     1           7.948          -4.770          -2.799          -8.316            8.695
 2774 (vir)     1           7.961          -4.453          -2.673          -7.923            8.758
 2775 (vir)     1           7.967          -4.687          -2.876          -8.376            8.780
 2776 (vir)     1           7.968          -4.629          -2.799          -8.247            8.788
 2777 (vir)     1           7.972          -4.622          -2.720          -8.116            8.745
 2778 (vir)     1           7.977          -4.707          -2.922          -8.449            8.798
 2779 (vir)     1           7.985          -4.671          -2.731          -8.157            8.740
 2780 (vir)     1           7.986          -4.636          -2.737          -8.205            8.818
 2781 (vir)     1           7.994          -4.694          -2.795          -8.279            8.784
 2782 (vir)     1           7.999          -4.712          -2.817          -8.309            8.779
 2783 (vir)     1           8.001          -4.557          -2.705          -8.046            8.785
 2784 (vir)     1           8.007          -4.738          -2.837          -8.381            8.813
 2785 (vir)     1           8.009          -4.704          -2.751          -8.173            8.727
 2786 (vir)     1           8.016          -4.669          -2.733          -8.225            8.840
 2787 (vir)     1           8.027          -4.733          -2.826          -8.301            8.769
 2788 (vir)     1           8.028          -4.692          -2.770          -8.261            8.827
 2789 (vir)     1           8.032          -4.755          -2.863          -8.428            8.841
 2790 (vir)     1           8.032          -4.833          -2.878          -8.520            8.841
 2791 (vir)     1           8.054          -4.658          -2.671          -8.115            8.840
 2792 (vir)     1           8.054          -4.814          -2.984          -8.630            8.886
 2793 (vir)     1           8.054          -4.888          -2.760          -8.416            8.822
 2794 (vir)     1           8.062          -4.839          -2.914          -8.530            8.838
 2795 (vir)     1           8.072          -4.640          -2.775          -8.256            8.912
 2796 (vir)     1           8.072          -4.694          -2.808          -8.320            8.890
 2797 (vir)     1           8.078          -4.727          -2.758          -8.226            8.819
 2798 (vir)     1           8.085          -4.715          -2.818          -8.298            8.850
 2799 (vir)     1           8.088          -4.646          -2.774          -8.232            8.900
 2800 (vir)     1           8.091          -4.628          -2.726          -8.137            8.874
 2801 (vir)     1           8.095          -4.789          -2.907          -8.507            8.905
 2802 (vir)     1           8.101          -4.815          -2.987          -8.648            8.947
 2803 (vir)     1           8.108          -4.742          -2.933          -8.494            8.927
 2804 (vir)     1           8.108          -4.708          -2.830          -8.363            8.933
 2805 (vir)     1           8.108          -4.560          -2.692          -8.081            8.937
 2806 (vir)     1           8.122          -4.548          -2.680          -8.068            8.962
 2807 (vir)     1           8.124          -4.689          -2.808          -8.243            8.870
 2808 (vir)     1           8.131          -4.664          -2.791          -8.256            8.932
 2809 (vir)     1           8.134          -4.511          -2.623          -7.949            8.949
 2810 (vir)     1           8.136          -4.767          -2.806          -8.352            8.914
 2811 (vir)     1           8.138          -4.719          -2.839          -8.346            8.926
 2812 (vir)     1           8.150          -4.695          -2.813          -8.299            8.942
 2813 (vir)     1           8.151          -4.773          -2.803          -8.315            8.890
 2814 (vir)     1           8.158          -4.893          -2.975          -8.661            8.951
 2815 (vir)     1           8.163          -4.631          -2.647          -8.053            8.938
 2816 (vir)     1           8.167          -4.825          -2.945          -8.562            8.959
 2817 (vir)     1           8.171          -4.689          -2.848          -8.380            9.014
 2818 (vir)     1           8.174          -4.598          -2.755          -8.143            8.964
 2819 (vir)     1           8.187          -4.769          -2.767          -8.291            8.942
 2820 (vir)     1           8.192          -4.825          -2.922          -8.566            9.010
 2821 (vir)     1           8.194          -4.760          -2.849          -8.394            8.979
 2822 (vir)     1           8.199          -4.657          -2.698          -8.165            9.009
 2823 (vir)     1           8.199          -4.764          -2.895          -8.512            9.052
 2824 (vir)     1           8.204          -4.769          -2.826          -8.379            8.987
 2825 (vir)     1           8.211          -4.720          -2.861          -8.366            8.997
 2826 (vir)     1           8.213          -4.658          -2.712          -8.158            9.000
 2827 (vir)     1           8.218          -4.689          -2.697          -8.161            8.993
 2828 (vir)     1           8.225          -4.814          -2.831          -8.355            8.935
 2829 (vir)     1           8.227          -4.707          -2.792          -8.302            9.030
 2830 (vir)     1           8.232          -4.750          -2.774          -8.309            9.017
 2831 (vir)     1           8.236          -4.559          -2.662          -8.017            9.032
 2832 (vir)     1           8.242          -4.748          -2.824          -8.400            9.070
 2833 (vir)     1           8.243          -4.749          -2.892          -8.401            9.002
 2834 (vir)     1           8.251          -4.694          -2.731          -8.219            9.045
 2835 (vir)     1           8.261          -4.798          -2.877          -8.476            9.062
 2836 (vir)     1           8.262          -4.636          -2.702          -8.125            9.049
 2837 (vir)     1           8.269          -4.602          -2.613          -7.958            9.012
 2838 (vir)     1           8.274          -4.697          -2.692          -8.137            9.023
 2839 (vir)     1           8.280          -4.738          -2.774          -8.331            9.099
 2840 (vir)     1           8.284          -4.713          -2.754          -8.221            9.038
 2841 (vir)     1           8.284          -4.746          -2.685          -8.231            9.084
 2842 (vir)     1           8.291          -4.645          -2.657          -8.083            9.072
 2843 (vir)     1           8.292          -4.595          -2.744          -8.177            9.131
 2844 (vir)     1           8.298          -4.715          -2.715          -8.192            9.059
 2845 (vir)     1           8.303          -4.841          -2.777          -8.354            9.039
 2846 (vir)     1           8.307          -4.781          -2.730          -8.210            9.006
 2847 (vir)     1           8.316          -4.768          -2.772          -8.317            9.093
 2848 (vir)     1           8.319          -4.708          -2.795          -8.302            9.118
 2849 (vir)     1           8.329          -4.672          -2.725          -8.165            9.096
 2850 (vir)     1           8.332          -4.653          -2.715          -8.194            9.158
 2851 (vir)     1           8.340          -4.773          -2.787          -8.317            9.097
 2852 (vir)     1           8.340          -4.596          -2.653          -8.068            9.159
 2853 (vir)     1           8.348          -4.632          -2.671          -8.131            9.176
 2854 (vir)     1           8.355          -4.812          -2.940          -8.559            9.162
 2855 (vir)     1           8.356          -4.683          -2.721          -8.167            9.119
 2856 (vir)     1           8.357          -4.680          -2.704          -8.186            9.158
 2857 (vir)     1           8.365          -4.697          -2.655          -8.117            9.130
 2858 (vir)     1           8.368          -4.733          -2.662          -8.176            9.149
 2859 (vir)     1           8.377          -4.948          -2.793          -8.489            9.125
 2860 (vir)     1           8.382          -4.607          -2.666          -8.111            9.220
 2861 (vir)     1           8.391          -4.698          -2.672          -8.135            9.155
 2862 (vir)     1           8.391          -4.673          -2.758          -8.269            9.229
 2863 (vir)     1           8.398          -4.714          -2.727          -8.260            9.217
 2864 (vir)     1           8.402          -4.769          -2.764          -8.276            9.146
 2865 (vir)     1           8.416          -4.707          -2.717          -8.239            9.232
 2866 (vir)     1           8.417          -4.746          -2.745          -8.243            9.169
 2867 (vir)     1           8.424          -4.569          -2.658          -8.078            9.275
 2868 (vir)     1           8.426          -4.875          -2.816          -8.435            9.170
 2869 (vir)     1           8.438          -4.695          -2.653          -8.093            9.184
 2870 (vir)     1           8.438          -4.660          -2.703          -8.152            9.228
 2871 (vir)     1           8.443          -4.841          -2.748          -8.337            9.190
 2872 (vir)     1           8.446          -4.780          -2.774          -8.282            9.175
 2873 (vir)     1           8.449          -4.806          -2.753          -8.335            9.225
 2874 (vir)     1           8.456          -4.675          -2.678          -8.149            9.252
 2875 (vir)     1           8.460          -4.725          -2.757          -8.298            9.275
 2876 (vir)     1           8.468          -4.661          -2.723          -8.209            9.293
 2877 (vir)     1           8.468          -4.785          -2.746          -8.314            9.250
 2878 (vir)     1           8.482          -4.705          -2.796          -8.370            9.351
 2879 (vir)     1           8.487          -4.947          -2.786          -8.402            9.156
 2880 (vir)     1           8.489          -4.740          -2.799          -8.354            9.305
 2881 (vir)     1           8.495          -4.494          -2.534          -7.859            9.328
 2882 (vir)     1           8.498          -4.663          -2.690          -8.133            9.277
 2883 (vir)     1           8.504          -4.825          -2.692          -8.283            9.271
 2884 (vir)     1           8.505          -4.699          -2.638          -8.124            9.292
 2885 (vir)     1           8.507          -4.812          -2.771          -8.347            9.271
 2886 (vir)     1           8.513          -4.740          -2.747          -8.291            9.316
 2887 (vir)     1           8.517          -4.626          -2.690          -8.134            9.336
 2888 (vir)     1           8.519          -4.802          -2.838          -8.435            9.314
 2889 (vir)     1           8.532          -4.715          -2.714          -8.197            9.301
 2890 (vir)     1           8.539          -4.617          -2.613          -8.009            9.318
 2891 (vir)     1           8.539          -4.707          -2.691          -8.193            9.333
 2892 (vir)     1           8.543          -4.674          -2.614          -8.154            9.410
 2893 (vir)     1           8.548          -4.778          -2.631          -8.115            9.254
 2894 (vir)     1           8.564          -4.843          -2.683          -8.199            9.236
 2895 (vir)     1           8.567          -4.790          -2.668          -8.196            9.306
 2896 (vir)     1           8.568          -4.712          -2.691          -8.164            9.329
 2897 (vir)     1           8.576          -4.856          -2.841          -8.534            9.413
 2898 (vir)     1           8.584          -4.769          -2.666          -8.212            9.360
 2899 (vir)     1           8.589          -4.929          -2.690          -8.240            9.210
 2900 (vir)     1           8.591          -4.827          -2.733          -8.290            9.322
 2901 (vir)     1           8.596          -4.867          -2.804          -8.398            9.324
 2902 (vir)     1           8.599          -4.875          -2.771          -8.443            9.396
 2903 (vir)     1           8.604          -4.897          -2.782          -8.421            9.346
 2904 (vir)     1           8.610          -4.899          -2.866          -8.520            9.366
 2905 (vir)     1           8.611          -4.783          -2.703          -8.209            9.334
 2906 (vir)     1           8.612          -4.663          -2.697          -8.177            9.428
 2907 (vir)     1           8.615          -4.873          -2.736          -8.375            9.381
 2908 (vir)     1           8.623          -4.764          -2.715          -8.238            9.382
 2909 (vir)     1           8.627          -4.835          -2.738          -8.381            9.435
 2910 (vir)     1           8.634          -4.957          -2.761          -8.413            9.328
 2911 (vir)     1           8.639          -5.182          -2.735          -8.479            9.200
 2912 (vir)     1           8.644          -4.640          -2.673          -8.113            9.444
 2913 (vir)     1           8.652          -4.849          -2.641          -8.209            9.371
 2914 (vir)     1           8.653          -4.909          -2.779          -8.435            9.399
 2915 (vir)     1           8.657          -4.883          -2.706          -8.330            9.399
 2916 (vir)     1           8.667          -4.975          -2.760          -8.429            9.360
 2917 (vir)     1           8.669          -4.834          -2.694          -8.276            9.417
 2918 (vir)     1           8.673          -4.734          -2.611          -8.114            9.441
 2919 (vir)     1           8.678          -4.943          -2.824          -8.481            9.392
 2920 (vir)     1           8.682          -4.951          -2.675          -8.358            9.413
 2921 (vir)     1           8.683          -4.800          -2.713          -8.267            9.437
 2922 (vir)     1           8.686          -4.440          -2.530          -7.841            9.558
 2923 (vir)     1           8.703          -4.916          -2.743          -8.343            9.388
 2924 (vir)     1           8.705          -4.894          -2.759          -8.378            9.430
 2925 (vir)     1           8.712          -4.828          -2.729          -8.325            9.479
 2926 (vir)     1           8.714          -5.133          -2.751          -8.510            9.339
 2927 (vir)     1           8.718          -4.743          -2.738          -8.273            9.510
 2928 (vir)     1           8.720          -4.603          -2.597          -8.041            9.561
 2929 (vir)     1           8.723          -4.809          -2.611          -8.153            9.455
 2930 (vir)     1           8.728          -4.701          -2.577          -8.071            9.521
 2931 (vir)     1           8.735          -5.050          -2.958          -8.728            9.456
 2932 (vir)     1           8.735          -4.821          -2.682          -8.246            9.477
 2933 (vir)     1           8.744          -4.908          -2.709          -8.305            9.432
 2934 (vir)     1           8.744          -4.912          -2.723          -8.351            9.459
 2935 (vir)     1           8.747          -4.920          -2.783          -8.419            9.462
 2936 (vir)     1           8.754          -4.946          -2.650          -8.302            9.459
 2937 (vir)     1           8.769          -4.756          -2.676          -8.206            9.543
 2938 (vir)     1           8.771          -4.831          -2.735          -8.316            9.520
 2939 (vir)     1           8.776          -4.963          -2.800          -8.537            9.549
 2940 (vir)     1           8.778          -4.858          -2.729          -8.350            9.542
 2941 (vir)     1           8.784          -4.735          -2.568          -8.025            9.506
 2942 (vir)     1           8.785          -4.951          -2.695          -8.357            9.496
 2943 (vir)     1           8.791          -4.998          -2.825          -8.530            9.498
 2944 (vir)     1           8.794          -4.404          -2.581          -7.898            9.706
 2945 (vir)     1           8.799          -4.751          -2.633          -8.173            9.589
 2946 (vir)     1           8.800          -5.030          -2.770          -8.457            9.457
 2947 (vir)     1           8.805          -4.728          -2.663          -8.216            9.630
 2948 (vir)     1           8.814          -4.704          -2.648          -8.152            9.614
 2949 (vir)     1           8.818          -4.723          -2.708          -8.264            9.651
 2950 (vir)     1           8.823          -4.281          -2.419          -7.610            9.733
 2951 (vir)     1           8.831          -4.832          -2.706          -8.288            9.582
 2952 (vir)     1           8.835          -4.806          -2.634          -8.200            9.594
 2953 (vir)     1           8.843          -4.890          -2.726          -8.342            9.570
 2954 (vir)     1           8.844          -4.931          -2.789          -8.425            9.549
 2955 (vir)     1           8.853          -4.882          -2.796          -8.446            9.621
 2956 (vir)     1           8.854          -4.977          -2.843          -8.540            9.574
 2957 (vir)     1           8.869          -4.910          -2.718          -8.424            9.665
 2958 (vir)     1           8.871          -4.927          -2.781          -8.443            9.606
 2959 (vir)     1           8.871          -4.775          -2.603          -8.130            9.623
 2960 (vir)     1           8.880          -5.124          -2.914          -8.685            9.528
 2961 (vir)     1           8.883          -4.810          -2.682          -8.307            9.698
 2962 (vir)     1           8.890          -4.614          -2.600          -8.027            9.703
 2963 (vir)     1           8.892          -4.819          -2.633          -8.187            9.627
 2964 (vir)     1           8.892          -4.741          -2.634          -8.160            9.677
 2965 (vir)     1           8.898          -4.784          -2.624          -8.140            9.630
 2966 (vir)     1           8.899          -4.639          -2.589          -8.038            9.708
 2967 (vir)     1           8.902          -4.957          -2.729          -8.416            9.632
 2968 (vir)     1           8.905          -5.081          -2.850          -8.650            9.624
 2969 (vir)     1           8.906          -4.766          -2.640          -8.177            9.678
 2970 (vir)     1           8.915          -4.955          -2.834          -8.540            9.666
 2971 (vir)     1           8.922          -4.858          -2.748          -8.351            9.668
 2972 (vir)     1           8.924          -5.015          -2.722          -8.428            9.614
 2973 (vir)     1           8.930          -5.054          -2.824          -8.550            9.601
 2974 (vir)     1           8.932          -4.923          -2.718          -8.362            9.652
 2975 (vir)     1           8.940          -4.881          -2.733          -8.377            9.703
 2976 (vir)     1           8.943          -4.891          -2.684          -8.304            9.671
 2977 (vir)     1           8.947          -4.892          -2.682          -8.311            9.684
 2978 (vir)     1           8.954          -4.840          -2.683          -8.223            9.654
 2979 (vir)     1           8.962          -4.947          -2.852          -8.560            9.723
 2980 (vir)     1           8.962          -5.129          -2.892          -8.738            9.679
 2981 (vir)     1           8.976          -4.828          -2.671          -8.208            9.685
 2982 (vir)     1           8.983          -5.064          -2.810          -8.533            9.642
 2983 (vir)     1           8.985          -4.907          -2.707          -8.308            9.679
 2984 (vir)     1           8.987          -5.044          -2.738          -8.437            9.643
 2985 (vir)     1           8.996          -4.977          -2.742          -8.390            9.667
 2986 (vir)     1           9.000          -5.149          -2.887          -8.711            9.675
 2987 (vir)     1           9.004          -4.740          -2.568          -8.047            9.743
 2988 (vir)     1           9.009          -5.089          -2.816          -8.589            9.694
 2989 (vir)     1           9.020          -5.001          -2.792          -8.445            9.672
 2990 (vir)     1           9.022          -4.668          -2.527          -7.997            9.825
 2991 (vir)     1           9.023          -5.143          -2.847          -8.669            9.703
 2992 (vir)     1           9.031          -5.102          -2.818          -8.577            9.688
 2993 (vir)     1           9.032          -4.630          -2.507          -7.923            9.818
 2994 (vir)     1           9.039          -4.913          -2.656          -8.244            9.714
 2995 (vir)     1           9.041          -4.924          -2.696          -8.329            9.750
 2996 (vir)     1           9.048          -4.776          -2.640          -8.185            9.817
 2997 (vir)     1           9.056          -5.198          -2.901          -8.761            9.718
 2998 (vir)     1           9.057          -5.004          -2.765          -8.481            9.768
 2999 (vir)     1           9.064          -4.935          -2.708          -8.377            9.797
 3000 (vir)     1           9.069          -4.998          -2.708          -8.385            9.748
 3001 (vir)     1           9.073          -5.006          -2.772          -8.483            9.780
 3002 (vir)     1           9.080          -5.020          -2.762          -8.412            9.711
 3003 (vir)     1           9.086          -4.948          -2.708          -8.408            9.838
 3004 (vir)     1           9.086          -5.009          -2.776          -8.471            9.772
 3005 (vir)     1           9.101          -5.038          -2.807          -8.499            9.754
 3006 (vir)     1           9.114          -4.975          -2.686          -8.319            9.772
 3007 (vir)     1           9.121          -4.934          -2.719          -8.375            9.843
 3008 (vir)     1           9.125          -4.762          -2.571          -8.082            9.874
 3009 (vir)     1           9.127          -5.103          -2.747          -8.486            9.763
 3010 (vir)     1           9.134          -5.021          -2.768          -8.475            9.820
 3011 (vir)     1           9.141          -4.753          -2.586          -8.084            9.887
 3012 (vir)     1           9.148          -4.919          -2.687          -8.273            9.814
 3013 (vir)     1           9.149          -5.039          -2.752          -8.470            9.828
 3014 (vir)     1           9.158          -5.102          -2.814          -8.578            9.819
 3015 (vir)     1           9.162          -5.080          -2.772          -8.502            9.812
 3016 (vir)     1           9.171          -4.858          -2.596          -8.170            9.886
 3017 (vir)     1           9.174          -4.859          -2.670          -8.300            9.945
 3018 (vir)     1           9.187          -5.052          -2.738          -8.459            9.856
 3019 (vir)     1           9.190          -5.042          -2.770          -8.514            9.892
 3020 (vir)     1           9.195          -5.019          -2.750          -8.481            9.906
 3021 (vir)     1           9.197          -5.319          -2.958          -8.896            9.816
 3022 (vir)     1           9.210          -5.083          -2.792          -8.575            9.911
 3023 (vir)     1           9.214          -5.146          -2.803          -8.614            9.879
 3024 (vir)     1           9.223          -5.118          -2.830          -8.610            9.885
 3025 (vir)     1           9.224          -4.998          -2.755          -8.483            9.954
 3026 (vir)     1           9.231          -5.032          -2.750          -8.494            9.943
 3027 (vir)     1           9.234          -5.005          -2.760          -8.491            9.960
 3028 (vir)     1           9.240          -5.124          -2.819          -8.575            9.873
 3029 (vir)     1           9.248          -5.056          -2.708          -8.418            9.902
 3030 (vir)     1           9.251          -5.212          -2.894          -8.763            9.908
 3031 (vir)     1           9.255          -4.984          -2.680          -8.347            9.938
 3032 (vir)     1           9.263          -5.180          -2.870          -8.695            9.908
 3033 (vir)     1           9.265          -5.197          -2.762          -8.552            9.858
 3034 (vir)     1           9.276          -5.189          -2.892          -8.742            9.937
 3035 (vir)     1           9.281          -5.198          -2.914          -8.768            9.937
 3036 (vir)     1           9.291          -5.232          -2.848          -8.759            9.970
 3037 (vir)     1           9.296          -5.310          -2.921          -8.821            9.887
 3038 (vir)     1           9.300          -5.356          -2.948          -8.879            9.875
 3039 (vir)     1           9.303          -5.078          -2.750          -8.475            9.949
 3040 (vir)     1           9.318          -5.232          -2.790          -8.633            9.929
 3041 (vir)     1           9.325          -5.151          -2.800          -8.606            9.980
 3042 (vir)     1           9.331          -5.257          -2.823          -8.731            9.982
 3043 (vir)     1           9.333          -5.124          -2.787          -8.579           10.001
 3044 (vir)     1           9.339          -5.265          -2.791          -8.611            9.894
 3045 (vir)     1           9.343          -5.128          -2.852          -8.686           10.049
 3046 (vir)     1           9.347          -5.118          -2.828          -8.628           10.029
 3047 (vir)     1           9.357          -5.167          -2.887          -8.742           10.044
 3048 (vir)     1           9.359          -5.132          -2.810          -8.569            9.986
 3049 (vir)     1           9.363          -5.214          -2.822          -8.671            9.999
 3050 (vir)     1           9.378          -5.152          -2.766          -8.603           10.063
 3051 (vir)     1           9.379          -5.104          -2.785          -8.539           10.029
 3052 (vir)     1           9.380          -5.037          -2.872          -8.668           10.138
 3053 (vir)     1           9.385          -5.190          -2.863          -8.721           10.053
 3054 (vir)     1           9.397          -5.240          -2.913          -8.793           10.036
 3055 (vir)     1           9.398          -5.240          -2.879          -8.732           10.011
 3056 (vir)     1           9.408          -5.213          -2.843          -8.670           10.023
 3057 (vir)     1           9.415          -5.319          -2.968          -8.977           10.104
 3058 (vir)     1           9.421          -5.224          -2.865          -8.726           10.058
 3059 (vir)     1           9.432          -5.241          -2.925          -8.795           10.062
 3060 (vir)     1           9.435          -5.276          -2.927          -8.839           10.072
 3061 (vir)     1           9.443          -5.289          -2.859          -8.729           10.024
 3062 (vir)     1           9.447          -5.213          -2.847          -8.660           10.048
 3063 (vir)     1           9.459          -5.204          -2.824          -8.695           10.126
 3064 (vir)     1           9.467          -5.321          -2.935          -8.873           10.084
 3065 (vir)     1           9.468          -5.259          -2.861          -8.764           10.112
 3066 (vir)     1           9.486          -5.328          -2.882          -8.778           10.054
 3067 (vir)     1           9.487          -5.269          -2.897          -8.787           10.108
 3068 (vir)     1           9.499          -5.209          -2.794          -8.636           10.131
 3069 (vir)     1           9.499          -5.316          -2.861          -8.764           10.086
 3070 (vir)     1           9.513          -5.218          -2.903          -8.780           10.172
 3071 (vir)     1           9.514          -5.225          -2.903          -8.783           10.169
 3072 (vir)     1           9.519          -5.383          -2.947          -8.921           10.111
 3073 (vir)     1           9.528          -4.964          -2.797          -8.575           10.342
 3074 (vir)     1           9.534          -5.470          -2.992          -9.034           10.105
 3075 (vir)     1           9.538          -5.319          -2.882          -8.844           10.182
 3076 (vir)     1           9.555          -5.546          -2.952          -9.024           10.081
 3077 (vir)     1           9.562          -5.314          -2.834          -8.782           10.196
 3078 (vir)     1           9.566          -5.353          -2.883          -8.819           10.149
 3079 (vir)     1           9.577          -5.265          -2.871          -8.752           10.192
 3080 (vir)     1           9.595          -5.355          -2.910          -8.868           10.198
 3081 (vir)     1           9.595          -5.225          -2.842          -8.706           10.234
 3082 (vir)     1           9.603          -5.291          -2.889          -8.831           10.254
 3083 (vir)     1           9.608          -5.430          -2.963          -8.996           10.212
 3084 (vir)     1           9.622          -5.280          -2.823          -8.735           10.255
 3085 (vir)     1           9.632          -5.624          -3.036          -9.219           10.192
 3086 (vir)     1           9.649          -5.308          -2.881          -8.794           10.254
 3087 (vir)     1           9.670          -5.413          -2.952          -9.034           10.338
 3088 (vir)     1           9.670          -5.264          -2.860          -8.749           10.295
 3089 (vir)     1           9.683          -5.311          -2.812          -8.774           10.335
 3090 (vir)     1           9.685          -5.426          -2.936          -8.934           10.258
 3091 (vir)     1           9.691          -5.239          -2.878          -8.769           10.343
 3092 (vir)     1           9.697          -5.331          -2.881          -8.851           10.337
 3093 (vir)     1           9.700          -5.356          -2.891          -8.830           10.282
 3094 (vir)     1           9.702          -5.528          -3.006          -9.124           10.292
 3095 (vir)     1           9.720          -5.489          -2.986          -9.091           10.335
 3096 (vir)     1           9.734          -5.531          -2.984          -9.095           10.314
 3097 (vir)     1           9.740          -5.375          -2.913          -8.884           10.336
 3098 (vir)     1           9.752          -5.575          -3.094          -9.309           10.391
 3099 (vir)     1           9.753          -5.392          -2.948          -8.938           10.350
 3100 (vir)     1           9.778          -5.324          -2.840          -8.759           10.373
 3101 (vir)     1           9.780          -5.507          -2.985          -9.075           10.363
 3102 (vir)     1           9.785          -5.264          -2.824          -8.709           10.407
 3103 (vir)     1           9.787          -5.327          -2.808          -8.728           10.381
 3104 (vir)     1           9.802          -5.325          -2.841          -8.815           10.451
 3105 (vir)     1           9.813          -5.531          -3.022          -9.133           10.393
 3106 (vir)     1           9.819          -5.438          -3.028          -9.149           10.503
 3107 (vir)     1           9.821          -5.419          -2.877          -8.878           10.402
 3108 (vir)     1           9.822          -5.206          -2.803          -8.693           10.505
 3109 (vir)     1           9.828          -5.539          -3.083          -9.276           10.482
 3110 (vir)     1           9.835          -5.540          -3.069          -9.267           10.493
 3111 (vir)     1           9.835          -5.532          -3.054          -9.202           10.451
 3112 (vir)     1           9.849          -5.394          -2.870          -8.900           10.486
 3113 (vir)     1           9.858          -5.460          -2.918          -8.939           10.420
 3114 (vir)     1           9.868          -5.557          -3.003          -9.140           10.448
 3115 (vir)     1           9.871          -5.549          -2.999          -9.104           10.427
 3116 (vir)     1           9.877          -5.542          -2.967          -9.052           10.421
 3117 (vir)     1           9.885          -5.472          -3.021          -9.154           10.547
 3118 (vir)     1           9.887          -5.419          -2.944          -9.012           10.536
 3119 (vir)     1           9.897          -5.468          -2.957          -9.032           10.505
 3120 (vir)     1           9.902          -5.320          -2.841          -8.804           10.546
 3121 (vir)     1           9.907          -5.486          -3.094          -9.314           10.642
 3122 (vir)     1           9.908          -5.423          -2.928          -8.967           10.524
 3123 (vir)     1           9.916          -5.469          -2.968          -9.073           10.552
 3124 (vir)     1           9.921          -5.527          -3.022          -9.179           10.551
 3125 (vir)     1           9.933          -5.214          -2.806          -8.637           10.550
 3126 (vir)     1           9.936          -5.454          -2.939          -9.019           10.562
 3127 (vir)     1           9.940          -5.440          -3.009          -9.085           10.576
 3128 (vir)     1           9.945          -5.457          -3.079          -9.309           10.718
 3129 (vir)     1           9.952          -5.359          -2.930          -8.994           10.657
 3130 (vir)     1           9.953          -5.259          -2.823          -8.726           10.596
 3131 (vir)     1           9.963          -5.280          -2.856          -8.733           10.561
 3132 (vir)     1           9.969          -5.281          -2.860          -8.775           10.602
 3133 (vir)     1           9.969          -5.459          -2.914          -8.974           10.571
 3134 (vir)     1           9.978          -5.412          -3.001          -9.139           10.705
 3135 (vir)     1           9.983          -5.411          -2.965          -9.003           10.610
 3136 (vir)     1           9.987          -5.313          -2.830          -8.821           10.666
 3137 (vir)     1           9.995          -5.430          -2.969          -9.053           10.649
 3138 (vir)     1           9.998          -5.483          -2.948          -9.057           10.625
 3139 (vir)     1          10.006          -5.497          -2.940          -9.054           10.623
 3140 (vir)     1          10.013          -5.452          -2.968          -9.101           10.694
 3141 (vir)     1          10.022          -5.253          -2.796          -8.668           10.640
 3142 (vir)     1          10.035          -5.362          -2.937          -8.944           10.680
 3143 (vir)     1          10.038          -5.370          -2.923          -8.982           10.727
 3144 (vir)     1          10.040          -5.298          -2.777          -8.720           10.684
 3145 (vir)     1          10.043          -5.372          -2.914          -8.947           10.704
 3146 (vir)     1          10.049          -5.405          -2.928          -9.011           10.728
 3147 (vir)     1          10.052          -5.289          -2.910          -8.922           10.775
 3148 (vir)     1          10.062          -5.265          -2.831          -8.778           10.744
 3149 (vir)     1          10.066          -5.498          -2.990          -9.121           10.698
 3150 (vir)     1          10.069          -5.381          -2.887          -8.869           10.670
 3151 (vir)     1          10.083          -5.167          -2.749          -8.568           10.735
 3152 (vir)     1          10.087          -5.330          -2.810          -8.700           10.647
 3153 (vir)     1          10.087          -5.331          -2.890          -8.891           10.757
 3154 (vir)     1          10.095          -5.429          -2.909          -8.956           10.712
 3155 (vir)     1          10.107          -5.198          -2.790          -8.648           10.767
 3156 (vir)     1          10.118          -5.426          -2.846          -8.851           10.697
 3157 (vir)     1          10.119          -5.331          -2.824          -8.801           10.765
 3158 (vir)     1          10.131          -5.313          -2.802          -8.716           10.731
 3159 (vir)     1          10.134          -5.292          -2.783          -8.685           10.745
 3160 (vir)     1          10.141          -5.285          -2.864          -8.874           10.866
 3161 (vir)     1          10.141          -5.201          -2.693          -8.449           10.697
 3162 (vir)     1          10.153          -5.310          -2.825          -8.774           10.792
 3163 (vir)     1          10.159          -5.250          -2.787          -8.704           10.825
 3164 (vir)     1          10.171          -5.381          -2.890          -8.965           10.865
 3165 (vir)     1          10.173          -5.445          -2.906          -8.955           10.777
 3166 (vir)     1          10.182          -5.115          -2.660          -8.440           10.847
 3167 (vir)     1          10.195          -5.359          -2.868          -8.853           10.822
 3168 (vir)     1          10.214          -5.444          -2.875          -8.926           10.821
 3169 (vir)     1          10.217          -5.399          -2.789          -8.775           10.804
 3170 (vir)     1          10.223          -5.405          -2.857          -8.860           10.821
 3171 (vir)     1          10.235          -5.250          -2.747          -8.597           10.835
 3172 (vir)     1          10.241          -5.446          -2.795          -8.720           10.720
 3173 (vir)     1          10.245          -5.391          -2.821          -8.799           10.832
 3174 (vir)     1          10.256          -5.284          -2.751          -8.688           10.909
 3175 (vir)     1          10.258          -5.367          -2.858          -8.854           10.888
 3176 (vir)     1          10.262          -5.545          -2.897          -9.026           10.845
 3177 (vir)     1          10.272          -5.686          -2.976          -9.205           10.815
 3178 (vir)     1          10.283          -5.299          -2.784          -8.721           10.921
 3179 (vir)     1          10.288          -5.444          -2.900          -9.037           10.981
 3180 (vir)     1          10.301          -5.202          -2.679          -8.436           10.857
 3181 (vir)     1          10.304          -5.488          -2.996          -9.169           10.988
 3182 (vir)     1          10.311          -5.244          -2.738          -8.615           10.944
 3183 (vir)     1          10.312          -5.309          -2.769          -8.731           10.965
 3184 (vir)     1          10.320          -5.384          -2.820          -8.870           10.985
 3185 (vir)     1          10.332          -5.392          -2.863          -8.913           10.990
 3186 (vir)     1          10.341          -5.326          -2.757          -8.628           10.886
 3187 (vir)     1          10.347          -5.648          -2.882          -9.039           10.856
 3188 (vir)     1          10.353          -5.390          -2.822          -8.815           10.955
 3189 (vir)     1          10.354          -5.367          -2.739          -8.670           10.919
 3190 (vir)     1          10.361          -5.699          -2.942          -9.155           10.874
 3191 (vir)     1          10.371          -5.639          -2.943          -9.121           10.910
 3192 (vir)     1          10.378          -5.426          -2.837          -8.887           11.002
 3193 (vir)     1          10.387          -5.401          -2.810          -8.785           10.961
 3194 (vir)     1          10.404          -5.529          -2.897          -8.979           10.957
 3195 (vir)     1          10.408          -5.302          -2.754          -8.648           11.000
 3196 (vir)     1          10.412          -5.544          -2.847          -8.945           10.966
 3197 (vir)     1          10.421          -5.401          -2.796          -8.789           11.013
 3198 (vir)     1          10.424          -5.334          -2.738          -8.639           10.991
 3199 (vir)     1          10.428          -5.376          -2.712          -8.657           10.998
 3200 (vir)     1          10.432          -5.358          -2.734          -8.610           10.949
 3201 (vir)     1          10.438          -5.530          -2.857          -8.914           10.965
 3202 (vir)     1          10.445          -5.297          -2.689          -8.541           11.001
 3203 (vir)     1          10.455          -5.268          -2.752          -8.638           11.073
 3204 (vir)     1          10.469          -5.412          -2.731          -8.658           10.984
 3205 (vir)     1          10.474          -5.366          -2.847          -8.823           11.083
 3206 (vir)     1          10.480          -5.361          -2.786          -8.806           11.139
 3207 (vir)     1          10.484          -5.594          -2.895          -9.009           11.005
 3208 (vir)     1          10.492          -5.421          -2.761          -8.700           11.010
 3209 (vir)     1          10.498          -5.470          -2.821          -8.876           11.083
 3210 (vir)     1          10.499          -5.321          -2.670          -8.557           11.064
 3211 (vir)     1          10.506          -5.501          -2.797          -8.811           11.018
 3212 (vir)     1          10.524          -5.521          -2.810          -8.828           11.021
 3213 (vir)     1          10.524          -5.427          -2.801          -8.812           11.107
 3214 (vir)     1          10.537          -5.308          -2.696          -8.583           11.115
 3215 (vir)     1          10.546          -5.442          -2.766          -8.722           11.061
 3216 (vir)     1          10.550          -5.417          -2.725          -8.682           11.090
 3217 (vir)     1          10.553          -5.301          -2.736          -8.657           11.173
 3218 (vir)     1          10.563          -5.407          -2.733          -8.703           11.125
 3219 (vir)     1          10.573          -5.389          -2.788          -8.821           11.217
 3220 (vir)     1          10.573          -5.352          -2.695          -8.591           11.117
 3221 (vir)     1          10.591          -5.362          -2.737          -8.732           11.224
 3222 (vir)     1          10.600          -5.547          -2.957          -9.196           11.293
 3223 (vir)     1          10.622          -5.287          -2.604          -8.431           11.161
 3224 (vir)     1          10.629          -5.461          -2.789          -8.844           11.223
 3225 (vir)     1          10.639          -5.296          -2.679          -8.567           11.230
 3226 (vir)     1          10.645          -5.537          -2.797          -8.880           11.191
 3227 (vir)     1          10.650          -5.338          -2.705          -8.577           11.183
 3228 (vir)     1          10.656          -5.545          -2.826          -8.914           11.199
 3229 (vir)     1          10.661          -5.433          -2.719          -8.775           11.283
 3230 (vir)     1          10.676          -5.606          -2.826          -8.985           11.228
 3231 (vir)     1          10.687          -5.533          -2.762          -8.802           11.194
 3232 (vir)     1          10.687          -5.429          -2.728          -8.749           11.279
 3233 (vir)     1          10.704          -5.660          -2.803          -8.942           11.184
 3234 (vir)     1          10.705          -5.606          -2.899          -9.042           11.241
 3235 (vir)     1          10.718          -5.478          -2.788          -8.866           11.318
 3236 (vir)     1          10.729          -5.527          -2.803          -8.929           11.329
 3237 (vir)     1          10.732          -5.401          -2.722          -8.697           11.306
 3238 (vir)     1          10.733          -5.588          -2.769          -8.840           11.216
 3239 (vir)     1          10.755          -5.422          -2.767          -8.732           11.298
 3240 (vir)     1          10.757          -5.593          -2.782          -8.877           11.258
 3241 (vir)     1          10.766          -5.472          -2.778          -8.811           11.328
 3242 (vir)     1          10.768          -5.446          -2.789          -8.867           11.399
 3243 (vir)     1          10.789          -5.391          -2.744          -8.735           11.389
 3244 (vir)     1          10.793          -5.535          -2.780          -8.849           11.327
 3245 (vir)     1          10.796          -5.654          -2.886          -9.081           11.337
 3246 (vir)     1          10.799          -5.556          -2.793          -8.921           11.371
 3247 (vir)     1          10.802          -5.584          -2.731          -8.836           11.324
 3248 (vir)     1          10.805          -5.574          -2.771          -8.855           11.314
 3249 (vir)     1          10.812          -5.336          -2.665          -8.606           11.417
 3250 (vir)     1          10.821          -5.473          -2.742          -8.771           11.378
 3251 (vir)     1          10.825          -5.642          -2.865          -9.087           11.406
 3252 (vir)     1          10.842          -5.540          -2.811          -8.888           11.380
 3253 (vir)     1          10.842          -5.635          -2.804          -8.968           11.371
 3254 (vir)     1          10.852          -5.478          -2.741          -8.768           11.400
 3255 (vir)     1          10.856          -5.881          -2.942          -9.243           11.277
 3256 (vir)     1          10.865          -5.682          -2.840          -8.952           11.294
 3257 (vir)     1          10.874          -5.879          -2.817          -8.994           11.172
 3258 (vir)     1          10.876          -5.668          -2.848          -9.046           11.406
 3259 (vir)     1          10.891          -5.669          -2.855          -9.055           11.423
 3260 (vir)     1          10.892          -5.550          -2.780          -8.927           11.490
 3261 (vir)     1          10.905          -5.758          -2.928          -9.189           11.408
 3262 (vir)     1          10.912          -5.710          -2.824          -9.034           11.412
 3263 (vir)     1          10.915          -5.766          -2.836          -9.052           11.366
 3264 (vir)     1          10.928          -5.677          -2.852          -9.108           11.508
 3265 (vir)     1          10.936          -5.811          -2.906          -9.213           11.432
 3266 (vir)     1          10.940          -5.719          -2.822          -9.025           11.424
 3267 (vir)     1          10.956          -5.755          -2.856          -9.125           11.471
 3268 (vir)     1          10.962          -5.632          -2.745          -8.837           11.422
 3269 (vir)     1          10.964          -5.608          -2.763          -8.859           11.452
 3270 (vir)     1          10.970          -5.475          -2.725          -8.802           11.572
 3271 (vir)     1          10.973          -5.820          -2.872          -9.133           11.414
 3272 (vir)     1          10.977          -5.742          -2.864          -9.152           11.524
 3273 (vir)     1          10.980          -5.679          -2.792          -9.006           11.515
 3274 (vir)     1          10.987          -5.741          -2.834          -9.078           11.489
 3275 (vir)     1          10.989          -5.863          -2.901          -9.232           11.456
 3276 (vir)     1          10.993          -5.777          -2.921          -9.211           11.506
 3277 (vir)     1          11.004          -5.799          -3.012          -9.439           11.632
 3278 (vir)     1          11.013          -5.575          -2.775          -8.890           11.553
 3279 (vir)     1          11.019          -5.810          -2.893          -9.244           11.561
 3280 (vir)     1          11.025          -5.635          -2.818          -8.982           11.555
 3281 (vir)     1          11.033          -5.712          -2.878          -9.160           11.603
 3282 (vir)     1          11.036          -5.647          -2.805          -9.006           11.591
 3283 (vir)     1          11.043          -5.521          -2.702          -8.740           11.560
 3284 (vir)     1          11.045          -5.426          -2.676          -8.645           11.588
 3285 (vir)     1          11.064          -5.741          -2.880          -9.180           11.623
 3286 (vir)     1          11.071          -5.507          -2.717          -8.794           11.640
 3287 (vir)     1          11.072          -5.794          -2.856          -9.135           11.557
 3288 (vir)     1          11.097          -5.761          -2.796          -9.022           11.563
 3289 (vir)     1          11.103          -5.716          -2.862          -9.116           11.641
 3290 (vir)     1          11.103          -5.757          -2.894          -9.176           11.628
 3291 (vir)     1          11.107          -5.294          -2.610          -8.594           11.797
 3292 (vir)     1          11.117          -5.805          -2.874          -9.189           11.627
 3293 (vir)     1          11.127          -5.791          -2.816          -9.065           11.585
 3294 (vir)     1          11.129          -5.589          -2.730          -8.869           11.679
 3295 (vir)     1          11.144          -5.667          -2.835          -9.059           11.701
 3296 (vir)     1          11.153          -5.652          -2.698          -8.810           11.613
 3297 (vir)     1          11.153          -5.855          -2.924          -9.284           11.658
 3298 (vir)     1          11.157          -5.687          -2.768          -8.913           11.615
 3299 (vir)     1          11.168          -5.639          -2.795          -8.968           11.701
 3300 (vir)     1          11.178          -5.735          -2.865          -9.118           11.696
 3301 (vir)     1          11.185          -5.658          -2.713          -8.819           11.634
 3302 (vir)     1          11.188          -5.825          -2.879          -9.194           11.678
 3303 (vir)     1          11.200          -5.692          -2.826          -9.061           11.743
 3304 (vir)     1          11.202          -5.735          -2.848          -9.106           11.725
 3305 (vir)     1          11.206          -5.714          -2.813          -9.027           11.705
 3306 (vir)     1          11.207          -5.693          -2.834          -9.045           11.725
 3307 (vir)     1          11.216          -5.662          -2.716          -8.809           11.647
 3308 (vir)     1          11.227          -5.635          -2.736          -8.822           11.678
 3309 (vir)     1          11.230          -5.827          -2.839          -9.116           11.681
 3310 (vir)     1          11.241          -5.866          -2.975          -9.362           11.762
 3311 (vir)     1          11.265          -5.867          -2.816          -9.109           11.692
 3312 (vir)     1          11.272          -5.685          -2.724          -8.802           11.664
 3313 (vir)     1          11.275          -5.689          -2.760          -8.902           11.728
 3314 (vir)     1          11.280          -5.666          -2.793          -8.983           11.805
 3315 (vir)     1          11.288          -5.784          -2.754          -8.896           11.646
 3316 (vir)     1          11.298          -5.739          -2.843          -9.016           11.732
 3317 (vir)     1          11.306          -5.757          -2.781          -9.006           11.775
 3318 (vir)     1          11.314          -5.699          -2.835          -9.041           11.822
 3319 (vir)     1          11.318          -5.810          -2.803          -9.045           11.749
 3320 (vir)     1          11.320          -5.530          -2.670          -8.737           11.857
 3321 (vir)     1          11.332          -5.810          -2.768          -9.038           11.792
 3322 (vir)     1          11.346          -5.738          -2.819          -9.032           11.822
 3323 (vir)     1          11.355          -5.766          -2.792          -8.984           11.780
 3324 (vir)     1          11.357          -5.574          -2.679          -8.709           11.813
 3325 (vir)     1          11.379          -5.955          -2.885          -9.214           11.753
 3326 (vir)     1          11.383          -5.816          -2.822          -9.003           11.748
 3327 (vir)     1          11.384          -5.805          -2.805          -9.042           11.816
 3328 (vir)     1          11.396          -5.751          -2.759          -8.936           11.822
 3329 (vir)     1          11.397          -5.904          -2.862          -9.170           11.801
 3330 (vir)     1          11.412          -5.675          -2.738          -8.869           11.869
 3331 (vir)     1          11.417          -5.702          -2.761          -8.909           11.864
 3332 (vir)     1          11.422          -5.560          -2.612          -8.639           11.890
 3333 (vir)     1          11.425          -5.679          -2.741          -8.846           11.850
 3334 (vir)     1          11.431          -5.872          -2.789          -9.082           11.852
 3335 (vir)     1          11.438          -5.953          -2.844          -9.180           11.821
 3336 (vir)     1          11.451          -5.723          -2.766          -8.937           11.900
 3337 (vir)     1          11.459          -5.809          -2.727          -8.933           11.856
 3338 (vir)     1          11.463          -5.747          -2.788          -8.952           11.880
 3339 (vir)     1          11.481          -5.945          -2.813          -9.123           11.845
 3340 (vir)     1          11.487          -6.001          -2.830          -9.080           11.737
 3341 (vir)     1          11.493          -5.791          -2.738          -8.901           11.865
 3342 (vir)     1          11.496          -5.793          -2.735          -8.932           11.901
 3343 (vir)     1          11.506          -5.894          -2.826          -9.105           11.891
 3344 (vir)     1          11.521          -5.703          -2.769          -9.012           12.060
 3345 (vir)     1          11.525          -5.624          -2.713          -8.805           11.992
 3346 (vir)     1          11.530          -5.960          -2.845          -9.197           11.923
 3347 (vir)     1          11.542          -5.723          -2.749          -8.892           11.962
 3348 (vir)     1          11.543          -5.717          -2.766          -8.930           11.990
 3349 (vir)     1          11.548          -5.917          -2.805          -9.079           11.906
 3350 (vir)     1          11.556          -5.729          -2.752          -8.935           12.010
 3351 (vir)     1          11.574          -5.901          -2.756          -8.968           11.885
 3352 (vir)     1          11.587          -6.075          -2.827          -9.182           11.868
 3353 (vir)     1          11.601          -5.970          -2.874          -9.246           12.003
 3354 (vir)     1          11.615          -5.725          -2.751          -8.928           12.067
 3355 (vir)     1          11.621          -5.848          -2.795          -9.060           12.039
 3356 (vir)     1          11.633          -5.801          -2.791          -9.069           12.109
 3357 (vir)     1          11.647          -5.880          -2.761          -9.024           12.031
 3358 (vir)     1          11.662          -5.852          -2.793          -9.045           12.063
 3359 (vir)     1          11.665          -5.873          -2.797          -9.051           12.047
 3360 (vir)     1          11.670          -5.714          -2.690          -8.834           12.100
 3361 (vir)     1          11.691          -5.848          -2.797          -9.073           12.118
 3362 (vir)     1          11.700          -5.739          -2.701          -8.861           12.120
 3363 (vir)     1          11.704          -5.742          -2.684          -8.827           12.105
 3364 (vir)     1          11.710          -5.886          -2.825          -9.109           12.108
 3365 (vir)     1          11.716          -5.813          -2.857          -9.146           12.192
 3366 (vir)     1          11.740          -6.037          -2.866          -9.210           12.049
 3367 (vir)     1          11.747          -5.683          -2.710          -8.853           12.207
 3368 (vir)     1          11.756          -5.998          -2.939          -9.357           12.176
 3369 (vir)     1          11.764          -5.857          -2.781          -8.963           12.089
 3370 (vir)     1          11.769          -5.934          -2.847          -9.183           12.172
 3371 (vir)     1          11.784          -5.859          -2.777          -9.013           12.161
 3372 (vir)     1          11.787          -6.014          -2.833          -9.199           12.139
 3373 (vir)     1          11.797          -5.883          -2.777          -9.045           12.183
 3374 (vir)     1          11.805          -5.888          -2.804          -9.061           12.173
 3375 (vir)     1          11.813          -5.725          -2.747          -8.962           12.303
 3376 (vir)     1          11.816          -5.948          -2.772          -9.048           12.143
 3377 (vir)     1          11.817          -5.961          -2.784          -9.109           12.181
 3378 (vir)     1          11.842          -5.563          -2.651          -8.702           12.330
 3379 (vir)     1          11.844          -5.957          -2.785          -9.090           12.191
 3380 (vir)     1          11.851          -5.751          -2.737          -8.944           12.308
 3381 (vir)     1          11.861          -5.676          -2.656          -8.719           12.249
 3382 (vir)     1          11.866          -5.551          -2.697          -8.832           12.449
 3383 (vir)     1          11.873          -5.773          -2.718          -8.902           12.285
 3384 (vir)     1          11.877          -5.988          -2.828          -9.117           12.178
 3385 (vir)     1          11.893          -5.771          -2.770          -9.064           12.416
 3386 (vir)     1          11.907          -5.906          -2.860          -9.202           12.343
 3387 (vir)     1          11.911          -5.904          -2.751          -8.981           12.237
 3388 (vir)     1          11.922          -5.749          -2.723          -8.903           12.353
 3389 (vir)     1          11.925          -5.816          -2.755          -9.015           12.370
 3390 (vir)     1          11.950          -5.837          -2.799          -9.050           12.364
 3391 (vir)     1          11.955          -5.820          -2.733          -8.962           12.364
 3392 (vir)     1          11.957          -5.732          -2.700          -8.911           12.437
 3393 (vir)     1          11.959          -5.702          -2.716          -8.927           12.468
 3394 (vir)     1          11.960          -6.093          -2.847          -9.310           12.330
 3395 (vir)     1          11.979          -5.676          -2.707          -8.781           12.377
 3396 (vir)     1          11.983          -5.740          -2.644          -8.739           12.337
 3397 (vir)     1          11.989          -5.687          -2.681          -8.837           12.459
 3398 (vir)     1          11.991          -5.786          -2.764          -8.998           12.438
 3399 (vir)     1          11.998          -6.022          -2.833          -9.211           12.354
 3400 (vir)     1          12.009          -5.681          -2.669          -8.824           12.483
 3401 (vir)     1          12.033          -5.712          -2.658          -8.773           12.437
 3402 (vir)     1          12.038          -5.789          -2.754          -8.902           12.397
 3403 (vir)     1          12.039          -5.882          -2.766          -9.081           12.472
 3404 (vir)     1          12.045          -6.061          -2.861          -9.237           12.359
 3405 (vir)     1          12.059          -5.951          -2.796          -9.108           12.419
 3406 (vir)     1          12.065          -5.887          -2.814          -9.090           12.454
 3407 (vir)     1          12.088          -5.646          -2.584          -8.580           12.438
 3408 (vir)     1          12.097          -5.828          -2.750          -9.000           12.519
 3409 (vir)     1          12.101          -5.958          -2.853          -9.247           12.537
 3410 (vir)     1          12.105          -6.065          -2.852          -9.298           12.486
 3411 (vir)     1          12.109          -5.837          -2.754          -9.045           12.562
 3412 (vir)     1          12.110          -5.975          -2.850          -9.151           12.437
 3413 (vir)     1          12.117          -5.901          -2.792          -9.158           12.582
 3414 (vir)     1          12.130          -5.761          -2.661          -8.776           12.484
 3415 (vir)     1          12.142          -5.970          -2.844          -9.203           12.531
 3416 (vir)     1          12.145          -5.832          -2.756          -8.993           12.551
 3417 (vir)     1          12.148          -5.649          -2.642          -8.670           12.527
 3418 (vir)     1          12.151          -5.763          -2.766          -9.065           12.687
 3419 (vir)     1          12.168          -5.877          -2.796          -9.118           12.613
 3420 (vir)     1          12.173          -5.988          -2.812          -9.184           12.558
 3421 (vir)     1          12.183          -5.825          -2.748          -9.001           12.611
 3422 (vir)     1          12.195          -5.882          -2.782          -9.095           12.626
 3423 (vir)     1          12.196          -5.907          -2.817          -9.156           12.627
 3424 (vir)     1          12.209          -5.683          -2.673          -8.801           12.654
 3425 (vir)     1          12.210          -5.790          -2.722          -8.930           12.627
 3426 (vir)     1          12.219          -5.997          -2.844          -9.254           12.632
 3427 (vir)     1          12.226          -5.720          -2.768          -9.083           12.821
 3428 (vir)     1          12.232          -6.055          -2.790          -9.125           12.511
 3429 (vir)     1          12.237          -5.739          -2.698          -8.897           12.697
 3430 (vir)     1          12.241          -5.833          -2.764          -9.091           12.735
 3431 (vir)     1          12.244          -5.866          -2.797          -9.154           12.734
 3432 (vir)     1          12.267          -5.836          -2.755          -9.097           12.774
 3433 (vir)     1          12.278          -5.976          -2.832          -9.233           12.702
 3434 (vir)     1          12.279          -5.940          -2.776          -9.055           12.619
 3435 (vir)     1          12.287          -5.959          -2.792          -9.209           12.745
 3436 (vir)     1          12.292          -6.055          -2.901          -9.339           12.674
 3437 (vir)     1          12.304          -6.035          -2.836          -9.186           12.619
 3438 (vir)     1          12.305          -6.058          -2.868          -9.384           12.762
 3439 (vir)     1          12.311          -5.842          -2.704          -8.883           12.647
 3440 (vir)     1          12.329          -5.947          -2.808          -9.147           12.721
 3441 (vir)     1          12.336          -5.990          -2.835          -9.313           12.823
 3442 (vir)     1          12.336          -6.063          -2.830          -9.292           12.735
 3443 (vir)     1          12.345          -5.994          -2.823          -9.247           12.776
 3444 (vir)     1          12.348          -6.130          -2.863          -9.332           12.688
 3445 (vir)     1          12.350          -6.041          -2.806          -9.227           12.730
 3446 (vir)     1          12.359          -6.040          -2.878          -9.419           12.861
 3447 (vir)     1          12.361          -6.063          -2.817          -9.355           12.836
 3448 (vir)     1          12.372          -5.961          -2.862          -9.343           12.892
 3449 (vir)     1          12.393          -5.911          -2.833          -9.284           12.933
 3450 (vir)     1          12.399          -6.068          -2.856          -9.336           12.811
 3451 (vir)     1          12.403          -5.817          -2.713          -9.016           12.890
 3452 (vir)     1          12.420          -6.013          -2.782          -9.212           12.838
 3453 (vir)     1          12.424          -5.938          -2.817          -9.285           12.953
 3454 (vir)     1          12.424          -5.898          -2.795          -9.215           12.946
 3455 (vir)     1          12.427          -5.933          -2.788          -9.229           12.934
 3456 (vir)     1          12.439          -5.789          -2.764          -9.090           12.976
 3457 (vir)     1          12.448          -5.908          -2.801          -9.254           12.993
 3458 (vir)     1          12.450          -6.073          -2.893          -9.424           12.909
 3459 (vir)     1          12.463          -5.976          -2.794          -9.270           12.963
 3460 (vir)     1          12.471          -5.761          -2.634          -8.840           12.916
 3461 (vir)     1          12.474          -6.078          -2.878          -9.392           12.910
 3462 (vir)     1          12.483          -5.935          -2.795          -9.211           12.964
 3463 (vir)     1          12.488          -5.949          -2.738          -9.074           12.875
 3464 (vir)     1          12.498          -5.975          -2.813          -9.229           12.939
 3465 (vir)     1          12.509          -5.996          -2.861          -9.405           13.058
 3466 (vir)     1          12.519          -5.888          -2.711          -8.988           12.908
 3467 (vir)     1          12.524          -5.872          -2.748          -9.200           13.104
 3468 (vir)     1          12.533          -6.043          -2.834          -9.255           12.911
 3469 (vir)     1          12.543          -6.085          -2.825          -9.288           12.920
 3470 (vir)     1          12.551          -6.022          -2.766          -9.216           12.980
 3471 (vir)     1          12.558          -6.117          -2.857          -9.431           13.016
 3472 (vir)     1          12.566          -5.888          -2.715          -9.037           13.001
 3473 (vir)     1          12.571          -6.135          -2.821          -9.354           12.969
 3474 (vir)     1          12.575          -6.159          -2.856          -9.425           12.985
 3475 (vir)     1          12.583          -5.957          -2.802          -9.221           13.046
 3476 (vir)     1          12.586          -6.175          -2.855          -9.391           12.946
 3477 (vir)     1          12.589          -5.935          -2.706          -9.094           13.042
 3478 (vir)     1          12.601          -6.137          -2.815          -9.384           13.033
 3479 (vir)     1          12.619          -6.010          -2.802          -9.204           13.012
 3480 (vir)     1          12.619          -5.916          -2.698          -9.029           13.035
 3481 (vir)     1          12.625          -6.049          -2.800          -9.294           13.070
 3482 (vir)     1          12.634          -6.162          -2.776          -9.288           12.985
 3483 (vir)     1          12.638          -5.905          -2.692          -8.979           13.020
 3484 (vir)     1          12.640          -5.998          -2.793          -9.292           13.142
 3485 (vir)     1          12.651          -6.038          -2.784          -9.229           13.058
 3486 (vir)     1          12.657          -6.135          -2.940          -9.614           13.196
 3487 (vir)     1          12.662          -6.028          -2.731          -9.221           13.124
 3488 (vir)     1          12.663          -6.141          -2.801          -9.382           13.103
 3489 (vir)     1          12.667          -5.979          -2.707          -9.072           13.053
 3490 (vir)     1          12.668          -6.272          -2.868          -9.435           12.963
 3491 (vir)     1          12.673          -5.909          -2.723          -9.120           13.160
 3492 (vir)     1          12.688          -6.068          -2.794          -9.267           13.093
 3493 (vir)     1          12.688          -6.149          -2.828          -9.384           13.096
 3494 (vir)     1          12.700          -6.093          -2.764          -9.225           13.068
 3495 (vir)     1          12.701          -6.122          -2.762          -9.304           13.121
 3496 (vir)     1          12.710          -6.010          -2.783          -9.220           13.137
 3497 (vir)     1          12.714          -6.154          -2.890          -9.526           13.196
 3498 (vir)     1          12.718          -6.204          -2.899          -9.534           13.149
 3499 (vir)     1          12.725          -5.976          -2.745          -9.133           13.138
 3500 (vir)     1          12.730          -5.991          -2.763          -9.260           13.236
 3501 (vir)     1          12.732          -6.088          -2.780          -9.273           13.137
 3502 (vir)     1          12.738          -6.284          -2.843          -9.479           13.089
 3503 (vir)     1          12.742          -6.177          -2.792          -9.408           13.181
 3504 (vir)     1          12.749          -6.072          -2.817          -9.390           13.250
 3505 (vir)     1          12.762          -6.064          -2.748          -9.220           13.171
 3506 (vir)     1          12.766          -5.958          -2.722          -9.069           13.155
 3507 (vir)     1          12.770          -6.165          -2.804          -9.401           13.202
 3508 (vir)     1          12.773          -6.073          -2.800          -9.291           13.191
 3509 (vir)     1          12.781          -6.187          -2.743          -9.217           13.069
 3510 (vir)     1          12.791          -6.253          -2.933          -9.576           13.181
 3511 (vir)     1          12.794          -6.158          -2.784          -9.227           13.079
 3512 (vir)     1          12.815          -6.013          -2.754          -9.205           13.253
 3513 (vir)     1          12.815          -6.251          -2.814          -9.403           13.153
 3514 (vir)     1          12.817          -5.968          -2.794          -9.223           13.278
 3515 (vir)     1          12.820          -6.004          -2.752          -9.174           13.239
 3516 (vir)     1          12.833          -6.017          -2.788          -9.164           13.192
 3517 (vir)     1          12.840          -6.126          -2.925          -9.607           13.396
 3518 (vir)     1          12.840          -6.149          -2.802          -9.294           13.183
 3519 (vir)     1          12.848          -6.206          -2.874          -9.495           13.264
 3520 (vir)     1          12.858          -6.026          -2.755          -9.221           13.297
 3521 (vir)     1          12.868          -6.182          -2.767          -9.299           13.219
 3522 (vir)     1          12.872          -6.217          -2.803          -9.330           13.182
 3523 (vir)     1          12.878          -5.991          -2.741          -9.168           13.314
 3524 (vir)     1          12.886          -6.388          -2.957          -9.646           13.187
 3525 (vir)     1          12.887          -6.019          -2.795          -9.274           13.347
 3526 (vir)     1          12.896          -6.193          -2.840          -9.415           13.278
 3527 (vir)     1          12.899          -6.175          -2.799          -9.310           13.235
 3528 (vir)     1          12.902          -6.192          -2.789          -9.341           13.262
 3529 (vir)     1          12.910          -6.077          -2.713          -9.151           13.270
 3530 (vir)     1          12.922          -6.178          -2.783          -9.305           13.266
 3531 (vir)     1          12.925          -6.117          -2.767          -9.296           13.336
 3532 (vir)     1          12.928          -6.281          -2.808          -9.385           13.224
 3533 (vir)     1          12.930          -6.250          -2.865          -9.476           13.291
 3534 (vir)     1          12.944          -6.352          -2.852          -9.495           13.234
 3535 (vir)     1          12.946          -6.171          -2.782          -9.313           13.305
 3536 (vir)     1          12.953          -6.069          -2.728          -9.214           13.371
 3537 (vir)     1          12.973          -6.328          -2.929          -9.639           13.354
 3538 (vir)     1          12.975          -6.286          -2.828          -9.424           13.285
 3539 (vir)     1          12.978          -6.133          -2.787          -9.267           13.326
 3540 (vir)     1          12.983          -6.134          -2.802          -9.317           13.363
 3541 (vir)     1          12.991          -6.152          -2.780          -9.353           13.412
 3542 (vir)     1          12.999          -6.410          -2.942          -9.699           13.346
 3543 (vir)     1          13.009          -6.195          -2.750          -9.325           13.389
 3544 (vir)     1          13.011          -6.414          -2.900          -9.626           13.323
 3545 (vir)     1          13.017          -6.360          -2.880          -9.583           13.359
 3546 (vir)     1          13.028          -6.300          -2.853          -9.479           13.354
 3547 (vir)     1          13.033          -6.209          -2.789          -9.336           13.371
 3548 (vir)     1          13.038          -6.242          -2.786          -9.343           13.354
 3549 (vir)     1          13.041          -6.271          -2.828          -9.428           13.370
 3550 (vir)     1          13.051          -6.176          -2.785          -9.338           13.427
 3551 (vir)     1          13.052          -6.347          -2.813          -9.367           13.259
 3552 (vir)     1          13.061          -6.196          -2.779          -9.295           13.381
 3553 (vir)     1          13.063          -6.210          -2.787          -9.322           13.388
 3554 (vir)     1          13.080          -6.369          -2.838          -9.425           13.299
 3555 (vir)     1          13.089          -6.300          -2.818          -9.477           13.449
 3556 (vir)     1          13.093          -6.243          -2.799          -9.387           13.439
 3557 (vir)     1          13.096          -6.368          -2.826          -9.498           13.400
 3558 (vir)     1          13.108          -6.242          -2.767          -9.332           13.431
 3559 (vir)     1          13.110          -6.288          -2.866          -9.462           13.417
 3560 (vir)     1          13.120          -6.399          -2.840          -9.549           13.431
 3561 (vir)     1          13.129          -6.152          -2.725          -9.177           13.428
 3562 (vir)     1          13.133          -6.259          -2.803          -9.316           13.387
 3563 (vir)     1          13.145          -6.475          -2.904          -9.678           13.444
 3564 (vir)     1          13.148          -6.258          -2.795          -9.351           13.447
 3565 (vir)     1          13.155          -6.288          -2.788          -9.275           13.354
 3566 (vir)     1          13.164          -6.186          -2.762          -9.260           13.476
 3567 (vir)     1          13.171          -6.131          -2.745          -9.285           13.581
 3568 (vir)     1          13.172          -6.192          -2.826          -9.419           13.573
 3569 (vir)     1          13.183          -6.254          -2.724          -9.287           13.493
 3570 (vir)     1          13.187          -6.077          -2.705          -9.191           13.595
 3571 (vir)     1          13.195          -6.446          -2.798          -9.383           13.334
 3572 (vir)     1          13.213          -6.331          -2.810          -9.473           13.544
 3573 (vir)     1          13.220          -6.156          -2.732          -9.244           13.575
 3574 (vir)     1          13.226          -6.202          -2.779          -9.339           13.584
 3575 (vir)     1          13.229          -6.230          -2.764          -9.306           13.541
 3576 (vir)     1          13.237          -6.335          -2.800          -9.363           13.465
 3577 (vir)     1          13.244          -6.194          -2.669          -9.172           13.554
 3578 (vir)     1          13.260          -6.182          -2.769          -9.241           13.551
 3579 (vir)     1          13.269          -6.195          -2.722          -9.303           13.655
 3580 (vir)     1          13.272          -6.208          -2.708          -9.214           13.569
 3581 (vir)     1          13.281          -6.147          -2.669          -9.114           13.579
 3582 (vir)     1          13.293          -6.243          -2.728          -9.254           13.576
 3583 (vir)     1          13.293          -6.201          -2.753          -9.369           13.708
 3584 (vir)     1          13.298          -6.240          -2.788          -9.438           13.708
 3585 (vir)     1          13.315          -6.332          -2.814          -9.441           13.609
 3586 (vir)     1          13.318          -6.380          -2.799          -9.386           13.525
 3587 (vir)     1          13.328          -6.157          -2.663          -9.148           13.657
 3588 (vir)     1          13.335          -6.378          -2.746          -9.301           13.512
 3589 (vir)     1          13.340          -6.287          -2.778          -9.382           13.657
 3590 (vir)     1          13.346          -6.356          -2.771          -9.350           13.569
 3591 (vir)     1          13.355          -6.448          -2.878          -9.595           13.625
 3592 (vir)     1          13.360          -6.314          -2.785          -9.317           13.578
 3593 (vir)     1          13.367          -6.443          -2.774          -9.474           13.623
 3594 (vir)     1          13.374          -6.554          -2.897          -9.678           13.601
 3595 (vir)     1          13.378          -6.419          -2.748          -9.356           13.566
 3596 (vir)     1          13.378          -6.234          -2.741          -9.330           13.733
 3597 (vir)     1          13.383          -6.226          -2.755          -9.300           13.701
 3598 (vir)     1          13.398          -6.331          -2.733          -9.354           13.688
 3599 (vir)     1          13.398          -6.403          -2.773          -9.440           13.661
 3600 (vir)     1          13.408          -6.249          -2.689          -9.196           13.667
 3601 (vir)     1          13.409          -6.434          -2.818          -9.552           13.710
 3602 (vir)     1          13.421          -6.312          -2.761          -9.346           13.695
 3603 (vir)     1          13.424          -6.415          -2.818          -9.524           13.715
 3604 (vir)     1          13.427          -6.412          -2.795          -9.447           13.667
 3605 (vir)     1          13.451          -6.458          -2.776          -9.472           13.689
 3606 (vir)     1          13.459          -6.354          -2.714          -9.345           13.737
 3607 (vir)     1          13.461          -6.657          -2.875          -9.624           13.553
 3608 (vir)     1          13.466          -5.849          -2.568          -8.998           14.047
 3609 (vir)     1          13.477          -6.224          -2.668          -9.249           13.834
 3610 (vir)     1          13.480          -6.529          -2.795          -9.476           13.632
 3611 (vir)     1          13.484          -6.461          -2.836          -9.625           13.812
 3612 (vir)     1          13.486          -6.457          -2.768          -9.405           13.666
 3613 (vir)     1          13.492          -6.568          -2.800          -9.543           13.667
 3614 (vir)     1          13.509          -6.351          -2.790          -9.400           13.769
 3615 (vir)     1          13.518          -6.404          -2.843          -9.499           13.770
 3616 (vir)     1          13.523          -6.339          -2.726          -9.203           13.662
 3617 (vir)     1          13.529          -6.603          -2.897          -9.706           13.735
 3618 (vir)     1          13.530          -6.602          -2.886          -9.705           13.746
 3619 (vir)     1          13.548          -6.433          -2.767          -9.462           13.810
 3620 (vir)     1          13.554          -6.374          -2.780          -9.432           13.832
 3621 (vir)     1          13.560          -6.500          -2.806          -9.548           13.802
 3622 (vir)     1          13.564          -6.549          -2.818          -9.568           13.765
 3623 (vir)     1          13.571          -6.236          -2.762          -9.342           13.914
 3624 (vir)     1          13.574          -6.261          -2.766          -9.401           13.949
 3625 (vir)     1          13.581          -6.396          -2.808          -9.531           13.909
 3626 (vir)     1          13.599          -6.445          -2.839          -9.566           13.881
 3627 (vir)     1          13.608          -6.568          -2.812          -9.468           13.696
 3628 (vir)     1          13.621          -6.414          -2.821          -9.462           13.847
 3629 (vir)     1          13.624          -6.505          -2.738          -9.397           13.779
 3630 (vir)     1          13.628          -6.414          -2.758          -9.506           13.961
 3631 (vir)     1          13.633          -6.363          -2.767          -9.403           13.906
 3632 (vir)     1          13.635          -6.847          -2.957          -9.951           13.782
 3633 (vir)     1          13.640          -6.745          -2.922          -9.804           13.776
 3634 (vir)     1          13.644          -6.341          -2.671          -9.242           13.874
 3635 (vir)     1          13.651          -6.550          -2.822          -9.596           13.874
 3636 (vir)     1          13.655          -6.600          -2.823          -9.564           13.796
 3637 (vir)     1          13.664          -6.538          -2.812          -9.521           13.836
 3638 (vir)     1          13.671          -6.495          -2.815          -9.422           13.784
 3639 (vir)     1          13.679          -6.641          -2.907          -9.759           13.890
 3640 (vir)     1          13.680          -6.736          -2.921          -9.885           13.908
 3641 (vir)     1          13.687          -6.775          -2.943          -9.901           13.869
 3642 (vir)     1          13.699          -6.904          -2.974          -9.993           13.813
 3643 (vir)     1          13.708          -6.243          -2.730          -9.263           13.997
 3644 (vir)     1          13.717          -6.773          -2.928          -9.867           13.882
 3645 (vir)     1          13.719          -6.496          -2.791          -9.466           13.897
 3646 (vir)     1          13.730          -6.283          -2.680          -9.297           14.064
 3647 (vir)     1          13.737          -6.672          -2.853          -9.657           13.868
 3648 (vir)     1          13.738          -6.488          -2.829          -9.601           14.023
 3649 (vir)     1          13.745          -6.579          -2.866          -9.756           14.057
 3650 (vir)     1          13.750          -6.406          -2.787          -9.554           14.112
 3651 (vir)     1          13.760          -6.504          -2.831          -9.616           14.042
 3652 (vir)     1          13.772          -6.661          -2.853          -9.714           13.972
 3653 (vir)     1          13.779          -6.531          -2.735          -9.437           13.951
 3654 (vir)     1          13.783          -6.447          -2.781          -9.445           13.999
 3655 (vir)     1          13.784          -6.624          -2.842          -9.617           13.934
 3656 (vir)     1          13.796          -6.627          -2.826          -9.530           13.873
 3657 (vir)     1          13.797          -6.631          -2.838          -9.665           13.993
 3658 (vir)     1          13.811          -6.641          -2.755          -9.270           13.686
 3659 (vir)     1          13.813          -6.471          -2.702          -9.318           13.958
 3660 (vir)     1          13.823          -6.552          -2.769          -9.501           14.003
 3661 (vir)     1          13.829          -6.668          -2.799          -9.450           13.812
 3662 (vir)     1          13.829          -6.820          -2.871          -9.770           13.908
 3663 (vir)     1          13.834          -6.720          -2.864          -9.707           13.957
 3664 (vir)     1          13.842          -6.825          -2.846          -9.871           14.042
 3665 (vir)     1          13.865          -6.479          -2.704          -9.388           14.070
 3666 (vir)     1          13.868          -6.564          -2.757          -9.498           14.045
 3667 (vir)     1          13.875          -6.755          -2.818          -9.635           13.936
 3668 (vir)     1          13.886          -6.712          -2.823          -9.620           13.971
 3669 (vir)     1          13.895          -6.520          -2.750          -9.484           14.110
 3670 (vir)     1          13.906          -6.569          -2.765          -9.484           14.056
 3671 (vir)     1          13.913          -6.684          -2.779          -9.621           14.070
 3672 (vir)     1          13.915          -6.515          -2.740          -9.424           14.084
 3673 (vir)     1          13.923          -6.479          -2.782          -9.519           14.181
 3674 (vir)     1          13.926          -6.547          -2.731          -9.433           14.081
 3675 (vir)     1          13.937          -6.809          -2.890          -9.723           13.961
 3676 (vir)     1          13.938          -6.556          -2.798          -9.480           14.065
 3677 (vir)     1          13.946          -6.785          -2.852          -9.800           14.109
 3678 (vir)     1          13.947          -6.611          -2.751          -9.506           14.091
 3679 (vir)     1          13.960          -6.428          -2.680          -9.318           14.169
 3680 (vir)     1          13.971          -6.734          -2.835          -9.602           14.004
 3681 (vir)     1          13.976          -6.595          -2.769          -9.511           14.123
 3682 (vir)     1          13.978          -6.726          -2.872          -9.797           14.176
 3683 (vir)     1          13.987          -6.555          -2.771          -9.511           14.172
 3684 (vir)     1          13.994          -6.722          -2.758          -9.461           13.976
 3685 (vir)     1          14.026          -6.798          -2.852          -9.699           14.076
 3686 (vir)     1          14.033          -6.875          -2.860          -9.769           14.067
 3687 (vir)     1          14.037          -6.729          -2.764          -9.624           14.168
 3688 (vir)     1          14.051          -6.655          -2.732          -9.440           14.104
 3689 (vir)     1          14.051          -6.954          -2.929          -9.947           14.115
 3690 (vir)     1          14.068          -6.775          -2.866          -9.739           14.165
 3691 (vir)     1          14.068          -6.690          -2.790          -9.734           14.322
 3692 (vir)     1          14.077          -6.757          -2.764          -9.603           14.159
 3693 (vir)     1          14.079          -6.531          -2.737          -9.362           14.172
 3694 (vir)     1          14.089          -7.062          -2.912          -9.869           13.985
 3695 (vir)     1          14.093          -6.728          -2.771          -9.604           14.198
 3696 (vir)     1          14.095          -6.640          -2.756          -9.501           14.200
 3697 (vir)     1          14.102          -6.878          -2.915          -9.829           14.139
 3698 (vir)     1          14.122          -6.890          -2.828          -9.728           14.131
 3699 (vir)     1          14.123          -6.555          -2.744          -9.528           14.352
 3700 (vir)     1          14.132          -6.769          -2.831          -9.787           14.320
 3701 (vir)     1          14.151          -6.956          -2.927          -9.955           14.223
 3702 (vir)     1          14.158          -6.565          -2.707          -9.445           14.331
 3703 (vir)     1          14.169          -6.854          -2.773          -9.552           14.093
 3704 (vir)     1          14.189          -6.945          -2.804          -9.674           14.116
 3705 (vir)     1          14.191          -6.761          -2.763          -9.448           14.115
 3706 (vir)     1          14.193          -6.552          -2.658          -9.174           14.157
 3707 (vir)     1          14.211          -6.682          -2.726          -9.494           14.296
 3708 (vir)     1          14.212          -6.515          -2.660          -9.229           14.266
 3709 (vir)     1          14.228          -6.774          -2.755          -9.501           14.200
 3710 (vir)     1          14.234          -6.868          -2.865          -9.670           14.171
 3711 (vir)     1          14.242          -6.851          -2.813          -9.637           14.215
 3712 (vir)     1          14.251          -6.993          -2.788          -9.818           14.288
 3713 (vir)     1          14.257          -7.014          -2.905          -9.862           14.199
 3714 (vir)     1          14.268          -6.956          -2.886          -9.789           14.215
 3715 (vir)     1          14.276          -6.846          -2.742          -9.562           14.251
 3716 (vir)     1          14.290          -6.594          -2.635          -9.188           14.249
 3717 (vir)     1          14.297          -6.739          -2.723          -9.491           14.325
 3718 (vir)     1          14.307          -6.785          -2.761          -9.531           14.293
 3719 (vir)     1          14.320          -6.635          -2.738          -9.459           14.406
 3720 (vir)     1          14.344          -6.850          -2.848          -9.806           14.453
 3721 (vir)     1          14.347          -6.884          -2.836          -9.823           14.450
 3722 (vir)     1          14.354          -6.837          -2.854          -9.772           14.435
 3723 (vir)     1          14.356          -6.862          -2.783          -9.628           14.340
 3724 (vir)     1          14.369          -6.737          -2.743          -9.568           14.457
 3725 (vir)     1          14.370          -7.087          -2.919         -10.003           14.367
 3726 (vir)     1          14.374          -6.793          -2.764          -9.540           14.357
 3727 (vir)     1          14.387          -6.837          -2.725          -9.493           14.318
 3728 (vir)     1          14.394          -6.914          -2.849          -9.829           14.459
 3729 (vir)     1          14.408          -7.053          -2.907         -10.020           14.468
 3730 (vir)     1          14.419          -7.074          -2.908         -10.035           14.473
 3731 (vir)     1          14.424          -6.966          -2.794          -9.643           14.308
 3732 (vir)     1          14.426          -6.919          -2.801          -9.679           14.385
 3733 (vir)     1          14.447          -6.992          -2.777          -9.610           14.288
 3734 (vir)     1          14.448          -7.028          -2.807          -9.702           14.316
 3735 (vir)     1          14.455          -7.032          -2.855          -9.882           14.451
 3736 (vir)     1          14.462          -7.188          -2.912          -9.994           14.355
 3737 (vir)     1          14.464          -6.889          -2.775          -9.643           14.444
 3738 (vir)     1          14.482          -7.123          -2.890          -9.898           14.366
 3739 (vir)     1          14.498          -7.132          -2.829          -9.745           14.282
 3740 (vir)     1          14.504          -7.014          -2.882          -9.933           14.542
 3741 (vir)     1          14.518          -6.906          -2.811          -9.723           14.523
 3742 (vir)     1          14.521          -7.089          -2.896          -9.985           14.521
 3743 (vir)     1          14.538          -7.001          -2.812          -9.766           14.491
 3744 (vir)     1          14.539          -6.691          -2.741          -9.486           14.593
 3745 (vir)     1          14.546          -7.096          -2.873          -9.928           14.504
 3746 (vir)     1          14.550          -6.724          -2.736          -9.586           14.675
 3747 (vir)     1          14.567          -6.849          -2.772          -9.713           14.658
 3748 (vir)     1          14.574          -7.066          -2.862          -9.911           14.557
 3749 (vir)     1          14.579          -6.896          -2.813          -9.861           14.731
 3750 (vir)     1          14.589          -7.024          -2.774          -9.662           14.453
 3751 (vir)     1          14.598          -6.872          -2.792          -9.817           14.751
 3752 (vir)     1          14.603          -7.122          -2.843          -9.921           14.560
 3753 (vir)     1          14.611          -7.099          -2.837          -9.857           14.532
 3754 (vir)     1          14.626          -6.855          -2.769          -9.703           14.705
 3755 (vir)     1          14.630          -7.117          -2.844          -9.904           14.573
 3756 (vir)     1          14.640          -7.015          -2.833          -9.940           14.731
 3757 (vir)     1          14.646          -6.913          -2.790          -9.736           14.679
 3758 (vir)     1          14.653          -6.916          -2.850          -9.936           14.824
 3759 (vir)     1          14.653          -7.040          -2.836          -9.739           14.517
 3760 (vir)     1          14.673          -6.986          -2.834          -9.932           14.786
 3761 (vir)     1          14.682          -6.987          -2.802          -9.681           14.574
 3762 (vir)     1          14.689          -7.348          -2.943          -9.999           14.397
 3763 (vir)     1          14.705          -6.964          -2.758          -9.754           14.736
 3764 (vir)     1          14.708          -7.280          -2.918         -10.237           14.747
 3765 (vir)     1          14.710          -6.996          -2.831          -9.887           14.769
 3766 (vir)     1          14.725          -7.220          -2.836          -9.891           14.561
 3767 (vir)     1          14.738          -6.956          -2.792          -9.759           14.750
 3768 (vir)     1          14.757          -7.102          -2.831          -9.964           14.788
 3769 (vir)     1          14.780          -6.685          -2.571          -9.090           14.614
 3770 (vir)     1          14.783          -7.495          -3.024         -10.468           14.732
 3771 (vir)     1          14.787          -7.204          -2.845          -9.970           14.708
 3772 (vir)     1          14.794          -7.094          -2.752          -9.774           14.721
 3773 (vir)     1          14.795          -7.428          -2.974         -10.268           14.661
 3774 (vir)     1          14.802          -7.170          -2.804          -9.848           14.674
 3775 (vir)     1          14.809          -7.104          -2.806          -9.862           14.760
 3776 (vir)     1          14.827          -7.193          -2.864         -10.029           14.799
 3777 (vir)     1          14.827          -7.248          -2.869         -10.072           14.781
 3778 (vir)     1          14.832          -7.181          -2.815          -9.907           14.743
 3779 (vir)     1          14.836          -7.092          -2.827          -9.867           14.785
 3780 (vir)     1          14.851          -7.308          -2.879         -10.133           14.797
 3781 (vir)     1          14.859          -7.500          -2.977         -10.249           14.632
 3782 (vir)     1          14.862          -7.409          -2.924         -10.233           14.762
 3783 (vir)     1          14.867          -7.071          -2.770          -9.754           14.780
 3784 (vir)     1          14.880          -6.459          -2.708          -9.533           15.246
 3785 (vir)     1          14.881          -7.425          -2.983         -10.382           14.855
 3786 (vir)     1          14.903          -6.585          -2.726          -9.610           15.201
 3787 (vir)     1          14.909          -7.338          -2.929         -10.185           14.827
 3788 (vir)     1          14.912          -7.197          -2.897         -10.145           14.962
 3789 (vir)     1          14.926          -7.154          -2.825         -10.020           14.967
 3790 (vir)     1          14.948          -7.233          -2.841         -10.024           14.899
 3791 (vir)     1          14.949          -7.277          -2.867         -10.028           14.833
 3792 (vir)     1          14.954          -7.198          -2.767          -9.814           14.803
 3793 (vir)     1          14.975          -7.422          -2.909         -10.194           14.838
 3794 (vir)     1          14.985          -7.137          -2.775          -9.776           14.849
 3795 (vir)     1          14.988          -7.381          -2.932         -10.218           14.892
 3796 (vir)     1          14.997          -7.213          -2.875         -10.057           14.966
 3797 (vir)     1          15.012          -7.584          -2.978         -10.325           14.776
 3798 (vir)     1          15.016          -7.325          -2.841          -9.963           14.813
 3799 (vir)     1          15.018          -7.101          -2.764          -9.642           14.795
 3800 (vir)     1          15.037          -7.353          -2.842          -9.944           14.786
 3801 (vir)     1          15.044          -7.269          -2.847          -9.958           14.887
 3802 (vir)     1          15.049          -7.025          -2.780          -9.712           14.957
 3803 (vir)     1          15.066          -7.230          -2.872         -10.118           15.081
 3804 (vir)     1          15.067          -7.336          -2.892         -10.060           14.899
 3805 (vir)     1          15.071          -7.190          -2.788          -9.834           14.926
 3806 (vir)     1          15.081          -7.408          -2.945         -10.265           14.994
 3807 (vir)     1          15.085          -7.267          -2.880         -10.046           14.983
 3808 (vir)     1          15.099          -7.219          -2.798          -9.849           14.931
 3809 (vir)     1          15.100          -7.031          -2.710          -9.642           15.001
 3810 (vir)     1          15.105          -7.357          -2.891         -10.118           14.975
 3811 (vir)     1          15.117          -7.136          -2.782          -9.720           14.918
 3812 (vir)     1          15.155          -7.132          -2.803          -9.910           15.129
 3813 (vir)     1          15.158          -7.412          -2.880         -10.154           15.019
 3814 (vir)     1          15.160          -7.104          -2.759          -9.718           15.014
 3815 (vir)     1          15.169          -7.551          -2.932         -10.339           15.025
 3816 (vir)     1          15.188          -7.496          -2.922         -10.204           14.973
 3817 (vir)     1          15.194          -7.217          -2.828          -9.960           15.108
 3818 (vir)     1          15.212          -7.306          -2.837          -9.967           15.036
 3819 (vir)     1          15.212          -7.322          -2.853          -9.960           14.997
 3820 (vir)     1          15.224          -7.474          -2.882         -10.149           15.016
 3821 (vir)     1          15.232          -6.862          -2.658          -9.415           15.126
 3822 (vir)     1          15.235          -7.357          -2.889         -10.135           15.123
 3823 (vir)     1          15.252          -7.362          -2.801          -9.892           14.982
 3824 (vir)     1          15.262          -7.610          -2.919         -10.257           14.989
 3825 (vir)     1          15.276          -7.477          -2.886         -10.204           15.118
 3826 (vir)     1          15.280          -7.530          -2.920         -10.255           15.086
 3827 (vir)     1          15.296          -7.386          -2.824          -9.915           15.000
 3828 (vir)     1          15.307          -7.218          -2.793          -9.945           15.242
 3829 (vir)     1          15.314          -7.408          -2.884         -10.136           15.158
 3830 (vir)     1          15.323          -7.567          -2.946         -10.377           15.187
 3831 (vir)     1          15.327          -7.397          -2.845         -10.033           15.119
 3832 (vir)     1          15.330          -7.489          -2.957         -10.294           15.178
 3833 (vir)     1          15.335          -7.521          -2.896         -10.228           15.146
 3834 (vir)     1          15.350          -7.404          -2.847         -10.037           15.136
 3835 (vir)     1          15.365          -7.338          -2.774          -9.883           15.136
 3836 (vir)     1          15.380          -7.239          -2.817          -9.975           15.300
 3837 (vir)     1          15.395          -7.618          -2.947         -10.279           15.108
 3838 (vir)     1          15.402          -7.462          -2.853         -10.049           15.137
 3839 (vir)     1          15.403          -7.414          -2.881         -10.075           15.183
 3840 (vir)     1          15.417          -7.219          -2.814          -9.965           15.349
 3841 (vir)     1          15.432          -7.803          -3.004         -10.587           15.211
 3842 (vir)     1          15.444          -7.457          -2.814         -10.041           15.214
 3843 (vir)     1          15.461          -7.353          -2.792          -9.921           15.236
 3844 (vir)     1          15.476          -7.481          -2.779          -9.996           15.212
 3845 (vir)     1          15.476          -7.329          -2.800          -9.888           15.236
 3846 (vir)     1          15.481          -7.138          -2.793          -9.959           15.509
 3847 (vir)     1          15.488          -7.489          -2.837         -10.053           15.216
 3848 (vir)     1          15.507          -7.584          -2.935         -10.221           15.209
 3849 (vir)     1          15.513          -7.425          -2.772          -9.957           15.274
 3850 (vir)     1          15.523          -7.629          -2.874         -10.213           15.233
 3851 (vir)     1          15.536          -7.725          -2.930         -10.451           15.332
 3852 (vir)     1          15.552          -7.347          -2.775          -9.980           15.411
 3853 (vir)     1          15.557          -7.555          -2.882         -10.225           15.346
 3854 (vir)     1          15.565          -7.432          -2.897         -10.177           15.413
 3855 (vir)     1          15.587          -7.580          -2.884         -10.220           15.342
 3856 (vir)     1          15.599          -7.531          -2.887         -10.206           15.387
 3857 (vir)     1          15.608          -7.749          -2.922         -10.338           15.275
 3858 (vir)     1          15.618          -7.433          -2.833         -10.120           15.472
 3859 (vir)     1          15.621          -7.574          -2.885         -10.197           15.359
 3860 (vir)     1          15.629          -7.600          -2.847         -10.158           15.339
 3861 (vir)     1          15.643          -7.784          -2.965         -10.356           15.249
 3862 (vir)     1          15.643          -7.383          -2.755          -9.908           15.414
 3863 (vir)     1          15.657          -7.707          -2.898         -10.347           15.399
 3864 (vir)     1          15.674          -7.668          -2.879         -10.246           15.373
 3865 (vir)     1          15.674          -7.807          -2.938         -10.400           15.330
 3866 (vir)     1          15.687          -7.547          -2.832         -10.114           15.422
 3867 (vir)     1          15.702          -7.373          -2.833          -9.985           15.482
 3868 (vir)     1          15.704          -7.624          -2.873         -10.231           15.438
 3869 (vir)     1          15.730          -7.642          -2.882         -10.221           15.427
 3870 (vir)     1          15.737          -7.428          -2.784         -10.038           15.563
 3871 (vir)     1          15.742          -7.456          -2.788         -10.001           15.499
 3872 (vir)     1          15.769          -7.940          -2.972         -10.410           15.266
 3873 (vir)     1          15.769          -7.431          -2.740         -10.013           15.611
 3874 (vir)     1          15.778          -7.893          -2.951         -10.445           15.380
 3875 (vir)     1          15.790          -7.777          -2.902         -10.307           15.418
 3876 (vir)     1          15.800          -7.140          -2.753          -9.808           15.715
 3877 (vir)     1          15.815          -7.515          -2.783         -10.018           15.534
 3878 (vir)     1          15.825          -7.583          -2.775         -10.045           15.512
 3879 (vir)     1          15.825          -7.665          -2.892         -10.288           15.556
 3880 (vir)     1          15.849          -7.682          -2.894         -10.255           15.529
 3881 (vir)     1          15.853          -7.774          -2.880         -10.253           15.451
 3882 (vir)     1          15.860          -7.722          -2.898         -10.265           15.505
 3883 (vir)     1          15.863          -7.585          -2.798          -9.976           15.456
 3884 (vir)     1          15.883          -7.256          -2.699          -9.752           15.679
 3885 (vir)     1          15.885          -7.914          -3.009         -10.544           15.506
 3886 (vir)     1          15.897          -7.533          -2.794          -9.980           15.550
 3887 (vir)     1          15.915          -7.652          -2.874         -10.188           15.577
 3888 (vir)     1          15.922          -7.500          -2.829         -10.144           15.737
 3889 (vir)     1          15.944          -7.410          -2.825         -10.052           15.762
 3890 (vir)     1          15.950          -7.978          -2.983         -10.505           15.495
 3891 (vir)     1          15.964          -7.915          -2.948         -10.447           15.548
 3892 (vir)     1          15.972          -7.618          -2.808         -10.064           15.609
 3893 (vir)     1          15.987          -7.687          -2.882         -10.221           15.638
 3894 (vir)     1          15.990          -7.687          -2.843         -10.165           15.624
 3895 (vir)     1          16.009          -7.921          -2.989         -10.513           15.612
 3896 (vir)     1          16.028          -7.881          -2.948         -10.494           15.692
 3897 (vir)     1          16.032          -7.448          -2.730          -9.904           15.757
 3898 (vir)     1          16.034          -7.844          -2.922         -10.380           15.648
 3899 (vir)     1          16.051          -7.816          -2.936         -10.376           15.676
 3900 (vir)     1          16.057          -7.772          -2.885         -10.237           15.638
 3901 (vir)     1          16.076          -7.703          -2.911         -10.238           15.700
 3902 (vir)     1          16.091          -7.734          -2.904         -10.269           15.722
 3903 (vir)     1          16.097          -7.542          -2.802         -10.003           15.757
 3904 (vir)     1          16.100          -7.778          -2.885         -10.341           15.778
 3905 (vir)     1          16.112          -7.861          -2.922         -10.395           15.723
 3906 (vir)     1          16.123          -7.733          -2.863         -10.205           15.733
 3907 (vir)     1          16.134          -7.744          -2.896         -10.260           15.754
 3908 (vir)     1          16.143          -7.852          -2.890         -10.263           15.665
 3909 (vir)     1          16.156          -7.778          -2.935         -10.342           15.784
 3910 (vir)     1          16.173          -7.646          -2.823         -10.089           15.794
 3911 (vir)     1          16.173          -8.053          -2.980         -10.540           15.679
 3912 (vir)     1          16.203          -7.907          -2.912         -10.373           15.756
 3913 (vir)     1          16.206          -7.453          -2.751          -9.892           15.893
 3914 (vir)     1          16.219          -7.685          -2.878         -10.188           15.843
 3915 (vir)     1          16.233          -7.738          -2.849         -10.195           15.840
 3916 (vir)     1          16.235          -7.669          -2.822         -10.140           15.884
 3917 (vir)     1          16.242          -7.766          -2.886         -10.245           15.834
 3918 (vir)     1          16.254          -7.884          -2.913         -10.356           15.813
 3919 (vir)     1          16.273          -7.729          -2.830         -10.227           15.940
 3920 (vir)     1          16.291          -7.765          -2.838         -10.158           15.846
 3921 (vir)     1          16.299          -7.631          -2.783         -10.008           15.893
 3922 (vir)     1          16.303          -7.763          -2.882         -10.278           15.935
 3923 (vir)     1          16.316          -7.771          -2.900         -10.350           15.994
 3924 (vir)     1          16.330          -7.829          -2.904         -10.253           15.850
 3925 (vir)     1          16.333          -7.834          -2.875         -10.275           15.899
 3926 (vir)     1          16.351          -7.977          -2.881         -10.363           15.856
 3927 (vir)     1          16.367          -7.619          -2.791         -10.014           15.971
 3928 (vir)     1          16.370          -7.990          -2.923         -10.475           15.933
 3929 (vir)     1          16.390          -8.010          -2.920         -10.419           15.878
 3930 (vir)     1          16.397          -7.704          -2.799         -10.090           15.985
 3931 (vir)     1          16.399          -8.039          -2.899         -10.415           15.875
 3932 (vir)     1          16.402          -7.777          -2.812         -10.130           15.944
 3933 (vir)     1          16.412          -7.622          -2.771          -9.954           15.972
 3934 (vir)     1          16.429          -7.628          -2.855         -10.152           16.097
 3935 (vir)     1          16.438          -7.576          -2.754         -10.021           16.128
 3936 (vir)     1          16.439          -7.989          -2.840         -10.171           15.781
 3937 (vir)     1          16.467          -8.118          -2.983         -10.623           15.988
 3938 (vir)     1          16.494          -8.089          -2.945         -10.606           16.066
 3939 (vir)     1          16.502          -7.718          -2.784         -10.105           16.105
 3940 (vir)     1          16.504          -8.128          -3.083         -10.658           15.950
 3941 (vir)     1          16.525          -7.901          -2.837         -10.194           15.981
 3942 (vir)     1          16.535          -7.927          -2.901         -10.444           16.151
 3943 (vir)     1          16.539          -7.832          -2.841         -10.192           16.057
 3944 (vir)     1          16.553          -7.839          -2.841         -10.237           16.108
 3945 (vir)     1          16.557          -7.691          -2.799         -10.117           16.183
 3946 (vir)     1          16.559          -8.152          -2.881         -10.380           15.905
 3947 (vir)     1          16.579          -8.022          -2.925         -10.438           16.070
 3948 (vir)     1          16.607          -7.806          -2.784         -10.057           16.075
 3949 (vir)     1          16.607          -7.902          -2.841         -10.256           16.120
 3950 (vir)     1          16.620          -7.356          -2.642          -9.653           16.275
 3951 (vir)     1          16.625          -7.643          -2.698          -9.799           16.084
 3952 (vir)     1          16.656          -7.848          -2.898         -10.368           16.277
 3953 (vir)     1          16.657          -7.400          -2.585          -9.502           16.174
 3954 (vir)     1          16.672          -7.721          -2.772         -10.051           16.229
 3955 (vir)     1          16.672          -7.826          -2.798         -10.105           16.154
 3956 (vir)     1          16.698          -7.901          -2.824         -10.167           16.140
 3957 (vir)     1          16.706          -8.120          -2.922         -10.571           16.235
 3958 (vir)     1          16.713          -7.779          -2.777         -10.091           16.248
 3959 (vir)     1          16.725          -7.876          -2.863         -10.303           16.288
 3960 (vir)     1          16.730          -8.315          -2.943         -10.649           16.121
 3961 (vir)     1          16.735          -8.652          -2.983         -10.672           15.773
 3962 (vir)     1          16.757          -8.100          -3.017         -10.593           16.233
 3963 (vir)     1          16.761          -7.961          -2.865         -10.194           16.128
 3964 (vir)     1          16.777          -8.113          -2.913         -10.443           16.194
 3965 (vir)     1          16.783          -7.692          -2.790          -9.987           16.289
 3966 (vir)     1          16.792          -8.034          -2.949         -10.463           16.271
 3967 (vir)     1          16.798          -8.052          -2.930         -10.510           16.325
 3968 (vir)     1          16.817          -7.970          -2.877         -10.345           16.314
 3969 (vir)     1          16.823          -8.082          -2.931         -10.458           16.267
 3970 (vir)     1          16.838          -7.755          -2.798         -10.033           16.319
 3971 (vir)     1          16.859          -7.708          -2.805         -10.130           16.476
 3972 (vir)     1          16.860          -8.026          -2.865         -10.346           16.315
 3973 (vir)     1          16.890          -7.797          -2.733          -9.971           16.330
 3974 (vir)     1          16.898          -7.940          -2.806         -10.187           16.340
 3975 (vir)     1          16.917          -8.134          -2.960         -10.633           16.457
 3976 (vir)     1          16.936          -7.761          -2.804         -10.096           16.467
 3977 (vir)     1          16.946          -7.865          -2.795         -10.067           16.353
 3978 (vir)     1          16.948          -8.229          -2.984         -10.728           16.464
 3979 (vir)     1          16.967          -8.022          -2.899         -10.449           16.494
 3980 (vir)     1          16.981          -7.957          -2.847         -10.316           16.493
 3981 (vir)     1          16.984          -8.094          -2.847         -10.295           16.338
 3982 (vir)     1          17.004          -7.638          -2.733         -10.089           16.722
 3983 (vir)     1          17.006          -7.897          -2.881         -10.324           16.553
 3984 (vir)     1          17.013          -7.889          -2.866         -10.299           16.557
 3985 (vir)     1          17.032          -8.070          -2.909         -10.404           16.458
 3986 (vir)     1          17.046          -7.842          -2.779         -10.154           16.578
 3987 (vir)     1          17.059          -8.167          -2.903         -10.454           16.444
 3988 (vir)     1          17.061          -8.137          -2.924         -10.579           16.579
 3989 (vir)     1          17.070          -8.033          -2.792         -10.199           16.443
 3990 (vir)     1          17.111          -8.081          -2.821         -10.168           16.377
 3991 (vir)     1          17.112          -8.311          -2.935         -10.665           16.531
 3992 (vir)     1          17.126          -8.426          -2.977         -10.797           16.520
 3993 (vir)     1          17.146          -8.186          -2.929         -10.557           16.588
 3994 (vir)     1          17.154          -7.953          -2.827         -10.197           16.571
 3995 (vir)     1          17.162          -7.863          -2.711          -9.942           16.530
 3996 (vir)     1          17.179          -7.848          -2.786         -10.214           16.760
 3997 (vir)     1          17.183          -7.823          -2.730          -9.941           16.571
 3998 (vir)     1          17.185          -7.968          -2.814         -10.177           16.580
 3999 (vir)     1          17.205          -7.815          -2.722          -9.917           16.585
 4000 (vir)     1          17.214          -7.965          -2.853         -10.388           16.784
 4001 (vir)     1          17.230          -7.982          -2.798         -10.235           16.685
 4002 (vir)     1          17.236          -7.835          -2.838         -10.215           16.777
 4003 (vir)     1          17.240          -8.239          -2.863         -10.456           16.593
 4004 (vir)     1          17.248          -7.965          -2.889         -10.381           16.775
 4005 (vir)     1          17.257          -7.544          -2.631          -9.627           16.709
 4006 (vir)     1          17.263          -7.710          -2.792         -10.076           16.836
 4007 (vir)     1          17.277          -7.841          -2.834         -10.219           16.821
 4008 (vir)     1          17.278          -8.245          -2.877         -10.454           16.610
 4009 (vir)     1          17.292          -8.366          -2.986         -10.749           16.690
 4010 (vir)     1          17.304          -8.045          -2.824         -10.287           16.722
 4011 (vir)     1          17.320          -8.012          -2.802         -10.215           16.721
 4012 (vir)     1          17.330          -7.905          -2.758          -9.989           16.656
 4013 (vir)     1          17.339          -8.150          -2.842         -10.337           16.684
 4014 (vir)     1          17.343          -7.621          -2.657          -9.858           16.923
 4015 (vir)     1          17.368          -8.100          -2.808         -10.247           16.707
 4016 (vir)     1          17.380          -8.193          -2.904         -10.386           16.669
 4017 (vir)     1          17.381          -8.714          -3.037         -11.048           16.678
 4018 (vir)     1          17.395          -7.659          -2.647          -9.626           16.715
 4019 (vir)     1          17.405          -8.121          -2.797         -10.136           16.623
 4020 (vir)     1          17.414          -8.400          -2.951         -10.629           16.692
 4021 (vir)     1          17.442          -7.857          -2.777         -10.140           16.948
 4022 (vir)     1          17.453          -8.121          -2.855         -10.401           16.879
 4023 (vir)     1          17.477          -8.220          -2.905         -10.359           16.711
 4024 (vir)     1          17.487          -8.112          -2.844         -10.279           16.811
 4025 (vir)     1          17.491          -7.900          -2.730          -9.884           16.745
 4026 (vir)     1          17.516          -8.188          -2.878         -10.393           16.842
 4027 (vir)     1          17.517          -8.277          -2.904         -10.503           16.840
 4028 (vir)     1          17.528          -8.108          -2.761         -10.166           16.826
 4029 (vir)     1          17.528          -8.190          -2.932         -10.560           16.967
 4030 (vir)     1          17.539          -7.977          -2.762         -10.059           16.859
 4031 (vir)     1          17.567          -8.262          -2.876         -10.458           16.886
 4032 (vir)     1          17.569          -8.102          -2.765         -10.133           16.836
 4033 (vir)     1          17.588          -7.973          -2.870         -10.327           17.072
 4034 (vir)     1          17.593          -8.505          -2.995         -10.877           16.969
 4035 (vir)     1          17.596          -8.164          -2.770         -10.091           16.753
 4036 (vir)     1          17.604          -8.595          -3.022         -10.984           16.971
 4037 (vir)     1          17.643          -8.166          -2.778         -10.161           16.860
 4038 (vir)     1          17.665          -7.757          -2.711          -9.849           17.046
 4039 (vir)     1          17.666          -7.960          -2.788         -10.044           16.962
 4040 (vir)     1          17.693          -7.858          -2.769         -10.112           17.177
 4041 (vir)     1          17.699          -7.992          -2.757         -10.060           17.009
 4042 (vir)     1          17.710          -8.279          -2.860         -10.303           16.873
 4043 (vir)     1          17.712          -8.166          -2.819         -10.246           16.973
 4044 (vir)     1          17.731          -8.082          -2.827         -10.229           17.051
 4045 (vir)     1          17.740          -8.166          -2.847         -10.322           17.050
 4046 (vir)     1          17.751          -8.162          -2.824         -10.296           17.061
 4047 (vir)     1          17.762          -8.385          -2.913         -10.442           16.906
 4048 (vir)     1          17.763          -7.938          -2.765         -10.078           17.139
 4049 (vir)     1          17.767          -8.059          -2.840         -10.285           17.153
 4050 (vir)     1          17.793          -8.049          -2.783         -10.136           17.097
 4051 (vir)     1          17.799          -8.067          -2.808         -10.232           17.156
 4052 (vir)     1          17.810          -8.278          -2.895         -10.440           17.077
 4053 (vir)     1          17.830          -8.224          -2.872         -10.361           17.095
 4054 (vir)     1          17.833          -8.068          -2.707         -10.073           17.131
 4055 (vir)     1          17.842          -8.107          -2.850         -10.304           17.189
 4056 (vir)     1          17.853          -7.874          -2.690          -9.807           17.096
 4057 (vir)     1          17.866          -8.140          -2.833         -10.308           17.202
 4058 (vir)     1          17.875          -8.288          -2.872         -10.440           17.156
 4059 (vir)     1          17.879          -7.908          -2.783         -10.135           17.323
 4060 (vir)     1          17.886          -8.213          -2.871         -10.381           17.183
 4061 (vir)     1          17.893          -8.092          -2.807         -10.266           17.259
 4062 (vir)     1          17.894          -8.269          -2.892         -10.421           17.155
 4063 (vir)     1          17.908          -8.178          -2.853         -10.244           17.120
 4064 (vir)     1          17.921          -8.079          -2.827         -10.224           17.239
 4065 (vir)     1          17.926          -7.973          -2.795         -10.189           17.347
 4066 (vir)     1          17.930          -7.946          -2.751         -10.056           17.289
 4067 (vir)     1          17.939          -8.100          -2.820         -10.210           17.229
 4068 (vir)     1          17.942          -8.238          -2.865         -10.370           17.209
 4069 (vir)     1          17.956          -8.054          -2.819         -10.228           17.312
 4070 (vir)     1          17.977          -8.276          -2.848         -10.335           17.188
 4071 (vir)     1          18.000          -8.245          -2.828         -10.225           17.152
 4072 (vir)     1          18.002          -8.081          -2.805         -10.157           17.273
 4073 (vir)     1          18.016          -7.952          -2.823         -10.315           17.557
 4074 (vir)     1          18.018          -8.329          -2.797         -10.361           17.253
 4075 (vir)     1          18.021          -8.305          -2.877         -10.338           17.177
 4076 (vir)     1          18.045          -8.051          -2.815         -10.251           17.430
 4077 (vir)     1          18.051          -8.289          -2.835         -10.341           17.267
 4078 (vir)     1          18.057          -8.263          -2.839         -10.274           17.228
 4079 (vir)     1          18.064          -8.228          -2.766         -10.216           17.286
 4080 (vir)     1          18.065          -8.308          -2.869         -10.310           17.198
 4081 (vir)     1          18.078          -8.316          -2.822         -10.340           17.280
 4082 (vir)     1          18.079          -8.143          -2.815         -10.213           17.334
 4083 (vir)     1          18.091          -8.313          -2.857         -10.315           17.236
 4084 (vir)     1          18.100          -8.359          -2.801         -10.352           17.292
 4085 (vir)     1          18.118          -8.370          -2.842         -10.329           17.234
 4086 (vir)     1          18.122          -8.214          -2.848         -10.367           17.428
 4087 (vir)     1          18.142          -8.345          -2.833         -10.351           17.315
 4088 (vir)     1          18.145          -8.349          -2.899         -10.463           17.360
 4089 (vir)     1          18.154          -8.366          -2.832         -10.295           17.250
 4090 (vir)     1          18.160          -8.125          -2.820         -10.289           17.505
 4091 (vir)     1          18.161          -8.278          -2.863         -10.362           17.382
 4092 (vir)     1          18.173          -8.166          -2.763         -10.125           17.369
 4093 (vir)     1          18.188          -8.415          -2.906         -10.450           17.317
 4094 (vir)     1          18.191          -8.275          -2.835         -10.335           17.417
 4095 (vir)     1          18.206          -8.215          -2.845         -10.326           17.471
 4096 (vir)     1          18.210          -8.353          -2.837         -10.331           17.352
 4097 (vir)     1          18.222          -8.336          -2.876         -10.378           17.389
 4098 (vir)     1          18.226          -8.464          -2.855         -10.449           17.356
 4099 (vir)     1          18.247          -8.248          -2.835         -10.297           17.461
 4100 (vir)     1          18.258          -8.416          -2.805         -10.350           17.387
 4101 (vir)     1          18.265          -8.290          -2.835         -10.310           17.451
 4102 (vir)     1          18.266          -8.270          -2.784         -10.186           17.398
 4103 (vir)     1          18.281          -8.313          -2.862         -10.415           17.521
 4104 (vir)     1          18.284          -8.416          -2.875         -10.432           17.424
 4105 (vir)     1          18.308          -8.471          -2.791         -10.325           17.371
 4106 (vir)     1          18.327          -8.509          -2.863         -10.370           17.325
 4107 (vir)     1          18.327          -8.396          -2.842         -10.316           17.404
 4108 (vir)     1          18.376          -8.674          -2.898         -10.511           17.315
 4109 (vir)     1          18.376          -8.386          -2.829         -10.281           17.443
 4110 (vir)     1          18.382          -8.397          -2.835         -10.320           17.470
 4111 (vir)     1          18.383          -8.493          -2.837         -10.359           17.412
 4112 (vir)     1          18.412          -8.569          -2.819         -10.402           17.426
 4113 (vir)     1          18.413          -8.393          -2.832         -10.310           17.498
 4114 (vir)     1          18.434          -8.597          -2.807         -10.290           17.321
 4115 (vir)     1          18.446          -8.618          -2.888         -10.392           17.332
 4116 (vir)     1          18.469          -8.598          -2.873         -10.479           17.477
 4117 (vir)     1          18.470          -8.760          -2.919         -10.607           17.398
 4118 (vir)     1          18.476          -8.428          -2.778         -10.293           17.562
 4119 (vir)     1          18.508          -8.768          -2.875         -10.517           17.382
 4120 (vir)     1          18.526          -8.652          -2.840         -10.436           17.470
 4121 (vir)     1          18.553          -8.442          -2.760         -10.276           17.626
 4122 (vir)     1          18.558          -8.467          -2.814         -10.291           17.568
 4123 (vir)     1          18.574          -8.617          -2.807         -10.362           17.512
 4124 (vir)     1          18.586          -8.470          -2.811         -10.335           17.641
 4125 (vir)     1          18.591          -8.591          -2.873         -10.415           17.542
 4126 (vir)     1          18.609          -8.731          -2.805         -10.393           17.466
 4127 (vir)     1          18.624          -8.451          -2.819         -10.255           17.609
 4128 (vir)     1          18.631          -8.467          -2.716         -10.186           17.634
 4129 (vir)     1          18.638          -8.609          -2.724         -10.240           17.545
 4130 (vir)     1          18.647          -8.629          -2.806         -10.336           17.548
 4131 (vir)     1          18.651          -8.613          -2.814         -10.394           17.619
 4132 (vir)     1          18.655          -8.552          -2.816         -10.332           17.619
 4133 (vir)     1          18.664          -8.665          -2.682         -10.313           17.631
 4134 (vir)     1          18.674          -8.692          -2.759         -10.295           17.518
 4135 (vir)     1          18.684          -8.469          -2.632         -10.034           17.618
 4136 (vir)     1          18.687          -8.774          -2.759         -10.303           17.458
 4137 (vir)     1          18.696          -8.626          -2.803         -10.357           17.623
 4138 (vir)     1          18.709          -8.779          -2.796         -10.422           17.556
 4139 (vir)     1          18.710          -8.719          -2.786         -10.359           17.564
 4140 (vir)     1          18.725          -8.736          -2.817         -10.380           17.552
 4141 (vir)     1          18.743          -8.763          -2.839         -10.461           17.602
 4142 (vir)     1          18.744          -8.827          -2.764         -10.334           17.487
 4143 (vir)     1          18.761          -8.688          -2.821         -10.405           17.657
 4144 (vir)     1          18.771          -8.674          -2.790         -10.326           17.633
 4145 (vir)     1          18.777          -8.622          -2.776         -10.278           17.657
 4146 (vir)     1          18.789          -8.654          -2.772         -10.376           17.740
 4147 (vir)     1          18.792          -8.884          -2.829         -10.422           17.501
 4148 (vir)     1          18.812          -8.901          -2.758         -10.307           17.460
 4149 (vir)     1          18.814          -8.875          -2.809         -10.482           17.612
 4150 (vir)     1          18.819          -8.865          -2.807         -10.429           17.576
 4151 (vir)     1          18.822          -8.795          -2.829         -10.444           17.642
 4152 (vir)     1          18.837          -8.688          -2.816         -10.377           17.711
 4153 (vir)     1          18.842          -8.840          -2.763         -10.354           17.594
 4154 (vir)     1          18.852          -8.743          -2.833         -10.450           17.726
 4155 (vir)     1          18.878          -8.832          -2.722         -10.233           17.557
 4156 (vir)     1          18.888          -8.833          -2.823         -10.482           17.714
 4157 (vir)     1          18.902          -8.879          -2.846         -10.412           17.587
 4158 (vir)     1          18.905          -8.612          -2.763         -10.241           17.771
 4159 (vir)     1          18.918          -8.721          -2.808         -10.382           17.771
 4160 (vir)     1          18.920          -8.884          -2.885         -10.492           17.644
 4161 (vir)     1          18.958          -8.698          -2.716         -10.214           17.758
 4162 (vir)     1          18.959          -8.696          -2.720         -10.265           17.808
 4163 (vir)     1          18.964          -9.042          -2.841         -10.537           17.618
 4164 (vir)     1          18.974          -8.799          -2.822         -10.445           17.798
 4165 (vir)     1          18.977          -8.623          -2.701         -10.141           17.795
 4166 (vir)     1          18.995          -8.734          -2.789         -10.355           17.827
 4167 (vir)     1          19.003          -8.940          -2.815         -10.543           17.791
 4168 (vir)     1          19.008          -8.836          -2.817         -10.454           17.808
 4169 (vir)     1          19.011          -9.033          -2.848         -10.527           17.657
 4170 (vir)     1          19.023          -8.961          -2.848         -10.505           17.719
 4171 (vir)     1          19.026          -9.080          -2.878         -10.592           17.659
 4172 (vir)     1          19.031          -8.861          -2.792         -10.369           17.747
 4173 (vir)     1          19.043          -9.272          -2.903         -10.705           17.573
 4174 (vir)     1          19.050          -8.922          -2.869         -10.594           17.854
 4175 (vir)     1          19.054          -9.024          -2.842         -10.667           17.855
 4176 (vir)     1          19.076          -8.853          -2.767         -10.320           17.776
 4177 (vir)     1          19.076          -8.950          -2.800         -10.519           17.845
 4178 (vir)     1          19.084          -9.098          -2.859         -10.546           17.673
 4179 (vir)     1          19.084          -9.156          -2.895         -10.657           17.689
 4180 (vir)     1          19.088          -8.987          -2.858         -10.584           17.827
 4181 (vir)     1          19.100          -8.994          -2.829         -10.511           17.788
 4182 (vir)     1          19.101          -8.867          -2.855         -10.542           17.921
 4183 (vir)     1          19.108          -8.931          -2.775         -10.392           17.795
 4184 (vir)     1          19.111          -8.962          -2.812         -10.493           17.829
 4185 (vir)     1          19.111          -9.007          -2.852         -10.562           17.815
 4186 (vir)     1          19.122          -8.957          -2.841         -10.507           17.831
 4187 (vir)     1          19.128          -9.061          -2.818         -10.504           17.754
 4188 (vir)     1          19.134          -8.982          -2.837         -10.660           17.975
 4189 (vir)     1          19.148          -9.106          -2.893         -10.618           17.767
 4190 (vir)     1          19.149          -8.831          -2.817         -10.472           17.973
 4191 (vir)     1          19.163          -9.148          -2.891         -10.579           17.703
 4192 (vir)     1          19.177          -9.466          -2.888         -10.764           17.587
 4193 (vir)     1          19.179          -8.709          -2.715         -10.196           17.951
 4194 (vir)     1          19.189          -9.152          -2.876         -10.771           17.932
 4195 (vir)     1          19.194          -8.907          -2.819         -10.506           17.974
 4196 (vir)     1          19.201          -9.133          -2.810         -10.629           17.886
 4197 (vir)     1          19.220          -8.936          -2.849         -10.515           17.951
 4198 (vir)     1          19.223          -9.150          -2.888         -10.669           17.855
 4199 (vir)     1          19.229          -9.183          -2.869         -10.632           17.809
 4200 (vir)     1          19.231          -8.897          -2.803         -10.492           18.022
 4201 (vir)     1          19.240          -9.032          -2.767         -10.475           17.916
 4202 (vir)     1          19.240          -9.095          -2.866         -10.652           17.932
 4203 (vir)     1          19.255          -8.940          -2.857         -10.553           18.011
 4204 (vir)     1          19.264          -8.764          -2.726         -10.284           18.058
 4205 (vir)     1          19.265          -9.221          -2.913         -10.790           17.920
 4206 (vir)     1          19.274          -8.939          -2.759         -10.426           18.001
 4207 (vir)     1          19.278          -8.966          -2.804         -10.440           17.949
 4208 (vir)     1          19.285          -9.079          -2.862         -10.528           17.872
 4209 (vir)     1          19.292          -8.930          -2.770         -10.408           18.000
 4210 (vir)     1          19.292          -9.194          -2.932         -10.763           17.929
 4211 (vir)     1          19.306          -9.026          -2.796         -10.494           17.978
 4212 (vir)     1          19.310          -9.048          -2.836         -10.607           18.033
 4213 (vir)     1          19.314          -8.833          -2.716         -10.190           17.955
 4214 (vir)     1          19.315          -8.899          -2.804         -10.420           18.032
 4215 (vir)     1          19.335          -8.954          -2.938         -10.633           18.077
 4216 (vir)     1          19.345          -9.237          -2.823         -10.630           17.915
 4217 (vir)     1          19.351          -8.865          -2.838         -10.443           18.091
 4218 (vir)     1          19.364          -9.113          -2.920         -10.627           17.957
 4219 (vir)     1          19.364          -9.053          -2.861         -10.500           17.950
 4220 (vir)     1          19.371          -9.270          -2.952         -10.735           17.885
 4221 (vir)     1          19.409          -9.271          -2.837         -10.658           17.960
 4222 (vir)     1          19.411          -9.231          -2.867         -10.672           17.986
 4223 (vir)     1          19.415          -9.035          -2.826         -10.571           18.124
 4224 (vir)     1          19.430          -9.244          -2.888         -10.715           18.013
 4225 (vir)     1          19.453          -9.135          -2.884         -10.636           18.070
 4226 (vir)     1          19.458          -8.957          -2.855         -10.548           18.194
 4227 (vir)     1          19.476          -9.230          -2.941         -10.760           18.065
 4228 (vir)     1          19.495          -9.052          -2.803         -10.443           18.083
 4229 (vir)     1          19.508          -9.137          -2.871         -10.495           17.995
 4230 (vir)     1          19.509          -8.920          -2.854         -10.457           18.192
 4231 (vir)     1          19.518          -9.092          -2.818         -10.485           18.093
 4232 (vir)     1          19.539          -9.089          -2.848         -10.549           18.151
 4233 (vir)     1          19.547          -9.100          -2.848         -10.552           18.151
 4234 (vir)     1          19.559          -9.049          -2.813         -10.467           18.163
 4235 (vir)     1          19.575          -9.137          -2.893         -10.634           18.179
 4236 (vir)     1          19.583          -9.106          -2.915         -10.636           18.198
 4237 (vir)     1          19.594          -8.970          -2.825         -10.421           18.221
 4238 (vir)     1          19.598          -9.133          -2.863         -10.562           18.164
 4239 (vir)     1          19.600          -9.128          -2.854         -10.583           18.202
 4240 (vir)     1          19.622          -9.191          -2.956         -10.651           18.126
 4241 (vir)     1          19.629          -9.058          -2.802         -10.411           18.180
 4242 (vir)     1          19.652          -9.021          -2.850         -10.500           18.281
 4243 (vir)     1          19.663          -9.112          -2.831         -10.478           18.197
 4244 (vir)     1          19.674          -9.073          -2.836         -10.524           18.290
 4245 (vir)     1          19.675          -9.109          -2.846         -10.613           18.333
 4246 (vir)     1          19.687          -9.202          -2.876         -10.600           18.209
 4247 (vir)     1          19.688          -9.217          -2.892         -10.663           18.242
 4248 (vir)     1          19.703          -9.066          -2.809         -10.439           18.267
 4249 (vir)     1          19.704          -9.094          -2.862         -10.572           18.319
 4250 (vir)     1          19.724          -9.055          -2.876         -10.499           18.292
 4251 (vir)     1          19.728          -9.165          -2.842         -10.503           18.223
 4252 (vir)     1          19.737          -9.159          -2.895         -10.575           18.258
 4253 (vir)     1          19.738          -9.200          -2.865         -10.586           18.260
 4254 (vir)     1          19.753          -8.972          -2.819         -10.421           18.384
 4255 (vir)     1          19.756          -9.278          -2.869         -10.600           18.209
 4256 (vir)     1          19.783          -9.216          -2.889         -10.626           18.305
 4257 (vir)     1          19.791          -9.189          -2.899         -10.606           18.308
 4258 (vir)     1          19.795          -9.207          -2.922         -10.629           18.296
 4259 (vir)     1          19.803          -9.207          -2.799         -10.511           18.308
 4260 (vir)     1          19.806          -9.315          -2.903         -10.678           18.266
 4261 (vir)     1          19.813          -9.070          -2.843         -10.447           18.347
 4262 (vir)     1          19.828          -9.144          -2.876         -10.532           18.341
 4263 (vir)     1          19.841          -9.256          -2.855         -10.587           18.317
 4264 (vir)     1          19.869          -9.165          -2.869         -10.563           18.398
 4265 (vir)     1          19.876          -9.157          -2.826         -10.482           18.375
 4266 (vir)     1          19.884          -9.162          -2.918         -10.660           18.464
 4267 (vir)     1          19.895          -9.311          -2.894         -10.655           18.345
 4268 (vir)     1          19.912          -9.404          -2.962         -10.773           18.319
 4269 (vir)     1          19.926          -9.244          -2.867         -10.564           18.378
 4270 (vir)     1          19.928          -9.035          -2.878         -10.507           18.523
 4271 (vir)     1          19.938          -9.116          -2.854         -10.495           18.463
 4272 (vir)     1          19.945          -9.082          -2.822         -10.402           18.444
 4273 (vir)     1          19.961          -9.016          -2.801         -10.420           18.564
 4274 (vir)     1          19.970          -9.157          -2.855         -10.531           18.489
 4275 (vir)     1          19.987          -9.250          -2.931         -10.660           18.467
 4276 (vir)     1          19.994          -9.269          -2.866         -10.589           18.448
 4277 (vir)     1          20.006          -9.480          -2.974         -10.855           18.406
 4278 (vir)     1          20.016          -9.066          -2.768         -10.409           18.591
 4279 (vir)     1          20.032          -9.135          -2.831         -10.500           18.566
 4280 (vir)     1          20.040          -9.236          -2.876         -10.625           18.553
 4281 (vir)     1          20.058          -9.429          -2.960         -10.803           18.472
 4282 (vir)     1          20.075          -9.293          -2.905         -10.657           18.534
 4283 (vir)     1          20.081          -9.389          -2.931         -10.719           18.480
 4284 (vir)     1          20.082          -9.009          -2.764         -10.320           18.630
 4285 (vir)     1          20.103          -9.351          -2.910         -10.730           18.573
 4286 (vir)     1          20.105          -9.299          -2.917         -10.675           18.564
 4287 (vir)     1          20.124          -9.185          -2.813         -10.547           18.673
 4288 (vir)     1          20.150          -9.239          -2.827         -10.455           18.539
 4289 (vir)     1          20.189          -9.178          -2.820         -10.479           18.670
 4290 (vir)     1          20.189          -9.354          -2.885         -10.662           18.613
 4291 (vir)     1          20.198          -9.200          -2.781         -10.488           18.706
 4292 (vir)     1          20.214          -9.193          -2.861         -10.498           18.658
 4293 (vir)     1          20.232          -9.383          -2.897         -10.770           18.722
 4294 (vir)     1          20.232          -9.536          -2.872         -10.671           18.495
 4295 (vir)     1          20.249          -9.152          -2.734         -10.342           18.705
 4296 (vir)     1          20.271          -9.461          -2.938         -10.838           18.711
 4297 (vir)     1          20.278          -9.409          -2.940         -10.757           18.685
 4298 (vir)     1          20.282          -9.552          -2.989         -10.815           18.556
 4299 (vir)     1          20.288          -9.564          -2.928         -10.749           18.545
 4300 (vir)     1          20.299          -9.074          -2.840         -10.429           18.814
 4301 (vir)     1          20.314          -9.290          -2.773         -10.395           18.646
 4302 (vir)     1          20.324          -9.249          -2.839         -10.507           18.742
 4303 (vir)     1          20.335          -9.434          -2.892         -10.708           18.717
 4304 (vir)     1          20.366          -9.283          -2.789         -10.480           18.774
 4305 (vir)     1          20.374          -9.073          -2.698         -10.358           18.962
 4306 (vir)     1          20.379          -9.182          -2.706         -10.377           18.868
 4307 (vir)     1          20.391          -9.392          -2.861         -10.626           18.764
 4308 (vir)     1          20.408          -9.732          -2.972         -10.905           18.609
 4309 (vir)     1          20.410          -9.357          -2.901         -10.712           18.863
 4310 (vir)     1          20.419          -9.465          -2.850         -10.591           18.695
 4311 (vir)     1          20.424          -9.449          -2.915         -10.780           18.840
 4312 (vir)     1          20.444          -9.641          -2.975         -10.783           18.612
 4313 (vir)     1          20.456          -9.236          -2.829         -10.577           18.967
 4314 (vir)     1          20.463          -9.722          -2.986         -10.910           18.665
 4315 (vir)     1          20.464          -9.554          -2.970         -10.835           18.775
 4316 (vir)     1          20.494          -9.403          -2.822         -10.550           18.818
 4317 (vir)     1          20.495          -9.235          -2.836         -10.534           18.958
 4318 (vir)     1          20.526          -9.319          -2.886         -10.623           18.944
 4319 (vir)     1          20.533          -9.265          -2.810         -10.511           18.968
 4320 (vir)     1          20.534          -9.536          -2.891         -10.660           18.767
 4321 (vir)     1          20.555          -9.590          -3.022         -10.923           18.866
 4322 (vir)     1          20.557          -9.244          -2.849         -10.536           19.000
 4323 (vir)     1          20.564          -9.411          -2.951         -10.794           18.995
 4324 (vir)     1          20.572          -9.373          -2.819         -10.531           18.911
 4325 (vir)     1          20.587          -9.330          -2.810         -10.525           18.972
 4326 (vir)     1          20.597          -9.300          -2.806         -10.459           18.950
 4327 (vir)     1          20.600          -9.576          -2.868         -10.681           18.838
 4328 (vir)     1          20.620          -9.442          -2.860         -10.646           18.964
 4329 (vir)     1          20.625          -9.601          -2.871         -10.686           18.839
 4330 (vir)     1          20.643          -9.558          -2.831         -10.534           18.788
 4331 (vir)     1          20.644          -9.222          -2.816         -10.342           18.948
 4332 (vir)     1          20.656          -9.424          -2.821         -10.497           18.907
 4333 (vir)     1          20.663          -9.189          -2.728         -10.383           19.129
 4334 (vir)     1          20.674          -9.238          -2.725         -10.359           19.071
 4335 (vir)     1          20.687          -9.364          -2.808         -10.553           19.069
 4336 (vir)     1          20.698          -9.451          -2.828         -10.549           18.969
 4337 (vir)     1          20.713          -9.357          -2.797         -10.564           19.123
 4338 (vir)     1          20.716          -9.117          -2.672         -10.256           19.183
 4339 (vir)     1          20.728          -9.350          -2.832         -10.497           19.042
 4340 (vir)     1          20.752          -9.600          -2.876         -10.800           19.075
 4341 (vir)     1          20.754          -9.644          -2.882         -10.607           18.835
 4342 (vir)     1          20.772          -9.493          -2.823         -10.568           19.024
 4343 (vir)     1          20.774          -9.685          -2.887         -10.704           18.905
 4344 (vir)     1          20.787          -9.436          -2.800         -10.465           19.017
 4345 (vir)     1          20.792          -9.466          -2.824         -10.577           19.080
 4346 (vir)     1          20.803          -9.515          -2.858         -10.760           19.190
 4347 (vir)     1          20.822          -9.392          -2.803         -10.508           19.134
 4348 (vir)     1          20.836          -9.646          -2.873         -10.614           18.930
 4349 (vir)     1          20.842          -9.528          -2.771         -10.505           19.048
 4350 (vir)     1          20.843          -9.755          -2.918         -10.687           18.857
 4351 (vir)     1          20.857          -9.819          -2.961         -10.813           18.890
 4352 (vir)     1          20.869          -9.315          -2.777         -10.448           19.226
 4353 (vir)     1          20.876          -9.749          -2.913         -10.671           18.885
 4354 (vir)     1          20.898          -9.669          -2.960         -10.783           19.052
 4355 (vir)     1          20.907          -9.475          -2.748         -10.427           19.112
 4356 (vir)     1          20.909          -9.683          -2.878         -10.695           19.043
 4357 (vir)     1          20.924          -9.785          -2.965         -10.863           19.036
 4358 (vir)     1          20.932          -9.779          -2.930         -10.815           19.037
 4359 (vir)     1          20.939          -9.638          -2.867         -10.602           19.036
 4360 (vir)     1          20.944          -9.684          -2.878         -10.652           19.034
 4361 (vir)     1          20.952          -9.148          -2.612         -10.115           19.307
 4362 (vir)     1          20.956          -9.527          -2.830         -10.544           19.143
 4363 (vir)     1          20.958          -9.670          -2.877         -10.634           19.046
 4364 (vir)     1          20.965          -9.735          -2.913         -10.730           19.047
 4365 (vir)     1          21.011          -9.597          -2.891         -10.640           19.163
 4366 (vir)     1          21.015          -9.353          -2.854         -10.498           19.305
 4367 (vir)     1          21.032          -9.610          -2.873         -10.635           19.183
 4368 (vir)     1          21.038          -9.385          -2.782         -10.553           19.424
 4369 (vir)     1          21.050         -10.114          -3.020         -11.109           19.025
 4370 (vir)     1          21.053          -9.585          -2.826         -10.520           19.162
 4371 (vir)     1          21.069          -9.656          -2.834         -10.498           19.076
 4372 (vir)     1          21.071          -9.760          -2.909         -10.759           19.161
 4373 (vir)     1          21.101          -9.556          -2.851         -10.557           19.251
 4374 (vir)     1          21.111          -9.768          -2.851         -10.736           19.228
 4375 (vir)     1          21.118         -10.096          -2.995         -11.062           19.089
 4376 (vir)     1          21.136          -9.834          -2.935         -10.847           19.213
 4377 (vir)     1          21.145          -9.665          -2.853         -10.688           19.315
 4378 (vir)     1          21.176          -9.610          -2.814         -10.547           19.298
 4379 (vir)     1          21.179          -9.719          -2.839         -10.543           19.163
 4380 (vir)     1          21.182          -9.744          -2.850         -10.602           19.190
 4381 (vir)     1          21.194          -9.747          -2.842         -10.686           19.291
 4382 (vir)     1          21.201          -9.843          -2.937         -10.769           19.191
 4383 (vir)     1          21.213          -9.908          -2.894         -10.764           19.175
 4384 (vir)     1          21.215          -9.837          -2.926         -10.758           19.210
 4385 (vir)     1          21.224          -9.756          -2.960         -10.799           19.307
 4386 (vir)     1          21.239          -9.939          -2.889         -10.737           19.148
 4387 (vir)     1          21.250          -9.506          -2.784         -10.320           19.280
 4388 (vir)     1          21.257         -10.168          -2.950         -11.025           19.163
 4389 (vir)     1          21.260          -9.828          -2.910         -10.800           19.323
 4390 (vir)     1          21.260          -9.891          -2.918         -10.664           19.114
 4391 (vir)     1          21.285          -9.832          -2.860         -10.761           19.353
 4392 (vir)     1          21.297          -9.881          -2.856         -10.856           19.417
 4393 (vir)     1          21.305          -9.841          -2.890         -10.685           19.260
 4394 (vir)     1          21.328          -9.402          -2.722         -10.248           19.453
 4395 (vir)     1          21.331          -9.961          -2.920         -10.707           19.157
 4396 (vir)     1          21.343          -9.967          -2.851         -10.632           19.157
 4397 (vir)     1          21.351          -9.761          -2.848         -10.628           19.370
 4398 (vir)     1          21.365          -9.843          -2.871         -10.692           19.344
 4399 (vir)     1          21.374          -9.834          -2.865         -10.552           19.227
 4400 (vir)     1          21.380          -9.755          -2.864         -10.575           19.337
 4401 (vir)     1          21.409          -9.596          -2.757         -10.364           19.420
 4402 (vir)     1          21.427          -9.637          -2.757         -10.290           19.323
 4403 (vir)     1          21.431          -9.830          -2.890         -10.629           19.340
 4404 (vir)     1          21.443         -10.211          -2.997         -10.882           19.117
 4405 (vir)     1          21.454          -9.908          -2.933         -10.713           19.326
 4406 (vir)     1          21.455          -9.769          -2.760         -10.342           19.269
 4407 (vir)     1          21.477         -10.159          -3.107         -11.112           19.323
 4408 (vir)     1          21.484          -9.783          -2.737         -10.290           19.253
 4409 (vir)     1          21.511          -9.775          -2.791         -10.509           19.453
 4410 (vir)     1          21.519          -9.747          -2.801         -10.396           19.367
 4411 (vir)     1          21.529          -9.800          -2.885         -10.650           19.493
 4412 (vir)     1          21.554          -9.963          -2.868         -10.573           19.296
 4413 (vir)     1          21.555          -9.802          -2.865         -10.623           19.511
 4414 (vir)     1          21.562          -9.670          -2.757         -10.368           19.503
 4415 (vir)     1          21.573          -9.825          -2.839         -10.581           19.490
 4416 (vir)     1          21.595         -10.106          -2.944         -10.905           19.450
 4417 (vir)     1          21.601          -9.658          -2.721         -10.219           19.442
 4418 (vir)     1          21.623          -9.696          -2.785         -10.313           19.454
 4419 (vir)     1          21.646          -9.816          -2.855         -10.564           19.539
 4420 (vir)     1          21.662         -10.147          -2.927         -10.730           19.317
 4421 (vir)     1          21.700         -10.180          -3.054         -11.001           19.467
 4422 (vir)     1          21.705          -9.900          -2.887         -10.670           19.589
 4423 (vir)     1          21.711          -9.979          -2.899         -10.634           19.466
 4424 (vir)     1          21.727         -10.297          -2.943         -10.800           19.287
 4425 (vir)     1          21.742         -10.164          -2.900         -10.762           19.442
 4426 (vir)     1          21.754          -9.962          -2.767         -10.625           19.650
 4427 (vir)     1          21.759          -9.859          -2.804         -10.610           19.706
 4428 (vir)     1          21.763         -10.305          -2.970         -10.837           19.324
 4429 (vir)     1          21.768         -10.380          -2.966         -10.878           19.300
 4430 (vir)     1          21.773         -10.036          -2.915         -10.752           19.574
 4431 (vir)     1          21.785         -10.099          -2.914         -10.733           19.506
 4432 (vir)     1          21.808         -10.514          -3.031         -11.042           19.305
 4433 (vir)     1          21.816         -10.503          -3.007         -11.044           19.350
 4434 (vir)     1          21.823          -9.941          -2.860         -10.599           19.621
 4435 (vir)     1          21.845         -10.154          -2.921         -10.720           19.490
 4436 (vir)     1          21.855          -9.798          -2.765         -10.343           19.635
 4437 (vir)     1          21.868          -9.965          -2.832         -10.553           19.624
 4438 (vir)     1          21.869          -9.990          -2.891         -10.661           19.649
 4439 (vir)     1          21.888         -10.607          -3.027         -11.019           19.273
 4440 (vir)     1          21.896          -9.958          -2.809         -10.497           19.625
 4441 (vir)     1          21.896          -9.875          -2.821         -10.423           19.624
 4442 (vir)     1          21.919          -9.917          -2.782         -10.427           19.647
 4443 (vir)     1          21.941          -9.949          -2.766         -10.405           19.632
 4444 (vir)     1          21.942         -10.127          -2.854         -10.645           19.606
 4445 (vir)     1          21.949         -10.157          -2.949         -10.787           19.630
 4446 (vir)     1          21.970          -9.976          -2.821         -10.508           19.681
 4447 (vir)     1          21.974          -9.935          -2.782         -10.450           19.707
 4448 (vir)     1          21.984         -10.019          -2.791         -10.461           19.636
 4449 (vir)     1          21.996         -10.135          -2.819         -10.583           19.625
 4450 (vir)     1          22.003         -10.104          -2.855         -10.618           19.662
 4451 (vir)     1          22.007         -10.056          -2.826         -10.479           19.605
 4452 (vir)     1          22.021         -10.203          -2.859         -10.666           19.625
 4453 (vir)     1          22.034          -9.923          -2.740         -10.337           19.709
 4454 (vir)     1          22.057         -10.163          -2.817         -10.572           19.650
 4455 (vir)     1          22.061          -9.845          -2.700         -10.258           19.774
 4456 (vir)     1          22.073         -10.277          -2.937         -10.791           19.650
 4457 (vir)     1          22.083         -10.304          -2.816         -10.676           19.639
 4458 (vir)     1          22.090         -10.030          -2.803         -10.526           19.783
 4459 (vir)     1          22.119         -10.002          -2.748         -10.398           19.767
 4460 (vir)     1          22.128         -10.106          -2.860         -10.533           19.695
 4461 (vir)     1          22.132          -9.841          -2.796         -10.406           19.901
 4462 (vir)     1          22.140          -9.918          -2.748         -10.262           19.736
 4463 (vir)     1          22.161          -9.832          -2.695         -10.222           19.855
 4464 (vir)     1          22.178         -10.055          -2.793         -10.536           19.867
 4465 (vir)     1          22.199          -9.925          -2.736         -10.418           19.956
 4466 (vir)     1          22.217         -10.117          -2.866         -10.526           19.761
 4467 (vir)     1          22.220         -10.081          -2.807         -10.520           19.853
 4468 (vir)     1          22.261         -10.035          -2.790         -10.422           19.857
 4469 (vir)     1          22.261         -10.042          -2.815         -10.459           19.863
 4470 (vir)     1          22.280         -10.092          -2.837         -10.547           19.898
 4471 (vir)     1          22.289         -10.003          -2.765         -10.375           19.897
 4472 (vir)     1          22.294         -10.010          -2.795         -10.437           19.927
 4473 (vir)     1          22.314          -9.925          -2.744         -10.347           19.992
 4474 (vir)     1          22.318         -10.315          -2.866         -10.620           19.757
 4475 (vir)     1          22.329         -10.190          -2.736         -10.307           19.710
 4476 (vir)     1          22.331         -10.783          -2.969         -11.049           19.627
 4477 (vir)     1          22.331          -9.981          -2.743         -10.430           20.037
 4478 (vir)     1          22.358         -10.579          -2.922         -10.896           19.753
 4479 (vir)     1          22.390         -10.117          -2.707         -10.374           19.940
 4480 (vir)     1          22.405          -9.941          -2.695         -10.350           20.119
 4481 (vir)     1          22.408         -10.094          -2.743         -10.347           19.918
 4482 (vir)     1          22.409         -10.097          -2.785         -10.511           20.037
 4483 (vir)     1          22.433         -10.151          -2.734         -10.423           19.972
 4484 (vir)     1          22.439         -10.070          -2.722         -10.496           20.143
 4485 (vir)     1          22.462         -10.137          -2.764         -10.455           20.016
 4486 (vir)     1          22.465         -10.271          -2.800         -10.490           19.883
 4487 (vir)     1          22.470          -9.993          -2.715         -10.308           20.071
 4488 (vir)     1          22.475         -10.504          -2.871         -10.729           19.828
 4489 (vir)     1          22.493         -10.317          -2.789         -10.574           19.961
 4490 (vir)     1          22.501         -10.206          -2.784         -10.428           19.939
 4491 (vir)     1          22.512         -10.129          -2.748         -10.427           20.063
 4492 (vir)     1          22.516         -10.118          -2.711         -10.411           20.098
 4493 (vir)     1          22.519         -10.093          -2.763         -10.499           20.162
 4494 (vir)     1          22.534         -10.186          -2.758         -10.426           20.016
 4495 (vir)     1          22.555         -10.304          -2.750         -10.499           20.000
 4496 (vir)     1          22.575         -10.298          -2.764         -10.463           19.977
 4497 (vir)     1          22.592          -9.932          -2.670         -10.169           20.159
 4498 (vir)     1          22.595         -10.216          -2.778         -10.512           20.113
 4499 (vir)     1          22.605         -10.541          -2.847         -10.662           19.878
 4500 (vir)     1          22.610         -10.378          -2.771         -10.551           20.011
 4501 (vir)     1          22.632         -10.225          -2.765         -10.439           20.081
 4502 (vir)     1          22.644         -10.182          -2.730         -10.339           20.070
 4503 (vir)     1          22.667         -10.232          -2.742         -10.423           20.117
 4504 (vir)     1          22.678         -10.567          -2.866         -10.716           19.961
 4505 (vir)     1          22.683         -10.066          -2.687         -10.235           20.165
 4506 (vir)     1          22.686         -10.387          -2.788         -10.566           20.077
 4507 (vir)     1          22.710         -10.402          -2.815         -10.575           20.068
 4508 (vir)     1          22.716         -10.727          -2.834         -10.813           19.969
 4509 (vir)     1          22.727         -10.185          -2.705         -10.315           20.152
 4510 (vir)     1          22.744         -10.407          -2.806         -10.556           20.088
 4511 (vir)     1          22.752         -10.208          -2.761         -10.432           20.216
 4512 (vir)     1          22.757         -10.691          -2.854         -10.684           19.897
 4513 (vir)     1          22.779         -10.411          -2.819         -10.670           20.219
 4514 (vir)     1          22.792         -10.324          -2.727         -10.381           20.121
 4515 (vir)     1          22.811         -10.918          -2.912         -10.957           19.938
 4516 (vir)     1          22.816         -10.484          -2.783         -10.559           20.107
 4517 (vir)     1          22.817         -10.399          -2.753         -10.483           20.148
 4518 (vir)     1          22.829         -10.770          -2.868         -10.827           20.017
 4519 (vir)     1          22.851         -10.685          -2.856         -10.822           20.133
 4520 (vir)     1          22.860         -10.258          -2.729         -10.484           20.357
 4521 (vir)     1          22.876         -10.515          -2.804         -10.670           20.227
 4522 (vir)     1          22.884         -10.241          -2.701         -10.296           20.238
 4523 (vir)     1          22.888         -10.425          -2.768         -10.594           20.289
 4524 (vir)     1          22.903         -10.225          -2.727         -10.471           20.422
 4525 (vir)     1          22.906         -10.496          -2.732         -10.659           20.337
 4526 (vir)     1          22.915         -10.485          -2.777         -10.549           20.201
 4527 (vir)     1          22.924         -10.536          -2.814         -10.705           20.280
 4528 (vir)     1          22.930         -10.516          -2.791         -10.624           20.247
 4529 (vir)     1          22.933         -10.545          -2.794         -10.756           20.349
 4530 (vir)     1          22.949         -10.322          -2.670         -10.480           20.437
 4531 (vir)     1          22.953         -10.263          -2.682         -10.338           20.347
 4532 (vir)     1          22.958         -10.353          -2.732         -10.499           20.372
 4533 (vir)     1          22.980         -10.392          -2.705         -10.355           20.238
 4534 (vir)     1          22.986         -10.639          -2.781         -10.698           20.264
 4535 (vir)     1          23.004         -10.435          -2.730         -10.509           20.347
 4536 (vir)     1          23.010         -10.469          -2.750         -10.539           20.329
 4537 (vir)     1          23.026         -10.460          -2.724         -10.418           20.261
 4538 (vir)     1          23.042         -10.563          -2.707         -10.436           20.208
 4539 (vir)     1          23.046         -10.481          -2.744         -10.548           20.369
 4540 (vir)     1          23.062         -10.559          -2.779         -10.626           20.350
 4541 (vir)     1          23.068         -10.574          -2.711         -10.374           20.156
 4542 (vir)     1          23.069         -10.473          -2.709         -10.541           20.428
 4543 (vir)     1          23.086         -10.548          -2.769         -10.650           20.419
 4544 (vir)     1          23.096         -10.615          -2.773         -10.567           20.275
 4545 (vir)     1          23.097         -10.571          -2.791         -10.677           20.413
 4546 (vir)     1          23.103         -10.414          -2.636         -10.383           20.436
 4547 (vir)     1          23.112         -10.422          -2.759         -10.507           20.437
 4548 (vir)     1          23.113         -10.667          -2.822         -10.804           20.428
 4549 (vir)     1          23.132         -10.620          -2.813         -10.693           20.392
 4550 (vir)     1          23.138         -10.408          -2.706         -10.422           20.446
 4551 (vir)     1          23.139         -10.716          -2.795         -10.624           20.251
 4552 (vir)     1          23.153         -10.561          -2.839         -10.701           20.454
 4553 (vir)     1          23.160         -10.492          -2.747         -10.496           20.417
 4554 (vir)     1          23.167         -10.981          -2.990         -11.082           20.278
 4555 (vir)     1          23.172         -10.538          -2.761         -10.541           20.414
 4556 (vir)     1          23.176         -11.606          -3.018         -11.384           19.935
 4557 (vir)     1          23.183         -10.695          -2.896         -10.847           20.439
 4558 (vir)     1          23.184         -10.825          -2.873         -10.883           20.369
 4559 (vir)     1          23.200         -10.923          -2.817         -10.786           20.246
 4560 (vir)     1          23.211         -10.473          -2.728         -10.428           20.438
 4561 (vir)     1          23.213         -10.543          -2.758         -10.508           20.420
 4562 (vir)     1          23.215         -10.641          -2.818         -10.653           20.409
 4563 (vir)     1          23.241         -10.668          -2.738         -10.522           20.356
 4564 (vir)     1          23.254         -10.469          -2.697         -10.392           20.481
 4565 (vir)     1          23.255         -10.384          -2.660         -10.299           20.510
 4566 (vir)     1          23.273         -10.725          -2.721         -10.509           20.336
 4567 (vir)     1          23.275         -10.451          -2.652         -10.312           20.484
 4568 (vir)     1          23.299         -10.539          -2.631         -10.384           20.513
 4569 (vir)     1          23.302         -10.670          -2.699         -10.593           20.526
 4570 (vir)     1          23.331         -10.613          -2.643         -10.539           20.614
 4571 (vir)     1          23.340         -10.620          -2.672         -10.518           20.566
 4572 (vir)     1          23.351         -10.476          -2.675         -10.235           20.435
 4573 (vir)     1          23.352         -10.560          -2.662         -10.414           20.543
 4574 (vir)     1          23.365         -10.637          -2.710         -10.498           20.516
 4575 (vir)     1          23.381         -10.595          -2.730         -10.598           20.655
 4576 (vir)     1          23.381         -10.554          -2.640         -10.297           20.484
 4577 (vir)     1          23.405         -10.725          -2.666         -10.366           20.380
 4578 (vir)     1          23.425         -10.652          -2.690         -10.274           20.357
 4579 (vir)     1          23.431         -10.559          -2.664         -10.326           20.535
 4580 (vir)     1          23.444         -10.509          -2.579         -10.173           20.528
 4581 (vir)     1          23.474         -10.617          -2.658         -10.416           20.615
 4582 (vir)     1          23.479         -10.680          -2.627         -10.333           20.505
 4583 (vir)     1          23.482         -10.480          -2.589         -10.228           20.641
 4584 (vir)     1          23.487         -10.676          -2.668         -10.391           20.533
 4585 (vir)     1          23.509         -10.511          -2.592         -10.276           20.683
 4586 (vir)     1          23.519         -10.905          -2.692         -10.518           20.440
 4587 (vir)     1          23.532         -10.805          -2.665         -10.468           20.531
 4588 (vir)     1          23.546         -10.827          -2.696         -10.533           20.556
 4589 (vir)     1          23.557         -10.752          -2.640         -10.397           20.562
 4590 (vir)     1          23.562         -10.463          -2.587         -10.107           20.618
 4591 (vir)     1          23.573         -10.761          -2.669         -10.380           20.523
 4592 (vir)     1          23.581         -10.729          -2.704         -10.489           20.637
 4593 (vir)     1          23.591         -10.542          -2.636         -10.213           20.626
 4594 (vir)     1          23.596         -10.799          -2.620         -10.645           20.822
 4595 (vir)     1          23.598         -10.833          -2.728         -10.626           20.663
 4596 (vir)     1          23.630         -10.742          -2.674         -10.434           20.647
 4597 (vir)     1          23.647         -10.857          -2.655         -10.588           20.722
 4598 (vir)     1          23.648         -10.715          -2.590         -10.195           20.538
 4599 (vir)     1          23.669         -10.568          -2.587         -10.161           20.675
 4600 (vir)     1          23.672         -10.429          -2.553          -9.964           20.654
 4601 (vir)     1          23.695         -10.529          -2.583         -10.060           20.643
 4602 (vir)     1          23.707         -10.549          -2.632         -10.194           20.720
 4603 (vir)     1          23.712         -10.547          -2.564         -10.000           20.600
 4604 (vir)     1          23.736         -10.830          -2.659         -10.309           20.557
 4605 (vir)     1          23.745         -10.424          -2.515          -9.952           20.757
 4606 (vir)     1          23.769         -10.694          -2.580         -10.152           20.646
 4607 (vir)     1          23.774         -10.511          -2.577         -10.075           20.760
 4608 (vir)     1          23.789         -10.567          -2.594         -10.130           20.758
 4609 (vir)     1          23.813         -10.563          -2.514         -10.066           20.803
 4610 (vir)     1          23.821         -10.591          -2.572         -10.038           20.696
 4611 (vir)     1          23.828         -10.867          -2.644         -10.476           20.794
 4612 (vir)     1          23.835         -10.662          -2.565         -10.162           20.770
 4613 (vir)     1          23.843         -10.533          -2.539          -9.978           20.750
 4614 (vir)     1          23.847         -10.815          -2.637         -10.401           20.796
 4615 (vir)     1          23.853         -10.738          -2.610         -10.213           20.718
 4616 (vir)     1          23.877         -10.673          -2.584         -10.148           20.769
 4617 (vir)     1          23.887         -10.640          -2.629         -10.248           20.866
 4618 (vir)     1          23.894         -10.706          -2.605         -10.309           20.892
 4619 (vir)     1          23.906         -10.603          -2.554         -10.006           20.755
 4620 (vir)     1          23.938         -10.595          -2.565         -10.124           20.902
 4621 (vir)     1          23.941         -10.663          -2.596         -10.100           20.783
 4622 (vir)     1          23.962         -10.628          -2.568         -10.116           20.883
 4623 (vir)     1          23.975         -10.633          -2.502          -9.849           20.688
 4624 (vir)     1          23.982         -10.605          -2.504          -9.802           20.675
 4625 (vir)     1          24.011         -10.649          -2.571          -9.994           20.785
 4626 (vir)     1          24.024         -10.691          -2.523          -9.815           20.625
 4627 (vir)     1          24.035         -10.608          -2.530          -9.869           20.766
 4628 (vir)     1          24.051         -10.845          -2.591         -10.232           20.847
 4629 (vir)     1          24.052         -10.626          -2.525          -9.950           20.851
 4630 (vir)     1          24.070         -10.506          -2.448          -9.792           20.909
 4631 (vir)     1          24.080         -10.392          -2.466          -9.748           20.970
 4632 (vir)     1          24.105         -10.641          -2.531          -9.989           20.921
 4633 (vir)     1          24.119         -10.531          -2.537          -9.849           20.899
 4634 (vir)     1          24.144         -10.749          -2.506          -9.910           20.799
 4635 (vir)     1          24.144         -10.090          -2.382          -9.456           21.128
 4636 (vir)     1          24.146         -10.425          -2.489          -9.679           20.911
 4637 (vir)     1          24.160         -10.845          -2.557         -10.329           21.087
 4638 (vir)     1          24.164         -10.935          -2.664         -10.502           21.066
 4639 (vir)     1          24.185         -10.830          -2.580         -10.099           20.875
 4640 (vir)     1          24.202         -10.480          -2.476          -9.703           20.949
 4641 (vir)     1          24.216         -10.688          -2.544          -9.966           20.950
 4642 (vir)     1          24.219         -10.722          -2.501          -9.867           20.862
 4643 (vir)     1          24.237         -10.556          -2.481          -9.923           21.124
 4644 (vir)     1          24.244         -10.864          -2.564         -10.229           21.045
 4645 (vir)     1          24.255         -10.798          -2.535         -10.079           21.001
 4646 (vir)     1          24.279         -10.764          -2.513          -9.960           20.963
 4647 (vir)     1          24.285         -10.790          -2.507          -9.763           20.751
 4648 (vir)     1          24.297         -10.749          -2.554          -9.942           20.936
 4649 (vir)     1          24.314         -10.729          -2.545          -9.966           21.007
 4650 (vir)     1          24.315         -10.917          -2.657         -10.121           20.862
 4651 (vir)     1          24.344         -10.593          -2.445          -9.758           21.063
 4652 (vir)     1          24.351         -10.924          -2.538         -10.059           20.947
 4653 (vir)     1          24.366         -10.899          -2.561         -10.073           20.979
 4654 (vir)     1          24.373         -10.618          -2.455          -9.698           20.999
 4655 (vir)     1          24.393         -10.787          -2.498          -9.805           20.913
 4656 (vir)     1          24.409         -10.573          -2.423          -9.629           21.043
 4657 (vir)     1          24.425         -11.001          -2.598         -10.175           21.001
 4658 (vir)     1          24.439         -10.977          -2.561         -10.080           20.981
 4659 (vir)     1          24.443         -10.837          -2.561          -9.856           20.902
 4660 (vir)     1          24.456         -10.916          -2.551          -9.998           20.988
 4661 (vir)     1          24.473         -10.707          -2.445          -9.783           21.104
 4662 (vir)     1          24.476         -10.604          -2.456          -9.706           21.121
 4663 (vir)     1          24.497         -10.601          -2.550          -9.899           21.244
 4664 (vir)     1          24.517         -10.446          -2.411          -9.477           21.137
 4665 (vir)     1          24.527         -10.755          -2.439          -9.750           21.083
 4666 (vir)     1          24.528         -10.697          -2.488          -9.770           21.113
 4667 (vir)     1          24.535         -10.880          -2.583         -10.065           21.137
 4668 (vir)     1          24.539         -11.101          -2.533         -10.144           21.050
 4669 (vir)     1          24.563         -10.722          -2.514          -9.803           21.131
 4670 (vir)     1          24.570         -10.738          -2.464          -9.729           21.096
 4671 (vir)     1          24.587         -10.649          -2.488          -9.722           21.172
 4672 (vir)     1          24.588         -10.964          -2.589         -10.068           21.103
 4673 (vir)     1          24.614         -10.677          -2.487          -9.793           21.243
 4674 (vir)     1          24.641         -10.874          -2.509          -9.997           21.254
 4675 (vir)     1          24.641         -10.947          -2.564          -9.969           21.100
 4676 (vir)     1          24.653         -10.880          -2.556         -10.038           21.255
 4677 (vir)     1          24.663         -10.741          -2.453          -9.636           21.104
 4678 (vir)     1          24.674         -11.045          -2.574          -9.971           21.026
 4679 (vir)     1          24.685         -10.646          -2.436          -9.431           21.034
 4680 (vir)     1          24.692         -10.513          -2.393          -9.437           21.223
 4681 (vir)     1          24.708         -10.882          -2.521          -9.845           21.150
 4682 (vir)     1          24.722         -11.030          -2.561         -10.120           21.251
 4683 (vir)     1          24.727         -10.954          -2.534          -9.965           21.204
 4684 (vir)     1          24.744         -10.960          -2.520          -9.933           21.196
 4685 (vir)     1          24.757         -10.873          -2.500          -9.720           21.104
 4686 (vir)     1          24.785         -10.816          -2.455          -9.808           21.322
 4687 (vir)     1          24.797         -11.114          -2.559          -9.934           21.058
 4688 (vir)     1          24.810         -10.908          -2.428          -9.664           21.137
 4689 (vir)     1          24.810         -11.108          -2.534          -9.934           21.101
 4690 (vir)     1          24.814         -10.848          -2.516          -9.950           21.399
 4691 (vir)     1          24.821         -11.056          -2.537         -10.028           21.257
 4692 (vir)     1          24.831         -10.856          -2.471          -9.657           21.161
 4693 (vir)     1          24.839         -10.885          -2.501          -9.836           21.289
 4694 (vir)     1          24.853         -10.773          -2.446          -9.780           21.414
 4695 (vir)     1          24.858         -10.890          -2.452          -9.809           21.325
 4696 (vir)     1          24.871         -10.980          -2.539          -9.824           21.177
 4697 (vir)     1          24.874         -10.840          -2.454          -9.725           21.305
 4698 (vir)     1          24.876         -10.849          -2.464          -9.786           21.349
 4699 (vir)     1          24.891         -10.848          -2.478          -9.787           21.352
 4700 (vir)     1          24.903         -10.749          -2.401          -9.550           21.302
 4701 (vir)     1          24.918         -11.093          -2.547          -9.941           21.220
 4702 (vir)     1          24.930         -11.021          -2.459          -9.737           21.187
 4703 (vir)     1          24.949         -10.781          -2.438          -9.541           21.272
 4704 (vir)     1          24.964         -10.809          -2.449          -9.717           21.423
 4705 (vir)     1          24.981         -10.880          -2.481          -9.592           21.212
 4706 (vir)     1          24.998         -10.999          -2.477          -9.798           21.320
 4707 (vir)     1          25.008         -10.445          -2.296          -9.279           21.546
 4708 (vir)     1          25.011         -10.983          -2.507          -9.728           21.249
 4709 (vir)     1          25.021         -10.792          -2.418          -9.568           21.380
 4710 (vir)     1          25.024         -10.788          -2.471          -9.693           21.459
 4711 (vir)     1          25.060         -11.071          -2.456          -9.774           21.308
 4712 (vir)     1          25.086         -11.152          -2.531          -9.806           21.209
 4713 (vir)     1          25.094         -11.273          -2.537         -10.053           21.338
 4714 (vir)     1          25.131         -11.004          -2.464          -9.679           21.341
 4715 (vir)     1          25.136         -11.176          -2.535          -9.897           21.321
 4716 (vir)     1          25.143         -11.133          -2.531          -9.820           21.299
 4717 (vir)     1          25.151         -10.924          -2.395          -9.512           21.344
 4718 (vir)     1          25.162         -11.224          -2.501          -9.816           21.253
 4719 (vir)     1          25.190         -11.245          -2.496          -9.793           21.243
 4720 (vir)     1          25.202         -11.118          -2.462          -9.763           21.386
 4721 (vir)     1          25.223         -11.230          -2.474          -9.798           21.317
 4722 (vir)     1          25.245         -11.188          -2.483          -9.764           21.338
 4723 (vir)     1          25.271         -10.993          -2.400          -9.575           21.452
 4724 (vir)     1          25.273         -11.157          -2.535          -9.874           21.454
 4725 (vir)     1          25.280         -10.662          -2.287          -9.246           21.576
 4726 (vir)     1          25.286         -11.033          -2.466          -9.655           21.442
 4727 (vir)     1          25.311         -11.210          -2.454          -9.814           21.461
 4728 (vir)     1          25.331         -11.310          -2.495          -9.960           21.485
 4729 (vir)     1          25.332         -11.138          -2.459          -9.702           21.437
 4730 (vir)     1          25.350         -11.242          -2.461          -9.787           21.433
 4731 (vir)     1          25.369         -11.214          -2.457          -9.712           21.410
 4732 (vir)     1          25.395         -11.294          -2.503          -9.803           21.401
 4733 (vir)     1          25.395         -11.344          -2.505          -9.755           21.301
 4734 (vir)     1          25.419         -11.422          -2.561          -9.953           21.389
 4735 (vir)     1          25.429         -11.317          -2.529          -9.793           21.376
 4736 (vir)     1          25.451         -11.277          -2.475          -9.823           21.522
 4737 (vir)     1          25.487         -10.683          -2.259          -9.235           21.779
 4738 (vir)     1          25.506         -11.249          -2.408          -9.614           21.464
 4739 (vir)     1          25.509          -5.267          -2.392          -9.410           27.260
 4740 (vir)     1          25.524         -11.165          -2.430          -9.640           21.570
 4741 (vir)     1          25.535         -11.181          -2.374          -9.539           21.520
 4742 (vir)     1          25.548         -11.104          -2.352          -9.509           21.602
 4743 (vir)     1          25.581         -11.143          -2.359          -9.558           21.636
 4744 (vir)     1          25.583         -11.308          -2.465          -9.589           21.399
 4745 (vir)     1          25.589         -11.273          -2.458          -9.608           21.466
 4746 (vir)     1          25.600         -11.064          -2.338          -9.438           21.637
 4747 (vir)     1          25.622         -11.513          -2.514          -9.719           21.314
 4748 (vir)     1          25.645         -11.004          -2.285          -9.326           21.682
 4749 (vir)     1          25.654         -10.910          -2.267          -9.264           21.740
 4750 (vir)     1          25.665         -11.227          -2.352          -9.692           21.778
 4751 (vir)     1          25.681         -11.188          -2.312          -9.598           21.778
 4752 (vir)     1          25.683         -11.468          -2.467          -9.647           21.395
 4753 (vir)     1          25.689         -11.277          -2.401          -9.448           21.458
 4754 (vir)     1          25.704           5.760          -2.357          -9.388           38.495
 4755 (vir)     1          25.728         -11.055          -2.295          -9.456           21.835
 4756 (vir)     1          25.754           6.093          -2.393          -9.601           39.055
 4757 (vir)     1          25.760         -11.469          -2.438          -9.870           21.722
 4758 (vir)     1          25.798         -11.340          -2.415          -9.601           21.644
 4759 (vir)     1          25.798         -11.811          -2.620         -10.068           21.434
 4760 (vir)     1          25.821         -11.469          -2.442          -9.769           21.679
 4761 (vir)     1          25.826           6.046          -2.416          -9.600           39.056
 4762 (vir)     1          25.856           6.223          -2.547          -9.781           39.312
 4763 (vir)     1          25.881           6.289          -2.482          -9.769           39.458
 4764 (vir)     1          25.907         -11.715          -2.527          -9.979           21.644
 4765 (vir)     1          25.915         -11.740          -2.485          -9.991           21.682
 4766 (vir)     1          25.939           5.901          -2.350          -9.474           38.965
 4767 (vir)     1          25.943           6.270          -2.462          -9.799           39.551
 4768 (vir)     1          25.989           6.338          -2.439          -9.633           39.521
 4769 (vir)     1          25.995           6.096          -2.420          -9.557           39.229
 4770 (vir)     1          26.001         -11.764          -2.482          -9.924           21.679
 4771 (vir)     1          26.027           6.042          -2.422          -9.675           39.322
 4772 (vir)     1          26.043           5.950          -2.438          -9.669           39.224
 4773 (vir)     1          26.054          -5.627          -2.469          -9.932           27.889
 4774 (vir)     1          26.062           6.228          -2.465          -9.866           39.691
 4775 (vir)     1          26.133           6.322          -2.463          -9.885           39.876
 4776 (vir)     1          26.168           6.162          -2.371          -9.744           39.703
 4777 (vir)     1          26.182           6.294          -2.519          -9.798           39.754
 4778 (vir)     1          26.186           6.156          -2.419          -9.861           39.784
 4779 (vir)     1          26.230           6.079          -2.484          -9.807           39.633
 4780 (vir)     1          26.234           5.902          -2.329          -9.509           39.316
 4781 (vir)     1          26.237          -6.786          -2.539         -10.175           27.088
 4782 (vir)     1          26.255           6.324          -2.490          -9.692           39.781
 4783 (vir)     1          26.269         -11.792          -2.417          -9.770           21.829
 4784 (vir)     1          26.276           6.302          -2.462          -9.729           39.844
 4785 (vir)     1          26.279          -6.034          -2.487          -9.521           27.280
 4786 (vir)     1          26.294          -6.250          -2.613          -9.841           27.273
 4787 (vir)     1          26.346          -6.192          -2.508          -9.612           27.258
 4788 (vir)     1          26.425           6.192          -2.422          -9.805           39.999
 4789 (vir)     1          26.429         -12.014          -2.508          -9.833           21.740
 4790 (vir)     1          26.442          -6.515          -2.528          -9.829           27.228
 4791 (vir)     1          26.474           6.372          -2.447          -9.864           40.263
 4792 (vir)     1          26.504          -6.725          -2.420          -9.589           26.949
 4793 (vir)     1          26.536         -11.853          -2.510          -9.629           21.803
 4794 (vir)     1          26.545          -6.314          -2.526          -9.444           27.149
 4795 (vir)     1          26.589          -6.403          -2.478          -9.597           27.305
 4796 (vir)     1          26.590           6.444          -2.479          -9.793           40.348
 4797 (vir)     1          26.622          -6.754          -2.432          -8.760           26.195
 4798 (vir)     1          26.660          -6.656          -2.462          -8.891           26.434
 4799 (vir)     1          26.672          -6.366          -2.467          -9.339           27.178
 4800 (vir)     1          26.690          -7.164          -2.471          -9.728           26.783
 4801 (vir)     1          26.806          -6.448          -2.577          -9.646           27.427
 4802 (vir)     1          26.818          -6.773          -2.650          -9.730           27.124
 4803 (vir)     1          26.856          -6.979          -2.289          -9.096           26.684
 4804 (vir)     1          26.894          -6.997          -2.445          -9.310           26.762
 4805 (vir)     1          26.952          -7.071          -2.307          -9.102           26.676
 4806 (vir)     1          27.001          -7.680          -2.593          -9.607           26.334
 4807 (vir)     1          27.042          -7.054          -2.443          -9.369           26.914
 4808 (vir)     1          27.131          -7.097          -2.517          -9.421           26.937
 4809 (vir)     1          27.169          -8.528          -2.600          -9.777           25.817
 4810 (vir)     1          27.230          -7.863          -2.627          -9.718           26.458
 4811 (vir)     1          27.244          -7.779          -2.527          -9.446           26.383
 4812 (vir)     1          27.268          -7.319          -2.527          -9.379           26.800
 4813 (vir)     1          27.288          -7.190          -2.593          -9.568           27.072
 4814 (vir)     1          27.313          -7.324          -2.430          -8.830           26.389
 4815 (vir)     1          27.358          -7.847          -2.440          -9.285           26.356
 4816 (vir)     1          27.366          -8.567          -2.422          -9.333           25.710
 4817 (vir)     1          27.449          -7.646          -2.620          -9.578           26.760
 4818 (vir)     1          27.493          -8.192          -2.333          -9.102           26.071
 4819 (vir)     1          27.501          -7.619          -2.666          -9.780           26.997
 4820 (vir)     1          27.583          -7.703          -2.345          -8.879           26.415
 4821 (vir)     1          27.592         -12.049          -2.281          -8.674           21.936
 4822 (vir)     1          27.672          -7.622          -2.412          -9.075           26.713
 4823 (vir)     1          27.753          -7.462          -2.545          -9.504           27.250
 4824 (vir)     1          27.791          -8.658          -2.605          -9.734           26.262
 4825 (vir)     1          27.819          -7.891          -2.599          -9.689           27.017
 4826 (vir)     1          27.855          -8.396          -2.559          -9.513           26.412
 4827 (vir)     1          27.882          -7.975          -2.580          -9.485           26.812
 4828 (vir)     1          27.915          -8.002          -2.541          -9.449           26.821
 4829 (vir)     1          27.938          -8.378          -2.643          -9.776           26.693
 4830 (vir)     1          27.976         -12.310          -2.374          -8.795           22.087
 4831 (vir)     1          27.990         -12.776          -2.630          -9.658           22.242
 4832 (vir)     1          27.992          -8.218          -2.591          -9.597           26.779
 4833 (vir)     1          28.039         -12.676          -2.567          -9.488           22.284
 4834 (vir)     1          28.047           4.981          -2.371          -9.135           39.792
 4835 (vir)     1          28.102           5.147          -2.453          -9.152           39.948
 4836 (vir)     1          28.112          -8.535          -2.597          -9.592           26.571
 4837 (vir)     1          28.161          -8.164          -2.571          -9.568           26.994
 4838 (vir)     1          28.201           5.232          -2.521          -9.304           40.217
 4839 (vir)     1          28.249         -12.866          -2.470          -9.268           22.180
 4840 (vir)     1          28.330         -12.725          -2.412          -9.117           22.310
 4841 (vir)     1          28.331          -8.320          -2.558          -9.496           26.949
 4842 (vir)     1          28.346           5.229          -2.543          -9.458           40.491
 4843 (vir)     1          28.396         -12.999          -2.513          -9.341           22.225
 4844 (vir)     1          28.420           4.272          -2.624          -9.602           39.670
 4845 (vir)     1          28.425          -9.106          -2.476          -9.242           26.086
 4846 (vir)     1          28.486           4.629          -2.626          -9.664           40.153
 4847 (vir)     1          28.531          -4.351          -2.532          -9.300           30.948
 4848 (vir)     1          28.562          -4.170          -2.526          -9.347           31.213
 4849 (vir)     1          28.642          -3.736          -2.546          -9.492           31.853
 4850 (vir)     1          28.656          -2.380          -2.555          -9.644           33.364
 4851 (vir)     1          28.657           4.695          -2.568          -9.321           40.106
 4852 (vir)     1          28.725          -0.308          -2.565          -9.636           35.488
 4853 (vir)     1          28.756           4.827          -2.524          -9.474           40.532
 4854 (vir)     1          28.771           4.850          -2.538          -9.407           40.490
 4855 (vir)     1          28.809           1.246          -2.542          -9.452           36.965
 4856 (vir)     1          28.823           4.867          -2.473          -9.316           40.533
 4857 (vir)     1          28.912           4.879          -2.469          -9.270           40.592
 4858 (vir)     1          28.961           3.134          -2.596          -9.380           38.879
 4859 (vir)     1          29.028           4.849          -2.528          -9.384           40.734
 4860 (vir)     1          29.070           4.658          -2.536          -9.403           40.595
 4861 (vir)     1          29.079           4.674          -2.431          -8.990           40.312
 4862 (vir)     1          29.147           4.760          -2.486          -9.384           40.805
 4863 (vir)     1          29.150           4.827          -2.533          -9.332           40.776
 4864 (vir)     1          29.176           4.824          -2.599          -9.410           40.812
 4865 (vir)     1          29.187           4.967          -2.580          -9.364           40.938
 4866 (vir)     1          29.271           4.788          -2.551          -9.454           40.961
 4867 (vir)     1          29.287           4.734          -2.517          -9.311           40.815
 4868 (vir)     1          29.295           4.820          -2.481          -9.225           40.860
 4869 (vir)     1          29.355           4.691          -2.546          -9.452           40.951
 4870 (vir)     1          29.392           4.932          -2.525          -9.401           41.200
 4871 (vir)     1          29.466           4.801          -2.550          -9.595           41.312
 4872 (vir)     1          29.485           5.011          -2.577          -9.463           41.382
 4873 (vir)     1          29.501           4.952          -2.562          -9.454           41.345
 4874 (vir)     1          29.514           4.477          -2.456          -9.132           40.667
 4875 (vir)     1          29.552           4.637          -2.474          -9.124           40.839
 4876 (vir)     1          29.602           4.700          -2.529          -9.432           41.205
 4877 (vir)     1          29.689           4.680          -2.473          -9.189           41.085
 4878 (vir)     1          29.703           4.884          -2.487          -9.264           41.364
 4879 (vir)     1          29.714           5.128          -2.618          -9.684           41.910
 4880 (vir)     1          29.760           4.509          -2.464          -9.201           41.007
 4881 (vir)     1          29.840           4.935          -2.525          -9.515           41.766
 4882 (vir)     1          29.863           4.693          -2.478          -9.390           41.468
 4883 (vir)     1          29.910           4.830          -2.538          -9.446           41.648
 4884 (vir)     1          29.929           4.692          -2.571          -9.386           41.435
 4885 (vir)     1          29.948           5.405          -2.693         -10.053           42.714
 4886 (vir)     1          29.993           5.342          -2.697          -9.954           42.593
 4887 (vir)     1          29.999           5.617          -2.718         -10.151           43.049
 4888 (vir)     1          30.032           4.933          -2.567          -9.588           41.986
 4889 (vir)     1          30.048           4.771          -2.538          -9.646           41.927
 4890 (vir)     1          30.066           4.989          -2.573          -9.627           42.110
 4891 (vir)     1          30.113           4.875          -2.548          -9.437           41.876
 4892 (vir)     1          30.127           4.955          -2.659          -9.806           42.229
 4893 (vir)     1          30.155           4.906          -2.566          -9.554           42.049
 4894 (vir)     1          30.163           4.773          -2.559          -9.477           41.854
 4895 (vir)     1          30.195           5.036          -2.593          -9.600           42.237
 4896 (vir)     1          30.218           4.945          -2.646          -9.740           42.257
 4897 (vir)     1          30.240          -9.908          -2.673         -10.173           27.832
 4898 (vir)     1          30.248           4.865          -2.606          -9.655           42.163
 4899 (vir)     1          30.291           4.825          -2.608          -9.695           42.203
 4900 (vir)     1          30.357           4.831          -2.650          -9.787           42.325
 4901 (vir)     1          30.360           5.395          -2.672          -9.980           43.062
 4902 (vir)     1          30.379           5.047          -2.676          -9.864           42.613
 4903 (vir)     1          30.385           5.385          -2.680          -9.891           42.980
 4904 (vir)     1          30.444           5.031          -2.606          -9.832           42.701
 4905 (vir)     1          30.452           5.305          -2.729         -10.080           43.108
 4906 (vir)     1          30.500           4.883          -2.642          -9.775           42.516
 4907 (vir)     1          30.520           5.187          -2.674          -9.918           42.951
 4908 (vir)     1          30.548           5.131          -2.676          -9.899           42.903
 4909 (vir)     1          30.554           5.371          -2.721         -10.114           43.318
 4910 (vir)     1          30.571           4.893          -2.641          -9.736           42.559
 4911 (vir)     1          30.581           5.201          -2.798         -10.239           43.223
 4912 (vir)     1          30.600           4.721          -2.620          -9.744           42.444
 4913 (vir)     1          30.613           4.737          -2.685          -9.740           42.405
 4914 (vir)     1          30.616           4.869          -2.632          -9.681           42.534
 4915 (vir)     1          30.688           4.975          -2.639          -9.754           42.779
 4916 (vir)     1          30.692           5.160          -2.693          -9.971           43.129
 4917 (vir)     1          30.717           5.235          -2.753         -10.155           43.355
 4918 (vir)     1          30.769           4.942          -2.649          -9.701           42.762
 4919 (vir)     1          30.801           5.066          -2.666          -9.909           43.110
 4920 (vir)     1          30.804           4.891          -2.694          -9.794           42.796
 4921 (vir)     1          30.841           4.902          -2.684          -9.742           42.800
 4922 (vir)     1          30.860           4.967          -2.615          -9.564           42.775
 4923 (vir)     1          30.889           4.660          -2.588          -9.441           42.402
 4924 (vir)     1          30.920           4.896          -2.716          -9.817           42.917
 4925 (vir)     1          30.959           5.169          -2.690          -9.852           43.290
 4926 (vir)     1          31.028           4.857          -2.648          -9.569           42.806
 4927 (vir)     1          31.046           4.551          -2.561          -9.427           42.463
 4928 (vir)     1          31.096           4.570          -2.542          -9.326           42.450
 4929 (vir)     1          31.147           4.592          -2.521          -9.099           42.317
 4930 (vir)     1          31.185           4.491          -2.532          -9.248           42.392
 4931 (vir)     1          31.191           4.500          -2.584          -9.504           42.610
 4932 (vir)     1          31.232           4.447          -2.553          -9.420           42.546
 4933 (vir)     1          31.234           4.425          -2.601          -9.419           42.477
 4934 (vir)     1          31.289           4.391          -2.609          -9.550           42.621
 4935 (vir)     1          31.319           4.405          -2.559          -9.342           42.507
 4936 (vir)     1          31.341           4.578          -2.558          -9.291           42.652
 4937 (vir)     1          31.441           4.445          -2.512          -9.211           42.584
 4938 (vir)     1          31.513           4.271          -2.561          -9.277           42.500
 4939 (vir)     1          31.514           4.473          -2.681          -9.667           42.974
 4940 (vir)     1          31.567           4.179          -2.513          -9.252           42.485
 4941 (vir)     1          31.594           4.210          -2.474          -9.042           42.372
 4942 (vir)     1          31.619           4.409          -2.526          -9.309           42.811
 4943 (vir)     1          31.638           4.591          -2.601          -9.486           43.115
 4944 (vir)     1          31.690           4.537          -2.649          -9.528           43.106
 4945 (vir)     1          31.759           4.370          -2.554          -9.337           42.913
 4946 (vir)     1          31.765           4.579          -2.675          -9.638           43.307
 4947 (vir)     1          31.828           4.346          -2.592          -9.289           42.870
 4948 (vir)     1          31.830           4.744          -2.669          -9.567           43.472
 4949 (vir)     1          31.903           4.265          -2.559          -9.241           42.850
 4950 (vir)     1          31.960           4.346          -2.683          -9.529           43.152
 4951 (vir)     1          32.018           4.388          -2.586          -9.301           43.121
 4952 (vir)     1          32.096           4.102          -2.584          -9.213           42.826
 4953 (vir)     1          32.105           3.938          -2.407          -8.835           42.471
 4954 (vir)     1          32.155           4.068          -2.470          -8.998           42.751
 4955 (vir)     1          32.172           4.064          -2.600          -9.358           42.994
 4956 (vir)     1          32.250           4.145          -2.524          -9.140           43.011
 4957 (vir)     1          32.316           3.886          -2.559          -9.163           42.805
 4958 (vir)     1          32.324           4.117          -2.551          -9.116           43.006
 4959 (vir)     1          32.434           4.106          -2.564          -9.183           43.160
 4960 (vir)     1          32.445           4.276          -2.642          -9.259           43.339
 4961 (vir)     1          32.511           3.947          -2.585          -9.198           43.070
 4962 (vir)     1          32.541           4.042          -2.521          -8.917           42.979
 4963 (vir)     1          32.597           4.144          -2.640          -9.255           43.355
 4964 (vir)     1          32.614           4.353          -2.637          -9.257           43.587
 4965 (vir)     1          32.660           3.953          -2.495          -8.939           43.058
 4966 (vir)     1          32.812           4.136          -2.599          -9.223           43.573
 4967 (vir)     1          32.865           3.653          -2.488          -9.068           43.098
 4968 (vir)     1          32.888           4.019          -2.648          -9.278           43.538
 4969 (vir)     1          32.981           3.806          -2.545          -9.213           43.455
 4970 (vir)     1          33.011           3.959          -2.662          -9.397           43.705
 4971 (vir)     1          33.051           3.852          -2.383          -8.424           42.943
 4972 (vir)     1          33.179           4.074          -2.635          -9.179           43.797
 4973 (vir)     1          33.201           4.002          -2.687          -9.336           43.852
 4974 (vir)     1          33.224           4.257          -2.667          -9.389           44.202
 4975 (vir)     1          33.233           3.945          -2.483          -8.642           43.336
 4976 (vir)     1          33.330           3.958          -2.583          -9.021           43.726
 4977 (vir)     1          33.366           3.769          -2.495          -8.814           43.454
 4978 (vir)     1          33.394           3.976          -2.695          -9.356           44.031
 4979 (vir)     1          33.471           4.006          -2.638          -9.204           44.043
 4980 (vir)     1          33.508           3.909          -2.586          -9.029           43.859
 4981 (vir)     1          33.525           3.988          -2.674          -9.280           44.119
 4982 (vir)     1          33.588           3.639          -2.598          -8.943           43.571
 4983 (vir)     1          33.645           3.770          -2.580          -8.998           43.833
 4984 (vir)     1          33.701           3.789          -2.553          -8.848           43.785
 4985 (vir)     1          33.763           3.798          -2.555          -8.957           43.965
 4986 (vir)     1          33.855           3.710          -2.583          -9.008           43.989
 4987 (vir)     1          33.913           3.868          -2.576          -8.908           44.113
 4988 (vir)     1          34.167           3.470          -2.576          -8.982           44.042
 4989 (vir)     1          34.276           3.582          -2.566          -8.652           43.944
 4990 (vir)     1          34.363           3.525          -2.456          -8.738           44.169
 4991 (vir)     1          34.467           3.563          -2.564          -8.840           44.307
 4992 (vir)     1          34.484           3.385          -2.576          -8.870           44.164
 4993 (vir)     1          34.598           3.552          -2.523          -8.820           44.448
 4994 (vir)     1          34.678           3.325          -2.642          -9.186           44.547
 4995 (vir)     1          34.705           3.546          -2.509          -8.746           44.488
 4996 (vir)     1          34.771           3.620          -2.570          -8.801           44.622
 4997 (vir)     1          34.915           3.747          -2.635          -9.046           45.073
 4998 (vir)     1          34.952           3.773          -2.567          -8.846           45.003
 4999 (vir)     1          34.963           3.358          -2.598          -8.933           44.657
 5000 (vir)     1          34.982           3.678          -2.519          -8.819           44.960
 5001 (vir)     1          35.000           3.670          -2.626          -8.889           44.932
 5002 (vir)     1          35.161           3.212          -2.518          -8.705           44.559
 5003 (vir)     1          35.191           3.411          -2.660          -9.086           45.028
 5004 (vir)     1          35.267           3.795          -2.401          -8.665           45.326
 5005 (vir)     1          35.271           3.707          -2.380          -8.532           45.130
 5006 (vir)     1          35.298           3.564          -2.589          -8.876           45.149
 5007 (vir)     1          35.340           3.201          -2.513          -8.674           44.702
 5008 (vir)     1          35.466           3.409          -2.627          -8.955           45.204
 5009 (vir)     1          35.554           3.667          -2.553          -8.784           45.452
 5010 (vir)     1          35.655           3.369          -2.531          -8.788           45.282
 5011 (vir)     1          35.696           3.684          -2.474          -8.611           45.516
 5012 (vir)     1          35.769           3.523          -2.553          -8.741           45.480
 5013 (vir)     1          35.923           2.986          -2.393          -9.333           45.849
 5014 (vir)     1          35.925           3.160          -2.526          -8.726           45.286
 5015 (vir)     1          36.017           4.325          -2.492          -8.789           46.638
 5016 (vir)     1          36.025           3.399          -2.600          -8.833           45.657
 5017 (vir)     1          36.162           2.930          -2.464          -8.944           45.572
 5018 (vir)     1          36.163           3.055          -2.551          -8.833           45.500
 5019 (vir)     1          36.193           3.560          -2.456          -8.519           45.817
 5020 (vir)     1          36.245           3.076          -2.509          -8.595           45.406
 5021 (vir)     1          36.367           3.002          -2.572          -8.855           45.651
 5022 (vir)     1          36.376           3.300          -2.580          -8.780           45.876
 5023 (vir)     1          36.584           3.151          -2.567          -8.640           45.809
 5024 (vir)     1          36.635           3.175          -2.706          -8.939           46.042
 5025 (vir)     1          36.704           2.972          -2.647          -8.820           45.849
 5026 (vir)     1          36.900           3.712          -2.601          -8.868           46.879
 5027 (vir)     1          37.028           2.976          -2.533          -8.516           45.986
 5028 (vir)     1          37.064           3.081          -2.502          -8.545           46.187
 5029 (vir)     1          37.114           2.922          -2.612          -8.710           46.135
 5030 (vir)     1          37.257           3.196          -2.652          -8.756           46.557
 5031 (vir)     1          37.274           3.026          -2.615          -8.713           46.398
 5032 (vir)     1          37.374           3.047          -2.473          -8.366           46.313
 5033 (vir)     1          37.463           3.171          -2.696          -8.865           46.803
 5034 (vir)     1          37.617           3.033          -2.621          -8.796           46.825
 5035 (vir)     1          37.637           2.654          -2.578          -8.734           46.447
 5036 (vir)     1          37.657           2.771          -2.638          -8.789           46.579
 5037 (vir)     1          37.976           2.915          -2.516          -8.351           46.726
 5038 (vir)     1          38.004           3.122          -2.644          -8.640           47.122
 5039 (vir)     1          38.121           2.698          -2.613          -8.517           46.723
 5040 (vir)     1          38.249           2.793          -2.654          -8.753           47.141
 5041 (vir)     1          38.256           2.909          -2.618          -8.688           47.235
 5042 (vir)     1          38.371           2.885          -2.594          -8.573           47.235
 5043 (vir)     1          38.395           2.640          -2.693          -8.744           47.086
 5044 (vir)     1          38.422           2.716          -2.523          -8.570           47.186
 5045 (vir)     1          38.474           3.425          -2.600          -8.656           47.955
 5046 (vir)     1          38.638           2.473          -2.495          -8.458           47.075
 5047 (vir)     1          38.693           2.761          -2.646          -8.628           47.435
 5048 (vir)     1          38.882           2.603          -2.564          -8.527           47.448
 5049 (vir)     1          38.887           2.272          -2.607          -8.548           47.100
 5050 (vir)     1          39.033           2.573          -2.638          -8.663           47.632
 5051 (vir)     1          39.142           2.645          -2.616          -8.548           47.719
 5052 (vir)     1          39.364           2.467          -2.421          -8.556           47.966
 5053 (vir)     1          39.415           2.633          -2.667          -8.655           48.037
 5054 (vir)     1          39.519           2.457          -2.420          -8.298           47.853
 5055 (vir)     1          39.601           2.602          -2.650          -8.593           48.147
 5056 (vir)     1          39.705           2.377          -2.511          -8.714           48.285
 5057 (vir)     1          39.719           2.095          -2.577          -8.689           47.927
 5058 (vir)     1          39.750           2.689          -2.578          -8.636           48.497
 5059 (vir)     1          39.872           2.304          -2.559          -8.610           48.227
 5060 (vir)     1          39.946           2.479          -2.594          -8.506           48.337
 5061 (vir)     1          39.996           2.558          -2.466          -8.794           48.883
 5062 (vir)     1          40.043           2.370          -2.529          -8.446           48.330
 5063 (vir)     1          40.076           2.310          -2.581          -8.610           48.414
 5064 (vir)     1          40.224           2.191          -2.409          -8.685           48.690
 5065 (vir)     1          40.322           2.472          -2.702          -8.611           48.704
 5066 (vir)     1          40.357           2.406          -2.515          -8.650           48.898
 5067 (vir)     1          40.407           2.136          -2.412          -8.752           48.884
 5068 (vir)     1          40.442           2.394          -2.572          -8.551           48.816
 5069 (vir)     1          40.541           2.383          -2.495          -8.702           49.131
 5070 (vir)     1          40.632           2.099          -2.368          -8.627           48.990
 5071 (vir)     1          40.723           2.084          -2.163          -8.915           49.558
 5072 (vir)     1          40.905           2.035          -2.227          -8.701           49.414
 5073 (vir)     1          40.906           2.205          -2.536          -8.398           48.974
 5074 (vir)     1          41.072           2.243          -2.758          -8.488           49.045
 5075 (vir)     1          41.095           2.156          -2.705          -8.464           49.011
 5076 (vir)     1          41.263           2.206          -2.600          -8.553           49.422
 5077 (vir)     1          41.399           2.454          -2.616          -8.642           49.879
 5078 (vir)     1          41.410           2.215          -2.601          -8.513           49.536
 5079 (vir)     1          41.562           2.322          -2.534          -8.337           49.687
 5080 (vir)     1          41.746           2.119          -2.672          -8.467           49.660
 5081 (vir)     1          41.789           2.165          -2.663          -8.508           49.800
 5082 (vir)     1          41.827           2.197          -2.677          -8.343           49.691
 5083 (vir)     1          41.920           2.201          -2.644          -8.209           49.685
 5084 (vir)     1          42.121           2.065          -2.589          -8.379           49.976
 5085 (vir)     1          42.174           2.143          -2.593          -8.329           50.053
 5086 (vir)     1          42.421           2.427          -2.677          -8.312           50.483
 5087 (vir)     1          42.715           2.079          -2.591          -8.573           50.777
 5088 (vir)     1          42.717           1.882          -2.333          -8.636           50.902
 5089 (vir)     1          42.857           1.872          -2.595          -8.430           50.564
 5090 (vir)     1          42.909           1.800          -2.156          -8.938           51.491
 5091 (vir)     1          42.947           1.878          -2.597          -8.561           50.790
 5092 (vir)     1          43.069           1.727          -1.933          -9.036           51.898
 5093 (vir)     1          43.360           1.872          -2.585          -8.460           51.108
 5094 (vir)     1          43.465           1.807          -2.521          -8.545           51.296
 5095 (vir)     1          43.921           1.828          -2.543          -8.576           51.782
 5096 (vir)     1          43.946           1.855          -2.560          -8.531           51.773
 5097 (vir)     1          44.160           1.927          -2.434          -7.933           51.586
 5098 (vir)     1          44.401           1.978          -2.218          -8.868           53.029
 5099 (vir)     1          44.597           1.802          -2.523          -8.395           52.271
 5100 (vir)     1          44.599           1.913          -2.519          -8.411           52.405
 5101 (vir)     1          44.752           1.749          -1.854          -8.788           53.435
 5102 (vir)     1          44.940           1.713          -2.368          -8.711           52.996
 5103 (vir)     1          45.026           1.685          -2.181          -8.894           53.425
 5104 (vir)     1          45.148           1.916          -2.792          -8.566           52.838
 5105 (vir)     1          45.468           1.613          -1.865          -9.045           54.261
 5106 (vir)     1          45.774           1.723          -2.499          -8.258           53.255
 5107 (vir)     1          45.778           1.878          -2.538          -8.238           53.356
 5108 (vir)     1          46.291           1.637          -2.111          -8.576           54.392
 5109 (vir)     1          46.378           1.480          -2.365          -8.118           53.611
 5110 (vir)     1          46.429           1.837          -2.506          -7.933           53.692
 5111 (vir)     1          46.548           1.696          -2.206          -8.131           54.169
 5112 (vir)     1          46.622           1.399          -1.901          -8.770           54.891
 5113 (vir)     1          47.854           1.620          -1.775          -9.011           56.710
 5114 (vir)     1          48.197           1.654          -1.722          -9.288           57.417
 5115 (vir)     1          48.262           1.243          -1.667          -9.156           56.994
 5116 (vir)     1          48.984           1.245          -1.643          -9.283           57.870
 5117 (vir)     1          49.509           1.362          -1.647          -8.881           58.105
 5118 (vir)     1          49.622           1.287          -1.690          -8.541           57.760
 5119 (vir)     1          49.623           1.181          -1.769          -8.078           57.113
 5120 (vir)     1          49.912           1.104          -1.653          -8.064           57.428
 5121 (vir)     1          50.086           1.333          -1.753          -8.975           58.641
 5122 (vir)     1          50.483           1.370          -1.676          -8.879           59.055
 5123 (vir)     1          50.556           1.461          -1.769          -8.443           58.690
 5124 (vir)     1          50.614           1.237          -1.667          -8.516           58.701
 5125 (vir)     1          50.806           1.440          -1.670          -8.455           59.031
 5126 (vir)     1          50.813           1.578          -1.647          -8.435           59.179
 5127 (vir)     1          50.839           1.516          -1.656          -8.448           59.146
 5128 (vir)     1          50.897           1.434          -1.644          -8.417           59.105
 5129 (vir)     1          50.951           1.683          -1.702          -8.292           59.223
 5130 (vir)     1          51.029           1.549          -1.724          -8.268           59.123
 5131 (vir)     1          51.111           1.320          -1.637          -8.427           59.221
 5132 (vir)     1          51.154           1.378          -1.702          -8.528           59.358
 5133 (vir)     1          51.171           1.455          -1.662          -8.450           59.415
 5134 (vir)     1          51.194           1.479          -1.639          -8.298           59.332
 5135 (vir)     1          51.314           1.470          -1.719          -8.354           59.419
 5136 (vir)     1          51.314           1.644          -1.721          -8.336           59.573
 5137 (vir)     1          51.394           1.599          -1.694          -8.263           59.562
 5138 (vir)     1          51.423           1.637          -1.690          -8.403           59.772
 5139 (vir)     1          51.499           1.440          -1.608          -8.214           59.545
 5140 (vir)     1          51.579           1.433          -1.703          -8.370           59.679
 5141 (vir)     1          51.639           1.558          -1.686          -8.414           59.924
 5142 (vir)     1          51.645           1.607          -1.713          -8.423           59.961
 5143 (vir)     1          51.744           1.192          -1.681          -8.607           59.862
 5144 (vir)     1          51.805           1.328          -1.732          -8.461           59.863
 5145 (vir)     1          51.825           1.179          -1.771          -8.309           59.543
 5146 (vir)     1          51.927           2.049          -1.683          -8.232           60.526
 5147 (vir)     1          51.936           1.313          -1.655          -8.302           59.895
 5148 (vir)     1          51.964           1.427          -1.668          -8.363           60.087
 5149 (vir)     1          52.030           1.577          -1.697          -8.454           60.363
 5150 (vir)     1          52.092           1.470          -1.660          -8.297           60.199
 5151 (vir)     1          52.104           1.421          -1.650          -8.279           60.154
 5152 (vir)     1          52.146           1.382          -1.633          -8.338           60.233
 5153 (vir)     1          52.218           1.388          -1.652          -8.662           60.616
 5154 (vir)     1          52.319           1.147          -1.658          -8.336           60.145
 5155 (vir)     1          52.366           1.670          -1.678          -8.288           60.645
 5156 (vir)     1          52.385           1.739          -1.669          -8.349           60.804
 5157 (vir)     1          52.441           1.483          -1.650          -8.544           60.818
 5158 (vir)     1          52.446           1.468          -1.668          -8.315           60.560
 5159 (vir)     1          52.549           1.616          -1.683          -8.340           60.821
 5160 (vir)     1          52.555           1.503          -1.622          -8.349           60.785
 5161 (vir)     1          52.620           1.331          -1.628          -8.383           60.705
 5162 (vir)     1          52.677           1.501          -1.670          -8.319           60.828
 5163 (vir)     1          52.715           1.530          -1.671          -8.429           61.002
 5164 (vir)     1          52.723           1.492          -1.664          -8.364           60.914
 5165 (vir)     1          52.795           1.614          -1.699          -8.369           61.079
 5166 (vir)     1          52.840           1.174          -1.685          -8.564           60.893
 5167 (vir)     1          52.894           1.538          -1.610          -8.011           60.832
 5168 (vir)     1          52.934           1.605          -1.664          -8.404           61.280
 5169 (vir)     1          52.983           1.516          -1.664          -8.373           61.207
 5170 (vir)     1          53.001           1.372          -1.641          -8.432           61.164
 5171 (vir)     1          53.057           1.898          -1.642          -8.233           61.546
 5172 (vir)     1          53.133           1.307          -1.643          -8.376           61.173
 5173 (vir)     1          53.174           1.691          -1.659          -8.256           61.462
 5174 (vir)     1          53.188           1.187          -1.638          -8.397           61.135
 5175 (vir)     1          53.280           1.522          -1.661          -8.346           61.487
 5176 (vir)     1          53.288           1.284          -1.667          -8.471           61.376
 5177 (vir)     1          53.308           1.714          -1.631          -8.282           61.672
 5178 (vir)     1          53.313           1.607          -1.649          -8.357           61.628
 5179 (vir)     1          53.465           1.338          -1.694          -8.373           61.482
 5180 (vir)     1          53.490           2.417          -1.701          -8.307           62.513
 5181 (vir)     1          53.514           1.314          -1.622          -8.366           61.572
 5182 (vir)     1          53.579           1.310          -1.623          -8.550           61.816
 5183 (vir)     1          53.610           0.923          -1.572          -8.314           61.275
 5184 (vir)     1          53.660           1.176          -1.625          -8.307           61.517
 5185 (vir)     1          53.771           1.322          -1.659          -8.376           61.811
 5186 (vir)     1          53.884           1.261          -1.716          -8.557           61.986
 5187 (vir)     1          53.900           1.246          -1.652          -8.256           61.750
 5188 (vir)     1          54.033           1.281          -1.633          -8.471           62.152
 5189 (vir)     1          54.098           1.352          -1.693          -8.359           62.115
 5190 (vir)     1          54.164           1.394          -1.660          -8.400           62.299
 5191 (vir)     1          54.169           1.329          -1.718          -8.307           62.087
 5192 (vir)     1          54.271           1.344          -1.591          -7.974           61.998
 5193 (vir)     1          54.350           1.192          -1.692          -8.422           62.271
 5194 (vir)     1          54.367           1.038          -1.546          -8.414           62.273
 5195 (vir)     1          54.393           1.153          -1.616          -8.271           62.202
 5196 (vir)     1          54.428           1.486          -1.683          -8.313           62.545
 5197 (vir)     1          54.468           0.937          -1.506          -8.431           62.330
 5198 (vir)     1          54.472           1.167          -1.580          -8.070           62.129
 5199 (vir)     1          54.708           1.313          -1.681          -7.787           62.127
 5200 (vir)     1          54.723           1.131          -1.641          -8.459           62.672
 5201 (vir)     1          54.888           1.183          -1.648          -8.224           62.647
 5202 (vir)     1          54.903           1.053          -1.665          -8.278           62.569
 5203 (vir)     1          54.959           1.186          -1.656          -8.376           62.866
 5204 (vir)     1          55.049           1.236          -1.661          -8.369           62.994
 5205 (vir)     1          55.150           1.088          -1.618          -8.236           62.856
 5206 (vir)     1          55.165           1.485          -1.708          -8.375           63.317
 5207 (vir)     1          55.249           1.001          -1.589          -8.348           63.008
 5208 (vir)     1          55.259           1.133          -1.637          -8.364           63.120
 5209 (vir)     1          55.315           1.196          -1.643          -8.335           63.203
 5210 (vir)     1          55.337           1.212          -1.646          -8.389           63.292
 5211 (vir)     1          55.406           1.212          -1.680          -8.464           63.402
 5212 (vir)     1          55.551           0.985          -1.569          -8.293           63.260
 5213 (vir)     1          55.569           1.219          -1.749          -8.413           63.452
 5214 (vir)     1          55.613           1.233          -1.667          -8.440           63.619
 5215 (vir)     1          55.617           1.191          -1.700          -8.624           63.733
 5216 (vir)     1          55.743           1.250          -1.544          -7.855           63.304
 5217 (vir)     1          55.816           1.389          -1.555          -7.647           63.296
 5218 (vir)     1          55.879           1.421          -1.663          -8.341           63.977
 5219 (vir)     1          55.963           1.297          -1.657          -8.381           63.984
 5220 (vir)     1          55.967           1.154          -1.648          -8.442           63.913
 5221 (vir)     1          56.105           1.084          -1.562          -8.126           63.754
 5222 (vir)     1          56.172           1.112          -1.609          -8.516           64.192
 5223 (vir)     1          56.295           1.102          -1.624          -8.461           64.234
 5224 (vir)     1          56.327           1.104          -1.610          -8.547           64.368
 5225 (vir)     1          56.374           1.192          -1.660          -8.509           64.415
 5226 (vir)     1          56.375           1.079          -1.587          -8.402           64.268
 5227 (vir)     1          56.438           1.038          -1.531          -8.765           64.709
 5228 (vir)     1          56.592           1.109          -1.600          -8.312           64.413
 5229 (vir)     1          56.627           1.082          -1.686          -8.189           64.211
 5230 (vir)     1          56.654           1.083          -1.626          -8.549           64.660
 5231 (vir)     1          56.674           1.115          -1.605          -8.670           64.855
 5232 (vir)     1          56.759           1.221          -1.731          -8.463           64.712
 5233 (vir)     1          56.785           1.334          -1.487          -7.637           64.269
 5234 (vir)     1          56.952           1.200          -1.559          -8.069           64.661
 5235 (vir)     1          57.038           1.344          -1.736          -7.435           64.081
 5236 (vir)     1          57.047           1.338          -1.544          -7.851           64.692
 5237 (vir)     1          57.129           1.059          -1.579          -8.373           64.983
 5238 (vir)     1          57.164           1.135          -1.541          -8.072           64.830
 5239 (vir)     1          57.193           1.074          -1.620          -8.583           65.230
 5240 (vir)     1          57.220           1.129          -1.588          -8.315           65.077
 5241 (vir)     1          57.223           1.076          -1.592          -8.373           65.080
 5242 (vir)     1          57.272           1.147          -1.594          -8.251           65.076
 5243 (vir)     1          57.375           1.043          -1.503          -8.341           65.256
 5244 (vir)     1          57.443           1.313          -1.529          -7.542           64.769
 5245 (vir)     1          57.472           1.037          -1.562          -8.400           65.346
 5246 (vir)     1          57.579           1.266          -1.710          -8.285           65.420
 5247 (vir)     1          57.705           1.253          -1.457          -7.700           65.202
 5248 (vir)     1          57.813           1.095          -1.558          -8.491           65.840
 5249 (vir)     1          57.828           1.155          -1.636          -8.527           65.874
 5250 (vir)     1          57.906           1.116          -1.619          -8.771           66.174
 5251 (vir)     1          57.963           1.186          -1.488          -7.901           65.563
 5252 (vir)     1          57.992           1.051          -1.559          -8.372           65.857
 5253 (vir)     1          57.992           1.092          -1.524          -8.065           65.626
 5254 (vir)     1          58.025           1.165          -1.489          -8.001           65.702
 5255 (vir)     1          58.128           1.098          -1.563          -8.401           66.065
 5256 (vir)     1          58.225           1.045          -1.517          -8.197           65.950
 5257 (vir)     1          58.237           1.029          -1.492          -8.428           66.202
 5258 (vir)     1          58.335           1.103          -1.518          -8.185           66.105
 5259 (vir)     1          58.370           1.083          -1.534          -8.178           66.097
 5260 (vir)     1          58.457           1.134          -1.543          -8.345           66.393
 5261 (vir)     1          58.556           1.179          -1.601          -8.905           67.039
 5262 (vir)     1          58.587           1.099          -1.554          -8.690           66.821
 5263 (vir)     1          58.685           1.116          -1.489          -7.979           66.290
 5264 (vir)     1          58.741           1.181          -1.503          -8.303           66.723
 5265 (vir)     1          58.757           1.067          -1.486          -8.079           66.417
 5266 (vir)     1          58.860           1.075          -1.514          -8.225           66.647
 5267 (vir)     1          58.872           1.222          -1.429          -7.698           66.363
 5268 (vir)     1          58.960           1.115          -1.471          -7.983           66.587
 5269 (vir)     1          59.002           1.080          -1.489          -8.139           66.732
 5270 (vir)     1          59.019           1.135          -1.461          -8.103           66.796
 5271 (vir)     1          59.108           1.093          -1.524          -8.787           67.463
 5272 (vir)     1          59.118           1.040          -1.557          -8.399           67.001
 5273 (vir)     1          59.155           1.026          -1.530          -8.340           66.990
 5274 (vir)     1          59.274           1.105          -1.514          -8.192           67.057
 5275 (vir)     1          59.278           1.066          -1.465          -8.134           67.014
 5276 (vir)     1          59.367           1.065          -1.496          -8.072           67.008
 5277 (vir)     1          59.477           1.070          -1.459          -8.067           67.156
 5278 (vir)     1          59.488           1.087          -1.544          -8.447           67.479
 5279 (vir)     1          59.539           1.114          -1.509          -8.382           67.526
 5280 (vir)     1          59.569           1.072          -1.425          -7.951           67.167
 5281 (vir)     1          59.572           1.034          -1.598          -8.102           67.111
 5282 (vir)     1          59.691           1.069          -1.532          -8.059           67.287
 5283 (vir)     1          59.799           1.022          -1.487          -8.138           67.472
 5284 (vir)     1          59.823           1.041          -1.456          -8.707           68.116
 5285 (vir)     1          59.886           1.018          -1.567          -8.149           67.486
 5286 (vir)     1          59.912           1.075          -1.414          -7.942           67.515
 5287 (vir)     1          59.917           1.129          -1.546          -8.336           67.836
 5288 (vir)     1          60.008           1.056          -1.529          -8.394           67.929
 5289 (vir)     1          60.020           1.075          -1.719          -8.045           67.421
 5290 (vir)     1          60.084           1.057          -1.546          -8.124           67.720
 5291 (vir)     1          60.093           1.062          -1.535          -8.319           67.938
 5292 (vir)     1          60.206           1.008          -1.476          -8.189           67.927
 5293 (vir)     1          60.285           0.947          -1.461          -8.128           67.900
 5294 (vir)     1          60.397           1.035          -1.461          -8.187           68.158
 5295 (vir)     1          60.430           0.976          -1.492          -8.062           67.975
 5296 (vir)     1          60.481           1.028          -1.446          -8.223           68.287
 5297 (vir)     1          60.586           0.977          -1.511          -8.034           68.085
 5298 (vir)     1          60.659           0.953          -1.511          -8.092           68.193
 5299 (vir)     1          60.701           1.105          -1.662          -8.001           68.145
 5300 (vir)     1          60.762           0.994          -1.486          -8.175           68.446
 5301 (vir)     1          60.793           0.945          -1.458          -8.107           68.388
 5302 (vir)     1          60.847           0.994          -1.461          -8.256           68.636
 5303 (vir)     1          60.968           1.049          -1.454          -8.265           68.828
 5304 (vir)     1          61.053           1.003          -1.495          -8.055           68.615
 5305 (vir)     1          61.122           0.989          -1.467          -8.096           68.740
 5306 (vir)     1          61.339           1.022          -1.468          -8.210           69.103
 5307 (vir)     1          61.386           1.053          -1.396          -8.054           69.097
 5308 (vir)     1          61.459           0.957          -1.473          -8.086           69.029
 5309 (vir)     1          61.572           1.026          -1.465          -8.089           69.222
 5310 (vir)     1          61.645           1.028          -1.539          -8.580           69.715
 5311 (vir)     1          61.645           0.977          -1.443          -8.403           69.582
 5312 (vir)     1          61.719           0.941          -1.434          -8.243           69.469
 5313 (vir)     1          61.836           0.990          -1.492          -8.140           69.475
 5314 (vir)     1          61.886           0.951          -1.452          -8.004           69.389
 5315 (vir)     1          62.054           0.945          -1.428          -8.525           70.096
 5316 (vir)     1          62.100           1.038          -1.449          -8.050           69.739
 5317 (vir)     1          62.105           1.057          -1.477          -8.673           70.358
 5318 (vir)     1          62.158           0.891          -1.407          -8.126           69.768
 5319 (vir)     1          62.282           1.019          -1.407          -7.972           69.866
 5320 (vir)     1          62.339           0.900          -1.410          -8.251           70.080
 5321 (vir)     1          62.441           0.920          -1.448          -8.260           70.174
 5322 (vir)     1          62.527           0.938          -1.393          -8.535           70.606
 5323 (vir)     1          62.725           0.996          -1.383          -8.133           70.470
 5324 (vir)     1          62.740           1.044          -1.401          -8.024           70.407
 5325 (vir)     1          62.823           0.984          -1.494          -8.223           70.537
 5326 (vir)     1          62.907           0.964          -1.407          -8.201           70.665
 5327 (vir)     1          62.989           0.967          -1.391          -8.166           70.731
 5328 (vir)     1          62.990           0.947          -1.473          -8.122           70.586
 5329 (vir)     1          63.117           0.974          -1.389          -8.129           70.832
 5330 (vir)     1          63.274           0.995          -1.427          -8.139           70.980
 5331 (vir)     1          63.309           0.984          -1.430          -8.079           70.942
 5332 (vir)     1          63.345           0.947          -1.417          -8.278           71.153
 5333 (vir)     1          63.358           1.043          -1.414          -8.005           70.992
 5334 (vir)     1          63.421           0.905          -1.381          -8.165           71.110
 5335 (vir)     1          63.544           0.829          -1.350          -8.061           71.084
 5336 (vir)     1          63.610           0.871          -1.392          -8.120           71.209
 5337 (vir)     1          63.643           0.942          -1.335          -8.006           71.255
 5338 (vir)     1          63.683           0.938          -1.458          -7.878           71.041
 5339 (vir)     1          63.757           0.973          -1.408          -8.401           71.724
 5340 (vir)     1          63.800           0.942          -1.466          -8.079           71.354
 5341 (vir)     1          63.962           0.887          -1.407          -8.115           71.557
 5342 (vir)     1          63.971           0.896          -1.398          -8.211           71.679
 5343 (vir)     1          64.095           0.932          -1.418          -9.144           72.753
 5344 (vir)     1          64.130           0.888          -1.388          -8.187           71.817
 5345 (vir)     1          64.148           0.897          -1.363          -8.001           71.683
 5346 (vir)     1          64.264           0.908          -1.394          -7.933           71.711
 5347 (vir)     1          64.296           0.955          -1.459          -8.309           72.101
 5348 (vir)     1          64.538           0.851          -1.544          -8.044           71.889
 5349 (vir)     1          64.604           0.840          -1.466          -8.233           72.211
 5350 (vir)     1          64.637           0.877          -1.409          -7.942           72.046
 5351 (vir)     1          64.765           0.872          -1.368          -8.091           72.359
 5352 (vir)     1          64.804           0.973          -1.638          -7.894           72.033
 5353 (vir)     1          64.819           0.887          -1.337          -7.922           72.292
 5354 (vir)     1          64.891           0.872          -1.512          -8.116           72.367
 5355 (vir)     1          65.046           0.854          -1.517          -8.053           72.436
 5356 (vir)     1          65.134           0.952          -1.540          -7.985           72.531
 5357 (vir)     1          65.180           0.891          -1.429          -8.235           72.877
 5358 (vir)     1          65.206           0.920          -1.427          -8.009           72.707
 5359 (vir)     1          65.344           0.838          -1.375          -7.976           72.783
 5360 (vir)     1          65.391           0.901          -1.420          -8.146           73.018
 5361 (vir)     1          65.424           0.859          -1.313          -7.821           72.791
 5362 (vir)     1          65.567           0.833          -1.374          -8.092           73.117
 5363 (vir)     1          65.577           1.040          -1.155          -7.573           73.034
 5364 (vir)     1          65.762           0.809          -1.376          -8.353           73.548
 5365 (vir)     1          65.791           0.862          -1.386          -8.088           73.356
 5366 (vir)     1          65.868           0.844          -1.289          -8.114           73.537
 5367 (vir)     1          65.901           0.837          -1.383          -8.589           73.944
 5368 (vir)     1          65.967           0.829          -1.364          -8.135           73.567
 5369 (vir)     1          65.990           0.882          -1.403          -7.898           73.367
 5370 (vir)     1          66.126           0.844          -1.383          -8.156           73.743
 5371 (vir)     1          66.177           0.808          -1.344          -8.202           73.844
 5372 (vir)     1          66.200           0.815          -1.362          -7.929           73.581
 5373 (vir)     1          66.229           0.855          -1.378          -8.061           73.767
 5374 (vir)     1          66.248           0.861          -1.264          -8.071           73.915
 5375 (vir)     1          66.343           0.844          -1.275          -7.828           73.740
 5376 (vir)     1          66.487           0.807          -1.386          -8.184           74.092
 5377 (vir)     1          66.525           0.806          -1.395          -8.002           73.938
 5378 (vir)     1          66.531           0.906          -1.321          -8.438           74.555
 5379 (vir)     1          66.580           0.754          -1.269          -7.897           73.961
 5380 (vir)     1          66.675           0.768          -1.299          -7.940           74.083
 5381 (vir)     1          66.715           0.838          -1.293          -7.798           74.059
 5382 (vir)     1          66.735           0.815          -1.216          -7.813           74.146
 5383 (vir)     1          66.859           0.836          -1.409          -8.128           74.414
 5384 (vir)     1          66.873           0.917          -1.269          -8.091           74.611
 5385 (vir)     1          66.883           0.828          -1.266          -7.931           74.376
 5386 (vir)     1          66.961           0.850          -1.333          -7.947           74.426
 5387 (vir)     1          67.000           0.803          -1.296          -8.086           74.594
 5388 (vir)     1          67.026           0.813          -1.326          -8.573           75.087
 5389 (vir)     1          67.098           0.826          -1.345          -7.954           74.533
 5390 (vir)     1          67.135           0.792          -1.304          -7.764           74.386
 5391 (vir)     1          67.144           0.859          -1.324          -7.824           74.503
 5392 (vir)     1          67.188           0.744          -1.262          -7.741           74.411
 5393 (vir)     1          67.313           0.788          -1.309          -7.990           74.782
 5394 (vir)     1          67.359           0.733          -1.295          -7.987           74.785
 5395 (vir)     1          67.400           0.790          -1.332          -7.875           74.733
 5396 (vir)     1          67.428           0.756          -1.358          -8.064           74.891
 5397 (vir)     1          67.484           0.865          -1.364          -7.995           74.979
 5398 (vir)     1          67.498           0.890          -1.308          -8.101           75.181
 5399 (vir)     1          67.546           0.847          -1.332          -7.964           75.025
 5400 (vir)     1          67.781           0.766          -1.314          -7.893           75.125
 5401 (vir)     1          67.783           0.798          -1.349          -8.238           75.469
 5402 (vir)     1          67.812           0.805          -1.333          -7.888           75.172
 5403 (vir)     1          68.019           0.882          -1.279          -7.817           75.439
 5404 (vir)     1          68.085           0.829          -1.305          -7.874           75.483
 5405 (vir)     1          68.101           0.719          -1.279          -7.929           75.471
 5406 (vir)     1          68.133           0.749          -1.246          -7.855           75.490
 5407 (vir)     1          68.240           0.804          -1.321          -8.062           75.784
 5408 (vir)     1          68.324           0.883          -1.218          -7.818           75.807
 5409 (vir)     1          68.327           0.775          -1.327          -7.996           75.771
 5410 (vir)     1          68.353           0.828          -1.239          -7.836           75.778
 5411 (vir)     1          68.451           0.831          -1.279          -7.999           76.001
 5412 (vir)     1          68.476           0.805          -1.268          -7.950           75.962
 5413 (vir)     1          68.513           0.833          -1.343          -8.062           76.065
 5414 (vir)     1          68.535           0.899          -1.309          -7.751           75.876
 5415 (vir)     1          68.616           0.966          -1.303          -7.835           76.113
 5416 (vir)     1          68.717           0.834          -1.318          -8.011           76.245
 5417 (vir)     1          68.777           0.869          -1.519          -7.878           76.005
 5418 (vir)     1          68.893           0.820          -1.349          -8.031           76.395
 5419 (vir)     1          68.928           0.810          -1.291          -7.934           76.381
 5420 (vir)     1          69.015           0.804          -1.309          -7.902           76.412
 5421 (vir)     1          69.053           0.716          -1.273          -7.867           76.362
 5422 (vir)     1          69.107           0.638          -1.323          -7.764           76.185
 5423 (vir)     1          69.181           0.760          -1.357          -7.965           76.549
 5424 (vir)     1          69.229           0.826          -1.315          -7.845           76.584
 5425 (vir)     1          69.295           0.911          -2.009          -7.738           75.935
 5426 (vir)     1          69.427           0.691          -1.385          -9.239           77.972
 5427 (vir)     1          69.434           0.739          -1.471          -7.799           76.500
 5428 (vir)     1          69.563           0.813          -1.409          -8.221           77.188
 5429 (vir)     1          69.616           0.807          -1.358          -7.988           77.053
 5430 (vir)     1          69.682           0.780          -1.246          -7.947           77.163
 5431 (vir)     1          69.788           0.837          -1.386          -8.305           77.544
 5432 (vir)     1          69.838           0.780          -1.325          -8.022           77.315
 5433 (vir)     1          69.980           0.789          -1.286          -7.973           77.456
 5434 (vir)     1          70.007           0.809          -1.274          -8.085           77.627
 5435 (vir)     1          70.029           0.829          -1.227          -7.791           77.423
 5436 (vir)     1          70.053           0.748          -1.242          -7.966           77.524
 5437 (vir)     1          70.102           0.801          -1.301          -8.168           77.770
 5438 (vir)     1          70.136           0.792          -1.286          -8.178           77.820
 5439 (vir)     1          70.153           0.830          -1.282          -8.079           77.780
 5440 (vir)     1          70.215           0.738          -1.259          -7.997           77.691
 5441 (vir)     1          70.373           0.815          -1.459          -8.712           78.440
 5442 (vir)     1          70.383           0.867          -1.259          -7.859           77.851
 5443 (vir)     1          70.424           0.776          -1.321          -8.087           77.966
 5444 (vir)     1          70.506           0.768          -1.339          -8.122           78.056
 5445 (vir)     1          70.507           0.846          -1.483          -8.965           78.836
 5446 (vir)     1          70.670           0.748          -1.336          -8.209           78.290
 5447 (vir)     1          70.693           0.851          -1.281          -8.047           78.310
 5448 (vir)     1          70.807           0.802          -1.238          -8.059           78.430
 5449 (vir)     1          70.818           0.880          -1.232          -8.069           78.535
 5450 (vir)     1          70.838           0.811          -1.283          -7.991           78.356
 5451 (vir)     1          70.846           0.873          -1.227          -8.088           78.580
 5452 (vir)     1          70.852           0.827          -1.239          -8.063           78.504
 5453 (vir)     1          70.860           0.752          -1.263          -8.390           78.739
 5454 (vir)     1          70.872           0.878          -1.282          -8.078           78.546
 5455 (vir)     1          70.909           0.764          -1.274          -8.010           78.408
 5456 (vir)     1          70.921           0.917          -1.287          -8.069           78.620
 5457 (vir)     1          71.005           0.868          -1.262          -8.049           78.659
 5458 (vir)     1          71.046           0.742          -1.278          -8.327           78.837
 5459 (vir)     1          71.093           0.804          -1.269          -8.262           78.890
 5460 (vir)     1          71.114           0.811          -1.298          -8.124           78.751
 5461 (vir)     1          71.124           0.766          -1.491          -9.115           79.515
 5462 (vir)     1          71.184           0.804          -1.308          -8.250           78.930
 5463 (vir)     1          71.220           0.768          -1.271          -7.845           78.562
 5464 (vir)     1          71.245           0.777          -1.334          -8.012           78.700
 5465 (vir)     1          71.272           0.816          -1.332          -8.210           78.967
 5466 (vir)     1          71.320           0.849          -1.308          -7.946           78.807
 5467 (vir)     1          71.344           0.818          -1.314          -8.015           78.864
 5468 (vir)     1          71.416           0.809          -1.302          -8.044           78.967
 5469 (vir)     1          71.438           0.703          -1.421          -8.666           79.386
 5470 (vir)     1          71.477           0.824          -1.534          -9.207           79.975
 5471 (vir)     1          71.508           0.787          -1.387          -8.497           79.404
 5472 (vir)     1          71.638           0.751          -1.437          -8.735           79.688
 5473 (vir)     1          71.640           0.773          -1.451          -9.448           80.410
 5474 (vir)     1          71.789           0.796          -1.338          -8.127           79.374
 5475 (vir)     1          71.835           0.813          -1.256          -8.162           79.555
 5476 (vir)     1          71.863           0.896          -1.301          -7.815           79.273
 5477 (vir)     1          71.880           0.790          -1.272          -7.975           79.373
 5478 (vir)     1          71.922           0.792          -1.327          -8.432           79.820
 5479 (vir)     1          71.926           0.827          -1.387          -7.828           79.194
 5480 (vir)     1          71.974           0.780          -1.399          -8.593           79.949
 5481 (vir)     1          72.013           0.846          -1.542          -7.808           79.125
 5482 (vir)     1          72.065           0.817          -1.448          -9.211           80.645
 5483 (vir)     1          72.098           0.795          -1.324          -7.900           79.469
 5484 (vir)     1          72.137           0.771          -1.302          -8.258           79.864
 5485 (vir)     1          72.196           0.785          -1.388          -7.843           79.436
 5486 (vir)     1          72.294           0.825          -1.426          -9.240           80.933
 5487 (vir)     1          72.362           0.803          -1.337          -7.992           79.820
 5488 (vir)     1          72.395           0.778          -1.372          -8.801           80.602
 5489 (vir)     1          72.572           0.778          -1.374          -8.793           80.770
 5490 (vir)     1          72.622           0.837          -1.358          -7.961           80.062
 5491 (vir)     1          72.738           0.886          -1.298          -7.844           80.171
 5492 (vir)     1          72.820           0.773          -1.303          -8.362           80.651
 5493 (vir)     1          72.872           0.856          -1.312          -7.937           80.353
 5494 (vir)     1          72.884           0.744          -1.279          -7.994           80.343
 5495 (vir)     1          72.946           0.707          -1.348          -8.550           80.855
 5496 (vir)     1          73.012           0.748          -1.386          -9.080           81.453
 5497 (vir)     1          73.106           0.773          -1.370          -8.253           80.762
 5498 (vir)     1          73.139           0.685          -1.217          -7.909           80.515
 5499 (vir)     1          73.167           0.767          -1.287          -7.968           80.616
 5500 (vir)     1          73.194           0.721          -1.400          -8.670           81.185
 5501 (vir)     1          73.253           0.657          -1.368          -8.632           81.174
 5502 (vir)     1          73.555           0.819          -1.415          -8.860           81.818
 5503 (vir)     1          73.664           0.776          -1.373          -8.066           81.132
 5504 (vir)     1          73.687           0.716          -1.373          -8.479           81.509
 5505 (vir)     1          73.744           0.725          -1.337          -8.223           81.354
 5506 (vir)     1          73.748           0.818          -1.391          -8.268           81.443
 5507 (vir)     1          73.815           0.797          -1.345          -7.813           81.080
 5508 (vir)     1          73.847           0.816          -1.346          -7.968           81.284
 5509 (vir)     1          74.193           0.816          -1.306          -8.054           81.757
 5510 (vir)     1          74.234           0.844          -1.249          -8.015           81.844
 5511 (vir)     1          74.284           0.743          -1.277          -7.983           81.733
 5512 (vir)     1          74.323           0.767          -1.330          -8.000           81.760
 5513 (vir)     1          74.407           0.737          -1.378          -8.645           82.411
 5514 (vir)     1          74.461           0.683          -1.286          -7.908           81.767
 5515 (vir)     1          74.491           0.747          -1.361          -7.996           81.873
 5516 (vir)     1          74.730           0.697          -1.355          -8.078           82.150
 5517 (vir)     1          74.750           0.702          -1.368          -8.789           82.873
 5518 (vir)     1          74.863           0.736          -1.376          -8.448           82.671
 5519 (vir)     1          74.980           0.756          -1.360          -8.107           82.483
 5520 (vir)     1          75.117           0.831          -1.264          -7.917           82.600
 5521 (vir)     1          75.238           0.811          -1.285          -7.685           82.449
 5522 (vir)     1          75.239           0.728          -1.369          -8.326           82.924
 5523 (vir)     1          75.257           0.761          -1.307          -7.799           82.511
 5524 (vir)     1          75.302           0.785          -1.361          -7.886           82.612
 5525 (vir)     1          75.469           0.709          -1.362          -8.787           83.602
 5526 (vir)     1          75.670           0.784          -1.389          -7.708           82.772
 5527 (vir)     1          75.684           0.777          -1.385          -7.750           82.826
 5528 (vir)     1          75.857           0.727          -1.365          -8.219           83.438
 5529 (vir)     1          75.991           0.762          -1.479          -9.140           84.413
 5530 (vir)     1          76.016           0.743          -1.379          -7.691           83.072
 5531 (vir)     1          76.109           0.731          -1.388          -8.230           83.682
 5532 (vir)     1          76.165           0.697          -1.376          -8.099           83.584
 5533 (vir)     1          76.240           0.761          -1.407          -7.889           83.483
 5534 (vir)     1          76.304           0.594          -1.386          -8.500           84.012
 5535 (vir)     1          76.523           0.755          -1.562          -9.856           85.573
 5536 (vir)     1          76.754           0.723          -1.576          -9.506           85.406
 5537 (vir)     1          76.900           0.686          -1.403          -7.808           83.991
 5538 (vir)     1          76.966           0.663          -1.351          -7.780           84.057
 5539 (vir)     1          77.015           0.814          -1.529          -7.818           84.117
 5540 (vir)     1          77.170           0.667          -1.497          -8.433           84.772
 5541 (vir)     1          77.364           0.753          -1.483          -8.423           85.057
 5542 (vir)     1          77.436           0.720          -1.427          -7.642           84.371
 5543 (vir)     1          77.614           0.737          -1.436          -7.654           84.569
 5544 (vir)     1          77.696           0.725          -1.467          -7.804           84.759
 5545 (vir)     1          77.870           0.804          -1.690         -10.759           87.743
 5546 (vir)     1          78.040           0.690          -1.481          -7.909           85.159
 5547 (vir)     1          78.048           0.691          -1.498          -7.763           85.005
 5548 (vir)     1          78.203           0.672          -1.464          -7.872           85.283
 5549 (vir)     1          78.235           0.681          -1.482          -7.806           85.239
 5550 (vir)     1          78.958           0.638          -1.890         -12.462           90.168
 5551 (vir)     1          79.470           0.682          -1.547          -7.723           86.329
 5552 (vir)     1          79.534           0.680          -1.552          -7.674           86.336
 5553 (vir)     1          79.586           0.666          -1.556          -7.705           86.402
 5554 (vir)     1          79.615           0.671          -1.561          -7.693           86.418
 5555 (vir)     1          80.065           0.720          -2.004         -12.575           91.356
 5556 (vir)     1          80.970           0.822          -1.667         -12.922           93.048
 5557 (vir)     1          81.712           0.730          -1.901         -12.900           93.441
 5558 (vir)     1          81.816           0.917          -1.741         -12.880           93.872
 5559 (vir)     1          82.028           0.669          -1.886         -12.806           93.617
 5560 (vir)     1          82.357           0.823          -1.705         -12.799           94.274
 
