 
  kpoint:       1             coordinate:     0.0000    0.0000    0.0000                  spin:  1
 
    n           k   ϵ_nk^DFT (eV)     Σ^c_nk (eV)     Σ^x_nk (eV)    v_nk^xc (eV)   ϵ_nk^G0W0 (eV)
 
    1 (occ)     1         -19.579           8.992         -20.296         -12.155          -18.728
    2 (occ)     1         -19.557           9.125         -20.284         -12.158          -18.559
    3 (occ)     1         -19.511           9.034         -20.263         -12.153          -18.588
    4 (occ)     1         -19.505           9.131         -20.267         -12.163          -18.478
    5 (occ)     1         -19.489           8.648         -20.255         -12.158          -18.938
    6 (occ)     1         -19.437           8.121         -20.240         -12.165          -19.390
    7 (occ)     1         -19.432           9.104         -20.245         -12.172          -18.401
    8 (occ)     1         -19.382           8.889         -20.215         -12.156          -18.553
    9 (occ)     1         -19.365           8.111         -20.217         -12.174          -19.296
   10 (occ)     1         -19.360           8.292         -20.211         -12.164          -19.116
   11 (occ)     1         -19.334           9.082         -20.223         -12.186          -18.289
   12 (occ)     1         -19.307           8.063         -20.195         -12.170          -19.268
   13 (occ)     1         -19.266           8.109         -20.198         -12.191          -19.165
   14 (occ)     1         -19.234           8.111         -20.173         -12.182          -19.114
   15 (occ)     1         -19.216           9.030         -20.197         -12.204          -18.180
   16 (occ)     1         -19.201           8.900         -20.154         -12.165          -18.290
   17 (occ)     1         -19.181           8.057         -20.148         -12.171          -19.101
   18 (occ)     1         -19.148           8.052         -20.173         -12.209          -19.061
   19 (occ)     1         -19.136           8.109         -20.155         -12.198          -18.984
   20 (occ)     1         -19.126           7.992         -20.135         -12.180          -19.090
   21 (occ)     1         -19.080           8.573         -20.168         -12.225          -18.449
   22 (occ)     1         -19.053           8.029         -20.111         -12.192          -18.943
   23 (occ)     1         -19.019           8.062         -20.132         -12.217          -18.872
   24 (occ)     1         -19.012           8.005         -20.142         -12.231          -18.918
   25 (occ)     1         -18.968           8.523         -20.077         -12.179          -18.343
   26 (occ)     1         -18.956           8.039         -20.098         -12.209          -18.806
   27 (occ)     1         -18.950           7.887         -20.070         -12.186          -18.948
   28 (occ)     1         -18.927           8.261         -20.135         -12.250          -18.552
   29 (occ)     1         -18.895           7.924         -20.057         -12.193          -18.835
   30 (occ)     1         -18.884           8.006         -20.098         -12.239          -18.737
   31 (occ)     1         -18.861           7.918         -20.109         -12.255          -18.797
   32 (occ)     1         -18.840           7.998         -20.073         -12.228          -18.686
   33 (occ)     1         -18.821           7.929         -20.030         -12.205          -18.716
   34 (occ)     1         -18.761           7.917         -20.100         -12.276          -18.668
   35 (occ)     1         -18.733           7.918         -20.066         -12.264          -18.617
   36 (occ)     1         -18.727           7.929         -20.018         -12.223          -18.592
   37 (occ)     1         -18.707           7.934         -20.041         -12.251          -18.563
   38 (occ)     1         -18.696           7.851         -20.076         -12.281          -18.640
   39 (occ)     1         -18.685           7.769         -19.981         -12.198          -18.699
   40 (occ)     1         -18.668           7.802         -19.975         -12.204          -18.638
   41 (occ)     1         -18.613           7.820         -19.965         -12.211          -18.546
   42 (occ)     1         -18.611           7.887         -19.992         -12.242          -18.474
   43 (occ)     1         -18.584           8.151         -20.062         -12.305          -18.190
   44 (occ)     1         -18.570           7.834         -20.031         -12.291          -18.476
   45 (occ)     1         -18.557           7.849         -20.006         -12.275          -18.439
   46 (occ)     1         -18.539           7.802         -19.936         -12.225          -18.448
   47 (occ)     1         -18.519           7.696         -20.036         -12.310          -18.549
   48 (occ)     1         -18.480           7.820         -19.958         -12.266          -18.353
   49 (occ)     1         -18.448           7.788         -19.926         -12.241          -18.345
   50 (occ)     1         -18.399           7.780         -20.010         -12.324          -18.304
   51 (occ)     1         -18.395           7.721         -19.989         -12.320          -18.343
   52 (occ)     1         -18.394           7.776         -19.985         -12.312          -18.292
   53 (occ)     1         -18.354           7.678         -19.874         -12.222          -18.329
   54 (occ)     1         -18.339           7.692         -19.871         -12.231          -18.286
   55 (occ)     1         -18.336           7.733         -19.897         -12.267          -18.234
   56 (occ)     1         -18.334           7.754         -19.997         -12.338          -18.239
   57 (occ)     1         -18.331           7.741         -19.921         -12.281          -18.230
   58 (occ)     1         -18.284           7.680         -19.858         -12.235          -18.227
   59 (occ)     1         -18.222           7.669         -19.928         -12.330          -18.151
   60 (occ)     1         -18.214           7.684         -19.922         -12.326          -18.125
   61 (occ)     1         -18.212           7.637         -19.834         -12.253          -18.157
   62 (occ)     1         -18.206           7.642         -19.976         -12.359          -18.182
   63 (occ)     1         -18.203           7.691         -19.899         -12.305          -18.106
   64 (occ)     1         -18.173           7.661         -19.900         -12.318          -18.093
   65 (occ)     1         -18.144           7.638         -19.958         -12.367          -18.098
   66 (occ)     1         -18.124           7.617         -19.818         -12.266          -18.059
   67 (occ)     1         -18.064           7.596         -19.838         -12.312          -17.994
   68 (occ)     1         -18.038           7.607         -19.898         -12.361          -17.968
   69 (occ)     1         -18.022           7.586         -19.883         -12.352          -17.967
   70 (occ)     1         -18.017           7.571         -19.938         -12.388          -17.997
   71 (occ)     1         -18.013           7.579         -19.833         -12.316          -17.950
   72 (occ)     1         -18.000           7.560         -19.836         -12.335          -17.941
   73 (occ)     1         -17.979           7.526         -19.748         -12.249          -17.952
   74 (occ)     1         -17.964           7.511         -19.742         -12.257          -17.936
   75 (occ)     1         -17.955           7.561         -19.914         -12.392          -17.916
   76 (occ)     1         -17.914           7.530         -19.763         -12.282          -17.864
   77 (occ)     1         -17.907           7.509         -19.781         -12.318          -17.861
   78 (occ)     1         -17.889           7.512         -19.766         -12.310          -17.832
   79 (occ)     1         -17.852           7.511         -19.856         -12.387          -17.811
   80 (occ)     1         -17.844           7.454         -19.705         -12.278          -17.817
   81 (occ)     1         -17.832           7.506         -19.862         -12.398          -17.790
   82 (occ)     1         -17.832           7.516         -19.893         -12.408          -17.800
   83 (occ)     1         -17.816           7.491         -19.819         -12.375          -17.769
   84 (occ)     1         -17.775           7.484         -19.846         -12.399          -17.737
   85 (occ)     1         -17.760           7.428         -19.701         -12.297          -17.735
   86 (occ)     1         -17.750           7.443         -19.771         -12.363          -17.715
   87 (occ)     1         -17.733           7.439         -19.758         -12.355          -17.698
   88 (occ)     1         -17.667           7.426         -19.818         -12.411          -17.648
   89 (occ)     1         -17.664           7.393         -19.721         -12.349          -17.644
   90 (occ)     1         -17.658           7.469         -19.855         -12.425          -17.619
   91 (occ)     1         -17.642           7.409         -19.781         -12.399          -17.615
   92 (occ)     1         -17.628           7.401         -19.771         -12.394          -17.604
   93 (occ)     1         -17.604           7.375         -19.721         -12.370          -17.580
   94 (occ)     1         -17.595           7.430         -19.825         -12.427          -17.562
   95 (occ)     1         -17.564           7.338         -19.617         -12.286          -17.556
   96 (occ)     1         -17.554           7.336         -19.693         -12.372          -17.538
   97 (occ)     1         -17.550           7.311         -19.604         -12.288          -17.555
   98 (occ)     1         -17.539           7.327         -19.671         -12.353          -17.530
   99 (occ)     1         -17.501           7.314         -19.609         -12.299          -17.496
  100 (occ)     1         -17.500           7.430         -19.816         -12.434          -17.452
  101 (occ)     1         -17.479           7.350         -19.770         -12.433          -17.466
  102 (occ)     1         -17.470           7.374         -19.783         -12.437          -17.442
  103 (occ)     1         -17.452           7.268         -19.675         -12.391          -17.468
  104 (occ)     1         -17.446           7.306         -19.735         -12.427          -17.448
  105 (occ)     1         -17.442           7.254         -19.583         -12.322          -17.449
  106 (occ)     1         -17.437           7.381         -19.783         -12.436          -17.403
  107 (occ)     1         -17.403           7.256         -19.626         -12.365          -17.408
  108 (occ)     1         -17.369           7.232         -19.583         -12.336          -17.384
  109 (occ)     1         -17.365           7.260         -19.674         -12.416          -17.364
  110 (occ)     1         -17.362           7.403         -19.781         -12.435          -17.306
  111 (occ)     1         -17.312           7.322         -19.747         -12.448          -17.289
  112 (occ)     1         -17.305           7.281         -19.726         -12.445          -17.305
  113 (occ)     1         -17.295           7.343         -19.744         -12.435          -17.261
  114 (occ)     1         -17.291           7.216         -19.634         -12.408          -17.300
  115 (occ)     1         -17.271           7.180         -19.562         -12.359          -17.294
  116 (occ)     1         -17.259           7.237         -19.689         -12.449          -17.262
  117 (occ)     1         -17.248           7.380         -19.748         -12.430          -17.186
  118 (occ)     1         -17.235           7.169         -19.596         -12.405          -17.257
  119 (occ)     1         -17.204           7.179         -19.632         -12.428          -17.229
  120 (occ)     1         -17.179           7.330         -19.725         -12.436          -17.139
  121 (occ)     1         -17.172           7.278         -19.705         -12.447          -17.152
  122 (occ)     1         -17.163           7.372         -19.725         -12.421          -17.094
  123 (occ)     1         -17.151           7.120         -19.546         -12.398          -17.179
  124 (occ)     1         -17.142           7.111         -19.592         -12.430          -17.193
  125 (occ)     1         -17.135           7.210         -19.670         -12.453          -17.141
  126 (occ)     1         -17.113           7.122         -19.477         -12.321          -17.146
  127 (occ)     1         -17.106           7.252         -19.606         -12.377          -17.083
  128 (occ)     1         -17.100           7.216         -19.573         -12.366          -17.090
  129 (occ)     1         -17.092           7.314         -19.700         -12.427          -17.051
  130 (occ)     1         -17.087           7.162         -19.646         -12.457          -17.115
  131 (occ)     1         -17.074           7.091         -19.558         -12.428          -17.113
  132 (occ)     1         -17.061           7.109         -19.487         -12.344          -17.094
  133 (occ)     1         -17.057           7.096         -19.541         -12.424          -17.077
  134 (occ)     1         -17.053           7.229         -19.656         -12.437          -17.044
  135 (occ)     1         -17.032           7.305         -19.680         -12.419          -16.988
  136 (occ)     1         -17.009           7.072         -19.470         -12.362          -17.045
  137 (occ)     1         -16.994           7.182         -19.645         -12.461          -16.996
  138 (occ)     1         -16.989           7.087         -19.563         -12.455          -17.009
  139 (occ)     1         -16.981           7.063         -19.542         -12.438          -17.021
  140 (occ)     1         -16.961           7.087         -19.525         -12.407          -16.993
  141 (occ)     1         -16.959           7.158         -19.587         -12.422          -16.967
  142 (occ)     1         -16.933           7.070         -19.576         -12.460          -16.979
  143 (occ)     1         -16.912           7.026         -19.532         -12.454          -16.964
  144 (occ)     1         -16.899           7.228         -19.636         -12.429          -16.878
  145 (occ)     1         -16.896           6.991         -19.469         -12.432          -16.942
  146 (occ)     1         -16.873           7.146         -19.612         -12.459          -16.880
  147 (occ)     1         -16.865           7.021         -19.483         -12.422          -16.905
  148 (occ)     1         -16.834           6.934         -19.472         -12.457          -16.915
  149 (occ)     1         -16.829           7.024         -19.567         -12.485          -16.887
  150 (occ)     1         -16.794           6.937         -19.423         -12.432          -16.849
  151 (occ)     1         -16.779           7.128         -19.584         -12.449          -16.786
  152 (occ)     1         -16.769           6.925         -19.460         -12.467          -16.837
  153 (occ)     1         -16.764           7.047         -19.556         -12.474          -16.798
  154 (occ)     1         -16.743           6.939         -19.439         -12.466          -16.777
  155 (occ)     1         -16.711           7.119         -19.564         -12.439          -16.717
  156 (occ)     1         -16.695           6.919         -19.430         -12.469          -16.737
  157 (occ)     1         -16.684           6.931         -19.430         -12.469          -16.714
  158 (occ)     1         -16.671           6.944         -19.502         -12.486          -16.743
  159 (occ)     1         -16.653           6.838         -19.377         -12.454          -16.737
  160 (occ)     1         -16.641           7.013         -19.520         -12.470          -16.678
  161 (occ)     1         -16.633           6.851         -19.311         -12.399          -16.694
  162 (occ)     1         -16.632           6.823         -19.293         -12.393          -16.709
  163 (occ)     1         -16.609           6.833         -19.314         -12.418          -16.671
  164 (occ)     1         -16.597           6.811         -19.306         -12.427          -16.666
  165 (occ)     1         -16.594           6.844         -19.332         -12.437          -16.645
  166 (occ)     1         -16.565           6.813         -19.346         -12.470          -16.627
  167 (occ)     1         -16.558           6.874         -19.406         -12.469          -16.621
  168 (occ)     1         -16.553           6.881         -19.431         -12.487          -16.616
  169 (occ)     1         -16.540           6.968         -19.488         -12.474          -16.586
  170 (occ)     1         -16.530           6.836         -19.357         -12.472          -16.579
  171 (occ)     1         -16.502           6.838         -19.344         -12.494          -16.515
  172 (occ)     1         -16.500           6.812         -19.336         -12.489          -16.535
  173 (occ)     1         -16.484           6.879         -19.415         -12.484          -16.537
  174 (occ)     1         -16.479           6.843         -19.336         -12.494          -16.478
  175 (occ)     1         -16.466           6.977         -19.465         -12.456          -16.498
  176 (occ)     1         -16.456           6.823         -19.320         -12.496          -16.458
  177 (occ)     1         -16.423           6.794         -19.345         -12.514          -16.461
  178 (occ)     1         -16.412           6.800         -19.331         -12.507          -16.436
  179 (occ)     1         -16.394           6.798         -19.411         -12.518          -16.489
  180 (occ)     1         -16.365           6.862         -19.426         -12.491          -16.437
  181 (occ)     1         -16.335           6.743         -19.321         -12.520          -16.393
  182 (occ)     1         -16.295           6.745         -19.347         -12.531          -16.366
  183 (occ)     1         -16.268           6.728         -19.306         -12.511          -16.335
  184 (occ)     1         -16.257           6.839         -19.395         -12.483          -16.330
  185 (occ)     1         -16.238           6.705         -19.315         -12.500          -16.348
  186 (occ)     1         -16.202           6.681         -19.239         -12.493          -16.266
  187 (occ)     1         -16.173           6.837         -19.370         -12.466          -16.240
  188 (occ)     1         -16.166           6.649         -19.206         -12.458          -16.264
  189 (occ)     1         -16.152           6.669         -19.290         -12.523          -16.250
  190 (occ)     1         -16.147           6.674         -19.221         -12.481          -16.214
  191 (occ)     1         -16.134           6.644         -19.141         -12.412          -16.218
  192 (occ)     1         -16.058           6.686         -19.281         -12.507          -16.147
  193 (occ)     1         -16.014           6.603         -19.256         -12.537          -16.131
  194 (occ)     1         -15.943           6.649         -19.268         -12.505          -16.058
  195 (occ)     1         -15.899           6.370         -19.192         -12.523          -16.197
  196 (occ)     1         -15.874           6.228         -19.145         -12.514          -16.278
  197 (occ)     1         -15.855           6.407         -19.147         -12.516          -16.079
  198 (occ)     1         -15.832           6.625         -19.227         -12.486          -15.949
  199 (occ)     1         -15.757           6.259         -19.052         -12.504          -16.047
  200 (occ)     1         -15.755           6.250         -19.046         -12.503          -16.048
  201 (occ)     1         -15.739           6.456         -19.096         -12.507          -15.872
  202 (occ)     1         -15.604           6.344         -19.021         -12.495          -15.786
  203 (occ)     1         -15.568           6.295         -18.943         -12.469          -15.746
  204 (occ)     1         -15.316           6.333         -18.971         -12.462          -15.491
  205 (occ)     1         -15.204           6.214         -18.867         -12.443          -15.414
  206 (occ)     1         -15.113           6.111         -18.767         -12.509          -15.259
  207 (occ)     1         -15.066           6.126         -18.786         -12.427          -15.298
  208 (occ)     1         -15.049           6.058         -18.743         -12.495          -15.239
  209 (occ)     1         -14.984           6.071         -18.820         -12.496          -15.237
  210 (occ)     1         -14.957           6.125         -18.852         -12.489          -15.195
  211 (occ)     1         -14.915           6.166         -18.859         -12.478          -15.129
  212 (occ)     1         -14.914           6.027         -18.691         -12.415          -15.162
  213 (occ)     1         -14.903           6.067         -18.727         -12.457          -15.106
  214 (occ)     1         -14.871           6.068         -18.745         -12.444          -15.104
  215 (occ)     1         -14.824           5.976         -18.684         -12.413          -15.119
  216 (occ)     1         -14.771           5.988         -18.624         -12.443          -14.964
  217 (occ)     1         -14.768           5.916         -18.627         -12.418          -15.062
  218 (occ)     1         -14.750           5.915         -18.622         -12.398          -15.060
  219 (occ)     1         -14.671           5.899         -18.599         -12.550          -14.822
  220 (occ)     1         -14.667           5.815         -18.616         -12.436          -15.032
  221 (occ)     1         -14.654           5.817         -18.556         -12.396          -14.997
  222 (occ)     1         -14.629           5.852         -18.570         -12.535          -14.812
  223 (occ)     1         -14.615           5.899         -18.531         -12.428          -14.819
  224 (occ)     1         -14.611           5.820         -18.564         -12.404          -14.951
  225 (occ)     1         -14.599           5.803         -18.513         -12.388          -14.921
  226 (occ)     1         -14.562           5.789         -18.494         -12.383          -14.884
  227 (occ)     1         -14.551           5.816         -18.529         -12.507          -14.757
  228 (occ)     1         -14.543           5.738         -18.491         -12.399          -14.898
  229 (occ)     1         -14.530           5.824         -18.545         -12.412          -14.838
  230 (occ)     1         -14.523           5.867         -18.572         -12.434          -14.793
  231 (occ)     1         -14.508           5.834         -18.575         -12.453          -14.796
  232 (occ)     1         -14.499           5.941         -18.676         -12.491          -14.743
  233 (occ)     1         -14.496           5.875         -18.485         -12.392          -14.714
  234 (occ)     1         -14.480           5.681         -18.464         -12.403          -14.859
  235 (occ)     1         -14.464           5.946         -18.680         -12.497          -14.700
  236 (occ)     1         -14.445           5.875         -18.564         -12.460          -14.675
  237 (occ)     1         -14.439           5.902         -18.597         -12.470          -14.665
  238 (occ)     1         -14.429           5.796         -18.468         -12.475          -14.627
  239 (occ)     1         -14.379           5.788         -18.398         -12.381          -14.607
  240 (occ)     1         -14.320           5.756         -18.336         -12.358          -14.542
  241 (occ)     1         -14.319           5.731         -18.358         -12.387          -14.560
  242 (occ)     1         -14.306           5.728         -18.434         -12.556          -14.455
  243 (occ)     1         -14.289           5.733         -18.381         -12.448          -14.488
  244 (occ)     1         -14.276           5.685         -18.407         -12.545          -14.454
  245 (occ)     1         -14.270           5.724         -18.377         -12.424          -14.500
  246 (occ)     1         -14.250           5.681         -18.385         -12.427          -14.528
  247 (occ)     1         -14.219           5.685         -18.350         -12.449          -14.434
  248 (occ)     1         -14.216           5.666         -18.326         -12.392          -14.484
  249 (occ)     1         -14.215           5.682         -18.347         -12.447          -14.434
  250 (occ)     1         -14.169           5.655         -18.376         -12.446          -14.444
  251 (occ)     1         -14.137           5.654         -18.294         -12.447          -14.329
  252 (occ)     1         -14.128           5.659         -18.288         -12.425          -14.333
  253 (occ)     1         -14.101           5.643         -18.391         -12.478          -14.371
  254 (occ)     1         -14.092           5.604         -18.331         -12.425          -14.395
  255 (occ)     1         -14.063           5.622         -18.263         -12.402          -14.303
  256 (occ)     1         -14.041           5.641         -18.395         -12.494          -14.301
  257 (occ)     1         -14.037           5.599         -18.288         -12.543          -14.183
  258 (occ)     1         -14.023           5.572         -18.263         -12.509          -14.205
  259 (occ)     1         -14.017           5.565         -18.230         -12.403          -14.280
  260 (occ)     1         -14.010           5.616         -18.240         -12.420          -14.214
  261 (occ)     1         -13.985           5.640         -18.433         -12.524          -14.254
  262 (occ)     1         -13.984           5.577         -18.214         -12.466          -14.156
  263 (occ)     1         -13.958           5.579         -18.196         -12.395          -14.180
  264 (occ)     1         -13.944           5.638         -18.422         -12.525          -14.203
  265 (occ)     1         -13.941           5.545         -18.270         -12.437          -14.229
  266 (occ)     1         -13.925           5.571         -18.139         -12.394          -14.100
  267 (occ)     1         -13.906           5.658         -18.446         -12.534          -14.159
  268 (occ)     1         -13.880           5.557         -18.115         -12.364          -14.074
  269 (occ)     1         -13.870           5.501         -18.153         -12.481          -14.040
  270 (occ)     1         -13.868           5.515         -18.174         -12.407          -14.120
  271 (occ)     1         -13.867           5.503         -18.128         -12.444          -14.048
  272 (occ)     1         -13.847           5.517         -18.160         -12.394          -14.096
  273 (occ)     1         -13.843           5.541         -18.102         -12.412          -13.991
  274 (occ)     1         -13.833           5.544         -18.078         -12.349          -14.018
  275 (occ)     1         -13.814           5.499         -18.206         -12.435          -14.085
  276 (occ)     1         -13.806           5.530         -18.042         -12.341          -13.976
  277 (occ)     1         -13.787           5.459         -18.033         -12.386          -13.976
  278 (occ)     1         -13.786           5.459         -18.029         -12.380          -13.977
  279 (occ)     1         -13.760           5.537         -18.021         -12.401          -13.843
  280 (occ)     1         -13.759           5.486         -18.090         -12.370          -13.992
  281 (occ)     1         -13.748           5.492         -17.931         -12.270          -13.917
  282 (occ)     1         -13.746           5.543         -17.915         -12.262          -13.856
  283 (occ)     1         -13.744           5.462         -17.956         -12.323          -13.916
  284 (occ)     1         -13.741           5.503         -17.923         -12.268          -13.894
  285 (occ)     1         -13.729           5.526         -17.950         -12.244          -13.909
  286 (occ)     1         -13.723           5.508         -18.004         -12.302          -13.918
  287 (occ)     1         -13.712           5.557         -17.865         -12.234          -13.786
  288 (occ)     1         -13.711           5.534         -17.968         -12.377          -13.769
  289 (occ)     1         -13.703           5.542         -17.816         -12.150          -13.828
  290 (occ)     1         -13.693           5.434         -18.237         -12.486          -14.010
  291 (occ)     1         -13.683           5.559         -17.754         -12.095          -13.784
  292 (occ)     1         -13.672           5.419         -18.141         -12.438          -13.957
  293 (occ)     1         -13.660           5.511         -17.794         -12.120          -13.822
  294 (occ)     1         -13.641           5.393         -18.062         -12.396          -13.913
  295 (occ)     1         -13.633           5.527         -17.727         -12.059          -13.774
  296 (occ)     1         -13.622           5.547         -17.675         -12.010          -13.739
  297 (occ)     1         -13.595           5.475         -17.831         -12.165          -13.785
  298 (occ)     1         -13.582           5.403         -18.231         -12.511          -13.899
  299 (occ)     1         -13.560           5.409         -17.996         -12.351          -13.796
  300 (occ)     1         -13.549           5.483         -17.659         -12.008          -13.717
  301 (occ)     1         -13.545           5.431         -17.895         -12.260          -13.748
  302 (occ)     1         -13.532           5.507         -17.625         -11.980          -13.670
  303 (occ)     1         -13.526           5.517         -17.618         -11.976          -13.650
  304 (occ)     1         -13.489           5.385         -18.233         -12.528          -13.809
  305 (occ)     1         -13.478           5.310         -18.079         -12.459          -13.787
  306 (occ)     1         -13.440           5.319         -18.026         -12.424          -13.723
  307 (occ)     1         -13.438           5.410         -17.689         -12.080          -13.637
  308 (occ)     1         -13.419           5.380         -18.223         -12.532          -13.731
  309 (occ)     1         -13.415           5.450         -17.519         -11.906          -13.578
  310 (occ)     1         -13.396           5.460         -17.548         -11.950          -13.534
  311 (occ)     1         -13.389           5.456         -17.562         -11.969          -13.526
  312 (occ)     1         -13.365           5.374         -18.215         -12.539          -13.667
  313 (occ)     1         -13.345           5.345         -17.808         -12.240          -13.568
  314 (occ)     1         -13.336           5.302         -17.907         -12.359          -13.582
  315 (occ)     1         -13.323           5.374         -18.219         -12.542          -13.626
  316 (occ)     1         -13.302           5.244         -18.055         -12.490          -13.623
  317 (occ)     1         -13.259           5.350         -17.519         -11.963          -13.465
  318 (occ)     1         -13.251           5.388         -17.394         -11.845          -13.412
  319 (occ)     1         -13.223           5.384         -17.493         -11.966          -13.367
  320 (occ)     1         -13.220           5.200         -17.933         -12.439          -13.514
  321 (occ)     1         -13.215           5.378         -17.475         -11.946          -13.365
  322 (occ)     1         -13.160           5.179         -18.027         -12.509          -13.498
  323 (occ)     1         -13.125           5.236         -17.661         -12.200          -13.350
  324 (occ)     1         -13.103           5.204         -17.830         -12.358          -13.372
  325 (occ)     1         -13.058           5.301         -17.283         -11.813          -13.228
  326 (occ)     1         -13.052           5.263         -17.341         -11.883          -13.247
  327 (occ)     1         -13.022           5.158         -17.921         -12.451          -13.333
  328 (occ)     1         -13.016           5.260         -17.497         -12.059          -13.194
  329 (occ)     1         -13.011           5.282         -17.373         -11.933          -13.169
  330 (occ)     1         -13.007           5.102         -17.870         -12.462          -13.313
  331 (occ)     1         -12.905           5.100         -17.989         -12.549          -13.246
  332 (occ)     1         -12.887           5.151         -17.598         -12.184          -13.151
  333 (occ)     1         -12.863           5.070         -17.720         -12.374          -13.139
  334 (occ)     1         -12.832           5.239         -17.258         -11.781          -13.071
  335 (occ)     1         -12.823           5.190         -17.305         -11.854          -13.085
  336 (occ)     1         -12.813           5.080         -17.970         -12.553          -13.150
  337 (occ)     1         -12.797           5.010         -17.823         -12.494          -13.116
  338 (occ)     1         -12.783           5.195         -17.391         -11.973          -13.005
  339 (occ)     1         -12.779           5.205         -17.369         -11.940          -13.003
  340 (occ)     1         -12.746           5.069         -17.969         -12.568          -13.077
  341 (occ)     1         -12.700           5.077         -17.975         -12.568          -13.029
  342 (occ)     1         -12.632           5.005         -17.451         -12.186          -12.892
  343 (occ)     1         -12.622           4.937         -17.742         -12.479          -12.948
  344 (occ)     1         -12.613           4.945         -17.662         -12.421          -12.909
  345 (occ)     1         -12.580           5.088         -17.056         -11.772          -12.776
  346 (occ)     1         -12.569           5.037         -17.111         -11.839          -12.804
  347 (occ)     1         -12.526           5.038         -17.193         -11.958          -12.723
  348 (occ)     1         -12.523           5.050         -17.196         -11.949          -12.721
  349 (occ)     1         -12.449           4.865         -17.739         -12.533          -12.790
  350 (occ)     1         -12.371           4.835         -17.550         -12.416          -12.670
  351 (occ)     1         -12.366           4.873         -17.355         -12.206          -12.642
  352 (occ)     1         -12.306           4.937         -16.962         -11.808          -12.522
  353 (occ)     1         -12.304           4.828         -17.593         -12.441          -12.629
  354 (occ)     1         -12.293           4.888         -17.050         -11.902          -12.553
  355 (occ)     1         -12.250           4.895         -17.073         -11.967          -12.461
  356 (occ)     1         -12.247           4.906         -17.057         -11.938          -12.460
  357 (occ)     1         -12.183           4.779         -17.701         -12.573          -12.533
  358 (occ)     1         -12.146           4.728         -17.493         -12.446          -12.466
  359 (occ)     1         -12.098           4.753         -17.684         -12.585          -12.444
  360 (occ)     1         -12.090           4.737         -17.259         -12.236          -12.377
  361 (occ)     1         -12.045           4.757         -17.677         -12.574          -12.391
  362 (occ)     1         -12.012           4.782         -16.773         -11.764          -12.239
  363 (occ)     1         -12.000           4.733         -16.859         -11.856          -12.270
  364 (occ)     1         -11.959           4.746         -16.960         -11.991          -12.182
  365 (occ)     1         -11.955           4.747         -16.896         -11.919          -12.184
  366 (occ)     1         -11.928           4.636         -17.436         -12.474          -12.254
  367 (occ)     1         -11.820           4.600         -17.170         -12.269          -12.121
  368 (occ)     1         -11.737           4.550         -17.399         -12.513          -12.072
  369 (occ)     1         -11.704           4.603         -16.633         -11.778          -11.957
  370 (occ)     1         -11.697           4.561         -16.729         -11.882          -11.983
  371 (occ)     1         -11.658           4.589         -16.796         -11.974          -11.890
  372 (occ)     1         -11.650           4.578         -16.729         -11.906          -11.895
  373 (occ)     1         -11.570           4.491         -17.368         -12.532          -11.915
  374 (occ)     1         -11.548           4.473         -17.118         -12.333          -11.860
  375 (occ)     1         -11.447           4.446         -17.376         -12.582          -11.795
  376 (occ)     1         -11.391           4.394         -16.586         -11.889          -11.694
  377 (occ)     1         -11.387           4.406         -16.508         -11.827          -11.662
  378 (occ)     1         -11.372           4.438         -17.369         -12.584          -11.719
  379 (occ)     1         -11.349           4.418         -16.598         -11.936          -11.594
  380 (occ)     1         -11.337           4.399         -16.568         -11.906          -11.600
  381 (occ)     1         -11.293           4.346         -17.024         -12.361          -11.611
  382 (occ)     1         -11.084           4.208         -16.531         -11.996          -11.411
  383 (occ)     1         -11.073           4.216         -16.245         -11.750          -11.352
  384 (occ)     1         -11.053           4.246         -16.995         -12.419          -11.383
  385 (occ)     1         -11.038           4.228         -16.372         -11.883          -11.300
  386 (occ)     1         -11.023           4.210         -16.380         -11.892          -11.301
  387 (occ)     1         -10.856           4.166         -16.994         -12.490          -11.194
  388 (occ)     1         -10.787           4.039         -16.403         -12.018          -11.133
  389 (occ)     1         -10.772           4.008         -16.013         -11.703          -11.073
  390 (occ)     1         -10.736           4.029         -16.145         -11.837          -11.016
  391 (occ)     1         -10.721           4.111         -16.819         -12.384          -11.045
  392 (occ)     1         -10.716           4.042         -16.397         -12.040          -11.031
  393 (occ)     1         -10.542           3.593         -15.621         -11.415          -11.155
  394 (occ)     1         -10.528           3.515         -15.632         -11.439          -11.207
  395 (occ)     1         -10.518           3.764         -15.905         -11.690          -10.969
  396 (occ)     1         -10.512           3.742         -15.682         -11.432          -11.020
  397 (occ)     1         -10.505           3.777         -15.710         -11.566          -10.872
  398 (occ)     1         -10.499           3.697         -15.518         -11.266          -11.054
  399 (occ)     1         -10.483           3.629         -15.719         -11.538          -11.035
  400 (occ)     1         -10.482           3.689         -15.481         -11.268          -11.005
  401 (occ)     1         -10.473           3.642         -15.504         -11.299          -11.036
  402 (occ)     1         -10.466           3.652         -15.569         -11.360          -11.024
  403 (occ)     1         -10.459           3.831         -15.918         -11.781          -10.765
  404 (occ)     1         -10.450           3.510         -15.620         -11.475          -11.085
  405 (occ)     1         -10.450           3.655         -15.506         -11.328          -10.972
  406 (occ)     1         -10.428           3.786         -15.884         -11.756          -10.771
  407 (occ)     1         -10.421           3.596         -15.584         -11.377          -11.033
  408 (occ)     1         -10.409           3.579         -15.559         -11.361          -11.028
  409 (occ)     1         -10.379           3.617         -15.490         -11.333          -10.919
  410 (occ)     1         -10.366           3.511         -15.627         -11.500          -10.982
  411 (occ)     1         -10.347           3.498         -15.704         -11.556          -10.997
  412 (occ)     1         -10.345           3.529         -15.594         -11.430          -10.980
  413 (occ)     1         -10.324           3.492         -15.691         -11.558          -10.965
  414 (occ)     1         -10.321           3.499         -15.572         -11.495          -10.898
  415 (occ)     1         -10.299           3.592         -15.512         -11.531          -10.688
  416 (occ)     1         -10.296           3.571         -15.477         -11.388          -10.813
  417 (occ)     1         -10.291           3.587         -15.514         -11.436          -10.782
  418 (occ)     1         -10.289           3.511         -15.538         -11.502          -10.814
  419 (occ)     1         -10.278           3.526         -15.599         -11.526          -10.824
  420 (occ)     1         -10.276           3.624         -15.396         -11.344          -10.703
  421 (occ)     1         -10.271           3.614         -15.426         -11.381          -10.702
  422 (occ)     1         -10.270           3.494         -15.740         -11.633          -10.883
  423 (occ)     1         -10.264           3.467         -15.680         -11.592          -10.885
  424 (occ)     1         -10.262           3.595         -15.659         -11.655          -10.672
  425 (occ)     1         -10.251           3.558         -15.505         -11.435          -10.763
  426 (occ)     1         -10.240           3.528         -15.459         -11.434          -10.737
  427 (occ)     1         -10.239           3.612         -15.319         -11.315          -10.631
  428 (occ)     1         -10.230           3.473         -15.582         -11.520          -10.819
  429 (occ)     1         -10.225           3.634         -15.605         -11.573          -10.623
  430 (occ)     1         -10.221           3.695         -15.815         -11.779          -10.563
  431 (occ)     1         -10.219           3.510         -15.508         -11.473          -10.744
  432 (occ)     1         -10.201           3.532         -15.450         -11.400          -10.719
  433 (occ)     1         -10.194           3.552         -15.486         -11.482          -10.645
  434 (occ)     1         -10.187           3.553         -15.488         -11.543          -10.580
  435 (occ)     1         -10.178           3.548         -15.267         -11.427          -10.469
  436 (occ)     1         -10.173           3.494         -15.437         -11.487          -10.631
  437 (occ)     1         -10.158           3.577         -15.343         -11.363          -10.561
  438 (occ)     1         -10.151           3.475         -15.417         -11.443          -10.650
  439 (occ)     1         -10.136           3.490         -15.461         -11.438          -10.669
  440 (occ)     1         -10.125           3.496         -15.260         -11.445          -10.443
  441 (occ)     1         -10.119           3.403         -15.593         -11.545          -10.764
  442 (occ)     1         -10.103           3.446         -15.423         -11.504          -10.575
  443 (occ)     1         -10.091           3.452         -15.420         -11.489          -10.569
  444 (occ)     1         -10.075           3.355         -15.654         -11.584          -10.790
  445 (occ)     1         -10.058           3.483         -15.376         -11.444          -10.507
  446 (occ)     1         -10.057           3.451         -15.444         -11.483          -10.567
  447 (occ)     1         -10.040           3.323         -15.637         -11.589          -10.766
  448 (occ)     1         -10.026           3.441         -15.282         -11.483          -10.383
  449 (occ)     1         -10.023           3.461         -15.440         -11.476          -10.526
  450 (occ)     1         -10.018           3.503         -15.360         -11.419          -10.456
  451 (occ)     1         -10.018           3.508         -15.283         -11.389          -10.405
  452 (occ)     1         -10.007           3.389         -15.407         -11.521          -10.504
  453 (occ)     1         -10.000           3.409         -15.427         -11.588          -10.431
  454 (occ)     1          -9.990           3.455         -15.393         -11.438          -10.490
  455 (occ)     1          -9.984           3.395         -15.455         -11.514          -10.529
  456 (occ)     1          -9.973           3.454         -15.329         -11.461          -10.386
  457 (occ)     1          -9.966           3.429         -15.359         -11.498          -10.398
  458 (occ)     1          -9.949           3.410         -15.349         -11.524          -10.364
  459 (occ)     1          -9.948           3.442         -15.369         -11.463          -10.413
  460 (occ)     1          -9.940           3.392         -15.396         -11.510          -10.435
  461 (occ)     1          -9.938           3.423         -15.351         -11.471          -10.395
  462 (occ)     1          -9.935           3.344         -15.489         -11.595          -10.484
  463 (occ)     1          -9.918           3.371         -15.408         -11.649          -10.306
  464 (occ)     1          -9.913           3.396         -15.406         -11.520          -10.404
  465 (occ)     1          -9.901           3.355         -15.318         -11.566          -10.298
  466 (occ)     1          -9.896           3.393         -15.428         -11.531          -10.400
  467 (occ)     1          -9.887           3.381         -15.340         -11.547          -10.299
  468 (occ)     1          -9.879           3.379         -15.328         -11.497          -10.331
  469 (occ)     1          -9.878           3.351         -15.417         -11.573          -10.371
  470 (occ)     1          -9.867           3.315         -15.543         -11.631          -10.464
  471 (occ)     1          -9.860           3.323         -15.359         -11.563          -10.334
  472 (occ)     1          -9.836           3.316         -15.503         -11.621          -10.402
  473 (occ)     1          -9.820           3.287         -15.411         -11.613          -10.332
  474 (occ)     1          -9.816           3.385         -15.343         -11.529          -10.244
  475 (occ)     1          -9.809           3.306         -15.325         -11.553          -10.275
  476 (occ)     1          -9.805           3.373         -15.310         -11.497          -10.244
  477 (occ)     1          -9.804           3.331         -15.402         -11.659          -10.216
  478 (occ)     1          -9.782           3.322         -15.377         -11.593          -10.244
  479 (occ)     1          -9.781           3.284         -15.347         -11.620          -10.223
  480 (occ)     1          -9.775           3.375         -15.629         -11.809          -10.220
  481 (occ)     1          -9.764           3.287         -15.403         -11.665          -10.215
  482 (occ)     1          -9.745           3.288         -15.380         -11.640          -10.197
  483 (occ)     1          -9.741           3.276         -15.318         -11.595          -10.187
  484 (occ)     1          -9.722           3.267         -15.377         -11.720          -10.112
  485 (occ)     1          -9.717           3.309         -15.304         -11.565          -10.148
  486 (occ)     1          -9.712           3.310         -15.315         -11.586          -10.131
  487 (occ)     1          -9.711           3.254         -15.355         -11.628          -10.184
  488 (occ)     1          -9.705           3.295         -15.285         -11.573          -10.123
  489 (occ)     1          -9.701           3.288         -15.297         -11.578          -10.131
  490 (occ)     1          -9.700           3.301         -15.304         -11.577          -10.127
  491 (occ)     1          -9.693           3.285         -15.278         -11.567          -10.119
  492 (occ)     1          -9.683           3.257         -15.253         -11.593          -10.087
  493 (occ)     1          -9.668           3.268         -15.326         -11.619          -10.107
  494 (occ)     1          -9.666           3.236         -15.321         -11.638          -10.114
  495 (occ)     1          -9.647           3.283         -15.269         -11.634           -9.999
  496 (occ)     1          -9.639           3.214         -15.368         -11.673          -10.120
  497 (occ)     1          -9.635           3.237         -15.317         -11.667          -10.047
  498 (occ)     1          -9.630           3.223         -15.306         -11.658          -10.056
  499 (occ)     1          -9.618           3.263         -15.333         -11.652          -10.037
  500 (occ)     1          -9.606           3.226         -15.350         -11.680          -10.050
  501 (occ)     1          -9.600           3.222         -15.282         -11.641          -10.019
  502 (occ)     1          -9.592           3.244         -15.385         -11.732          -10.000
  503 (occ)     1          -9.589           3.200         -15.284         -11.662          -10.012
  504 (occ)     1          -9.581           3.236         -15.397         -11.758           -9.985
  505 (occ)     1          -9.578           3.205         -15.336         -11.691          -10.018
  506 (occ)     1          -9.560           3.210         -15.343         -11.723           -9.970
  507 (occ)     1          -9.555           3.216         -15.361         -11.746           -9.953
  508 (occ)     1          -9.546           3.196         -15.278         -11.712           -9.915
  509 (occ)     1          -9.538           3.202         -15.340         -11.729           -9.946
  510 (occ)     1          -9.532           3.200         -15.304         -11.703           -9.934
  511 (occ)     1          -9.522           3.184         -15.279         -11.651           -9.966
  512 (occ)     1          -9.511           3.205         -15.240         -11.638           -9.909
  513 (occ)     1          -9.508           3.177         -15.254         -11.652           -9.932
  514 (occ)     1          -9.501           3.186         -15.245         -11.666           -9.894
  515 (occ)     1          -9.499           3.192         -15.373         -11.783           -9.897
  516 (occ)     1          -9.494           3.236         -15.255         -11.725           -9.787
  517 (occ)     1          -9.491           3.146         -15.180         -11.659           -9.866
  518 (occ)     1          -9.486           3.198         -15.281         -11.676           -9.893
  519 (occ)     1          -9.479           3.196         -15.262         -11.708           -9.837
  520 (occ)     1          -9.461           3.128         -15.241         -11.716           -9.857
  521 (occ)     1          -9.461           3.146         -15.235         -11.692           -9.858
  522 (occ)     1          -9.452           3.238         -15.424         -11.793           -9.845
  523 (occ)     1          -9.451           3.120         -15.204         -11.713           -9.821
  524 (occ)     1          -9.440           3.127         -15.192         -11.669           -9.836
  525 (occ)     1          -9.438           3.173         -15.300         -11.754           -9.810
  526 (occ)     1          -9.436           3.103         -15.233         -11.715           -9.851
  527 (occ)     1          -9.426           3.276         -15.557         -11.954           -9.752
  528 (occ)     1          -9.418           3.301         -15.614         -11.968           -9.763
  529 (occ)     1          -9.416           3.124         -15.270         -11.736           -9.826
  530 (occ)     1          -9.407           3.131         -15.221         -11.736           -9.761
  531 (occ)     1          -9.404           3.117         -15.277         -11.766           -9.798
  532 (occ)     1          -9.398           3.150         -15.238         -11.703           -9.784
  533 (occ)     1          -9.396           3.071         -15.206         -11.745           -9.786
  534 (occ)     1          -9.389           3.088         -15.228         -11.769           -9.760
  535 (occ)     1          -9.377           3.154         -15.301         -11.806           -9.719
  536 (occ)     1          -9.374           3.161         -15.305         -11.797           -9.720
  537 (occ)     1          -9.357           3.033         -15.189         -11.744           -9.769
  538 (occ)     1          -9.356           3.076         -15.218         -11.736           -9.762
  539 (occ)     1          -9.352           3.061         -15.240         -11.786           -9.745
  540 (occ)     1          -9.352           3.072         -15.228         -11.753           -9.755
  541 (occ)     1          -9.345           3.133         -15.208         -11.725           -9.694
  542 (occ)     1          -9.339           3.102         -15.188         -11.725           -9.700
  543 (occ)     1          -9.337           3.091         -15.255         -11.809           -9.692
  544 (occ)     1          -9.312           2.985         -15.182         -11.795           -9.715
  545 (occ)     1          -9.309           3.070         -15.253         -11.827           -9.665
  546 (occ)     1          -9.305           3.025         -15.215         -11.814           -9.681
  547 (occ)     1          -9.282           3.023         -15.252         -11.824           -9.687
  548 (occ)     1          -9.275           2.945         -15.194         -11.827           -9.697
  549 (occ)     1          -9.264           3.080         -15.381         -11.903           -9.662
  550 (occ)     1          -9.262           3.040         -15.209         -11.727           -9.705
  551 (occ)     1          -9.256           3.013         -15.268         -11.848           -9.663
  552 (occ)     1          -9.237           3.345         -15.732         -12.072           -9.552
  553 (occ)     1          -9.233           3.096         -15.354         -11.864           -9.627
  554 (occ)     1          -9.232           2.985         -15.188         -11.810           -9.625
  555 (occ)     1          -9.200           2.969         -15.179         -11.814           -9.595
  556 (occ)     1          -9.178           3.042         -15.394         -11.920           -9.610
  557 (occ)     1          -9.171           2.987         -15.189         -11.779           -9.593
  558 (occ)     1          -9.164           2.961         -15.174         -11.810           -9.568
  559 (occ)     1          -9.161           3.098         -15.388         -11.915           -9.534
  560 (occ)     1          -9.154           3.586         -16.022         -12.211           -9.378
  561 (occ)     1          -9.151           2.970         -15.213         -11.824           -9.570
  562 (occ)     1          -9.142           3.017         -15.314         -11.886           -9.553
  563 (occ)     1          -9.077           3.085         -15.354         -11.877           -9.469
  564 (occ)     1          -9.044           3.325         -15.608         -11.987           -9.340
  565 (occ)     1          -9.039           3.492         -15.788         -12.061           -9.274
  566 (occ)     1          -9.018           3.468         -15.734         -12.024           -9.261
  567 (occ)     1          -9.000           3.036         -15.058         -11.649           -9.372
  568 (occ)     1          -8.987           3.056         -15.027         -11.605           -9.353
  569 (occ)     1          -8.962           2.991         -15.087         -11.707           -9.351
  570 (occ)     1          -8.933           2.933         -15.183         -11.843           -9.339
  571 (occ)     1          -8.929           3.508         -15.628         -11.913           -9.135
  572 (occ)     1          -8.914           3.002         -14.959         -11.577           -9.293
  573 (occ)     1          -8.889           3.099         -15.354         -11.917           -9.227
  574 (occ)     1          -8.882           2.948         -15.083         -11.734           -9.284
  575 (occ)     1          -8.858           2.894         -15.144         -11.856           -9.252
  576 (occ)     1          -8.852           3.339         -15.419         -11.828           -9.104
  577 (occ)     1          -8.822           2.872         -15.189         -11.900           -9.240
  578 (occ)     1          -8.808           2.978         -15.020         -11.653           -9.196
  579 (occ)     1          -8.798           3.329         -14.734         -11.092           -9.111
  580 (occ)     1          -8.795           3.426         -14.232         -10.539           -9.062
  581 (occ)     1          -8.794           3.238         -14.770         -11.219           -9.107
  582 (occ)     1          -8.781           3.398         -15.312         -11.695           -8.999
  583 (occ)     1          -8.748           3.030         -15.186         -11.811           -9.093
  584 (occ)     1          -8.705           3.146         -14.650         -11.163           -9.046
  585 (occ)     1          -8.705           3.220         -14.761         -11.204           -9.042
  586 (occ)     1          -8.702           3.267         -14.382         -10.821           -8.996
  587 (occ)     1          -8.693           3.202         -14.733         -11.201           -9.024
  588 (occ)     1          -8.682           3.139         -15.159         -11.732           -8.971
  589 (occ)     1          -8.671           2.963         -15.139         -11.825           -9.023
  590 (occ)     1          -8.668           2.948         -14.930         -11.601           -9.049
  591 (occ)     1          -8.642           2.891         -15.178         -11.906           -9.023
  592 (occ)     1          -8.620           3.290         -15.044         -11.525           -8.850
  593 (occ)     1          -8.620           2.833         -15.144         -11.913           -9.017
  594 (occ)     1          -8.614           3.240         -14.288         -10.707           -8.955
  595 (occ)     1          -8.590           2.914         -14.908         -11.606           -8.978
  596 (occ)     1          -8.588           3.057         -14.652         -11.273           -8.909
  597 (occ)     1          -8.553           3.124         -14.699         -11.282           -8.846
  598 (occ)     1          -8.548           3.137         -14.685         -11.256           -8.841
  599 (occ)     1          -8.541           3.035         -14.591         -11.150           -8.947
  600 (occ)     1          -8.521           3.071         -14.514         -11.066           -8.898
  601 (occ)     1          -8.515           3.136         -14.728         -11.236           -8.870
  602 (occ)     1          -8.504           3.116         -14.734         -11.264           -8.858
  603 (occ)     1          -8.502           3.122         -14.951         -11.555           -8.776
  604 (occ)     1          -8.478           2.923         -14.853         -11.583           -8.825
  605 (occ)     1          -8.468           3.037         -14.671         -11.291           -8.810
  606 (occ)     1          -8.459           3.018         -14.662         -11.284           -8.820
  607 (occ)     1          -8.456           3.069         -14.674         -11.268           -8.793
  608 (occ)     1          -8.450           3.197         -14.780         -11.340           -8.693
  609 (occ)     1          -8.432           2.984         -14.669         -11.322           -8.794
  610 (occ)     1          -8.406           2.849         -14.851         -11.646           -8.761
  611 (occ)     1          -8.389           2.695         -15.069         -12.005           -8.758
  612 (occ)     1          -8.366           2.877         -14.723         -11.479           -8.733
  613 (occ)     1          -8.349           3.020         -14.587         -11.141           -8.775
  614 (occ)     1          -8.335           2.844         -14.907         -11.716           -8.682
  615 (occ)     1          -8.330           2.874         -14.901         -11.699           -8.658
  616 (occ)     1          -8.324           3.014         -14.652         -11.300           -8.663
  617 (occ)     1          -8.315           2.909         -14.687         -11.418           -8.676
  618 (occ)     1          -8.309           2.970         -14.696         -11.395           -8.640
  619 (occ)     1          -8.308           3.024         -14.669         -11.297           -8.655
  620 (occ)     1          -8.300           2.885         -14.786         -11.568           -8.633
  621 (occ)     1          -8.291           2.983         -14.687         -11.365           -8.631
  622 (occ)     1          -8.271           3.061         -14.349         -10.934           -8.626
  623 (occ)     1          -8.269           3.109         -14.632         -11.283           -8.510
  624 (occ)     1          -8.263           2.940         -14.516         -11.220           -8.620
  625 (occ)     1          -8.216           2.729         -14.844         -11.764           -8.567
  626 (occ)     1          -8.213           2.676         -15.016         -11.979           -8.574
  627 (occ)     1          -8.194           2.914         -14.617         -11.389           -8.508
  628 (occ)     1          -8.193           2.902         -14.630         -11.385           -8.536
  629 (occ)     1          -8.167           2.983         -14.652         -11.248           -8.589
  630 (occ)     1          -8.164           2.837         -14.841         -11.704           -8.465
  631 (occ)     1          -8.150           2.849         -14.761         -11.556           -8.506
  632 (occ)     1          -8.147           2.916         -14.660         -11.388           -8.503
  633 (occ)     1          -8.138           2.915         -14.685         -11.374           -8.535
  634 (occ)     1          -8.132           2.846         -14.697         -11.500           -8.483
  635 (occ)     1          -8.116           2.881         -14.706         -11.444           -8.498
  636 (occ)     1          -8.108           2.891         -14.719         -11.435           -8.502
  637 (occ)     1          -8.106           2.964         -14.591         -11.267           -8.467
  638 (occ)     1          -8.105           2.946         -14.612         -11.295           -8.476
  639 (occ)     1          -8.099           2.996         -14.605         -11.243           -8.465
  640 (occ)     1          -8.092           2.709         -14.878         -11.825           -8.436
  641 (occ)     1          -8.086           2.894         -14.626         -11.375           -8.443
  642 (occ)     1          -8.076           3.013         -14.485         -11.228           -8.319
  643 (occ)     1          -8.053           2.800         -14.855         -11.663           -8.445
  644 (occ)     1          -8.052           2.786         -14.902         -11.708           -8.460
  645 (occ)     1          -8.048           2.732         -15.005         -11.939           -8.382
  646 (occ)     1          -8.040           2.907         -14.760         -11.465           -8.428
  647 (occ)     1          -8.027           2.838         -14.841         -11.610           -8.419
  648 (occ)     1          -8.017           2.769         -14.852         -11.717           -8.383
  649 (occ)     1          -8.012           2.776         -14.887         -11.737           -8.387
  650 (occ)     1          -8.006           2.850         -14.791         -11.552           -8.395
  651 (occ)     1          -7.999           2.800         -14.720         -11.565           -8.354
  652 (occ)     1          -7.997           2.869         -14.734         -11.509           -8.354
  653 (occ)     1          -7.983           2.734         -14.914         -11.823           -8.340
  654 (occ)     1          -7.981           2.854         -14.837         -11.573           -8.391
  655 (occ)     1          -7.975           2.815         -14.937         -11.699           -8.398
  656 (occ)     1          -7.971           2.873         -14.812         -11.563           -8.348
  657 (occ)     1          -7.955           2.741         -14.825         -11.709           -8.330
  658 (occ)     1          -7.943           2.834         -14.749         -11.542           -8.317
  659 (occ)     1          -7.940           2.863         -14.741         -11.466           -8.352
  660 (occ)     1          -7.933           2.847         -14.613         -11.416           -8.284
  661 (occ)     1          -7.922           2.747         -14.761         -11.638           -8.298
  662 (occ)     1          -7.919           2.786         -14.688         -11.556           -8.266
  663 (occ)     1          -7.911           2.811         -14.698         -11.507           -8.291
  664 (occ)     1          -7.901           2.810         -14.568         -11.427           -8.232
  665 (occ)     1          -7.898           2.809         -14.567         -11.450           -8.206
  666 (occ)     1          -7.892           2.771         -14.691         -11.568           -8.244
  667 (occ)     1          -7.888           2.800         -14.662         -11.503           -8.247
  668 (occ)     1          -7.877           2.769         -14.755         -11.612           -8.251
  669 (occ)     1          -7.871           2.903         -14.369         -11.215           -8.121
  670 (occ)     1          -7.866           2.800         -14.622         -11.498           -8.189
  671 (occ)     1          -7.857           2.786         -14.698         -11.557           -8.212
  672 (occ)     1          -7.857           2.844         -14.549         -11.373           -8.189
  673 (occ)     1          -7.851           2.648         -14.824         -11.834           -8.193
  674 (occ)     1          -7.845           2.763         -14.597         -11.515           -8.164
  675 (occ)     1          -7.838           2.769         -14.544         -11.436           -8.178
  676 (occ)     1          -7.835           2.757         -14.515         -11.421           -8.172
  677 (occ)     1          -7.827           2.772         -14.606         -11.487           -8.173
  678 (occ)     1          -7.818           2.767         -14.581         -11.474           -8.158
  679 (occ)     1          -7.815           2.718         -14.630         -11.562           -8.165
  680 (occ)     1          -7.814           2.723         -14.693         -11.643           -8.141
  681 (occ)     1          -7.805           2.768         -14.457         -11.349           -8.144
  682 (occ)     1          -7.788           2.760         -14.553         -11.468           -8.113
  683 (occ)     1          -7.788           2.792         -14.495         -11.413           -8.077
  684 (occ)     1          -7.782           2.705         -14.546         -11.518           -8.105
  685 (occ)     1          -7.778           2.787         -14.495         -11.400           -8.086
  686 (occ)     1          -7.764           2.736         -14.515         -11.470           -8.074
  687 (occ)     1          -7.760           2.763         -14.576         -11.479           -8.093
  688 (occ)     1          -7.752           2.771         -14.427         -11.334           -8.074
  689 (occ)     1          -7.747           2.752         -14.553         -11.511           -8.037
  690 (occ)     1          -7.746           2.777         -14.359         -11.247           -8.081
  691 (occ)     1          -7.740           2.668         -14.730         -11.745           -8.057
  692 (occ)     1          -7.739           2.763         -14.462         -11.381           -8.058
  693 (occ)     1          -7.735           2.775         -14.391         -11.265           -8.086
  694 (occ)     1          -7.734           2.706         -14.626         -11.601           -8.053
  695 (occ)     1          -7.728           2.712         -14.507         -11.459           -8.064
  696 (occ)     1          -7.720           2.725         -14.559         -11.491           -8.064
  697 (occ)     1          -7.711           2.750         -14.485         -11.418           -8.028
  698 (occ)     1          -7.710           2.598         -14.704         -11.783           -8.032
  699 (occ)     1          -7.701           2.605         -14.640         -11.718           -8.017
  700 (occ)     1          -7.698           2.741         -14.509         -11.457           -8.009
  701 (occ)     1          -7.689           2.693         -14.489         -11.478           -8.007
  702 (occ)     1          -7.688           2.715         -14.427         -11.376           -8.024
  703 (occ)     1          -7.679           2.744         -14.331         -11.235           -8.031
  704 (occ)     1          -7.669           2.678         -14.570         -11.612           -7.948
  705 (occ)     1          -7.667           2.700         -14.579         -11.572           -7.973
  706 (occ)     1          -7.666           2.666         -14.444         -11.443           -8.001
  707 (occ)     1          -7.656           2.671         -14.601         -11.632           -7.954
  708 (occ)     1          -7.656           2.745         -14.486         -11.403           -7.994
  709 (occ)     1          -7.643           2.701         -14.603         -11.577           -7.968
  710 (occ)     1          -7.637           2.706         -14.452         -11.410           -7.973
  711 (occ)     1          -7.631           2.700         -14.494         -11.505           -7.921
  712 (occ)     1          -7.626           2.685         -14.653         -11.648           -7.947
  713 (occ)     1          -7.621           2.697         -14.570         -11.513           -7.981
  714 (occ)     1          -7.618           2.619         -14.520         -11.549           -7.970
  715 (occ)     1          -7.611           2.665         -14.488         -11.475           -7.958
  716 (occ)     1          -7.597           2.697         -14.546         -11.533           -7.912
  717 (occ)     1          -7.589           2.678         -14.568         -11.573           -7.906
  718 (occ)     1          -7.584           2.712         -14.310         -11.301           -7.881
  719 (occ)     1          -7.578           2.704         -14.528         -11.494           -7.909
  720 (occ)     1          -7.578           2.692         -14.516         -11.489           -7.914
  721 (occ)     1          -7.576           2.671         -14.502         -11.489           -7.918
  722 (occ)     1          -7.571           2.700         -14.662         -11.656           -7.877
  723 (occ)     1          -7.569           2.673         -14.475         -11.452           -7.918
  724 (occ)     1          -7.561           2.611         -14.504         -11.565           -7.889
  725 (occ)     1          -7.549           2.714         -14.381         -11.363           -7.853
  726 (occ)     1          -7.543           2.584         -14.591         -11.680           -7.870
  727 (occ)     1          -7.536           2.656         -14.513         -11.523           -7.870
  728 (occ)     1          -7.533           2.673         -14.461         -11.449           -7.872
  729 (occ)     1          -7.519           2.682         -14.419         -11.416           -7.840
  730 (occ)     1          -7.516           2.642         -14.482         -11.493           -7.863
  731 (occ)     1          -7.512           2.696         -14.738         -11.767           -7.787
  732 (occ)     1          -7.508           2.558         -14.636         -11.759           -7.826
  733 (occ)     1          -7.497           2.489         -14.852         -12.036           -7.823
  734 (occ)     1          -7.492           2.624         -14.494         -11.554           -7.809
  735 (occ)     1          -7.490           2.641         -14.498         -11.538           -7.809
  736 (occ)     1          -7.486           2.622         -14.514         -11.578           -7.800
  737 (occ)     1          -7.479           2.582         -14.573         -11.659           -7.811
  738 (occ)     1          -7.476           2.633         -14.446         -11.489           -7.800
  739 (occ)     1          -7.467           2.672         -14.499         -11.489           -7.805
  740 (occ)     1          -7.462           2.665         -14.594         -11.623           -7.768
  741 (occ)     1          -7.460           2.646         -14.439         -11.461           -7.792
  742 (occ)     1          -7.444           2.664         -14.361         -11.389           -7.753
  743 (occ)     1          -7.440           2.632         -14.395         -11.435           -7.767
  744 (occ)     1          -7.427           2.638         -14.361         -11.410           -7.740
  745 (occ)     1          -7.422           2.658         -14.352         -11.398           -7.718
  746 (occ)     1          -7.422           2.452         -14.687         -11.904           -7.753
  747 (occ)     1          -7.418           2.611         -14.386         -11.461           -7.732
  748 (occ)     1          -7.409           2.581         -14.474         -11.568           -7.734
  749 (occ)     1          -7.403           2.631         -14.441         -11.488           -7.725
  750 (occ)     1          -7.399           2.617         -14.490         -11.580           -7.693
  751 (occ)     1          -7.389           2.541         -14.552         -11.693           -7.708
  752 (occ)     1          -7.386           2.636         -14.277         -11.329           -7.698
  753 (occ)     1          -7.382           2.640         -14.238         -11.326           -7.654
  754 (occ)     1          -7.380           2.667         -14.446         -11.481           -7.678
  755 (occ)     1          -7.374           2.621         -14.424         -11.495           -7.681
  756 (occ)     1          -7.371           2.609         -14.702         -11.788           -7.677
  757 (occ)     1          -7.371           2.625         -14.478         -11.557           -7.667
  758 (occ)     1          -7.367           2.661         -14.617         -11.658           -7.665
  759 (occ)     1          -7.364           2.503         -14.749         -11.924           -7.685
  760 (occ)     1          -7.363           2.673         -14.363         -11.404           -7.649
  761 (occ)     1          -7.353           2.587         -14.155         -11.308           -7.613
  762 (occ)     1          -7.328           2.585         -14.219         -11.311           -7.650
  763 (occ)     1          -7.323           2.567         -14.393         -11.528           -7.620
  764 (occ)     1          -7.319           2.566         -14.385         -11.513           -7.625
  765 (occ)     1          -7.305           2.654         -14.389         -11.468           -7.572
  766 (occ)     1          -7.301           2.397         -14.692         -11.974           -7.622
  767 (occ)     1          -7.292           2.566         -14.480         -11.585           -7.621
  768 (occ)     1          -7.283           2.514         -14.238         -11.446           -7.561
  769 (occ)     1          -7.274           2.608         -14.653         -11.744           -7.574
  770 (occ)     1          -7.263           2.445         -14.523         -11.815           -7.525
  771 (occ)     1          -7.251           2.511         -14.492         -11.665           -7.567
  772 (occ)     1          -7.248           2.498         -14.496         -11.679           -7.566
  773 (occ)     1          -7.243           2.419         -14.593         -11.847           -7.570
  774 (occ)     1          -7.236           2.625         -14.370         -11.437           -7.544
  775 (occ)     1          -7.233           2.524         -14.208         -11.392           -7.525
  776 (occ)     1          -7.209           2.443         -14.411         -11.647           -7.530
  777 (occ)     1          -7.205           2.601         -14.458         -11.580           -7.483
  778 (occ)     1          -7.200           2.485         -14.372         -11.586           -7.501
  779 (occ)     1          -7.192           2.610         -14.597         -11.707           -7.472
  780 (occ)     1          -7.191           2.326         -14.671         -12.001           -7.536
  781 (occ)     1          -7.187           2.539         -14.472         -11.639           -7.481
  782 (occ)     1          -7.176           2.615         -14.546         -11.683           -7.424
  783 (occ)     1          -7.145           2.500         -14.341         -11.564           -7.423
  784 (occ)     1          -7.144           2.278         -14.706         -12.116           -7.456
  785 (occ)     1          -7.137           2.422         -14.572         -11.837           -7.450
  786 (occ)     1          -7.130           2.571         -13.977         -11.154           -7.383
  787 (occ)     1          -7.123           2.257         -14.907         -12.377           -7.397
  788 (occ)     1          -7.095           2.532         -13.981         -11.168           -7.376
  789 (occ)     1          -7.091           2.447         -14.423         -11.655           -7.412
  790 (occ)     1          -7.081           2.447         -14.185         -11.421           -7.398
  791 (occ)     1          -7.047           2.369         -14.329         -11.659           -7.348
  792 (occ)     1          -7.028           2.341         -14.427         -11.785           -7.329
  793 (occ)     1          -7.021           2.442         -14.223         -11.489           -7.312
  794 (occ)     1          -7.003           2.442         -14.236         -11.487           -7.310
  795 (occ)     1          -7.003           2.439         -14.106         -11.355           -7.315
  796 (occ)     1          -6.997           2.464         -14.159         -11.401           -7.290
  797 (occ)     1          -6.993           2.207         -14.878         -12.396           -7.268
  798 (occ)     1          -6.981           2.435         -14.303         -11.581           -7.268
  799 (occ)     1          -6.974           2.454         -14.348         -11.633           -7.235
  800 (occ)     1          -6.969           2.450         -14.364         -11.615           -7.269
  801 (occ)     1          -6.943           2.152         -14.815         -12.344           -7.263
  802 (occ)     1          -6.880           2.202         -14.806         -12.316           -7.168
  803 (occ)     1          -6.858           2.432         -13.759         -11.091           -7.093
  804 (occ)     1          -6.848           2.272         -14.387         -11.799           -7.163
  805 (occ)     1          -6.830           2.396         -13.819         -11.163           -7.090
  806 (occ)     1          -6.830           2.162         -14.675         -12.224           -7.119
  807 (occ)     1          -6.820           2.360         -14.186         -11.555           -7.091
  808 (occ)     1          -6.800           2.354         -14.285         -11.625           -7.106
  809 (occ)     1          -6.781           2.306         -14.159         -11.590           -7.043
  810 (occ)     1          -6.767           2.201         -14.507         -12.009           -7.064
  811 (occ)     1          -6.755           2.228         -14.459         -11.975           -7.011
  812 (occ)     1          -6.754           2.222         -14.464         -11.974           -7.021
  813 (occ)     1          -6.745           2.116         -14.795         -12.368           -7.056
  814 (occ)     1          -6.728           2.336         -14.145         -11.540           -6.997
  815 (occ)     1          -6.711           2.335         -14.175         -11.566           -6.985
  816 (occ)     1          -6.652           2.066         -14.885         -12.547           -6.925
  817 (occ)     1          -6.605           2.266         -13.897         -11.340           -6.897
  818 (occ)     1          -6.587           2.286         -14.154         -11.438           -7.017
  819 (occ)     1          -6.583           2.358         -14.053         -11.269           -7.008
  820 (occ)     1          -6.577           2.324         -14.071         -11.280           -7.043
  821 (occ)     1          -6.575           2.368         -14.077         -11.283           -7.001
  822 (occ)     1          -6.560           2.078         -14.719         -12.346           -6.856
  823 (occ)     1          -6.559           2.324         -13.576         -11.067           -6.745
  824 (occ)     1          -6.527           2.296         -13.643         -11.110           -6.763
  825 (occ)     1          -6.519           2.314         -14.054         -11.241           -7.018
  826 (occ)     1          -6.516           2.308         -14.014         -11.250           -6.972
  827 (occ)     1          -6.477           2.028         -14.814         -12.514           -6.749
  828 (occ)     1          -6.472           2.206         -13.952         -11.413           -6.804
  829 (occ)     1          -6.460           2.270         -13.697         -11.159           -6.728
  830 (occ)     1          -6.443           2.279         -14.039         -11.234           -6.970
  831 (occ)     1          -6.440           2.273         -13.992         -11.206           -6.953
  832 (occ)     1          -6.418           2.010         -14.816         -12.536           -6.689
  833 (occ)     1          -6.397           2.200         -13.903         -11.276           -6.824
  834 (occ)     1          -6.387           2.209         -13.963         -11.288           -6.852
  835 (occ)     1          -6.385           2.215         -13.972         -11.309           -6.833
  836 (occ)     1          -6.382           2.140         -14.365         -11.919           -6.690
  837 (occ)     1          -6.380           2.157         -14.314         -11.781           -6.756
  838 (occ)     1          -6.370           2.215         -13.919         -11.294           -6.779
  839 (occ)     1          -6.344           2.215         -13.914         -11.385           -6.657
  840 (occ)     1          -6.341           2.219         -13.938         -11.386           -6.674
  841 (occ)     1          -6.321           2.215         -13.737         -11.178           -6.665
  842 (occ)     1          -6.313           2.211         -13.645         -11.170           -6.578
  843 (occ)     1          -6.306           2.221         -13.721         -11.112           -6.694
  844 (occ)     1          -6.270           2.202         -13.638         -11.121           -6.586
  845 (occ)     1          -6.257           2.218         -13.678         -11.102           -6.614
  846 (occ)     1          -6.248           2.209         -13.394         -11.076           -6.357
  847 (occ)     1          -6.241           2.216         -13.627         -11.085           -6.567
  848 (occ)     1          -6.230           2.202         -13.666         -11.207           -6.487
  849 (occ)     1          -6.227           2.219         -13.662         -11.153           -6.517
  850 (occ)     1          -6.219           2.110         -13.783         -11.410           -6.482
  851 (occ)     1          -6.215           2.190         -13.420         -11.096           -6.351
  852 (occ)     1          -6.208           2.208         -13.588         -11.060           -6.528
  853 (occ)     1          -6.201           2.199         -13.535         -11.028           -6.509
  854 (occ)     1          -6.194           2.223         -13.579         -11.070           -6.481
  855 (occ)     1          -6.183           2.193         -13.615         -11.153           -6.452
  856 (occ)     1          -6.163           2.198         -13.535         -11.042           -6.458
  857 (occ)     1          -6.156           2.218         -13.616         -11.092           -6.463
  858 (occ)     1          -6.143           2.183         -13.571         -11.125           -6.407
  859 (occ)     1          -6.140           2.186         -13.721         -11.193           -6.483
  860 (occ)     1          -6.131           2.187         -13.538         -11.159           -6.324
  861 (occ)     1          -6.119           2.140         -13.734         -11.297           -6.416
  862 (occ)     1          -6.117           2.172         -13.597         -11.095           -6.447
  863 (occ)     1          -6.101           2.169         -13.571         -11.099           -6.404
  864 (occ)     1          -6.100           2.159         -13.667         -11.194           -6.413
  865 (occ)     1          -6.099           2.134         -13.631         -11.194           -6.403
  866 (occ)     1          -6.084           2.122         -13.570         -11.118           -6.413
  867 (occ)     1          -6.076           2.149         -13.590         -11.173           -6.344
  868 (occ)     1          -6.075           2.140         -13.527         -11.115           -6.346
  869 (occ)     1          -6.061           2.193         -13.682         -11.170           -6.379
  870 (occ)     1          -6.048           2.152         -13.597         -11.131           -6.362
  871 (occ)     1          -6.035           2.147         -13.608         -11.142           -6.354
  872 (occ)     1          -6.033           2.159         -13.630         -11.168           -6.336
  873 (occ)     1          -6.030           2.152         -13.599         -11.147           -6.329
  874 (occ)     1          -6.022           2.141         -13.494         -11.155           -6.219
  875 (occ)     1          -6.012           2.170         -13.540         -11.106           -6.277
  876 (occ)     1          -6.012           2.118         -13.747         -11.343           -6.299
  877 (occ)     1          -6.003           2.131         -13.580         -11.129           -6.324
  878 (occ)     1          -5.999           2.183         -13.672         -11.209           -6.278
  879 (occ)     1          -5.997           2.170         -13.670         -11.177           -6.319
  880 (occ)     1          -5.985           2.134         -13.652         -11.255           -6.249
  881 (occ)     1          -5.972           2.111         -13.446         -10.985           -6.322
  882 (occ)     1          -5.962           2.114         -13.756         -11.396           -6.208
  883 (occ)     1          -5.957           2.112         -13.367         -10.927           -6.284
  884 (occ)     1          -5.954           2.118         -13.548         -11.177           -6.206
  885 (occ)     1          -5.951           2.109         -13.350         -10.929           -6.263
  886 (occ)     1          -5.946           2.072         -13.360         -11.075           -6.159
  887 (occ)     1          -5.936           2.106         -13.422         -11.022           -6.229
  888 (occ)     1          -5.935           2.138         -13.465         -11.014           -6.247
  889 (occ)     1          -5.932           2.114         -13.472         -11.110           -6.181
  890 (occ)     1          -5.927           2.156         -13.564         -11.119           -6.216
  891 (occ)     1          -5.922           2.039         -13.289         -11.098           -6.074
  892 (occ)     1          -5.907           2.095         -13.322         -10.935           -6.199
  893 (occ)     1          -5.906           2.142         -13.665         -11.230           -6.200
  894 (occ)     1          -5.903           2.099         -13.547         -11.114           -6.238
  895 (occ)     1          -5.899           2.097         -13.436         -11.050           -6.188
  896 (occ)     1          -5.897           2.111         -13.627         -11.280           -6.133
  897 (occ)     1          -5.895           2.083         -13.587         -11.200           -6.199
  898 (occ)     1          -5.886           2.113         -13.578         -11.221           -6.130
  899 (occ)     1          -5.882           2.094         -13.592         -11.256           -6.124
  900 (occ)     1          -5.877           2.056         -13.412         -11.142           -6.090
  901 (occ)     1          -5.869           2.088         -13.516         -11.164           -6.133
  902 (occ)     1          -5.866           2.081         -13.608         -11.229           -6.164
  903 (occ)     1          -5.861           2.044         -13.536         -11.194           -6.160
  904 (occ)     1          -5.857           2.084         -13.641         -11.265           -6.149
  905 (occ)     1          -5.852           2.104         -13.614         -11.252           -6.109
  906 (occ)     1          -5.848           2.075         -13.592         -11.195           -6.170
  907 (occ)     1          -5.841           2.036         -13.647         -11.348           -6.103
  908 (occ)     1          -5.834           2.105         -13.574         -11.196           -6.107
  909 (occ)     1          -5.832           2.052         -13.591         -11.286           -6.085
  910 (occ)     1          -5.824           2.082         -13.577         -11.278           -6.041
  911 (occ)     1          -5.823           2.034         -13.439         -11.127           -6.101
  912 (occ)     1          -5.821           2.031         -13.380         -11.069           -6.102
  913 (occ)     1          -5.809           2.033         -13.602         -11.314           -6.063
  914 (occ)     1          -5.809           2.062         -13.469         -11.171           -6.045
  915 (occ)     1          -5.806           2.100         -13.532         -11.174           -6.063
  916 (occ)     1          -5.802           2.047         -13.506         -11.217           -6.044
  917 (occ)     1          -5.802           2.032         -13.621         -11.365           -6.026
  918 (occ)     1          -5.792           2.033         -13.369         -11.088           -6.041
  919 (occ)     1          -5.788           2.117         -13.703         -11.316           -6.058
  920 (occ)     1          -5.784           2.043         -13.551         -11.284           -6.008
  921 (occ)     1          -5.781           2.046         -13.503         -11.269           -5.969
  922 (occ)     1          -5.779           2.045         -13.563         -11.299           -5.998
  923 (occ)     1          -5.770           2.021         -13.649         -11.381           -6.016
  924 (occ)     1          -5.765           2.100         -13.644         -11.263           -6.045
  925 (occ)     1          -5.760           2.023         -13.601         -11.312           -6.025
  926 (occ)     1          -5.756           2.081         -13.594         -11.298           -5.971
  927 (occ)     1          -5.752           2.045         -13.634         -11.348           -5.993
  928 (occ)     1          -5.742           2.007         -13.631         -11.359           -6.008
  929 (occ)     1          -5.741           2.131         -13.624         -11.202           -6.032
  930 (occ)     1          -5.736           2.027         -13.581         -11.317           -5.973
  931 (occ)     1          -5.727           2.055         -13.541         -11.302           -5.911
  932 (occ)     1          -5.719           2.030         -13.575         -11.321           -5.943
  933 (occ)     1          -5.717           2.096         -13.608         -11.255           -5.974
  934 (occ)     1          -5.704           2.054         -13.594         -11.333           -5.911
  935 (occ)     1          -5.690           2.097         -13.665         -11.295           -5.962
  936 (occ)     1          -5.679           2.059         -13.638         -11.300           -5.958
  937 (occ)     1          -5.678           2.046         -13.589         -11.294           -5.928
  938 (occ)     1          -5.670           1.960         -13.465         -11.259           -5.916
  939 (occ)     1          -5.669           1.998         -13.635         -11.380           -5.926
  940 (occ)     1          -5.652           2.032         -13.564         -11.292           -5.891
  941 (occ)     1          -5.648           2.051         -13.639         -11.348           -5.888
  942 (occ)     1          -5.642           1.928         -13.370         -11.247           -5.837
  943 (occ)     1          -5.641           1.926         -13.377         -11.246           -5.845
  944 (occ)     1          -5.639           2.011         -13.561         -11.334           -5.856
  945 (occ)     1          -5.636           2.072         -13.621         -11.313           -5.871
  946 (occ)     1          -5.629           1.992         -13.667         -11.442           -5.862
  947 (occ)     1          -5.623           2.070         -13.642         -11.325           -5.869
  948 (occ)     1          -5.607           1.949         -13.594         -11.383           -5.869
  949 (occ)     1          -5.600           2.046         -13.620         -11.349           -5.825
  950 (occ)     1          -5.595           2.077         -13.658         -11.314           -5.863
  951 (occ)     1          -5.590           2.012         -13.587         -11.367           -5.799
  952 (occ)     1          -5.586           2.016         -13.644         -11.398           -5.817
  953 (occ)     1          -5.571           1.938         -13.579         -11.400           -5.813
  954 (occ)     1          -5.565           1.942         -13.443         -11.307           -5.760
  955 (occ)     1          -5.565           1.944         -13.397         -11.286           -5.732
  956 (occ)     1          -5.565           2.021         -13.605         -11.369           -5.779
  957 (occ)     1          -5.555           1.889         -13.307         -11.260           -5.713
  958 (occ)     1          -5.551           1.938         -13.573         -11.435           -5.751
  959 (occ)     1          -5.550           2.004         -13.621         -11.406           -5.761
  960 (occ)     1          -5.548           1.984         -13.596         -11.418           -5.743
  961 (occ)     1          -5.548           1.944         -13.606         -11.458           -5.751
  962 (occ)     1          -5.542           1.884         -13.331         -11.303           -5.686
  963 (occ)     1          -5.541           1.948         -13.598         -11.443           -5.749
  964 (occ)     1          -5.536           2.007         -13.579         -11.393           -5.716
  965 (occ)     1          -5.536           1.988         -13.638         -11.427           -5.759
  966 (occ)     1          -5.533           1.970         -13.576         -11.410           -5.730
  967 (occ)     1          -5.526           1.883         -13.491         -11.406           -5.728
  968 (occ)     1          -5.519           1.887         -13.521         -11.408           -5.746
  969 (occ)     1          -5.519           1.993         -13.609         -11.396           -5.739
  970 (occ)     1          -5.516           2.015         -13.610         -11.391           -5.720
  971 (occ)     1          -5.510           1.919         -13.460         -11.387           -5.664
  972 (occ)     1          -5.509           2.033         -13.634         -11.390           -5.720
  973 (occ)     1          -5.502           1.905         -13.443         -11.411           -5.630
  974 (occ)     1          -5.501           2.032         -13.615         -11.405           -5.679
  975 (occ)     1          -5.497           1.924         -13.494         -11.408           -5.658
  976 (occ)     1          -5.495           1.996         -13.591         -11.432           -5.657
  977 (occ)     1          -5.489           2.013         -13.569         -11.417           -5.628
  978 (occ)     1          -5.486           1.898         -13.662         -11.548           -5.703
  979 (occ)     1          -5.481           1.903         -13.620         -11.518           -5.681
  980 (occ)     1          -5.474           1.926         -13.531         -11.468           -5.612
  981 (occ)     1          -5.465           1.876         -13.671         -11.584           -5.677
  982 (occ)     1          -5.455           2.002         -13.610         -11.472           -5.590
  983 (occ)     1          -5.454           2.003         -13.606         -11.467           -5.589
  984 (occ)     1          -5.451           2.039         -13.650         -11.460           -5.601
  985 (occ)     1          -5.444           2.046         -13.667         -11.448           -5.617
  986 (occ)     1          -5.427           1.879         -13.522         -11.477           -5.592
  987 (occ)     1          -5.403           1.843         -13.619         -11.520           -5.659
  988 (occ)     1          -5.380           1.804         -13.570         -11.577           -5.570
  989 (occ)     1          -5.366           1.854         -13.544         -11.515           -5.541
  990 (occ)     1          -5.359           1.768         -13.377         -11.443           -5.525
  991 (occ)     1          -5.353           1.828         -13.479         -11.498           -5.505
  992 (occ)     1          -5.317           1.796         -13.692         -11.677           -5.535
  993 (occ)     1          -5.309           1.837         -13.548         -11.544           -5.475
  994 (occ)     1          -5.303           1.785         -13.565         -11.569           -5.514
  995 (occ)     1          -5.300           1.789         -13.565         -11.542           -5.535
  996 (occ)     1          -5.286           1.784         -13.406         -11.486           -5.422
  997 (occ)     1          -5.263           1.757         -13.505         -11.545           -5.467
  998 (occ)     1          -5.259           1.690         -13.172         -11.340           -5.400
  999 (occ)     1          -5.258           1.848         -13.566         -11.564           -5.412
 1000 (occ)     1          -5.250           1.685         -13.078         -11.293           -5.350
 1001 (occ)     1          -5.244           1.730         -13.205         -11.399           -5.320
 1002 (occ)     1          -5.228           1.709         -13.206         -11.407           -5.318
 1003 (occ)     1          -5.209           1.778         -13.528         -11.585           -5.374
 1004 (occ)     1          -5.209           1.767         -13.679         -11.717           -5.404
 1005 (occ)     1          -5.205           1.770         -13.660         -11.693           -5.402
 1006 (occ)     1          -5.160           1.724         -13.658         -11.743           -5.352
 1007 (occ)     1          -5.120           1.708         -13.600         -11.693           -5.319
 1008 (occ)     1          -5.089           1.677         -13.540         -11.698           -5.254
 1009 (occ)     1          -5.088           1.741         -13.514         -11.621           -5.240
 1010 (occ)     1          -5.081           1.702         -13.410         -11.566           -5.224
 1011 (occ)     1          -5.040           1.666         -13.541         -11.699           -5.216
 1012 (occ)     1          -5.006           1.683         -13.679         -11.827           -5.175
 1013 (occ)     1          -5.002           1.660         -13.537         -11.715           -5.165
 1014 (occ)     1          -5.000           1.675         -13.412         -11.607           -5.131
 1015 (occ)     1          -4.997           1.700         -13.466         -11.630           -5.133
 1016 (occ)     1          -4.960           1.547         -13.081         -11.434           -5.060
 1017 (occ)     1          -4.939           1.521         -12.997         -11.408           -5.007
 1018 (occ)     1          -4.934           1.525         -12.923         -11.360           -4.972
 1019 (occ)     1          -4.909           1.642         -13.421         -11.646           -5.043
 1020 (occ)     1          -4.892           1.634         -13.626         -11.849           -5.036
 1021 (occ)     1          -4.876           1.621         -13.582         -11.822           -5.016
 1022 (occ)     1          -4.783           1.625         -13.452         -11.708           -4.902
 1023 (occ)     1          -4.783           1.544         -13.275         -11.620           -4.894
 1024 (occ)     1          -4.706           1.453         -13.095         -11.556           -4.792
 1025 (occ)     1          -4.666           1.392         -12.934         -11.487           -4.721
 1026 (occ)     1          -4.644           1.367         -12.818         -11.425           -4.669
 1027 (occ)     1          -4.622           1.520         -13.333         -11.715           -4.720
 1028 (occ)     1          -4.513           1.423         -13.183         -11.684           -4.589
 1029 (occ)     1          -4.448           1.352         -13.034         -11.632           -4.499
 1030 (occ)     1          -4.409           1.316         -12.917         -11.575           -4.435
 1031 (vir)     1          -3.294          -2.427          -6.474          -9.892           -2.303
 1032 (vir)     1          -3.246          -2.459          -6.440          -9.918           -2.226
 1033 (vir)     1          -3.146          -2.531          -6.386          -9.960           -2.104
 1034 (vir)     1          -3.115          -2.447          -6.516          -9.934           -2.144
 1035 (vir)     1          -3.097          -2.955          -6.423         -10.170           -2.305
 1036 (vir)     1          -3.092          -2.963          -6.435         -10.195           -2.295
 1037 (vir)     1          -3.078          -2.476          -6.466          -9.945           -2.075
 1038 (vir)     1          -2.998          -2.633          -6.320         -10.013           -1.938
 1039 (vir)     1          -2.996          -2.549          -6.393          -9.972           -1.967
 1040 (vir)     1          -2.962          -2.976          -6.394         -10.214           -2.120
 1041 (vir)     1          -2.957          -2.967          -6.415         -10.218           -2.121
 1042 (vir)     1          -2.936          -3.133          -6.153         -10.175           -2.048
 1043 (vir)     1          -2.929          -3.115          -6.212         -10.183           -2.073
 1044 (vir)     1          -2.928          -3.107          -6.155         -10.155           -2.036
 1045 (vir)     1          -2.916          -3.123          -6.222         -10.183           -2.078
 1046 (vir)     1          -2.894          -2.979          -6.378         -10.198           -2.054
 1047 (vir)     1          -2.890          -3.173          -6.146         -10.222           -1.986
 1048 (vir)     1          -2.876          -2.922          -6.373         -10.194           -1.978
 1049 (vir)     1          -2.874          -3.157          -6.227         -10.260           -1.998
 1050 (vir)     1          -2.870          -2.734          -6.351         -10.090           -1.866
 1051 (vir)     1          -2.866          -2.554          -6.465          -9.965           -1.920
 1052 (vir)     1          -2.855          -3.090          -6.164         -10.157           -1.952
 1053 (vir)     1          -2.838          -2.568          -6.412          -9.958           -1.859
 1054 (vir)     1          -2.830          -3.091          -6.210         -10.206           -1.925
 1055 (vir)     1          -2.808          -2.816          -6.264         -10.114           -1.773
 1056 (vir)     1          -2.805          -2.956          -6.291         -10.180           -1.872
 1057 (vir)     1          -2.782          -2.991          -6.352         -10.229           -1.896
 1058 (vir)     1          -2.772          -2.649          -6.329          -9.976           -1.773
 1059 (vir)     1          -2.751          -3.075          -6.176         -10.160           -1.842
 1060 (vir)     1          -2.740          -3.022          -6.358         -10.267           -1.853
 1061 (vir)     1          -2.734          -3.010          -6.363         -10.260           -1.847
 1062 (vir)     1          -2.722          -3.097          -6.210         -10.225           -1.804
 1063 (vir)     1          -2.718          -3.103          -6.186         -10.209           -1.797
 1064 (vir)     1          -2.716          -3.106          -6.255         -10.260           -1.817
 1065 (vir)     1          -2.713          -3.098          -6.203         -10.219           -1.795
 1066 (vir)     1          -2.701          -2.803          -6.234         -10.085           -1.653
 1067 (vir)     1          -2.672          -2.725          -6.269         -10.025           -1.642
 1068 (vir)     1          -2.660          -3.156          -6.185         -10.293           -1.708
 1069 (vir)     1          -2.657          -3.132          -6.321         -10.350           -1.760
 1070 (vir)     1          -2.652          -3.088          -6.176         -10.197           -1.719
 1071 (vir)     1          -2.639          -3.098          -6.224         -10.235           -1.726
 1072 (vir)     1          -2.635          -3.177          -6.280         -10.389           -1.704
 1073 (vir)     1          -2.612          -2.781          -6.315         -10.033           -1.675
 1074 (vir)     1          -2.600          -3.004          -6.252         -10.188           -1.668
 1075 (vir)     1          -2.591          -3.107          -6.268         -10.271           -1.694
 1076 (vir)     1          -2.584          -2.921          -6.254         -10.239           -1.521
 1077 (vir)     1          -2.576          -2.701          -6.270          -9.935           -1.612
 1078 (vir)     1          -2.556          -3.096          -6.111         -10.158           -1.604
 1079 (vir)     1          -2.546          -3.092          -6.339         -10.337           -1.639
 1080 (vir)     1          -2.538          -2.821          -6.204         -10.076           -1.487
 1081 (vir)     1          -2.534          -3.111          -6.283         -10.310           -1.618
 1082 (vir)     1          -2.520          -3.114          -6.215         -10.261           -1.587
 1083 (vir)     1          -2.516          -2.785          -6.229          -9.992           -1.538
 1084 (vir)     1          -2.510          -3.065          -6.278         -10.286           -1.568
 1085 (vir)     1          -2.509          -2.916          -6.248         -10.225           -1.448
 1086 (vir)     1          -2.480          -3.115          -6.376         -10.403           -1.568
 1087 (vir)     1          -2.471          -3.128          -6.265         -10.319           -1.545
 1088 (vir)     1          -2.462          -3.087          -6.295         -10.303           -1.541
 1089 (vir)     1          -2.454          -3.118          -6.295         -10.308           -1.559
 1090 (vir)     1          -2.435          -2.814          -6.178          -9.998           -1.428
 1091 (vir)     1          -2.430          -3.118          -6.230         -10.290           -1.487
 1092 (vir)     1          -2.427          -3.133          -6.341         -10.460           -1.441
 1093 (vir)     1          -2.413          -3.130          -6.160         -10.253           -1.451
 1094 (vir)     1          -2.394          -2.987          -6.205         -10.136           -1.450
 1095 (vir)     1          -2.392          -3.137          -6.192         -10.303           -1.418
 1096 (vir)     1          -2.391          -3.155          -6.198         -10.310           -1.434
 1097 (vir)     1          -2.384          -3.085          -6.281         -10.320           -1.429
 1098 (vir)     1          -2.383          -3.133          -6.217         -10.322           -1.411
 1099 (vir)     1          -2.376          -2.948          -6.180         -10.181           -1.322
 1100 (vir)     1          -2.375          -3.136          -6.265         -10.363           -1.413
 1101 (vir)     1          -2.333          -3.157          -6.208         -10.315           -1.383
 1102 (vir)     1          -2.328          -2.885          -6.133         -10.055           -1.291
 1103 (vir)     1          -2.322          -3.048          -6.171         -10.181           -1.360
 1104 (vir)     1          -2.316          -2.962          -6.124         -10.064           -1.338
 1105 (vir)     1          -2.313          -3.123          -6.237         -10.337           -1.336
 1106 (vir)     1          -2.294          -3.157          -6.133         -10.267           -1.317
 1107 (vir)     1          -2.291          -3.173          -6.224         -10.331           -1.357
 1108 (vir)     1          -2.274          -3.161          -6.183         -10.293           -1.325
 1109 (vir)     1          -2.269          -3.179          -6.203         -10.334           -1.317
 1110 (vir)     1          -2.251          -3.188          -6.214         -10.353           -1.300
 1111 (vir)     1          -2.247          -3.206          -6.258         -10.386           -1.325
 1112 (vir)     1          -2.246          -2.912          -6.077          -9.964           -1.271
 1113 (vir)     1          -2.235          -3.231          -6.214         -10.390           -1.291
 1114 (vir)     1          -2.231          -3.341          -6.641         -10.868           -1.345
 1115 (vir)     1          -2.220          -3.420          -6.856         -11.119           -1.378
 1116 (vir)     1          -2.215          -3.116          -6.136         -10.244           -1.223
 1117 (vir)     1          -2.210          -3.202          -6.356         -10.499           -1.270
 1118 (vir)     1          -2.197          -3.159          -5.820          -9.968           -1.208
 1119 (vir)     1          -2.190          -3.143          -6.060         -10.210           -1.182
 1120 (vir)     1          -2.190          -3.204          -6.212         -10.354           -1.252
 1121 (vir)     1          -2.182          -3.207          -6.145         -10.285           -1.249
 1122 (vir)     1          -2.178          -3.334          -6.667         -10.908           -1.271
 1123 (vir)     1          -2.176          -2.964          -6.117         -10.078           -1.179
 1124 (vir)     1          -2.174          -3.398          -6.188         -10.413           -1.346
 1125 (vir)     1          -2.174          -3.334          -6.518         -10.772           -1.254
 1126 (vir)     1          -2.158          -3.209          -6.142         -10.317           -1.193
 1127 (vir)     1          -2.154          -3.356          -6.416         -10.673           -1.253
 1128 (vir)     1          -2.147          -3.270          -6.236         -10.440           -1.214
 1129 (vir)     1          -2.139          -3.214          -6.238         -10.431           -1.160
 1130 (vir)     1          -2.136          -3.430          -6.179         -10.437           -1.308
 1131 (vir)     1          -2.127          -3.212          -6.211         -10.392           -1.158
 1132 (vir)     1          -2.124          -3.213          -5.966         -10.143           -1.160
 1133 (vir)     1          -2.118          -3.349          -6.687         -10.968           -1.186
 1134 (vir)     1          -2.112          -3.289          -6.248         -10.465           -1.185
 1135 (vir)     1          -2.107          -3.285          -6.276         -10.494           -1.173
 1136 (vir)     1          -2.097          -3.179          -6.199         -10.331           -1.144
 1137 (vir)     1          -2.094          -3.036          -6.092         -10.134           -1.087
 1138 (vir)     1          -2.088          -3.286          -6.305         -10.505           -1.174
 1139 (vir)     1          -2.077          -3.293          -6.382         -10.611           -1.141
 1140 (vir)     1          -2.073          -3.288          -6.209         -10.406           -1.165
 1141 (vir)     1          -2.072          -3.263          -6.214         -10.408           -1.141
 1142 (vir)     1          -2.060          -3.367          -6.370         -10.624           -1.173
 1143 (vir)     1          -2.057          -3.275          -6.211         -10.436           -1.106
 1144 (vir)     1          -2.036          -3.345          -6.381         -10.663           -1.100
 1145 (vir)     1          -2.033          -3.295          -6.310         -10.546           -1.092
 1146 (vir)     1          -2.030          -3.207          -6.126         -10.321           -1.041
 1147 (vir)     1          -2.022          -3.129          -6.099         -10.246           -1.005
 1148 (vir)     1          -2.021          -3.283          -6.229         -10.441           -1.092
 1149 (vir)     1          -2.004          -3.249          -6.159         -10.389           -1.024
 1150 (vir)     1          -1.998          -3.263          -6.275         -10.484           -1.052
 1151 (vir)     1          -1.994          -3.182          -6.083         -10.247           -1.012
 1152 (vir)     1          -1.983          -3.176          -6.145         -10.270           -1.034
 1153 (vir)     1          -1.972          -3.185          -6.190         -10.355           -0.992
 1154 (vir)     1          -1.971          -3.282          -6.168         -10.401           -1.020
 1155 (vir)     1          -1.966          -3.324          -6.119         -10.335           -1.075
 1156 (vir)     1          -1.957          -3.242          -6.076         -10.320           -0.955
 1157 (vir)     1          -1.947          -3.268          -6.113         -10.354           -0.974
 1158 (vir)     1          -1.939          -3.255          -6.108         -10.356           -0.946
 1159 (vir)     1          -1.934          -3.261          -6.060         -10.297           -0.958
 1160 (vir)     1          -1.924          -3.293          -6.095         -10.350           -0.962
 1161 (vir)     1          -1.920          -3.311          -6.162         -10.416           -0.976
 1162 (vir)     1          -1.917          -3.243          -6.079         -10.339           -0.900
 1163 (vir)     1          -1.914          -3.088          -5.949         -10.039           -0.911
 1164 (vir)     1          -1.897          -3.458          -6.593         -10.959           -0.988
 1165 (vir)     1          -1.897          -3.185          -6.031         -10.256           -0.856
 1166 (vir)     1          -1.888          -3.340          -6.228         -10.533           -0.924
 1167 (vir)     1          -1.885          -3.278          -6.135         -10.390           -0.908
 1168 (vir)     1          -1.882          -3.292          -6.155         -10.449           -0.879
 1169 (vir)     1          -1.877          -3.270          -6.108         -10.403           -0.852
 1170 (vir)     1          -1.876          -3.399          -6.369         -10.714           -0.930
 1171 (vir)     1          -1.871          -3.376          -6.297         -10.646           -0.898
 1172 (vir)     1          -1.858          -3.326          -5.940         -10.231           -0.894
 1173 (vir)     1          -1.847          -3.162          -6.019         -10.177           -0.850
 1174 (vir)     1          -1.846          -3.354          -6.210         -10.524           -0.886
 1175 (vir)     1          -1.842          -3.276          -6.200         -10.483           -0.834
 1176 (vir)     1          -1.837          -3.275          -6.068         -10.334           -0.846
 1177 (vir)     1          -1.833          -3.284          -6.019         -10.327           -0.809
 1178 (vir)     1          -1.830          -3.286          -6.098         -10.415           -0.799
 1179 (vir)     1          -1.807          -3.295          -5.998         -10.233           -0.868
 1180 (vir)     1          -1.803          -3.276          -6.061         -10.324           -0.816
 1181 (vir)     1          -1.802          -3.257          -6.063         -10.339           -0.783
 1182 (vir)     1          -1.796          -3.396          -6.144         -10.469           -0.866
 1183 (vir)     1          -1.791          -3.352          -6.240         -10.545           -0.838
 1184 (vir)     1          -1.785          -3.274          -6.047         -10.321           -0.785
 1185 (vir)     1          -1.777          -3.339          -6.169         -10.473           -0.812
 1186 (vir)     1          -1.770          -3.312          -6.113         -10.422           -0.773
 1187 (vir)     1          -1.767          -3.311          -6.115         -10.402           -0.791
 1188 (vir)     1          -1.764          -3.365          -6.184         -10.511           -0.802
 1189 (vir)     1          -1.751          -3.376          -5.856         -10.138           -0.845
 1190 (vir)     1          -1.749          -3.364          -5.983         -10.281           -0.815
 1191 (vir)     1          -1.740          -3.226          -5.942         -10.159           -0.750
 1192 (vir)     1          -1.737          -3.388          -6.200         -10.526           -0.800
 1193 (vir)     1          -1.732          -3.446          -6.137         -10.490           -0.825
 1194 (vir)     1          -1.731          -3.275          -5.975         -10.254           -0.727
 1195 (vir)     1          -1.723          -3.331          -6.112         -10.455           -0.712
 1196 (vir)     1          -1.721          -3.334          -6.096         -10.411           -0.740
 1197 (vir)     1          -1.709          -3.386          -6.137         -10.499           -0.734
 1198 (vir)     1          -1.707          -3.372          -6.169         -10.503           -0.744
 1199 (vir)     1          -1.704          -3.379          -6.137         -10.464           -0.757
 1200 (vir)     1          -1.694          -3.353          -6.099         -10.445           -0.702
 1201 (vir)     1          -1.688          -3.384          -6.157         -10.495           -0.734
 1202 (vir)     1          -1.685          -3.364          -6.151         -10.498           -0.702
 1203 (vir)     1          -1.680          -3.357          -6.124         -10.466           -0.694
 1204 (vir)     1          -1.679          -3.402          -5.986         -10.325           -0.742
 1205 (vir)     1          -1.675          -3.364          -6.070         -10.395           -0.713
 1206 (vir)     1          -1.674          -3.345          -6.092         -10.437           -0.675
 1207 (vir)     1          -1.664          -3.409          -6.271         -10.653           -0.692
 1208 (vir)     1          -1.659          -3.368          -6.162         -10.510           -0.679
 1209 (vir)     1          -1.653          -3.420          -6.181         -10.563           -0.690
 1210 (vir)     1          -1.650          -3.379          -6.134         -10.486           -0.677
 1211 (vir)     1          -1.641          -3.363          -6.084         -10.445           -0.643
 1212 (vir)     1          -1.640          -3.420          -6.181         -10.563           -0.678
 1213 (vir)     1          -1.638          -3.452          -6.262         -10.690           -0.662
 1214 (vir)     1          -1.633          -3.443          -6.193         -10.603           -0.667
 1215 (vir)     1          -1.629          -3.407          -6.209         -10.601           -0.643
 1216 (vir)     1          -1.624          -3.408          -6.138         -10.502           -0.667
 1217 (vir)     1          -1.622          -3.383          -6.154         -10.494           -0.665
 1218 (vir)     1          -1.618          -3.421          -6.197         -10.593           -0.643
 1219 (vir)     1          -1.617          -3.361          -6.018         -10.374           -0.622
 1220 (vir)     1          -1.612          -3.429          -6.187         -10.596           -0.632
 1221 (vir)     1          -1.610          -3.429          -6.113         -10.491           -0.661
 1222 (vir)     1          -1.607          -3.364          -6.110         -10.459           -0.622
 1223 (vir)     1          -1.604          -3.359          -5.988         -10.336           -0.615
 1224 (vir)     1          -1.595          -3.370          -6.151         -10.512           -0.605
 1225 (vir)     1          -1.592          -3.410          -6.290         -10.654           -0.638
 1226 (vir)     1          -1.588          -3.405          -6.196         -10.589           -0.600
 1227 (vir)     1          -1.585          -3.395          -6.076         -10.440           -0.616
 1228 (vir)     1          -1.579          -3.427          -6.130         -10.535           -0.601
 1229 (vir)     1          -1.579          -3.460          -6.141         -10.547           -0.633
 1230 (vir)     1          -1.577          -3.257          -5.976         -10.220           -0.590
 1231 (vir)     1          -1.569          -3.377          -5.993         -10.357           -0.582
 1232 (vir)     1          -1.555          -3.432          -6.185         -10.547           -0.624
 1233 (vir)     1          -1.553          -3.462          -6.218         -10.618           -0.615
 1234 (vir)     1          -1.548          -3.412          -6.184         -10.588           -0.556
 1235 (vir)     1          -1.540          -3.383          -6.071         -10.451           -0.543
 1236 (vir)     1          -1.535          -3.429          -6.167         -10.546           -0.584
 1237 (vir)     1          -1.532          -3.441          -6.082         -10.485           -0.569
 1238 (vir)     1          -1.531          -3.393          -6.108         -10.506           -0.526
 1239 (vir)     1          -1.526          -3.331          -5.914         -10.246           -0.525
 1240 (vir)     1          -1.524          -3.499          -6.244         -10.685           -0.582
 1241 (vir)     1          -1.522          -3.409          -6.137         -10.540           -0.529
 1242 (vir)     1          -1.517          -3.363          -6.031         -10.371           -0.541
 1243 (vir)     1          -1.513          -3.388          -6.040         -10.429           -0.512
 1244 (vir)     1          -1.510          -3.402          -6.068         -10.420           -0.560
 1245 (vir)     1          -1.507          -3.474          -6.307         -10.730           -0.559
 1246 (vir)     1          -1.500          -3.458          -6.098         -10.499           -0.558
 1247 (vir)     1          -1.497          -3.376          -6.041         -10.420           -0.494
 1248 (vir)     1          -1.496          -3.408          -6.042         -10.372           -0.574
 1249 (vir)     1          -1.481          -3.454          -6.214         -10.647           -0.501
 1250 (vir)     1          -1.471          -3.422          -6.150         -10.551           -0.492
 1251 (vir)     1          -1.468          -3.438          -6.114         -10.524           -0.496
 1252 (vir)     1          -1.462          -3.447          -6.129         -10.579           -0.460
 1253 (vir)     1          -1.456          -3.393          -6.086         -10.488           -0.447
 1254 (vir)     1          -1.455          -3.398          -6.112         -10.509           -0.456
 1255 (vir)     1          -1.447          -3.504          -6.267         -10.750           -0.468
 1256 (vir)     1          -1.447          -3.462          -6.173         -10.616           -0.466
 1257 (vir)     1          -1.431          -3.506          -6.321         -10.809           -0.450
 1258 (vir)     1          -1.431          -3.369          -5.998         -10.372           -0.426
 1259 (vir)     1          -1.419          -3.401          -5.979         -10.396           -0.403
 1260 (vir)     1          -1.415          -3.490          -6.283         -10.740           -0.449
 1261 (vir)     1          -1.404          -3.439          -6.070         -10.522           -0.391
 1262 (vir)     1          -1.394          -3.442          -6.055         -10.486           -0.405
 1263 (vir)     1          -1.390          -3.400          -6.020         -10.437           -0.372
 1264 (vir)     1          -1.379          -3.562          -6.259         -10.752           -0.448
 1265 (vir)     1          -1.376          -3.454          -5.965         -10.397           -0.399
 1266 (vir)     1          -1.369          -3.442          -6.071         -10.528           -0.353
 1267 (vir)     1          -1.368          -3.429          -6.113         -10.502           -0.408
 1268 (vir)     1          -1.363          -3.465          -6.188         -10.624           -0.392
 1269 (vir)     1          -1.362          -3.465          -5.930         -10.357           -0.402
 1270 (vir)     1          -1.359          -3.483          -6.113         -10.581           -0.374
 1271 (vir)     1          -1.353          -3.464          -6.099         -10.538           -0.378
 1272 (vir)     1          -1.345          -3.500          -6.197         -10.657           -0.385
 1273 (vir)     1          -1.341          -3.476          -6.143         -10.624           -0.335
 1274 (vir)     1          -1.336          -3.518          -6.113         -10.612           -0.355
 1275 (vir)     1          -1.336          -3.485          -6.106         -10.571           -0.355
 1276 (vir)     1          -1.328          -3.463          -6.155         -10.599           -0.348
 1277 (vir)     1          -1.326          -3.622          -6.366         -10.920           -0.394
 1278 (vir)     1          -1.326          -3.617          -6.368         -10.909           -0.403
 1279 (vir)     1          -1.321          -3.432          -6.031         -10.443           -0.341
 1280 (vir)     1          -1.312          -3.736          -6.592         -11.218           -0.422
 1281 (vir)     1          -1.304          -3.400          -5.938         -10.361           -0.281
 1282 (vir)     1          -1.301          -3.507          -6.152         -10.656           -0.303
 1283 (vir)     1          -1.301          -3.425          -5.989         -10.415           -0.300
 1284 (vir)     1          -1.296          -3.539          -6.174         -10.665           -0.344
 1285 (vir)     1          -1.290          -3.504          -6.115         -10.604           -0.304
 1286 (vir)     1          -1.290          -3.525          -6.127         -10.637           -0.305
 1287 (vir)     1          -1.287          -3.465          -6.062         -10.495           -0.319
 1288 (vir)     1          -1.271          -3.537          -6.195         -10.759           -0.245
 1289 (vir)     1          -1.270          -3.382          -5.913         -10.275           -0.289
 1290 (vir)     1          -1.257          -3.523          -6.081         -10.582           -0.279
 1291 (vir)     1          -1.254          -3.517          -6.035         -10.555           -0.251
 1292 (vir)     1          -1.248          -3.479          -6.041         -10.472           -0.296
 1293 (vir)     1          -1.241          -3.542          -6.057         -10.600           -0.240
 1294 (vir)     1          -1.239          -3.474          -6.034         -10.456           -0.290
 1295 (vir)     1          -1.235          -3.520          -5.899         -10.352           -0.303
 1296 (vir)     1          -1.224          -3.550          -6.229         -10.823           -0.180
 1297 (vir)     1          -1.222          -3.491          -5.963         -10.375           -0.301
 1298 (vir)     1          -1.218          -3.531          -6.073         -10.586           -0.236
 1299 (vir)     1          -1.213          -3.581          -6.183         -10.758           -0.219
 1300 (vir)     1          -1.212          -3.491          -5.977         -10.461           -0.219
 1301 (vir)     1          -1.204          -3.505          -6.004         -10.532           -0.180
 1302 (vir)     1          -1.200          -3.503          -6.050         -10.566           -0.187
 1303 (vir)     1          -1.197          -3.535          -5.984         -10.518           -0.198
 1304 (vir)     1          -1.195          -3.478          -6.028         -10.540           -0.161
 1305 (vir)     1          -1.189          -3.575          -6.099         -10.692           -0.171
 1306 (vir)     1          -1.183          -3.585          -6.173         -10.744           -0.197
 1307 (vir)     1          -1.183          -3.567          -6.204         -10.798           -0.156
 1308 (vir)     1          -1.179          -3.731          -6.494         -11.190           -0.214
 1309 (vir)     1          -1.177          -3.603          -6.058         -10.617           -0.222
 1310 (vir)     1          -1.172          -3.597          -6.110         -10.683           -0.196
 1311 (vir)     1          -1.168          -3.693          -6.244         -10.898           -0.207
 1312 (vir)     1          -1.164          -3.526          -5.985         -10.518           -0.157
 1313 (vir)     1          -1.155          -3.581          -6.217         -10.792           -0.161
 1314 (vir)     1          -1.149          -3.467          -5.964         -10.442           -0.138
 1315 (vir)     1          -1.143          -3.590          -6.191         -10.761           -0.163
 1316 (vir)     1          -1.139          -3.588          -6.166         -10.701           -0.193
 1317 (vir)     1          -1.134          -3.542          -6.019         -10.568           -0.126
 1318 (vir)     1          -1.132          -3.562          -6.105         -10.659           -0.140
 1319 (vir)     1          -1.124          -3.760          -6.622         -11.378           -0.128
 1320 (vir)     1          -1.116          -3.480          -5.862         -10.349           -0.108
 1321 (vir)     1          -1.112          -3.534          -5.926         -10.446           -0.126
 1322 (vir)     1          -1.112          -3.440          -5.797         -10.257           -0.091
 1323 (vir)     1          -1.095          -3.435          -5.887         -10.340           -0.077
 1324 (vir)     1          -1.091          -3.494          -5.893         -10.405           -0.072
 1325 (vir)     1          -1.080          -3.500          -5.717         -10.169           -0.127
 1326 (vir)     1          -1.077          -3.530          -5.917         -10.453           -0.070
 1327 (vir)     1          -1.067          -3.487          -5.776         -10.212           -0.117
 1328 (vir)     1          -1.066          -3.457          -5.817         -10.291           -0.048
 1329 (vir)     1          -1.060          -3.513          -5.939         -10.493           -0.019
 1330 (vir)     1          -1.054          -3.557          -6.020         -10.583           -0.048
 1331 (vir)     1          -1.053          -3.527          -5.749         -10.262           -0.068
 1332 (vir)     1          -1.043          -3.537          -5.979         -10.518           -0.041
 1333 (vir)     1          -1.029          -3.576          -6.049         -10.624           -0.030
 1334 (vir)     1          -1.025          -3.533          -5.838         -10.383           -0.014
 1335 (vir)     1          -1.016          -3.560          -5.862         -10.435           -0.004
 1336 (vir)     1          -1.015          -3.522          -5.915         -10.426           -0.026
 1337 (vir)     1          -1.015          -3.501          -5.884         -10.418            0.018
 1338 (vir)     1          -1.010          -3.447          -5.688         -10.109           -0.036
 1339 (vir)     1          -1.008          -3.466          -5.745         -10.179           -0.040
 1340 (vir)     1          -1.006          -3.455          -5.703         -10.086           -0.079
 1341 (vir)     1          -0.994          -3.430          -5.645         -10.107            0.038
 1342 (vir)     1          -0.991          -3.503          -5.765         -10.305            0.047
 1343 (vir)     1          -0.988          -3.583          -5.966         -10.520           -0.018
 1344 (vir)     1          -0.984          -3.636          -6.042         -10.652           -0.009
 1345 (vir)     1          -0.969          -3.611          -6.021         -10.599           -0.003
 1346 (vir)     1          -0.962          -3.611          -6.031         -10.657            0.053
 1347 (vir)     1          -0.962          -3.506          -5.671         -10.188            0.049
 1348 (vir)     1          -0.958          -3.495          -5.747         -10.269            0.068
 1349 (vir)     1          -0.955          -3.513          -5.810         -10.347            0.070
 1350 (vir)     1          -0.941          -3.567          -5.865         -10.430            0.058
 1351 (vir)     1          -0.931          -3.594          -5.785         -10.386            0.077
 1352 (vir)     1          -0.929          -3.761          -6.352         -11.101            0.059
 1353 (vir)     1          -0.922          -3.519          -5.732         -10.260            0.087
 1354 (vir)     1          -0.916          -3.497          -5.592         -10.094            0.088
 1355 (vir)     1          -0.903          -3.462          -5.674         -10.171            0.131
 1356 (vir)     1          -0.899          -3.767          -6.336         -11.085            0.084
 1357 (vir)     1          -0.894          -3.560          -5.775         -10.363            0.134
 1358 (vir)     1          -0.887          -3.527          -5.759         -10.313            0.139
 1359 (vir)     1          -0.885          -3.614          -5.981         -10.616            0.137
 1360 (vir)     1          -0.873          -3.854          -6.366         -11.108            0.014
 1361 (vir)     1          -0.873          -3.540          -5.786         -10.330            0.131
 1362 (vir)     1          -0.853          -3.551          -5.761         -10.317            0.152
 1363 (vir)     1          -0.853          -3.526          -5.630         -10.164            0.156
 1364 (vir)     1          -0.849          -3.494          -5.660         -10.157            0.154
 1365 (vir)     1          -0.840          -3.519          -5.700         -10.231            0.171
 1366 (vir)     1          -0.840          -3.518          -5.703         -10.267            0.206
 1367 (vir)     1          -0.838          -3.500          -5.742         -10.335            0.256
 1368 (vir)     1          -0.829          -3.530          -5.754         -10.280            0.167
 1369 (vir)     1          -0.820          -3.515          -5.641         -10.121            0.145
 1370 (vir)     1          -0.809          -3.573          -5.844         -10.444            0.217
 1371 (vir)     1          -0.809          -3.493          -5.635         -10.116            0.180
 1372 (vir)     1          -0.791          -3.757          -6.219         -11.032            0.264
 1373 (vir)     1          -0.778          -3.532          -5.653         -10.208            0.245
 1374 (vir)     1          -0.777          -3.640          -5.670         -10.265            0.178
 1375 (vir)     1          -0.776          -3.495          -5.535         -10.032            0.226
 1376 (vir)     1          -0.774          -3.677          -5.982         -10.636            0.203
 1377 (vir)     1          -0.773          -3.563          -5.732         -10.301            0.233
 1378 (vir)     1          -0.770          -3.596          -5.734         -10.282            0.183
 1379 (vir)     1          -0.758          -3.589          -5.788         -10.341            0.207
 1380 (vir)     1          -0.756          -3.451          -5.456         -10.005            0.342
 1381 (vir)     1          -0.750          -3.515          -5.683         -10.240            0.291
 1382 (vir)     1          -0.749          -3.555          -5.721         -10.239            0.214
 1383 (vir)     1          -0.733          -3.594          -5.859         -10.504            0.318
 1384 (vir)     1          -0.724          -3.560          -5.694         -10.311            0.333
 1385 (vir)     1          -0.723          -3.559          -5.639         -10.194            0.273
 1386 (vir)     1          -0.707          -3.533          -5.532         -10.084            0.311
 1387 (vir)     1          -0.702          -3.613          -5.716         -10.339            0.309
 1388 (vir)     1          -0.693          -3.548          -5.605         -10.187            0.342
 1389 (vir)     1          -0.671          -3.593          -5.604         -10.197            0.329
 1390 (vir)     1          -0.658          -3.613          -5.757         -10.422            0.396
 1391 (vir)     1          -0.646          -3.573          -5.639         -10.263            0.405
 1392 (vir)     1          -0.645          -3.659          -5.903         -10.598            0.391
 1393 (vir)     1          -0.643          -3.691          -5.755         -10.428            0.339
 1394 (vir)     1          -0.634          -3.495          -5.365          -9.918            0.423
 1395 (vir)     1          -0.631          -3.602          -5.739         -10.342            0.369
 1396 (vir)     1          -0.621          -3.550          -5.633         -10.253            0.449
 1397 (vir)     1          -0.609          -3.546          -5.358          -9.889            0.377
 1398 (vir)     1          -0.598          -3.591          -5.651         -10.260            0.420
 1399 (vir)     1          -0.594          -3.514          -5.285          -9.766            0.373
 1400 (vir)     1          -0.593          -3.579          -5.616         -10.253            0.464
 1401 (vir)     1          -0.589          -3.547          -5.353          -9.860            0.371
 1402 (vir)     1          -0.582          -3.555          -5.656         -10.234            0.441
 1403 (vir)     1          -0.574          -3.618          -5.637         -10.279            0.450
 1404 (vir)     1          -0.573          -3.650          -5.631         -10.299            0.445
 1405 (vir)     1          -0.560          -3.726          -5.864         -10.580            0.431
 1406 (vir)     1          -0.544          -3.571          -5.586         -10.213            0.512
 1407 (vir)     1          -0.542          -3.683          -5.845         -10.558            0.488
 1408 (vir)     1          -0.533          -3.657          -5.604         -10.267            0.473
 1409 (vir)     1          -0.533          -3.602          -5.638         -10.274            0.501
 1410 (vir)     1          -0.524          -3.562          -5.491         -10.037            0.459
 1411 (vir)     1          -0.518          -3.605          -5.639         -10.212            0.449
 1412 (vir)     1          -0.512          -3.753          -5.970         -10.708            0.473
 1413 (vir)     1          -0.509          -3.625          -5.721         -10.343            0.488
 1414 (vir)     1          -0.506          -3.577          -5.595         -10.167            0.489
 1415 (vir)     1          -0.500          -3.661          -5.618         -10.270            0.491
 1416 (vir)     1          -0.499          -3.636          -5.601         -10.273            0.536
 1417 (vir)     1          -0.498          -3.608          -5.539         -10.127            0.483
 1418 (vir)     1          -0.489          -3.552          -5.349          -9.827            0.437
 1419 (vir)     1          -0.488          -3.707          -5.835         -10.575            0.544
 1420 (vir)     1          -0.466          -3.583          -5.370          -9.947            0.529
 1421 (vir)     1          -0.462          -3.673          -5.698         -10.400            0.567
 1422 (vir)     1          -0.461          -3.455          -5.131          -9.606            0.559
 1423 (vir)     1          -0.458          -3.568          -5.346          -9.908            0.536
 1424 (vir)     1          -0.436          -3.680          -5.557         -10.228            0.555
 1425 (vir)     1          -0.421          -3.587          -5.434         -10.019            0.577
 1426 (vir)     1          -0.416          -3.772          -5.813         -10.522            0.521
 1427 (vir)     1          -0.411          -3.624          -5.543         -10.222            0.645
 1428 (vir)     1          -0.400          -3.772          -5.883         -10.686            0.630
 1429 (vir)     1          -0.398          -3.612          -5.661         -10.287            0.616
 1430 (vir)     1          -0.391          -3.716          -5.634         -10.350            0.609
 1431 (vir)     1          -0.384          -3.689          -5.709         -10.454            0.671
 1432 (vir)     1          -0.384          -3.742          -5.647         -10.349            0.576
 1433 (vir)     1          -0.370          -3.647          -5.536         -10.202            0.650
 1434 (vir)     1          -0.368          -3.959          -5.996         -10.861            0.538
 1435 (vir)     1          -0.361          -3.703          -5.578         -10.253            0.611
 1436 (vir)     1          -0.342          -3.979          -6.076         -10.990            0.592
 1437 (vir)     1          -0.337          -4.097          -6.288         -11.261            0.539
 1438 (vir)     1          -0.321          -3.648          -5.384         -10.017            0.665
 1439 (vir)     1          -0.315          -3.653          -5.447         -10.067            0.653
 1440 (vir)     1          -0.306          -3.657          -5.467         -10.107            0.676
 1441 (vir)     1          -0.299          -3.635          -5.369          -9.987            0.685
 1442 (vir)     1          -0.297          -3.708          -5.555         -10.238            0.678
 1443 (vir)     1          -0.294          -3.691          -5.578         -10.270            0.707
 1444 (vir)     1          -0.281          -3.590          -5.276          -9.809            0.662
 1445 (vir)     1          -0.279          -3.687          -5.605         -10.251            0.680
 1446 (vir)     1          -0.272          -3.717          -5.625         -10.339            0.725
 1447 (vir)     1          -0.266          -3.540          -5.075          -9.483            0.602
 1448 (vir)     1          -0.262          -3.676          -5.544         -10.215            0.733
 1449 (vir)     1          -0.257          -3.634          -5.403         -10.020            0.726
 1450 (vir)     1          -0.240          -3.706          -5.480         -10.129            0.702
 1451 (vir)     1          -0.235          -3.568          -5.170          -9.760            0.788
 1452 (vir)     1          -0.224          -3.713          -5.440         -10.063            0.686
 1453 (vir)     1          -0.220          -3.660          -5.445         -10.107            0.783
 1454 (vir)     1          -0.210          -3.811          -5.737         -10.525            0.767
 1455 (vir)     1          -0.208          -3.697          -5.446         -10.071            0.721
 1456 (vir)     1          -0.201          -3.810          -5.559         -10.296            0.726
 1457 (vir)     1          -0.195          -3.854          -5.634         -10.422            0.738
 1458 (vir)     1          -0.193          -3.824          -5.713         -10.522            0.791
 1459 (vir)     1          -0.184          -3.747          -5.466         -10.160            0.763
 1460 (vir)     1          -0.175          -3.723          -5.441         -10.155            0.817
 1461 (vir)     1          -0.174          -3.718          -5.399         -10.087            0.796
 1462 (vir)     1          -0.160          -3.570          -4.920          -9.360            0.711
 1463 (vir)     1          -0.159          -3.888          -5.761         -10.619            0.811
 1464 (vir)     1          -0.146          -3.880          -5.585         -10.365            0.755
 1465 (vir)     1          -0.132          -3.674          -5.274          -9.917            0.837
 1466 (vir)     1          -0.122          -3.789          -5.503         -10.230            0.816
 1467 (vir)     1          -0.114          -3.718          -5.408         -10.096            0.857
 1468 (vir)     1          -0.105          -3.712          -5.338          -9.998            0.842
 1469 (vir)     1          -0.100          -3.721          -5.373         -10.113            0.919
 1470 (vir)     1          -0.091          -3.668          -5.321          -9.964            0.884
 1471 (vir)     1          -0.078          -3.316          -4.392          -8.552            0.766
 1472 (vir)     1          -0.074          -3.634          -5.184          -9.733            0.841
 1473 (vir)     1          -0.068          -3.698          -5.244          -9.870            0.860
 1474 (vir)     1          -0.064          -3.353          -4.559          -8.795            0.819
 1475 (vir)     1          -0.059          -3.804          -5.532         -10.327            0.932
 1476 (vir)     1          -0.059          -3.672          -5.263          -9.920            0.926
 1477 (vir)     1          -0.052          -3.793          -5.467         -10.250            0.938
 1478 (vir)     1          -0.038          -3.642          -5.140          -9.725            0.905
 1479 (vir)     1          -0.028          -3.566          -4.928          -9.386            0.865
 1480 (vir)     1          -0.022          -3.580          -5.015          -9.576            0.959
 1481 (vir)     1          -0.020          -3.521          -4.812          -9.216            0.864
 1482 (vir)     1          -0.013          -3.546          -4.985          -9.565            1.022
 1483 (vir)     1          -0.009          -3.664          -5.203          -9.868            0.992
 1484 (vir)     1          -0.009          -3.587          -4.945          -9.467            0.926
 1485 (vir)     1          -0.004          -3.800          -5.461         -10.259            0.994
 1486 (vir)     1           0.008          -3.611          -5.012          -9.586            0.970
 1487 (vir)     1           0.017          -3.805          -5.438         -10.166            0.940
 1488 (vir)     1           0.020          -3.849          -5.575         -10.429            1.026
 1489 (vir)     1           0.024          -3.739          -5.360         -10.114            1.039
 1490 (vir)     1           0.027          -2.900          -3.469          -7.161            0.819
 1491 (vir)     1           0.036          -3.519          -4.791          -9.251            0.977
 1492 (vir)     1           0.046          -3.193          -4.107          -8.167            0.914
 1493 (vir)     1           0.052          -3.759          -5.217          -9.891            0.968
 1494 (vir)     1           0.082          -3.364          -4.418          -8.662            0.963
 1495 (vir)     1           0.088          -3.567          -4.940          -9.458            1.039
 1496 (vir)     1           0.090          -3.716          -5.164          -9.822            1.032
 1497 (vir)     1           0.091          -3.598          -4.928          -9.451            1.016
 1498 (vir)     1           0.105          -3.718          -5.176          -9.852            1.062
 1499 (vir)     1           0.114          -3.441          -4.549          -8.911            1.034
 1500 (vir)     1           0.120          -3.323          -4.307          -8.504            0.994
 1501 (vir)     1           0.123          -3.665          -5.032          -9.613            1.039
 1502 (vir)     1           0.136          -3.561          -4.819          -9.310            1.067
 1503 (vir)     1           0.146          -3.055          -3.795          -7.669            0.965
 1504 (vir)     1           0.155          -3.412          -4.438          -8.701            1.006
 1505 (vir)     1           0.162          -3.445          -4.586          -8.946            1.077
 1506 (vir)     1           0.176          -3.568          -4.741          -9.196            1.062
 1507 (vir)     1           0.179          -3.345          -4.317          -8.539            1.056
 1508 (vir)     1           0.189          -3.538          -4.723          -9.178            1.105
 1509 (vir)     1           0.191          -3.531          -4.692          -9.149            1.117
 1510 (vir)     1           0.196          -3.534          -4.768          -9.213            1.107
 1511 (vir)     1           0.225          -3.729          -5.144          -9.885            1.238
 1512 (vir)     1           0.226          -3.411          -4.496          -8.810            1.129
 1513 (vir)     1           0.236          -3.417          -4.483          -8.786            1.122
 1514 (vir)     1           0.240          -3.794          -5.239         -10.001            1.208
 1515 (vir)     1           0.254          -3.552          -4.704          -9.196            1.195
 1516 (vir)     1           0.263          -3.853          -5.346         -10.174            1.238
 1517 (vir)     1           0.269          -3.720          -5.078          -9.780            1.251
 1518 (vir)     1           0.277          -3.816          -5.256         -10.027            1.232
 1519 (vir)     1           0.303          -3.604          -4.876          -9.525            1.348
 1520 (vir)     1           0.319          -3.573          -4.776          -9.350            1.320
 1521 (vir)     1           0.331          -3.557          -4.680          -9.231            1.326
 1522 (vir)     1           0.336          -3.882          -5.333         -10.171            1.292
 1523 (vir)     1           0.341          -3.754          -5.129          -9.875            1.333
 1524 (vir)     1           0.343          -3.652          -4.865          -9.481            1.307
 1525 (vir)     1           0.354          -3.889          -5.413         -10.321            1.374
 1526 (vir)     1           0.356          -3.724          -5.024          -9.713            1.322
 1527 (vir)     1           0.371          -3.955          -5.385         -10.294            1.325
 1528 (vir)     1           0.372          -3.498          -4.496          -8.824            1.202
 1529 (vir)     1           0.378          -3.539          -4.646          -9.134            1.326
 1530 (vir)     1           0.389          -3.669          -4.915          -9.586            1.390
 1531 (vir)     1           0.390          -3.837          -5.010          -9.769            1.311
 1532 (vir)     1           0.392          -3.683          -4.940          -9.654            1.423
 1533 (vir)     1           0.409          -3.575          -4.676          -9.122            1.280
 1534 (vir)     1           0.417          -3.944          -5.122          -9.963            1.314
 1535 (vir)     1           0.426          -3.835          -5.123          -9.933            1.401
 1536 (vir)     1           0.437          -3.616          -4.774          -9.271            1.318
 1537 (vir)     1           0.439          -3.801          -5.032          -9.775            1.381
 1538 (vir)     1           0.448          -3.798          -4.993          -9.744            1.401
 1539 (vir)     1           0.467          -3.677          -4.813          -9.450            1.427
 1540 (vir)     1           0.470          -3.793          -5.023          -9.799            1.453
 1541 (vir)     1           0.484          -3.961          -5.288         -10.219            1.454
 1542 (vir)     1           0.491          -3.589          -4.636          -9.130            1.396
 1543 (vir)     1           0.499          -3.411          -4.346          -8.746            1.488
 1544 (vir)     1           0.515          -3.562          -4.486          -9.046            1.513
 1545 (vir)     1           0.520          -3.906          -5.145         -10.027            1.496
 1546 (vir)     1           0.530          -3.890          -5.108          -9.994            1.525
 1547 (vir)     1           0.548          -3.845          -5.027          -9.822            1.497
 1548 (vir)     1           0.556          -3.877          -5.210         -10.102            1.570
 1549 (vir)     1           0.558          -4.043          -5.383         -10.323            1.455
 1550 (vir)     1           0.581          -3.779          -4.874          -9.618            1.546
 1551 (vir)     1           0.589          -3.785          -4.952          -9.733            1.585
 1552 (vir)     1           0.608          -3.830          -4.940          -9.727            1.565
 1553 (vir)     1           0.615          -3.799          -4.940          -9.647            1.523
 1554 (vir)     1           0.617          -3.843          -4.983          -9.794            1.585
 1555 (vir)     1           0.626          -3.882          -4.944          -9.751            1.551
 1556 (vir)     1           0.626          -3.767          -5.004          -9.730            1.584
 1557 (vir)     1           0.649          -3.707          -4.664          -9.301            1.578
 1558 (vir)     1           0.650          -3.635          -4.595          -9.078            1.498
 1559 (vir)     1           0.666          -3.979          -5.226         -10.182            1.643
 1560 (vir)     1           0.667          -3.871          -5.000          -9.782            1.578
 1561 (vir)     1           0.680          -3.861          -4.945          -9.679            1.553
 1562 (vir)     1           0.684          -3.832          -4.900          -9.686            1.638
 1563 (vir)     1           0.696          -3.904          -5.061          -9.927            1.658
 1564 (vir)     1           0.699          -3.770          -4.800          -9.437            1.565
 1565 (vir)     1           0.709          -4.036          -5.326         -10.350            1.698
 1566 (vir)     1           0.716          -3.935          -5.042          -9.884            1.623
 1567 (vir)     1           0.717          -4.044          -5.269         -10.242            1.645
 1568 (vir)     1           0.719          -3.934          -5.176         -10.046            1.655
 1569 (vir)     1           0.729          -3.858          -4.996          -9.801            1.675
 1570 (vir)     1           0.753          -3.865          -4.984          -9.786            1.689
 1571 (vir)     1           0.760          -3.814          -4.830          -9.571            1.688
 1572 (vir)     1           0.763          -3.891          -5.060          -9.927            1.739
 1573 (vir)     1           0.779          -3.906          -5.028          -9.909            1.755
 1574 (vir)     1           0.783          -3.923          -5.035          -9.903            1.728
 1575 (vir)     1           0.789          -3.950          -5.049          -9.944            1.734
 1576 (vir)     1           0.801          -3.881          -4.960          -9.819            1.778
 1577 (vir)     1           0.812          -3.992          -5.165         -10.113            1.768
 1578 (vir)     1           0.819          -3.853          -4.854          -9.639            1.751
 1579 (vir)     1           0.847          -3.984          -5.029          -9.909            1.744
 1580 (vir)     1           0.861          -3.934          -5.087          -9.995            1.835
 1581 (vir)     1           0.864          -3.882          -4.936          -9.731            1.776
 1582 (vir)     1           0.879          -3.867          -4.819          -9.630            1.823
 1583 (vir)     1           0.882          -3.991          -5.175         -10.130            1.847
 1584 (vir)     1           0.889          -3.898          -4.819          -9.630            1.801
 1585 (vir)     1           0.895          -3.877          -4.892          -9.750            1.876
 1586 (vir)     1           0.913          -3.698          -4.581          -9.251            1.885
 1587 (vir)     1           0.926          -3.762          -4.655          -9.325            1.833
 1588 (vir)     1           0.934          -4.043          -5.094         -10.046            1.843
 1589 (vir)     1           0.942          -3.791          -4.662          -9.301            1.791
 1590 (vir)     1           0.956          -3.913          -4.955          -9.822            1.910
 1591 (vir)     1           0.957          -3.938          -5.076          -9.968            1.911
 1592 (vir)     1           0.974          -3.967          -4.969          -9.784            1.822
 1593 (vir)     1           0.980          -3.848          -4.734          -9.403            1.802
 1594 (vir)     1           0.982          -3.751          -4.574          -9.248            1.905
 1595 (vir)     1           0.988          -3.813          -4.671          -9.369            1.873
 1596 (vir)     1           0.999          -4.070          -5.205         -10.217            1.941
 1597 (vir)     1           1.007          -3.837          -4.709          -9.486            1.947
 1598 (vir)     1           1.011          -3.961          -4.992          -9.902            1.960
 1599 (vir)     1           1.014          -3.801          -4.715          -9.450            1.948
 1600 (vir)     1           1.035          -4.007          -5.076         -10.056            2.007
 1601 (vir)     1           1.037          -3.938          -4.871          -9.753            1.981
 1602 (vir)     1           1.044          -3.993          -5.023          -9.984            2.012
 1603 (vir)     1           1.074          -4.081          -5.097         -10.106            2.004
 1604 (vir)     1           1.078          -3.483          -4.004          -8.410            2.002
 1605 (vir)     1           1.082          -3.843          -4.725          -9.533            2.046
 1606 (vir)     1           1.105          -3.710          -4.452          -9.067            2.010
 1607 (vir)     1           1.124          -3.382          -4.015          -8.287            2.014
 1608 (vir)     1           1.128          -3.319          -3.923          -8.195            2.081
 1609 (vir)     1           1.140          -3.561          -4.187          -8.646            2.038
 1610 (vir)     1           1.148          -3.720          -4.368          -8.997            2.057
 1611 (vir)     1           1.149          -3.493          -4.083          -8.463            2.036
 1612 (vir)     1           1.169          -3.723          -4.472          -9.120            2.094
 1613 (vir)     1           1.170          -3.630          -4.255          -8.745            2.031
 1614 (vir)     1           1.174          -3.533          -4.012          -8.409            2.038
 1615 (vir)     1           1.188          -3.206          -3.508          -7.536            2.009
 1616 (vir)     1           1.192          -3.878          -4.699          -9.498            2.112
 1617 (vir)     1           1.195          -3.240          -3.711          -7.848            2.091
 1618 (vir)     1           1.203          -3.338          -3.822          -8.043            2.087
 1619 (vir)     1           1.213          -3.275          -3.666          -7.801            2.073
 1620 (vir)     1           1.221          -3.294          -3.731          -7.898            2.094
 1621 (vir)     1           1.225          -2.958          -3.133          -6.944            2.078
 1622 (vir)     1           1.227          -2.803          -2.763          -6.333            1.994
 1623 (vir)     1           1.239          -3.359          -3.747          -7.890            2.024
 1624 (vir)     1           1.248          -3.508          -3.967          -8.397            2.170
 1625 (vir)     1           1.250          -3.264          -3.669          -7.817            2.133
 1626 (vir)     1           1.251          -3.704          -4.404          -9.004            2.147
 1627 (vir)     1           1.257          -3.029          -3.212          -7.077            2.093
 1628 (vir)     1           1.269          -3.628          -4.258          -8.771            2.154
 1629 (vir)     1           1.284          -3.585          -4.062          -8.530            2.168
 1630 (vir)     1           1.297          -3.506          -3.931          -8.326            2.186
 1631 (vir)     1           1.301          -3.873          -4.654          -9.396            2.169
 1632 (vir)     1           1.302          -3.582          -4.062          -8.511            2.169
 1633 (vir)     1           1.304          -2.766          -2.721          -6.293            2.110
 1634 (vir)     1           1.311          -3.430          -3.751          -7.920            2.050
 1635 (vir)     1           1.312          -3.155          -3.368          -7.358            2.148
 1636 (vir)     1           1.329          -3.073          -3.261          -7.171            2.166
 1637 (vir)     1           1.333          -3.096          -3.301          -7.279            2.214
 1638 (vir)     1           1.343          -3.263          -3.457          -7.573            2.195
 1639 (vir)     1           1.352          -3.414          -3.827          -8.104            2.214
 1640 (vir)     1           1.354          -3.188          -3.520          -7.587            2.234
 1641 (vir)     1           1.363          -3.307          -3.589          -7.732            2.198
 1642 (vir)     1           1.371          -3.279          -3.530          -7.674            2.236
 1643 (vir)     1           1.373          -3.080          -3.217          -7.157            2.234
 1644 (vir)     1           1.378          -3.491          -3.892          -8.230            2.226
 1645 (vir)     1           1.384          -2.962          -3.048          -6.873            2.247
 1646 (vir)     1           1.388          -3.407          -3.728          -7.982            2.234
 1647 (vir)     1           1.392          -2.917          -2.900          -6.549            2.124
 1648 (vir)     1           1.410          -3.181          -3.414          -7.494            2.309
 1649 (vir)     1           1.412          -3.143          -3.351          -7.358            2.276
 1650 (vir)     1           1.424          -3.066          -3.195          -7.111            2.274
 1651 (vir)     1           1.427          -3.081          -3.215          -7.165            2.295
 1652 (vir)     1           1.449          -3.338          -3.513          -7.659            2.256
 1653 (vir)     1           1.454          -3.196          -3.396          -7.406            2.267
 1654 (vir)     1           1.459          -3.207          -3.347          -7.394            2.298
 1655 (vir)     1           1.462          -3.533          -3.865          -8.257            2.321
 1656 (vir)     1           1.464          -3.274          -3.471          -7.569            2.288
 1657 (vir)     1           1.473          -2.829          -2.807          -6.493            2.330
 1658 (vir)     1           1.481          -2.890          -2.877          -6.622            2.337
 1659 (vir)     1           1.491          -3.524          -3.826          -8.186            2.327
 1660 (vir)     1           1.501          -2.894          -2.895          -6.666            2.377
 1661 (vir)     1           1.501          -3.800          -4.264          -8.847            2.285
 1662 (vir)     1           1.509          -2.949          -2.871          -6.631            2.320
 1663 (vir)     1           1.509          -3.691          -4.053          -8.586            2.351
 1664 (vir)     1           1.525          -3.206          -3.397          -7.480            2.401
 1665 (vir)     1           1.530          -3.702          -4.061          -8.562            2.330
 1666 (vir)     1           1.538          -3.637          -3.945          -8.397            2.354
 1667 (vir)     1           1.559          -3.089          -3.127          -7.043            2.385
 1668 (vir)     1           1.561          -2.858          -2.733          -6.421            2.391
 1669 (vir)     1           1.569          -3.380          -3.534          -7.778            2.433
 1670 (vir)     1           1.574          -3.353          -3.496          -7.578            2.303
 1671 (vir)     1           1.580          -3.481          -3.662          -8.006            2.442
 1672 (vir)     1           1.586          -3.621          -3.906          -8.372            2.431
 1673 (vir)     1           1.601          -3.026          -3.058          -6.937            2.453
 1674 (vir)     1           1.610          -2.923          -2.909          -6.685            2.463
 1675 (vir)     1           1.619          -2.982          -2.987          -6.802            2.451
 1676 (vir)     1           1.623          -2.985          -2.874          -6.648            2.413
 1677 (vir)     1           1.627          -3.053          -2.954          -6.778            2.397
 1678 (vir)     1           1.633          -2.943          -2.831          -6.554            2.413
 1679 (vir)     1           1.639          -3.454          -3.587          -7.861            2.459
 1680 (vir)     1           1.646          -3.479          -3.647          -7.936            2.456
 1681 (vir)     1           1.652          -2.954          -2.962          -6.776            2.511
 1682 (vir)     1           1.666          -3.198          -3.309          -7.349            2.508
 1683 (vir)     1           1.667          -3.087          -3.101          -7.013            2.493
 1684 (vir)     1           1.674          -2.954          -2.856          -6.641            2.504
 1685 (vir)     1           1.675          -3.484          -3.729          -8.025            2.486
 1686 (vir)     1           1.683          -3.084          -3.098          -6.995            2.496
 1687 (vir)     1           1.690          -3.367          -3.547          -7.765            2.542
 1688 (vir)     1           1.706          -2.867          -2.441          -6.077            2.475
 1689 (vir)     1           1.706          -2.994          -2.931          -6.735            2.517
 1690 (vir)     1           1.718          -3.011          -2.963          -6.821            2.565
 1691 (vir)     1           1.731          -2.879          -2.658          -6.362            2.556
 1692 (vir)     1           1.734          -2.894          -2.668          -6.342            2.514
 1693 (vir)     1           1.743          -2.983          -2.801          -6.562            2.521
 1694 (vir)     1           1.755          -3.031          -3.014          -6.876            2.585
 1695 (vir)     1           1.760          -2.923          -2.822          -6.552            2.567
 1696 (vir)     1           1.765          -3.085          -3.067          -6.974            2.586
 1697 (vir)     1           1.771          -3.167          -3.166          -7.139            2.577
 1698 (vir)     1           1.771          -3.046          -2.975          -6.860            2.609
 1699 (vir)     1           1.775          -3.176          -3.265          -7.294            2.628
 1700 (vir)     1           1.777          -3.414          -3.616          -7.860            2.608
 1701 (vir)     1           1.787          -3.132          -3.053          -6.983            2.585
 1702 (vir)     1           1.787          -2.757          -2.473          -6.029            2.586
 1703 (vir)     1           1.793          -2.946          -2.903          -6.689            2.633
 1704 (vir)     1           1.802          -2.968          -2.892          -6.656            2.599
 1705 (vir)     1           1.804          -2.912          -2.646          -6.347            2.593
 1706 (vir)     1           1.804          -3.081          -3.081          -7.008            2.650
 1707 (vir)     1           1.814          -2.985          -2.911          -6.719            2.637
 1708 (vir)     1           1.814          -2.918          -2.732          -6.464            2.627
 1709 (vir)     1           1.818          -2.902          -2.757          -6.455            2.614
 1710 (vir)     1           1.825          -2.875          -2.676          -6.378            2.651
 1711 (vir)     1           1.825          -3.092          -3.023          -6.940            2.650
 1712 (vir)     1           1.836          -2.815          -2.510          -6.106            2.617
 1713 (vir)     1           1.843          -3.131          -3.036          -6.968            2.644
 1714 (vir)     1           1.848          -2.995          -2.860          -6.687            2.680
 1715 (vir)     1           1.849          -2.967          -2.852          -6.647            2.676
 1716 (vir)     1           1.860          -2.964          -2.925          -6.758            2.729
 1717 (vir)     1           1.860          -3.192          -3.186          -7.197            2.680
 1718 (vir)     1           1.868          -2.933          -2.871          -6.644            2.707
 1719 (vir)     1           1.878          -3.041          -2.923          -6.767            2.680
 1720 (vir)     1           1.885          -2.831          -2.677          -6.354            2.730
 1721 (vir)     1           1.890          -3.138          -2.983          -6.913            2.682
 1722 (vir)     1           1.893          -2.960          -2.761          -6.535            2.707
 1723 (vir)     1           1.895          -3.031          -2.847          -6.716            2.734
 1724 (vir)     1           1.907          -2.898          -2.676          -6.419            2.752
 1725 (vir)     1           1.920          -3.184          -3.061          -7.069            2.745
 1726 (vir)     1           1.922          -3.172          -3.079          -7.094            2.766
 1727 (vir)     1           1.925          -2.725          -2.477          -6.043            2.766
 1728 (vir)     1           1.925          -3.153          -3.061          -7.041            2.753
 1729 (vir)     1           1.938          -3.257          -3.188          -7.280            2.772
 1730 (vir)     1           1.941          -3.006          -2.914          -6.797            2.817
 1731 (vir)     1           1.950          -3.134          -2.967          -6.875            2.724
 1732 (vir)     1           1.953          -3.098          -2.996          -6.939            2.798
 1733 (vir)     1           1.957          -3.118          -2.958          -6.918            2.799
 1734 (vir)     1           1.963          -2.946          -2.770          -6.571            2.817
 1735 (vir)     1           1.972          -3.043          -2.864          -6.780            2.844
 1736 (vir)     1           1.983          -3.009          -2.753          -6.593            2.813
 1737 (vir)     1           1.986          -2.952          -2.749          -6.528            2.813
 1738 (vir)     1           1.994          -2.929          -2.714          -6.501            2.852
 1739 (vir)     1           1.996          -3.059          -2.848          -6.730            2.819
 1740 (vir)     1           2.005          -2.991          -2.740          -6.558            2.832
 1741 (vir)     1           2.005          -3.370          -3.371          -7.564            2.829
 1742 (vir)     1           2.022          -3.628          -3.706          -8.146            2.833
 1743 (vir)     1           2.025          -3.011          -2.696          -6.508            2.827
 1744 (vir)     1           2.029          -2.914          -2.593          -6.323            2.845
 1745 (vir)     1           2.032          -3.074          -2.831          -6.718            2.844
 1746 (vir)     1           2.032          -2.931          -2.709          -6.479            2.871
 1747 (vir)     1           2.039          -3.068          -2.782          -6.654            2.842
 1748 (vir)     1           2.047          -3.061          -2.793          -6.662            2.855
 1749 (vir)     1           2.051          -3.012          -2.832          -6.676            2.884
 1750 (vir)     1           2.055          -2.894          -2.453          -6.150            2.858
 1751 (vir)     1           2.058          -2.876          -2.566          -6.254            2.871
 1752 (vir)     1           2.062          -2.925          -2.637          -6.390            2.890
 1753 (vir)     1           2.073          -3.017          -2.700          -6.519            2.875
 1754 (vir)     1           2.082          -2.962          -2.471          -6.222            2.871
 1755 (vir)     1           2.083          -3.004          -2.660          -6.483            2.902
 1756 (vir)     1           2.089          -2.962          -2.534          -6.300            2.893
 1757 (vir)     1           2.098          -2.933          -2.481          -6.211            2.895
 1758 (vir)     1           2.104          -3.099          -2.805          -6.699            2.899
 1759 (vir)     1           2.112          -3.061          -2.711          -6.562            2.902
 1760 (vir)     1           2.117          -2.869          -2.564          -6.284            2.968
 1761 (vir)     1           2.123          -3.096          -2.816          -6.720            2.931
 1762 (vir)     1           2.132          -3.076          -2.849          -6.780            2.986
 1763 (vir)     1           2.134          -3.007          -2.612          -6.440            2.955
 1764 (vir)     1           2.154          -2.932          -2.741          -6.514            2.995
 1765 (vir)     1           2.157          -2.973          -2.550          -6.335            2.968
 1766 (vir)     1           2.165          -3.035          -2.724          -6.601            3.008
 1767 (vir)     1           2.177          -3.014          -2.599          -6.414            2.978
 1768 (vir)     1           2.178          -2.806          -2.440          -6.079            3.011
 1769 (vir)     1           2.189          -2.914          -2.378          -6.094            2.990
 1770 (vir)     1           2.189          -3.118          -2.835          -6.805            3.041
 1771 (vir)     1           2.193          -3.053          -2.755          -6.630            3.016
 1772 (vir)     1           2.200          -2.964          -2.835          -6.702            3.103
 1773 (vir)     1           2.203          -3.069          -2.749          -6.653            3.038
 1774 (vir)     1           2.212          -3.119          -2.760          -6.697            3.030
 1775 (vir)     1           2.218          -2.973          -2.874          -6.664            3.035
 1776 (vir)     1           2.223          -3.049          -2.765          -6.656            3.065
 1777 (vir)     1           2.224          -3.075          -2.733          -6.629            3.044
 1778 (vir)     1           2.240          -3.077          -2.700          -6.596            3.059
 1779 (vir)     1           2.243          -3.121          -2.733          -6.658            3.046
 1780 (vir)     1           2.244          -3.128          -2.723          -6.668            3.061
 1781 (vir)     1           2.249          -3.137          -2.688          -6.619            3.043
 1782 (vir)     1           2.262          -3.110          -2.706          -6.610            3.056
 1783 (vir)     1           2.265          -3.179          -2.836          -6.823            3.073
 1784 (vir)     1           2.267          -3.517          -3.408          -7.742            3.083
 1785 (vir)     1           2.276          -3.144          -2.746          -6.661            3.047
 1786 (vir)     1           2.279          -3.073          -2.644          -6.525            3.088
 1787 (vir)     1           2.287          -3.081          -2.560          -6.406            3.052
 1788 (vir)     1           2.290          -3.085          -2.619          -6.480            3.065
 1789 (vir)     1           2.301          -3.047          -2.725          -6.624            3.153
 1790 (vir)     1           2.304          -3.462          -3.180          -7.428            3.089
 1791 (vir)     1           2.313          -3.115          -2.670          -6.587            3.115
 1792 (vir)     1           2.317          -3.132          -2.671          -6.562            3.076
 1793 (vir)     1           2.321          -3.106          -2.805          -6.748            3.157
 1794 (vir)     1           2.329          -3.169          -2.781          -6.732            3.112
 1795 (vir)     1           2.342          -3.164          -2.876          -6.871            3.173
 1796 (vir)     1           2.347          -3.270          -2.950          -7.026            3.153
 1797 (vir)     1           2.350          -3.060          -2.551          -6.404            3.142
 1798 (vir)     1           2.351          -3.208          -2.875          -6.884            3.152
 1799 (vir)     1           2.357          -3.134          -2.751          -6.678            3.150
 1800 (vir)     1           2.363          -3.100          -2.619          -6.499            3.143
 1801 (vir)     1           2.372          -3.296          -2.912          -6.988            3.152
 1802 (vir)     1           2.377          -3.011          -2.609          -6.432            3.189
 1803 (vir)     1           2.380          -3.376          -3.107          -7.280            3.178
 1804 (vir)     1           2.387          -3.014          -2.694          -6.552            3.231
 1805 (vir)     1           2.395          -3.134          -2.667          -6.565            3.159
 1806 (vir)     1           2.396          -3.261          -2.930          -6.984            3.189
 1807 (vir)     1           2.406          -3.111          -2.785          -6.727            3.237
 1808 (vir)     1           2.408          -3.186          -2.754          -6.741            3.209
 1809 (vir)     1           2.412          -3.104          -2.603          -6.480            3.185
 1810 (vir)     1           2.415          -3.180          -2.701          -6.662            3.196
 1811 (vir)     1           2.421          -3.239          -2.905          -6.956            3.232
 1812 (vir)     1           2.432          -3.112          -2.719          -6.642            3.243
 1813 (vir)     1           2.445          -3.202          -2.842          -6.830            3.232
 1814 (vir)     1           2.448          -3.208          -2.890          -6.934            3.283
 1815 (vir)     1           2.451          -3.089          -2.631          -6.515            3.246
 1816 (vir)     1           2.453          -3.079          -2.585          -6.471            3.260
 1817 (vir)     1           2.455          -3.071          -2.649          -6.543            3.278
 1818 (vir)     1           2.459          -3.016          -2.564          -6.398            3.278
 1819 (vir)     1           2.462          -3.157          -2.837          -6.799            3.267
 1820 (vir)     1           2.467          -3.170          -2.764          -6.727            3.261
 1821 (vir)     1           2.468          -3.102          -2.756          -6.648            3.258
 1822 (vir)     1           2.481          -3.198          -2.827          -6.820            3.276
 1823 (vir)     1           2.481          -3.178          -2.735          -6.713            3.280
 1824 (vir)     1           2.484          -3.186          -2.769          -6.744            3.272
 1825 (vir)     1           2.491          -3.166          -2.723          -6.691            3.293
 1826 (vir)     1           2.496          -3.335          -3.024          -7.183            3.320
 1827 (vir)     1           2.498          -3.231          -2.878          -6.929            3.317
 1828 (vir)     1           2.506          -3.205          -2.789          -6.785            3.297
 1829 (vir)     1           2.513          -3.096          -2.665          -6.593            3.346
 1830 (vir)     1           2.519          -3.215          -2.773          -6.796            3.327
 1831 (vir)     1           2.520          -3.363          -3.101          -7.300            3.357
 1832 (vir)     1           2.524          -3.161          -2.765          -6.742            3.340
 1833 (vir)     1           2.533          -3.145          -2.729          -6.680            3.339
 1834 (vir)     1           2.536          -3.140          -2.711          -6.675            3.360
 1835 (vir)     1           2.551          -3.182          -2.750          -6.761            3.381
 1836 (vir)     1           2.554          -3.353          -3.092          -7.273            3.382
 1837 (vir)     1           2.554          -3.155          -2.747          -6.745            3.397
 1838 (vir)     1           2.558          -3.191          -2.761          -6.763            3.370
 1839 (vir)     1           2.560          -3.190          -2.805          -6.836            3.401
 1840 (vir)     1           2.562          -3.217          -2.900          -6.931            3.377
 1841 (vir)     1           2.564          -3.318          -3.002          -7.148            3.393
 1842 (vir)     1           2.574          -3.217          -2.836          -6.847            3.367
 1843 (vir)     1           2.575          -3.185          -2.736          -6.715            3.369
 1844 (vir)     1           2.583          -3.140          -2.672          -6.639            3.410
 1845 (vir)     1           2.588          -3.347          -3.041          -7.182            3.381
 1846 (vir)     1           2.596          -3.157          -2.769          -6.721            3.390
 1847 (vir)     1           2.602          -3.302          -2.849          -6.957            3.407
 1848 (vir)     1           2.603          -3.168          -2.841          -6.819            3.414
 1849 (vir)     1           2.615          -3.223          -2.766          -6.784            3.410
 1850 (vir)     1           2.618          -3.070          -2.529          -6.395            3.413
 1851 (vir)     1           2.621          -3.341          -2.880          -6.981            3.381
 1852 (vir)     1           2.625          -3.368          -2.993          -7.164            3.427
 1853 (vir)     1           2.627          -3.043          -2.516          -6.366            3.434
 1854 (vir)     1           2.636          -3.253          -2.882          -6.991            3.493
 1855 (vir)     1           2.639          -3.287          -3.000          -7.176            3.529
 1856 (vir)     1           2.644          -3.152          -2.871          -6.911            3.531
 1857 (vir)     1           2.652          -3.213          -2.909          -6.971            3.502
 1858 (vir)     1           2.656          -3.247          -2.826          -6.903            3.486
 1859 (vir)     1           2.656          -3.236          -2.975          -7.023            3.468
 1860 (vir)     1           2.662          -3.255          -2.823          -6.866            3.450
 1861 (vir)     1           2.672          -3.438          -3.365          -7.622            3.491
 1862 (vir)     1           2.675          -3.348          -3.054          -7.239            3.512
 1863 (vir)     1           2.676          -3.077          -2.732          -6.681            3.548
 1864 (vir)     1           2.686          -3.298          -2.887          -7.016            3.518
 1865 (vir)     1           2.689          -3.140          -2.631          -6.596            3.515
 1866 (vir)     1           2.690          -3.114          -2.634          -6.547            3.488
 1867 (vir)     1           2.694          -3.161          -2.768          -6.776            3.541
 1868 (vir)     1           2.705          -3.264          -2.885          -6.983            3.539
 1869 (vir)     1           2.712          -3.272          -2.834          -6.927            3.533
 1870 (vir)     1           2.720          -3.140          -2.668          -6.625            3.537
 1871 (vir)     1           2.729          -3.191          -2.806          -6.858            3.591
 1872 (vir)     1           2.732          -3.123          -2.657          -6.642            3.594
 1873 (vir)     1           2.737          -3.248          -2.768          -6.820            3.540
 1874 (vir)     1           2.738          -3.185          -2.784          -6.796            3.565
 1875 (vir)     1           2.740          -3.262          -2.815          -6.915            3.578
 1876 (vir)     1           2.751          -3.299          -3.135          -7.269            3.586
 1877 (vir)     1           2.755          -3.202          -2.774          -6.820            3.599
 1878 (vir)     1           2.761          -3.254          -2.872          -6.965            3.600
 1879 (vir)     1           2.764          -3.282          -2.896          -7.011            3.597
 1880 (vir)     1           2.767          -3.243          -2.827          -6.953            3.649
 1881 (vir)     1           2.772          -3.285          -2.980          -7.157            3.664
 1882 (vir)     1           2.777          -3.258          -2.879          -6.996            3.637
 1883 (vir)     1           2.781          -3.342          -2.966          -7.178            3.651
 1884 (vir)     1           2.786          -3.352          -2.999          -7.199            3.634
 1885 (vir)     1           2.796          -3.356          -3.093          -7.350            3.697
 1886 (vir)     1           2.803          -3.229          -2.783          -6.851            3.643
 1887 (vir)     1           2.805          -3.276          -2.851          -6.971            3.649
 1888 (vir)     1           2.812          -3.219          -2.828          -6.955            3.718
 1889 (vir)     1           2.817          -3.474          -3.267          -7.594            3.670
 1890 (vir)     1           2.822          -3.248          -2.808          -6.908            3.673
 1891 (vir)     1           2.824          -3.306          -2.913          -7.048            3.653
 1892 (vir)     1           2.825          -3.486          -3.395          -7.731            3.675
 1893 (vir)     1           2.832          -3.408          -3.095          -7.356            3.684
 1894 (vir)     1           2.835          -3.317          -2.913          -7.089            3.693
 1895 (vir)     1           2.835          -3.428          -3.172          -7.453            3.687
 1896 (vir)     1           2.847          -3.316          -2.817          -6.949            3.662
 1897 (vir)     1           2.851          -3.293          -2.957          -7.103            3.704
 1898 (vir)     1           2.853          -3.376          -2.904          -7.093            3.666
 1899 (vir)     1           2.862          -3.407          -3.079          -7.371            3.747
 1900 (vir)     1           2.863          -3.317          -2.880          -7.038            3.704
 1901 (vir)     1           2.869          -3.417          -2.975          -7.250            3.727
 1902 (vir)     1           2.874          -3.518          -3.199          -7.565            3.722
 1903 (vir)     1           2.875          -3.367          -2.810          -6.937            3.636
 1904 (vir)     1           2.885          -3.403          -2.955          -7.170            3.696
 1905 (vir)     1           2.888          -3.407          -2.931          -7.161            3.711
 1906 (vir)     1           2.895          -3.505          -3.113          -7.428            3.705
 1907 (vir)     1           2.899          -3.353          -2.786          -6.917            3.677
 1908 (vir)     1           2.909          -3.399          -3.047          -7.291            3.753
 1909 (vir)     1           2.910          -3.341          -2.869          -7.037            3.737
 1910 (vir)     1           2.912          -3.259          -2.747          -6.855            3.761
 1911 (vir)     1           2.916          -3.383          -2.940          -7.171            3.763
 1912 (vir)     1           2.922          -3.225          -2.727          -6.807            3.778
 1913 (vir)     1           2.930          -3.391          -2.983          -7.230            3.786
 1914 (vir)     1           2.942          -3.377          -2.974          -7.221            3.811
 1915 (vir)     1           2.943          -3.370          -2.960          -7.192            3.805
 1916 (vir)     1           2.947          -3.373          -2.995          -7.223            3.801
 1917 (vir)     1           2.948          -3.366          -2.889          -7.077            3.771
 1918 (vir)     1           2.951          -3.470          -3.161          -7.490            3.811
 1919 (vir)     1           2.958          -3.431          -3.036          -7.336            3.827
 1920 (vir)     1           2.958          -3.544          -3.222          -7.636            3.828
 1921 (vir)     1           2.959          -3.389          -3.117          -7.417            3.870
 1922 (vir)     1           2.970          -3.338          -3.058          -7.317            3.890
 1923 (vir)     1           2.971          -3.496          -3.350          -7.753            3.878
 1924 (vir)     1           2.978          -3.374          -2.988          -7.255            3.871
 1925 (vir)     1           2.982          -3.285          -2.845          -7.017            3.870
 1926 (vir)     1           2.988          -3.328          -2.892          -7.078            3.846
 1927 (vir)     1           2.990          -3.231          -2.754          -6.846            3.852
 1928 (vir)     1           2.994          -3.397          -3.047          -7.329            3.879
 1929 (vir)     1           2.999          -3.282          -2.810          -6.956            3.863
 1930 (vir)     1           3.002          -3.276          -2.818          -6.975            3.883
 1931 (vir)     1           3.008          -3.336          -2.942          -7.165            3.895
 1932 (vir)     1           3.015          -3.443          -2.996          -7.256            3.831
 1933 (vir)     1           3.019          -3.473          -3.060          -7.389            3.874
 1934 (vir)     1           3.028          -3.448          -3.055          -7.388            3.914
 1935 (vir)     1           3.030          -3.435          -3.039          -7.359            3.916
 1936 (vir)     1           3.037          -3.403          -2.816          -7.012            3.830
 1937 (vir)     1           3.042          -3.401          -2.861          -7.070            3.851
 1938 (vir)     1           3.049          -3.325          -2.887          -7.075            3.912
 1939 (vir)     1           3.057          -3.297          -2.718          -6.835            3.877
 1940 (vir)     1           3.059          -3.292          -2.733          -6.842            3.876
 1941 (vir)     1           3.065          -3.311          -2.784          -6.922            3.892
 1942 (vir)     1           3.073          -3.271          -2.748          -6.876            3.930
 1943 (vir)     1           3.083          -3.347          -2.725          -6.842            3.853
 1944 (vir)     1           3.095          -3.377          -2.812          -6.995            3.902
 1945 (vir)     1           3.100          -3.417          -2.951          -7.226            3.958
 1946 (vir)     1           3.107          -3.250          -2.769          -6.891            3.979
 1947 (vir)     1           3.113          -3.388          -2.732          -6.867            3.860
 1948 (vir)     1           3.116          -3.437          -2.813          -6.998            3.864
 1949 (vir)     1           3.124          -3.265          -2.711          -6.813            3.961
 1950 (vir)     1           3.128          -3.409          -2.866          -7.083            3.936
 1951 (vir)     1           3.128          -3.454          -2.949          -7.205            3.931
 1952 (vir)     1           3.130          -3.338          -2.879          -7.072            3.986
 1953 (vir)     1           3.140          -3.432          -2.905          -7.149            3.952
 1954 (vir)     1           3.140          -3.308          -2.841          -7.059            4.051
 1955 (vir)     1           3.144          -3.324          -2.624          -6.705            3.901
 1956 (vir)     1           3.150          -3.435          -2.789          -6.969            3.895
 1957 (vir)     1           3.152          -3.379          -2.895          -7.142            4.021
 1958 (vir)     1           3.166          -3.277          -2.766          -6.920            4.043
 1959 (vir)     1           3.167          -3.311          -2.756          -6.924            4.024
 1960 (vir)     1           3.177          -3.320          -2.832          -7.033            4.058
 1961 (vir)     1           3.177          -3.302          -2.815          -7.000            4.061
 1962 (vir)     1           3.182          -3.224          -2.670          -6.783            4.071
 1963 (vir)     1           3.184          -3.271          -2.679          -6.788            4.021
 1964 (vir)     1           3.202          -3.344          -2.857          -7.097            4.098
 1965 (vir)     1           3.204          -3.277          -2.794          -6.964            4.097
 1966 (vir)     1           3.204          -3.283          -2.756          -6.931            4.096
 1967 (vir)     1           3.216          -3.307          -2.741          -6.889            4.057
 1968 (vir)     1           3.218          -3.389          -2.920          -7.197            4.106
 1969 (vir)     1           3.219          -3.432          -3.031          -7.381            4.137
 1970 (vir)     1           3.222          -3.247          -2.793          -6.971            4.152
 1971 (vir)     1           3.231          -3.370          -2.882          -7.145            4.125
 1972 (vir)     1           3.232          -3.330          -2.626          -6.761            4.036
 1973 (vir)     1           3.234          -3.341          -2.765          -6.963            4.091
 1974 (vir)     1           3.237          -3.429          -2.980          -7.308            4.136
 1975 (vir)     1           3.249          -3.333          -2.800          -7.021            4.137
 1976 (vir)     1           3.254          -3.520          -3.107          -7.534            4.161
 1977 (vir)     1           3.256          -3.462          -2.954          -7.268            4.109
 1978 (vir)     1           3.258          -3.364          -2.919          -7.206            4.182
 1979 (vir)     1           3.265          -3.302          -2.766          -6.958            4.154
 1980 (vir)     1           3.272          -3.250          -2.713          -6.859            4.167
 1981 (vir)     1           3.278          -3.306          -2.838          -7.067            4.201
 1982 (vir)     1           3.286          -3.409          -2.932          -7.236            4.181
 1983 (vir)     1           3.292          -3.343          -2.856          -7.108            4.201
 1984 (vir)     1           3.303          -3.313          -2.778          -6.982            4.194
 1985 (vir)     1           3.306          -3.399          -2.891          -7.170            4.186
 1986 (vir)     1           3.311          -3.399          -2.981          -7.327            4.258
 1987 (vir)     1           3.322          -3.364          -2.872          -7.141            4.227
 1988 (vir)     1           3.327          -3.464          -3.074          -7.489            4.278
 1989 (vir)     1           3.329          -3.440          -3.027          -7.408            4.270
 1990 (vir)     1           3.331          -3.489          -3.082          -7.441            4.201
 1991 (vir)     1           3.339          -3.468          -3.101          -7.521            4.291
 1992 (vir)     1           3.345          -3.448          -2.982          -7.337            4.252
 1993 (vir)     1           3.349          -3.551          -3.198          -7.670            4.270
 1994 (vir)     1           3.364          -3.447          -2.993          -7.339            4.262
 1995 (vir)     1           3.370          -3.617          -3.219          -7.738            4.273
 1996 (vir)     1           3.378          -3.353          -2.908          -7.217            4.333
 1997 (vir)     1           3.381          -3.410          -2.981          -7.356            4.346
 1998 (vir)     1           3.384          -3.571          -3.191          -7.681            4.303
 1999 (vir)     1           3.387          -3.523          -3.035          -7.461            4.289
 2000 (vir)     1           3.397          -3.572          -3.134          -7.625            4.315
 2001 (vir)     1           3.400          -3.524          -3.074          -7.508            4.310
 2002 (vir)     1           3.405          -3.337          -2.776          -6.996            4.287
 2003 (vir)     1           3.410          -3.696          -3.272          -7.853            4.295
 2004 (vir)     1           3.413          -3.546          -3.109          -7.555            4.313
 2005 (vir)     1           3.417          -3.571          -3.236          -7.791            4.401
 2006 (vir)     1           3.423          -3.463          -3.031          -7.428            4.357
 2007 (vir)     1           3.423          -3.509          -3.115          -7.578            4.377
 2008 (vir)     1           3.430          -3.393          -2.966          -7.327            4.397
 2009 (vir)     1           3.434          -3.612          -3.174          -7.681            4.329
 2010 (vir)     1           3.438          -3.693          -3.292          -7.888            4.342
 2011 (vir)     1           3.441          -3.494          -3.073          -7.511            4.385
 2012 (vir)     1           3.442          -3.654          -3.285          -7.861            4.364
 2013 (vir)     1           3.450          -3.572          -3.177          -7.675            4.376
 2014 (vir)     1           3.452          -3.693          -3.343          -7.960            4.376
 2015 (vir)     1           3.454          -3.538          -3.088          -7.554            4.382
 2016 (vir)     1           3.464          -3.590          -3.099          -7.615            4.389
 2017 (vir)     1           3.477          -3.500          -3.064          -7.482            4.395
 2018 (vir)     1           3.481          -3.627          -3.116          -7.601            4.339
 2019 (vir)     1           3.487          -3.872          -3.522          -8.209            4.303
 2020 (vir)     1           3.490          -3.563          -3.123          -7.583            4.386
 2021 (vir)     1           3.501          -3.582          -3.117          -7.596            4.398
 2022 (vir)     1           3.511          -3.756          -3.357          -7.997            4.394
 2023 (vir)     1           3.512          -3.434          -2.865          -7.190            4.404
 2024 (vir)     1           3.513          -3.636          -3.183          -7.745            4.439
 2025 (vir)     1           3.526          -3.491          -3.002          -7.425            4.458
 2026 (vir)     1           3.535          -3.653          -3.131          -7.655            4.406
 2027 (vir)     1           3.539          -3.671          -3.194          -7.740            4.415
 2028 (vir)     1           3.545          -3.438          -2.886          -7.244            4.465
 2029 (vir)     1           3.563          -3.591          -3.105          -7.582            4.448
 2030 (vir)     1           3.565          -3.478          -2.840          -7.168            4.415
 2031 (vir)     1           3.565          -3.748          -3.196          -7.756            4.376
 2032 (vir)     1           3.577          -3.606          -3.068          -7.566            4.468
 2033 (vir)     1           3.577          -3.752          -3.220          -7.802            4.407
 2034 (vir)     1           3.588          -3.658          -3.174          -7.715            4.471
 2035 (vir)     1           3.593          -3.654          -3.206          -7.788            4.521
 2036 (vir)     1           3.603          -3.407          -2.785          -7.051            4.462
 2037 (vir)     1           3.610          -3.646          -3.092          -7.602            4.473
 2038 (vir)     1           3.616          -3.794          -3.289          -7.913            4.446
 2039 (vir)     1           3.621          -3.616          -3.167          -7.697            4.535
 2040 (vir)     1           3.626          -3.726          -3.239          -7.850            4.511
 2041 (vir)     1           3.641          -3.654          -3.179          -7.749            4.558
 2042 (vir)     1           3.644          -3.511          -2.885          -7.256            4.504
 2043 (vir)     1           3.645          -3.693          -3.175          -7.752            4.529
 2044 (vir)     1           3.652          -3.634          -3.144          -7.702            4.576
 2045 (vir)     1           3.654          -3.895          -3.468          -8.179            4.470
 2046 (vir)     1           3.661          -3.887          -3.474          -8.165            4.465
 2047 (vir)     1           3.663          -3.636          -3.111          -7.604            4.521
 2048 (vir)     1           3.667          -3.824          -3.379          -8.009            4.474
 2049 (vir)     1           3.682          -3.737          -3.247          -7.850            4.548
 2050 (vir)     1           3.689          -3.532          -2.960          -7.398            4.595
 2051 (vir)     1           3.692          -3.728          -3.283          -7.901            4.582
 2052 (vir)     1           3.701          -3.629          -3.116          -7.659            4.615
 2053 (vir)     1           3.704          -3.726          -3.201          -7.821            4.597
 2054 (vir)     1           3.709          -3.745          -3.265          -7.879            4.578
 2055 (vir)     1           3.709          -3.675          -3.141          -7.694            4.587
 2056 (vir)     1           3.716          -3.715          -3.195          -7.796            4.602
 2057 (vir)     1           3.725          -3.552          -2.943          -7.324            4.554
 2058 (vir)     1           3.726          -3.545          -2.937          -7.373            4.617
 2059 (vir)     1           3.734          -3.440          -2.740          -7.024            4.579
 2060 (vir)     1           3.744          -3.729          -3.202          -7.810            4.623
 2061 (vir)     1           3.750          -3.726          -3.145          -7.716            4.596
 2062 (vir)     1           3.753          -3.754          -3.239          -7.888            4.648
 2063 (vir)     1           3.761          -3.704          -3.112          -7.680            4.625
 2064 (vir)     1           3.770          -3.670          -3.031          -7.554            4.623
 2065 (vir)     1           3.781          -3.613          -3.129          -7.673            4.712
 2066 (vir)     1           3.785          -3.679          -3.135          -7.702            4.673
 2067 (vir)     1           3.793          -3.507          -2.824          -7.238            4.700
 2068 (vir)     1           3.811          -3.611          -3.092          -7.623            4.731
 2069 (vir)     1           3.818          -3.599          -3.069          -7.612            4.762
 2070 (vir)     1           3.819          -3.650          -3.030          -7.534            4.674
 2071 (vir)     1           3.822          -3.573          -2.971          -7.431            4.708
 2072 (vir)     1           3.837          -3.849          -3.351          -8.054            4.691
 2073 (vir)     1           3.843          -3.580          -2.940          -7.405            4.727
 2074 (vir)     1           3.849          -3.696          -3.095          -7.654            4.712
 2075 (vir)     1           3.853          -3.823          -3.204          -7.849            4.676
 2076 (vir)     1           3.854          -3.854          -3.383          -8.160            4.777
 2077 (vir)     1           3.862          -3.734          -3.080          -7.607            4.655
 2078 (vir)     1           3.864          -3.661          -3.053          -7.601            4.751
 2079 (vir)     1           3.869          -3.757          -3.204          -7.846            4.753
 2080 (vir)     1           3.888          -4.020          -3.570          -8.474            4.773
 2081 (vir)     1           3.896          -3.816          -3.276          -7.956            4.761
 2082 (vir)     1           3.898          -3.678          -3.069          -7.603            4.755
 2083 (vir)     1           3.904          -3.600          -2.964          -7.421            4.760
 2084 (vir)     1           3.910          -3.705          -3.173          -7.778            4.809
 2085 (vir)     1           3.911          -3.794          -3.170          -7.833            4.780
 2086 (vir)     1           3.921          -3.900          -3.308          -8.041            4.754
 2087 (vir)     1           3.923          -3.743          -3.081          -7.662            4.761
 2088 (vir)     1           3.940          -3.981          -3.482          -8.296            4.773
 2089 (vir)     1           3.948          -3.756          -3.188          -7.839            4.843
 2090 (vir)     1           3.965          -3.853          -3.262          -8.002            4.852
 2091 (vir)     1           3.967          -3.886          -3.397          -8.167            4.851
 2092 (vir)     1           3.969          -3.828          -3.312          -8.074            4.903
 2093 (vir)     1           3.969          -3.710          -3.071          -7.641            4.829
 2094 (vir)     1           3.988          -3.718          -3.160          -7.803            4.912
 2095 (vir)     1           3.994          -4.022          -3.527          -8.420            4.865
 2096 (vir)     1           3.997          -3.781          -3.125          -7.757            4.849
 2097 (vir)     1           3.999          -3.842          -3.282          -8.018            4.893
 2098 (vir)     1           4.005          -3.477          -2.857          -7.294            4.964
 2099 (vir)     1           4.010          -3.769          -3.150          -7.787            4.878
 2100 (vir)     1           4.020          -3.982          -3.426          -8.204            4.816
 2101 (vir)     1           4.026          -3.718          -3.025          -7.608            4.891
 2102 (vir)     1           4.034          -3.636          -2.943          -7.404            4.859
 2103 (vir)     1           4.044          -3.829          -3.200          -7.900            4.915
 2104 (vir)     1           4.054          -3.667          -3.009          -7.547            4.925
 2105 (vir)     1           4.060          -3.829          -3.213          -7.924            4.941
 2106 (vir)     1           4.067          -3.835          -3.203          -7.945            4.974
 2107 (vir)     1           4.070          -3.791          -3.163          -7.869            4.985
 2108 (vir)     1           4.071          -3.724          -3.059          -7.653            4.940
 2109 (vir)     1           4.087          -3.905          -3.310          -8.086            4.957
 2110 (vir)     1           4.087          -3.812          -3.147          -7.802            4.930
 2111 (vir)     1           4.089          -3.699          -3.090          -7.674            4.974
 2112 (vir)     1           4.108          -3.807          -3.157          -7.843            4.987
 2113 (vir)     1           4.121          -3.772          -3.052          -7.680            4.977
 2114 (vir)     1           4.129          -3.975          -3.365          -8.194            4.983
 2115 (vir)     1           4.129          -3.638          -2.952          -7.470            5.009
 2116 (vir)     1           4.141          -3.751          -3.121          -7.786            5.055
 2117 (vir)     1           4.144          -3.863          -3.280          -8.029            5.031
 2118 (vir)     1           4.152          -3.916          -3.258          -8.044            5.021
 2119 (vir)     1           4.185          -3.821          -3.109          -7.802            5.058
 2120 (vir)     1           4.187          -3.573          -2.783          -7.198            5.029
 2121 (vir)     1           4.190          -3.462          -2.715          -7.068            5.081
 2122 (vir)     1           4.192          -3.624          -2.863          -7.330            5.036
 2123 (vir)     1           4.196          -3.699          -2.940          -7.493            5.049
 2124 (vir)     1           4.202          -3.840          -3.107          -7.819            5.074
 2125 (vir)     1           4.203          -3.833          -3.149          -7.860            5.080
 2126 (vir)     1           4.211          -3.676          -2.974          -7.521            5.082
 2127 (vir)     1           4.214          -3.772          -2.977          -7.619            5.083
 2128 (vir)     1           4.215          -3.923          -3.245          -8.013            5.059
 2129 (vir)     1           4.228          -3.816          -3.075          -7.739            5.076
 2130 (vir)     1           4.232          -3.801          -2.993          -7.630            5.068
 2131 (vir)     1           4.245          -3.722          -2.979          -7.564            5.108
 2132 (vir)     1           4.246          -3.729          -3.008          -7.580            5.089
 2133 (vir)     1           4.254          -3.748          -3.101          -7.751            5.156
 2134 (vir)     1           4.257          -3.634          -2.933          -7.483            5.173
 2135 (vir)     1           4.266          -3.832          -3.062          -7.759            5.132
 2136 (vir)     1           4.270          -3.691          -2.969          -7.567            5.178
 2137 (vir)     1           4.271          -3.666          -2.979          -7.556            5.182
 2138 (vir)     1           4.275          -3.675          -2.981          -7.577            5.196
 2139 (vir)     1           4.289          -3.621          -2.794          -7.307            5.181
 2140 (vir)     1           4.291          -3.701          -2.955          -7.558            5.193
 2141 (vir)     1           4.296          -3.695          -2.905          -7.520            5.218
 2142 (vir)     1           4.298          -3.644          -2.827          -7.324            5.151
 2143 (vir)     1           4.315          -3.652          -2.900          -7.465            5.229
 2144 (vir)     1           4.316          -3.771          -3.058          -7.703            5.189
 2145 (vir)     1           4.322          -3.678          -2.888          -7.479            5.235
 2146 (vir)     1           4.328          -3.784          -2.999          -7.668            5.214
 2147 (vir)     1           4.334          -3.619          -2.816          -7.334            5.233
 2148 (vir)     1           4.340          -3.649          -2.854          -7.367            5.204
 2149 (vir)     1           4.345          -3.719          -2.987          -7.589            5.229
 2150 (vir)     1           4.357          -3.682          -2.926          -7.506            5.255
 2151 (vir)     1           4.358          -3.574          -2.757          -7.244            5.271
 2152 (vir)     1           4.365          -3.679          -2.835          -7.398            5.250
 2153 (vir)     1           4.370          -3.724          -2.931          -7.514            5.228
 2154 (vir)     1           4.373          -3.833          -3.180          -7.923            5.282
 2155 (vir)     1           4.377          -3.625          -2.861          -7.388            5.279
 2156 (vir)     1           4.380          -3.620          -2.858          -7.417            5.319
 2157 (vir)     1           4.382          -3.515          -2.781          -7.195            5.281
 2158 (vir)     1           4.395          -3.640          -2.823          -7.301            5.232
 2159 (vir)     1           4.407          -3.782          -3.114          -7.815            5.325
 2160 (vir)     1           4.410          -3.750          -2.961          -7.599            5.298
 2161 (vir)     1           4.418          -3.732          -2.922          -7.515            5.278
 2162 (vir)     1           4.423          -3.674          -2.870          -7.422            5.301
 2163 (vir)     1           4.429          -3.946          -3.187          -7.995            5.291
 2164 (vir)     1           4.433          -3.737          -2.904          -7.510            5.302
 2165 (vir)     1           4.437          -3.706          -2.939          -7.534            5.326
 2166 (vir)     1           4.442          -3.554          -2.724          -7.199            5.364
 2167 (vir)     1           4.456          -3.575          -2.735          -7.201            5.347
 2168 (vir)     1           4.461          -3.660          -2.946          -7.501            5.356
 2169 (vir)     1           4.462          -3.658          -2.848          -7.406            5.361
 2170 (vir)     1           4.474          -3.560          -2.672          -7.152            5.394
 2171 (vir)     1           4.480          -3.647          -2.814          -7.370            5.389
 2172 (vir)     1           4.480          -3.771          -3.024          -7.706            5.390
 2173 (vir)     1           4.488          -3.822          -3.037          -7.729            5.357
 2174 (vir)     1           4.494          -3.652          -2.756          -7.237            5.323
 2175 (vir)     1           4.496          -3.641          -2.722          -7.227            5.361
 2176 (vir)     1           4.506          -3.667          -2.741          -7.248            5.346
 2177 (vir)     1           4.514          -3.693          -2.943          -7.578            5.456
 2178 (vir)     1           4.522          -3.676          -2.968          -7.579            5.457
 2179 (vir)     1           4.522          -3.634          -2.732          -7.228            5.385
 2180 (vir)     1           4.528          -3.682          -2.833          -7.410            5.424
 2181 (vir)     1           4.540          -3.713          -2.789          -7.358            5.397
 2182 (vir)     1           4.543          -3.660          -2.756          -7.298            5.425
 2183 (vir)     1           4.548          -3.707          -2.778          -7.330            5.393
 2184 (vir)     1           4.560          -3.770          -2.907          -7.508            5.392
 2185 (vir)     1           4.561          -3.750          -3.139          -7.867            5.539
 2186 (vir)     1           4.566          -3.652          -2.745          -7.288            5.457
 2187 (vir)     1           4.574          -3.694          -2.779          -7.318            5.419
 2188 (vir)     1           4.575          -3.807          -3.051          -7.779            5.496
 2189 (vir)     1           4.576          -3.646          -2.787          -7.306            5.449
 2190 (vir)     1           4.580          -3.792          -2.958          -7.579            5.409
 2191 (vir)     1           4.588          -3.724          -2.913          -7.498            5.449
 2192 (vir)     1           4.596          -3.663          -2.750          -7.299            5.482
 2193 (vir)     1           4.601          -3.673          -2.855          -7.436            5.509
 2194 (vir)     1           4.610          -3.778          -2.973          -7.611            5.470
 2195 (vir)     1           4.616          -3.740          -2.866          -7.483            5.493
 2196 (vir)     1           4.619          -3.762          -2.871          -7.479            5.466
 2197 (vir)     1           4.628          -3.748          -2.922          -7.504            5.462
 2198 (vir)     1           4.629          -3.762          -2.923          -7.535            5.479
 2199 (vir)     1           4.638          -3.697          -2.879          -7.479            5.542
 2200 (vir)     1           4.656          -3.894          -3.121          -7.917            5.559
 2201 (vir)     1           4.661          -3.794          -2.930          -7.580            5.517
 2202 (vir)     1           4.670          -3.722          -2.805          -7.397            5.541
 2203 (vir)     1           4.671          -3.805          -2.935          -7.596            5.526
 2204 (vir)     1           4.682          -3.714          -2.911          -7.529            5.586
 2205 (vir)     1           4.686          -3.676          -2.787          -7.305            5.528
 2206 (vir)     1           4.695          -3.722          -2.849          -7.450            5.574
 2207 (vir)     1           4.696          -3.730          -2.826          -7.447            5.587
 2208 (vir)     1           4.701          -3.700          -2.896          -7.515            5.621
 2209 (vir)     1           4.703          -3.774          -2.860          -7.471            5.540
 2210 (vir)     1           4.706          -3.709          -2.803          -7.352            5.546
 2211 (vir)     1           4.714          -3.620          -2.582          -7.053            5.564
 2212 (vir)     1           4.722          -3.710          -2.850          -7.482            5.645
 2213 (vir)     1           4.727          -3.885          -3.194          -8.026            5.675
 2214 (vir)     1           4.739          -3.807          -2.976          -7.638            5.594
 2215 (vir)     1           4.740          -3.776          -2.920          -7.586            5.630
 2216 (vir)     1           4.744          -3.744          -2.858          -7.475            5.617
 2217 (vir)     1           4.746          -3.705          -2.831          -7.441            5.650
 2218 (vir)     1           4.748          -3.611          -2.618          -7.083            5.601
 2219 (vir)     1           4.755          -3.731          -2.831          -7.440            5.633
 2220 (vir)     1           4.761          -3.713          -2.804          -7.373            5.618
 2221 (vir)     1           4.762          -3.737          -2.833          -7.467            5.659
 2222 (vir)     1           4.766          -3.695          -2.702          -7.245            5.613
 2223 (vir)     1           4.771          -3.719          -2.690          -7.222            5.583
 2224 (vir)     1           4.785          -3.701          -2.763          -7.347            5.668
 2225 (vir)     1           4.788          -3.703          -2.742          -7.269            5.612
 2226 (vir)     1           4.791          -3.747          -2.749          -7.353            5.648
 2227 (vir)     1           4.797          -3.836          -2.990          -7.709            5.680
 2228 (vir)     1           4.803          -3.687          -2.828          -7.421            5.709
 2229 (vir)     1           4.805          -3.736          -2.875          -7.506            5.701
 2230 (vir)     1           4.808          -3.873          -3.076          -7.820            5.680
 2231 (vir)     1           4.817          -3.861          -2.991          -7.727            5.692
 2232 (vir)     1           4.825          -3.732          -2.803          -7.417            5.706
 2233 (vir)     1           4.825          -3.737          -2.802          -7.375            5.661
 2234 (vir)     1           4.828          -3.812          -2.856          -7.519            5.679
 2235 (vir)     1           4.836          -3.945          -3.108          -7.895            5.677
 2236 (vir)     1           4.837          -3.686          -2.719          -7.253            5.686
 2237 (vir)     1           4.840          -3.799          -2.790          -7.417            5.668
 2238 (vir)     1           4.846          -3.824          -2.984          -7.680            5.718
 2239 (vir)     1           4.852          -3.894          -2.979          -7.712            5.691
 2240 (vir)     1           4.866          -3.768          -2.889          -7.537            5.746
 2241 (vir)     1           4.870          -3.914          -3.055          -7.814            5.715
 2242 (vir)     1           4.875          -3.767          -2.911          -7.599            5.796
 2243 (vir)     1           4.879          -3.735          -2.711          -7.282            5.715
 2244 (vir)     1           4.881          -3.796          -2.882          -7.562            5.765
 2245 (vir)     1           4.882          -3.784          -2.925          -7.606            5.778
 2246 (vir)     1           4.888          -3.715          -2.798          -7.435            5.809
 2247 (vir)     1           4.889          -3.734          -2.719          -7.261            5.697
 2248 (vir)     1           4.894          -3.775          -2.890          -7.547            5.776
 2249 (vir)     1           4.898          -3.763          -2.798          -7.422            5.759
 2250 (vir)     1           4.906          -3.873          -3.002          -7.747            5.777
 2251 (vir)     1           4.908          -3.669          -2.702          -7.276            5.813
 2252 (vir)     1           4.920          -3.683          -2.691          -7.211            5.758
 2253 (vir)     1           4.923          -3.938          -3.116          -7.925            5.794
 2254 (vir)     1           4.926          -3.749          -2.833          -7.462            5.806
 2255 (vir)     1           4.927          -3.715          -2.719          -7.268            5.761
 2256 (vir)     1           4.940          -3.776          -2.791          -7.432            5.805
 2257 (vir)     1           4.944          -3.804          -2.867          -7.552            5.825
 2258 (vir)     1           4.946          -3.889          -2.885          -7.574            5.746
 2259 (vir)     1           4.955          -3.816          -2.921          -7.647            5.865
 2260 (vir)     1           4.956          -3.853          -2.883          -7.588            5.809
 2261 (vir)     1           4.959          -3.856          -2.994          -7.787            5.896
 2262 (vir)     1           4.968          -3.915          -2.986          -7.776            5.842
 2263 (vir)     1           4.971          -3.988          -3.203          -8.130            5.910
 2264 (vir)     1           4.972          -3.835          -2.816          -7.500            5.822
 2265 (vir)     1           4.977          -3.798          -2.883          -7.590            5.886
 2266 (vir)     1           4.984          -3.780          -2.789          -7.422            5.837
 2267 (vir)     1           4.986          -3.675          -2.756          -7.383            5.938
 2268 (vir)     1           4.989          -3.666          -2.673          -7.237            5.886
 2269 (vir)     1           4.996          -3.841          -2.958          -7.708            5.904
 2270 (vir)     1           5.005          -3.857          -2.975          -7.742            5.914
 2271 (vir)     1           5.006          -3.707          -2.758          -7.391            5.932
 2272 (vir)     1           5.010          -3.841          -2.968          -7.726            5.927
 2273 (vir)     1           5.020          -3.803          -2.789          -7.428            5.856
 2274 (vir)     1           5.025          -3.785          -2.817          -7.480            5.903
 2275 (vir)     1           5.031          -3.755          -2.680          -7.258            5.855
 2276 (vir)     1           5.032          -3.661          -2.643          -7.181            5.909
 2277 (vir)     1           5.039          -3.736          -2.748          -7.371            5.927
 2278 (vir)     1           5.042          -3.908          -3.029          -7.850            5.956
 2279 (vir)     1           5.047          -3.762          -2.734          -7.367            5.917
 2280 (vir)     1           5.052          -3.857          -2.846          -7.546            5.895
 2281 (vir)     1           5.053          -3.820          -2.796          -7.470            5.907
 2282 (vir)     1           5.063          -3.723          -2.789          -7.408            5.960
 2283 (vir)     1           5.063          -3.753          -2.740          -7.401            5.971
 2284 (vir)     1           5.076          -3.702          -2.684          -7.291            5.982
 2285 (vir)     1           5.077          -3.977          -2.961          -7.803            5.942
 2286 (vir)     1           5.082          -3.839          -2.747          -7.409            5.906
 2287 (vir)     1           5.084          -3.923          -2.885          -7.664            5.940
 2288 (vir)     1           5.089          -3.980          -3.015          -7.855            5.950
 2289 (vir)     1           5.090          -3.819          -2.735          -7.388            5.923
 2290 (vir)     1           5.103          -3.783          -2.767          -7.426            5.979
 2291 (vir)     1           5.108          -3.687          -2.646          -7.202            5.976
 2292 (vir)     1           5.110          -3.763          -2.668          -7.263            5.941
 2293 (vir)     1           5.112          -3.890          -2.781          -7.498            5.939
 2294 (vir)     1           5.113          -3.854          -2.742          -7.415            5.932
 2295 (vir)     1           5.124          -3.831          -2.798          -7.467            5.962
 2296 (vir)     1           5.128          -3.830          -2.807          -7.511            6.002
 2297 (vir)     1           5.137          -3.880          -2.782          -7.501            5.975
 2298 (vir)     1           5.145          -3.943          -2.870          -7.660            5.991
 2299 (vir)     1           5.150          -3.830          -2.835          -7.552            6.037
 2300 (vir)     1           5.152          -3.831          -2.717          -7.389            5.993
 2301 (vir)     1           5.155          -3.923          -2.963          -7.763            6.031
 2302 (vir)     1           5.163          -3.880          -2.884          -7.624            6.023
 2303 (vir)     1           5.171          -3.907          -2.791          -7.525            5.998
 2304 (vir)     1           5.174          -3.846          -2.771          -7.473            6.031
 2305 (vir)     1           5.175          -3.873          -2.917          -7.683            6.068
 2306 (vir)     1           5.186          -3.861          -2.834          -7.601            6.092
 2307 (vir)     1           5.191          -3.739          -2.730          -7.391            6.114
 2308 (vir)     1           5.199          -3.900          -2.850          -7.614            6.064
 2309 (vir)     1           5.200          -3.824          -2.844          -7.591            6.123
 2310 (vir)     1           5.206          -3.954          -2.951          -7.742            6.041
 2311 (vir)     1           5.216          -3.908          -2.895          -7.699            6.111
 2312 (vir)     1           5.216          -3.983          -3.023          -7.855            6.065
 2313 (vir)     1           5.223          -3.936          -2.882          -7.634            6.038
 2314 (vir)     1           5.231          -3.796          -2.750          -7.386            6.070
 2315 (vir)     1           5.232          -3.843          -2.811          -7.527            6.104
 2316 (vir)     1           5.236          -3.907          -2.861          -7.641            6.109
 2317 (vir)     1           5.237          -3.954          -2.886          -7.687            6.083
 2318 (vir)     1           5.244          -3.944          -2.871          -7.632            6.061
 2319 (vir)     1           5.249          -3.900          -2.956          -7.763            6.157
 2320 (vir)     1           5.254          -3.970          -2.925          -7.750            6.110
 2321 (vir)     1           5.265          -3.848          -2.783          -7.497            6.131
 2322 (vir)     1           5.270          -3.911          -2.919          -7.718            6.158
 2323 (vir)     1           5.271          -4.088          -3.095          -8.040            6.128
 2324 (vir)     1           5.273          -4.181          -3.241          -8.236            6.088
 2325 (vir)     1           5.279          -4.104          -3.138          -8.101            6.138
 2326 (vir)     1           5.290          -4.010          -2.964          -7.815            6.131
 2327 (vir)     1           5.298          -4.002          -2.966          -7.817            6.147
 2328 (vir)     1           5.299          -3.973          -2.950          -7.796            6.172
 2329 (vir)     1           5.306          -3.917          -2.759          -7.501            6.131
 2330 (vir)     1           5.307          -3.964          -2.987          -7.831            6.187
 2331 (vir)     1           5.314          -3.968          -2.868          -7.703            6.181
 2332 (vir)     1           5.319          -3.984          -2.916          -7.764            6.183
 2333 (vir)     1           5.323          -3.985          -2.981          -7.876            6.234
 2334 (vir)     1           5.331          -3.880          -2.859          -7.644            6.235
 2335 (vir)     1           5.332          -4.117          -3.128          -8.132            6.219
 2336 (vir)     1           5.344          -3.950          -2.854          -7.642            6.182
 2337 (vir)     1           5.347          -3.948          -2.859          -7.651            6.191
 2338 (vir)     1           5.351          -3.764          -2.689          -7.352            6.250
 2339 (vir)     1           5.360          -3.947          -2.918          -7.759            6.253
 2340 (vir)     1           5.364          -3.988          -2.961          -7.818            6.232
 2341 (vir)     1           5.364          -3.874          -2.806          -7.545            6.229
 2342 (vir)     1           5.383          -4.113          -3.118          -8.100            6.252
 2343 (vir)     1           5.385          -4.150          -3.148          -8.151            6.239
 2344 (vir)     1           5.393          -4.067          -3.024          -7.965            6.267
 2345 (vir)     1           5.395          -3.917          -2.849          -7.651            6.279
 2346 (vir)     1           5.406          -3.993          -2.893          -7.715            6.235
 2347 (vir)     1           5.420          -3.818          -2.769          -7.505            6.337
 2348 (vir)     1           5.425          -4.000          -2.901          -7.750            6.274
 2349 (vir)     1           5.437          -3.881          -2.874          -7.693            6.374
 2350 (vir)     1           5.441          -3.811          -2.759          -7.498            6.369
 2351 (vir)     1           5.452          -3.933          -2.795          -7.576            6.300
 2352 (vir)     1           5.454          -3.857          -2.757          -7.504            6.343
 2353 (vir)     1           5.461          -3.938          -2.865          -7.695            6.353
 2354 (vir)     1           5.468          -3.917          -2.858          -7.627            6.320
 2355 (vir)     1           5.473          -3.904          -2.796          -7.617            6.391
 2356 (vir)     1           5.479          -4.038          -2.851          -7.657            6.246
 2357 (vir)     1           5.481          -4.083          -3.019          -7.976            6.356
 2358 (vir)     1           5.483          -4.096          -3.066          -8.063            6.384
 2359 (vir)     1           5.498          -3.938          -2.806          -7.622            6.376
 2360 (vir)     1           5.511          -4.048          -2.978          -7.946            6.431
 2361 (vir)     1           5.519          -4.007          -2.823          -7.705            6.395
 2362 (vir)     1           5.525          -3.976          -2.899          -7.767            6.417
 2363 (vir)     1           5.528          -4.045          -3.041          -8.005            6.448
 2364 (vir)     1           5.537          -3.961          -2.908          -7.783            6.450
 2365 (vir)     1           5.552          -4.053          -3.054          -8.048            6.493
 2366 (vir)     1           5.553          -4.048          -2.956          -7.846            6.395
 2367 (vir)     1           5.558          -3.944          -2.876          -7.701            6.439
 2368 (vir)     1           5.559          -4.001          -2.990          -7.940            6.508
 2369 (vir)     1           5.571          -4.009          -2.856          -7.731            6.437
 2370 (vir)     1           5.577          -4.121          -3.015          -8.015            6.456
 2371 (vir)     1           5.582          -3.966          -2.920          -7.821            6.518
 2372 (vir)     1           5.586          -4.085          -2.905          -7.834            6.429
 2373 (vir)     1           5.589          -4.013          -2.894          -7.758            6.440
 2374 (vir)     1           5.595          -4.050          -2.863          -7.719            6.401
 2375 (vir)     1           5.600          -3.934          -2.747          -7.548            6.467
 2376 (vir)     1           5.607          -3.928          -2.863          -7.710            6.526
 2377 (vir)     1           5.619          -4.080          -3.103          -8.113            6.549
 2378 (vir)     1           5.626          -4.104          -2.881          -7.813            6.454
 2379 (vir)     1           5.632          -4.009          -2.816          -7.679            6.486
 2380 (vir)     1           5.640          -3.998          -2.861          -7.724            6.505
 2381 (vir)     1           5.642          -4.010          -3.001          -7.956            6.587
 2382 (vir)     1           5.655          -4.013          -2.841          -7.694            6.495
 2383 (vir)     1           5.660          -4.056          -2.966          -7.957            6.595
 2384 (vir)     1           5.664          -4.045          -2.902          -7.853            6.570
 2385 (vir)     1           5.664          -3.913          -2.767          -7.559            6.543
 2386 (vir)     1           5.676          -4.151          -2.977          -7.989            6.537
 2387 (vir)     1           5.682          -4.105          -2.953          -7.916            6.540
 2388 (vir)     1           5.685          -4.055          -2.880          -7.775            6.524
 2389 (vir)     1           5.694          -4.020          -2.868          -7.745            6.551
 2390 (vir)     1           5.695          -3.985          -2.868          -7.730            6.571
 2391 (vir)     1           5.717          -4.063          -2.886          -7.831            6.599
 2392 (vir)     1           5.724          -3.970          -2.865          -7.722            6.611
 2393 (vir)     1           5.734          -4.036          -2.965          -7.921            6.654
 2394 (vir)     1           5.737          -4.118          -2.862          -7.830            6.587
 2395 (vir)     1           5.749          -4.093          -2.949          -7.906            6.613
 2396 (vir)     1           5.754          -3.932          -2.892          -7.747            6.676
 2397 (vir)     1           5.759          -3.953          -2.826          -7.667            6.647
 2398 (vir)     1           5.770          -3.925          -2.724          -7.516            6.636
 2399 (vir)     1           5.775          -4.083          -2.912          -7.869            6.649
 2400 (vir)     1           5.788          -4.172          -3.017          -8.096            6.696
 2401 (vir)     1           5.788          -4.105          -2.964          -7.930            6.649
 2402 (vir)     1           5.793          -4.044          -2.988          -7.947            6.707
 2403 (vir)     1           5.803          -4.056          -2.869          -7.817            6.694
 2404 (vir)     1           5.808          -4.029          -2.956          -7.952            6.774
 2405 (vir)     1           5.810          -4.015          -2.833          -7.726            6.687
 2406 (vir)     1           5.820          -3.982          -2.841          -7.728            6.724
 2407 (vir)     1           5.826          -4.241          -2.986          -8.077            6.675
 2408 (vir)     1           5.827          -3.949          -2.769          -7.552            6.660
 2409 (vir)     1           5.830          -4.150          -3.040          -8.058            6.698
 2410 (vir)     1           5.838          -3.944          -2.738          -7.561            6.717
 2411 (vir)     1           5.845          -4.071          -2.867          -7.823            6.730
 2412 (vir)     1           5.848          -3.825          -2.642          -7.374            6.756
 2413 (vir)     1           5.864          -4.085          -2.870          -7.803            6.712
 2414 (vir)     1           5.868          -3.847          -2.799          -7.644            6.866
 2415 (vir)     1           5.870          -4.038          -2.898          -7.837            6.771
 2416 (vir)     1           5.880          -3.999          -2.697          -7.538            6.723
 2417 (vir)     1           5.884          -4.088          -2.914          -7.880            6.761
 2418 (vir)     1           5.887          -4.005          -2.847          -7.724            6.760
 2419 (vir)     1           5.891          -4.000          -3.134          -8.208            6.966
 2420 (vir)     1           5.900          -3.977          -2.872          -7.808            6.859
 2421 (vir)     1           5.903          -3.881          -2.832          -7.720            6.911
 2422 (vir)     1           5.904          -4.081          -3.201          -8.337            6.959
 2423 (vir)     1           5.919          -3.992          -2.822          -7.719            6.824
 2424 (vir)     1           5.925          -3.970          -2.730          -7.634            6.859
 2425 (vir)     1           5.934          -4.027          -2.912          -7.822            6.816
 2426 (vir)     1           5.935          -4.010          -2.725          -7.605            6.805
 2427 (vir)     1           5.942          -4.061          -2.958          -7.975            6.897
 2428 (vir)     1           5.947          -4.010          -2.712          -7.601            6.826
 2429 (vir)     1           5.958          -3.905          -2.793          -7.622            6.881
 2430 (vir)     1           5.966          -3.981          -2.705          -7.532            6.813
 2431 (vir)     1           5.973          -3.947          -2.811          -7.705            6.921
 2432 (vir)     1           5.977          -4.007          -2.686          -7.504            6.788
 2433 (vir)     1           5.987          -4.022          -2.681          -7.554            6.839
 2434 (vir)     1           5.989          -3.950          -2.809          -7.652            6.883
 2435 (vir)     1           5.996          -3.940          -2.467          -7.155            6.744
 2436 (vir)     1           5.998          -3.934          -2.731          -7.566            6.899
 2437 (vir)     1           6.000          -4.073          -2.792          -7.666            6.801
 2438 (vir)     1           6.009          -3.991          -2.877          -7.771            6.912
 2439 (vir)     1           6.017          -3.938          -2.678          -7.479            6.881
 2440 (vir)     1           6.019          -3.960          -2.751          -7.611            6.919
 2441 (vir)     1           6.023          -3.976          -2.876          -7.778            6.948
 2442 (vir)     1           6.028          -4.077          -2.886          -7.842            6.907
 2443 (vir)     1           6.041          -3.959          -2.738          -7.554            6.898
 2444 (vir)     1           6.042          -3.965          -2.831          -7.753            6.999
 2445 (vir)     1           6.048          -4.158          -2.979          -8.064            6.975
 2446 (vir)     1           6.057          -3.994          -2.801          -7.686            6.948
 2447 (vir)     1           6.065          -4.087          -2.865          -7.825            6.938
 2448 (vir)     1           6.068          -3.891          -2.715          -7.591            7.053
 2449 (vir)     1           6.072          -3.952          -2.744          -7.573            6.949
 2450 (vir)     1           6.073          -4.064          -2.778          -7.711            6.942
 2451 (vir)     1           6.082          -3.985          -2.815          -7.717            6.999
 2452 (vir)     1           6.088          -4.161          -2.869          -7.877            6.935
 2453 (vir)     1           6.094          -4.048          -2.812          -7.779            7.013
 2454 (vir)     1           6.096          -4.160          -2.983          -7.996            6.948
 2455 (vir)     1           6.109          -4.053          -2.872          -7.821            7.005
 2456 (vir)     1           6.120          -3.929          -2.676          -7.502            7.018
 2457 (vir)     1           6.124          -3.960          -2.970          -7.971            7.166
 2458 (vir)     1           6.126          -3.948          -2.695          -7.541            7.025
 2459 (vir)     1           6.129          -3.990          -2.712          -7.597            7.024
 2460 (vir)     1           6.138          -4.001          -2.866          -7.816            7.086
 2461 (vir)     1           6.142          -4.125          -3.060          -8.192            7.148
 2462 (vir)     1           6.150          -3.801          -2.686          -7.509            7.173
 2463 (vir)     1           6.153          -4.015          -2.853          -7.810            7.096
 2464 (vir)     1           6.161          -3.897          -2.670          -7.526            7.120
 2465 (vir)     1           6.167          -4.044          -2.838          -7.743            7.028
 2466 (vir)     1           6.179          -3.920          -2.736          -7.576            7.099
 2467 (vir)     1           6.182          -3.995          -2.814          -7.780            7.153
 2468 (vir)     1           6.185          -4.003          -2.746          -7.656            7.092
 2469 (vir)     1           6.186          -3.969          -2.788          -7.721            7.151
 2470 (vir)     1           6.188          -4.029          -2.825          -7.756            7.091
 2471 (vir)     1           6.198          -3.967          -2.729          -7.623            7.125
 2472 (vir)     1           6.199          -4.021          -2.714          -7.519            6.983
 2473 (vir)     1           6.200          -4.097          -2.816          -7.811            7.098
 2474 (vir)     1           6.204          -3.953          -2.733          -7.605            7.124
 2475 (vir)     1           6.214          -4.001          -2.742          -7.599            7.070
 2476 (vir)     1           6.232          -4.034          -2.751          -7.675            7.123
 2477 (vir)     1           6.244          -4.219          -3.002          -8.152            7.175
 2478 (vir)     1           6.251          -3.927          -2.648          -7.472            7.147
 2479 (vir)     1           6.251          -3.963          -2.704          -7.613            7.197
 2480 (vir)     1           6.253          -4.064          -2.734          -7.668            7.122
 2481 (vir)     1           6.260          -4.010          -2.606          -7.443            7.088
 2482 (vir)     1           6.264          -3.973          -2.722          -7.607            7.176
 2483 (vir)     1           6.268          -4.064          -2.689          -7.553            7.068
 2484 (vir)     1           6.270          -4.058          -2.779          -7.707            7.139
 2485 (vir)     1           6.275          -4.124          -2.932          -7.967            7.186
 2486 (vir)     1           6.277          -4.032          -2.729          -7.626            7.143
 2487 (vir)     1           6.288          -3.972          -2.763          -7.694            7.247
 2488 (vir)     1           6.292          -3.879          -2.597          -7.362            7.178
 2489 (vir)     1           6.297          -3.985          -2.706          -7.630            7.236
 2490 (vir)     1           6.321          -4.141          -2.921          -7.985            7.243
 2491 (vir)     1           6.322          -3.923          -2.657          -7.493            7.236
 2492 (vir)     1           6.330          -4.149          -2.878          -7.909            7.213
 2493 (vir)     1           6.335          -3.973          -2.730          -7.642            7.274
 2494 (vir)     1           6.338          -4.001          -2.752          -7.679            7.264
 2495 (vir)     1           6.340          -4.014          -2.746          -7.665            7.246
 2496 (vir)     1           6.355          -4.050          -2.841          -7.853            7.317
 2497 (vir)     1           6.360          -4.037          -2.743          -7.708            7.288
 2498 (vir)     1           6.372          -4.083          -2.869          -7.888            7.307
 2499 (vir)     1           6.377          -4.046          -2.770          -7.719            7.281
 2500 (vir)     1           6.383          -4.128          -2.779          -7.847            7.323
 2501 (vir)     1           6.385          -4.122          -2.845          -7.882            7.299
 2502 (vir)     1           6.398          -3.953          -2.609          -7.386            7.222
 2503 (vir)     1           6.399          -3.931          -2.760          -7.672            7.380
 2504 (vir)     1           6.408          -4.033          -2.775          -7.698            7.297
 2505 (vir)     1           6.422          -4.007          -2.778          -7.753            7.390
 2506 (vir)     1           6.423          -4.015          -2.750          -7.678            7.337
 2507 (vir)     1           6.434          -4.159          -2.795          -7.860            7.340
 2508 (vir)     1           6.436          -4.164          -3.114          -8.329            7.486
 2509 (vir)     1           6.444          -3.981          -2.723          -7.660            7.400
 2510 (vir)     1           6.451          -4.204          -2.837          -7.880            7.290
 2511 (vir)     1           6.451          -4.242          -3.027          -8.286            7.468
 2512 (vir)     1           6.458          -3.958          -2.639          -7.488            7.349
 2513 (vir)     1           6.461          -4.182          -2.919          -8.074            7.434
 2514 (vir)     1           6.475          -4.037          -2.641          -7.546            7.343
 2515 (vir)     1           6.478          -4.134          -2.827          -7.865            7.382
 2516 (vir)     1           6.488          -4.165          -2.841          -7.948            7.430
 2517 (vir)     1           6.499          -4.056          -2.764          -7.746            7.425
 2518 (vir)     1           6.508          -4.129          -2.825          -7.888            7.441
 2519 (vir)     1           6.512          -4.040          -2.764          -7.807            7.514
 2520 (vir)     1           6.519          -3.860          -2.586          -7.430            7.505
 2521 (vir)     1           6.532          -4.107          -2.851          -7.873            7.447
 2522 (vir)     1           6.540          -4.068          -2.776          -7.745            7.441
 2523 (vir)     1           6.552          -4.060          -2.609          -7.542            7.425
 2524 (vir)     1           6.552          -4.296          -2.889          -8.071            7.437
 2525 (vir)     1           6.556          -4.082          -2.762          -7.791            7.503
 2526 (vir)     1           6.558          -4.117          -2.712          -7.714            7.444
 2527 (vir)     1           6.559          -3.916          -2.676          -7.601            7.569
 2528 (vir)     1           6.570          -4.175          -2.833          -7.922            7.483
 2529 (vir)     1           6.579          -4.159          -2.752          -7.784            7.451
 2530 (vir)     1           6.582          -4.264          -2.878          -8.041            7.481
 2531 (vir)     1           6.592          -4.065          -2.710          -7.697            7.512
 2532 (vir)     1           6.599          -4.218          -2.776          -7.804            7.410
 2533 (vir)     1           6.605          -4.062          -2.688          -7.708            7.563
 2534 (vir)     1           6.614          -4.014          -2.631          -7.554            7.523
 2535 (vir)     1           6.615          -4.145          -2.784          -7.805            7.491
 2536 (vir)     1           6.621          -4.095          -2.761          -7.812            7.577
 2537 (vir)     1           6.641          -3.965          -2.658          -7.570            7.588
 2538 (vir)     1           6.644          -4.043          -2.740          -7.746            7.607
 2539 (vir)     1           6.644          -4.212          -2.818          -7.932            7.547
 2540 (vir)     1           6.656          -4.059          -2.695          -7.737            7.639
 2541 (vir)     1           6.664          -4.097          -2.731          -7.746            7.582
 2542 (vir)     1           6.666          -4.011          -2.659          -7.638            7.634
 2543 (vir)     1           6.683          -4.278          -3.082          -8.371            7.695
 2544 (vir)     1           6.685          -3.982          -2.544          -7.437            7.596
 2545 (vir)     1           6.694          -4.247          -3.055          -8.323            7.715
 2546 (vir)     1           6.696          -4.061          -2.576          -7.508            7.567
 2547 (vir)     1           6.701          -4.032          -2.746          -7.743            7.666
 2548 (vir)     1           6.707          -4.127          -2.720          -7.774            7.634
 2549 (vir)     1           6.710          -4.171          -2.805          -7.885            7.620
 2550 (vir)     1           6.733          -4.051          -2.706          -7.709            7.684
 2551 (vir)     1           6.733          -4.154          -2.824          -7.946            7.702
 2552 (vir)     1           6.741          -4.305          -2.928          -8.120            7.628
 2553 (vir)     1           6.758          -4.214          -2.855          -8.001            7.689
 2554 (vir)     1           6.760          -4.180          -2.786          -7.848            7.642
 2555 (vir)     1           6.762          -4.276          -2.766          -7.865            7.586
 2556 (vir)     1           6.773          -4.104          -2.678          -7.688            7.680
 2557 (vir)     1           6.775          -4.175          -2.746          -7.830            7.684
 2558 (vir)     1           6.780          -4.218          -2.717          -7.752            7.597
 2559 (vir)     1           6.789          -4.088          -2.617          -7.599            7.684
 2560 (vir)     1           6.794          -4.114          -2.712          -7.735            7.703
 2561 (vir)     1           6.796          -4.216          -2.755          -7.809            7.633
 2562 (vir)     1           6.814          -4.213          -2.699          -7.690            7.591
 2563 (vir)     1           6.830          -4.220          -2.718          -7.813            7.705
 2564 (vir)     1           6.833          -4.323          -2.775          -7.908            7.643
 2565 (vir)     1           6.839          -4.009          -2.550          -7.499            7.780
 2566 (vir)     1           6.840          -4.095          -2.592          -7.567            7.720
 2567 (vir)     1           6.847          -4.241          -2.789          -7.925            7.743
 2568 (vir)     1           6.854          -4.152          -2.719          -7.748            7.732
 2569 (vir)     1           6.860          -4.119          -2.671          -7.711            7.781
 2570 (vir)     1           6.866          -4.305          -2.811          -7.990            7.740
 2571 (vir)     1           6.869          -4.224          -2.772          -7.859            7.733
 2572 (vir)     1           6.873          -4.225          -2.722          -7.774            7.701
 2573 (vir)     1           6.887          -4.273          -2.768          -7.929            7.775
 2574 (vir)     1           6.893          -4.188          -2.683          -7.736            7.758
 2575 (vir)     1           6.895          -4.159          -2.629          -7.670            7.777
 2576 (vir)     1           6.898          -4.079          -2.673          -7.714            7.859
 2577 (vir)     1           6.904          -4.102          -2.686          -7.782            7.899
 2578 (vir)     1           6.909          -4.004          -2.522          -7.410            7.794
 2579 (vir)     1           6.919          -4.184          -2.694          -7.782            7.822
 2580 (vir)     1           6.921          -4.204          -2.649          -7.698            7.765
 2581 (vir)     1           6.939          -4.216          -2.730          -7.858            7.851
 2582 (vir)     1           6.944          -4.154          -2.616          -7.659            7.833
 2583 (vir)     1           6.949          -4.199          -2.797          -8.002            7.955
 2584 (vir)     1           6.958          -4.190          -2.638          -7.667            7.796
 2585 (vir)     1           6.960          -4.259          -2.861          -8.082            7.922
 2586 (vir)     1           6.966          -4.160          -2.653          -7.730            7.882
 2587 (vir)     1           6.976          -4.268          -2.841          -8.066            7.934
 2588 (vir)     1           6.983          -4.135          -2.629          -7.658            7.877
 2589 (vir)     1           6.985          -4.268          -2.719          -7.828            7.826
 2590 (vir)     1           6.986          -4.215          -2.701          -7.875            7.946
 2591 (vir)     1           6.998          -4.122          -2.552          -7.520            7.844
 2592 (vir)     1           7.001          -4.263          -2.741          -7.900            7.898
 2593 (vir)     1           7.010          -4.143          -2.627          -7.637            7.877
 2594 (vir)     1           7.016          -4.408          -2.740          -7.938            7.806
 2595 (vir)     1           7.027          -4.202          -2.615          -7.721            7.932
 2596 (vir)     1           7.032          -4.201          -2.674          -7.753            7.910
 2597 (vir)     1           7.044          -4.139          -2.595          -7.620            7.930
 2598 (vir)     1           7.047          -4.180          -2.522          -7.548            7.893
 2599 (vir)     1           7.053          -4.228          -2.650          -7.747            7.922
 2600 (vir)     1           7.053          -4.312          -2.600          -7.733            7.874
 2601 (vir)     1           7.060          -4.196          -2.679          -7.808            7.993
 2602 (vir)     1           7.062          -4.215          -2.597          -7.678            7.928
 2603 (vir)     1           7.075          -4.208          -2.595          -7.708            7.979
 2604 (vir)     1           7.079          -4.229          -2.588          -7.694            7.955
 2605 (vir)     1           7.083          -4.289          -2.646          -7.755            7.903
 2606 (vir)     1           7.088          -4.273          -2.744          -7.943            8.014
 2607 (vir)     1           7.091          -4.254          -2.545          -7.708            8.001
 2608 (vir)     1           7.100          -4.254          -2.649          -7.805            8.002
 2609 (vir)     1           7.102          -4.217          -2.796          -8.060            8.149
 2610 (vir)     1           7.107          -4.324          -2.605          -7.745            7.923
 2611 (vir)     1           7.111          -4.215          -2.507          -7.582            7.970
 2612 (vir)     1           7.118          -4.230          -2.564          -7.649            7.972
 2613 (vir)     1           7.122          -4.246          -2.727          -7.926            8.076
 2614 (vir)     1           7.123          -4.285          -2.618          -7.714            7.934
 2615 (vir)     1           7.131          -4.240          -2.661          -7.779            8.008
 2616 (vir)     1           7.134          -4.151          -2.594          -7.697            8.085
 2617 (vir)     1           7.135          -4.254          -2.623          -7.752            8.010
 2618 (vir)     1           7.145          -4.308          -2.770          -7.977            8.045
 2619 (vir)     1           7.153          -4.230          -2.513          -7.553            7.963
 2620 (vir)     1           7.158          -4.192          -2.552          -7.648            8.061
 2621 (vir)     1           7.159          -4.303          -2.641          -7.800            8.014
 2622 (vir)     1           7.167          -4.195          -2.633          -7.706            8.046
 2623 (vir)     1           7.168          -4.395          -2.668          -7.871            7.976
 2624 (vir)     1           7.178          -4.179          -2.522          -7.542            8.018
 2625 (vir)     1           7.180          -4.174          -2.618          -7.711            8.099
 2626 (vir)     1           7.188          -4.309          -2.615          -7.719            7.982
 2627 (vir)     1           7.191          -4.239          -2.640          -7.769            8.082
 2628 (vir)     1           7.198          -4.294          -2.725          -7.912            8.092
 2629 (vir)     1           7.216          -4.280          -2.650          -7.762            8.048
 2630 (vir)     1           7.220          -4.248          -2.632          -7.734            8.073
 2631 (vir)     1           7.224          -4.432          -2.683          -7.893            8.001
 2632 (vir)     1           7.227          -4.164          -2.527          -7.578            8.114
 2633 (vir)     1           7.235          -4.396          -2.720          -7.919            8.038
 2634 (vir)     1           7.237          -4.381          -2.953          -8.344            8.247
 2635 (vir)     1           7.238          -4.225          -2.562          -7.584            8.035
 2636 (vir)     1           7.240          -4.397          -2.722          -7.954            8.074
 2637 (vir)     1           7.252          -4.174          -2.601          -7.669            8.145
 2638 (vir)     1           7.254          -4.321          -2.688          -7.882            8.128
 2639 (vir)     1           7.257          -4.178          -2.504          -7.557            8.132
 2640 (vir)     1           7.271          -4.222          -2.526          -7.575            8.098
 2641 (vir)     1           7.274          -4.245          -2.656          -7.797            8.171
 2642 (vir)     1           7.274          -4.393          -2.630          -7.818            8.069
 2643 (vir)     1           7.283          -4.183          -2.556          -7.625            8.169
 2644 (vir)     1           7.289          -4.399          -2.468          -7.618            8.040
 2645 (vir)     1           7.292          -4.216          -2.516          -7.517            8.076
 2646 (vir)     1           7.303          -4.404          -2.742          -8.020            8.178
 2647 (vir)     1           7.304          -4.517          -2.772          -8.057            8.072
 2648 (vir)     1           7.308          -4.547          -2.743          -8.045            8.063
 2649 (vir)     1           7.312          -4.122          -2.494          -7.437            8.133
 2650 (vir)     1           7.317          -4.258          -2.635          -7.791            8.216
 2651 (vir)     1           7.324          -4.410          -2.673          -7.853            8.093
 2652 (vir)     1           7.328          -4.285          -2.557          -7.727            8.213
 2653 (vir)     1           7.336          -4.436          -2.758          -8.135            8.277
 2654 (vir)     1           7.336          -4.499          -2.818          -8.139            8.158
 2655 (vir)     1           7.350          -4.464          -2.669          -7.938            8.156
 2656 (vir)     1           7.352          -4.313          -2.545          -7.740            8.233
 2657 (vir)     1           7.357          -4.537          -2.744          -8.061            8.137
 2658 (vir)     1           7.360          -4.586          -2.860          -8.274            8.188
 2659 (vir)     1           7.363          -4.460          -2.629          -7.857            8.131
 2660 (vir)     1           7.368          -4.410          -2.603          -7.868            8.223
 2661 (vir)     1           7.376          -4.440          -2.692          -7.977            8.220
 2662 (vir)     1           7.380          -4.517          -2.734          -8.048            8.177
 2663 (vir)     1           7.382          -4.391          -2.722          -7.933            8.202
 2664 (vir)     1           7.388          -4.335          -2.600          -7.805            8.257
 2665 (vir)     1           7.395          -4.386          -2.668          -7.929            8.270
 2666 (vir)     1           7.396          -4.554          -2.712          -7.946            8.076
 2667 (vir)     1           7.403          -4.463          -2.708          -7.960            8.191
 2668 (vir)     1           7.407          -4.503          -2.722          -8.017            8.199
 2669 (vir)     1           7.413          -4.413          -2.732          -7.974            8.243
 2670 (vir)     1           7.418          -4.472          -2.727          -7.974            8.193
 2671 (vir)     1           7.420          -4.587          -2.776          -8.093            8.150
 2672 (vir)     1           7.421          -4.430          -2.739          -8.057            8.310
 2673 (vir)     1           7.424          -4.435          -2.660          -7.873            8.202
 2674 (vir)     1           7.425          -4.402          -2.824          -8.195            8.394
 2675 (vir)     1           7.431          -4.440          -2.690          -7.898            8.199
 2676 (vir)     1           7.432          -4.320          -2.620          -7.778            8.269
 2677 (vir)     1           7.444          -4.515          -2.771          -8.150            8.307
 2678 (vir)     1           7.447          -4.534          -2.693          -7.980            8.200
 2679 (vir)     1           7.459          -4.423          -2.656          -7.879            8.258
 2680 (vir)     1           7.470          -4.439          -2.774          -8.082            8.339
 2681 (vir)     1           7.470          -4.555          -2.834          -8.221            8.302
 2682 (vir)     1           7.475          -4.537          -2.721          -8.038            8.256
 2683 (vir)     1           7.483          -4.519          -2.611          -7.787            8.140
 2684 (vir)     1           7.484          -4.539          -2.679          -7.945            8.211
 2685 (vir)     1           7.496          -4.542          -2.686          -7.982            8.250
 2686 (vir)     1           7.496          -4.448          -2.704          -7.961            8.304
 2687 (vir)     1           7.499          -4.402          -2.682          -7.887            8.302
 2688 (vir)     1           7.500          -4.431          -2.782          -8.066            8.353
 2689 (vir)     1           7.509          -4.605          -2.688          -7.992            8.208
 2690 (vir)     1           7.513          -4.466          -2.673          -7.943            8.316
 2691 (vir)     1           7.513          -4.485          -2.660          -7.914            8.282
 2692 (vir)     1           7.525          -4.568          -2.656          -8.028            8.328
 2693 (vir)     1           7.525          -4.486          -2.736          -8.065            8.369
 2694 (vir)     1           7.529          -4.436          -2.614          -7.844            8.323
 2695 (vir)     1           7.533          -4.424          -2.567          -7.738            8.279
 2696 (vir)     1           7.537          -4.614          -2.675          -8.047            8.295
 2697 (vir)     1           7.542          -4.538          -2.754          -8.101            8.351
 2698 (vir)     1           7.555          -4.736          -2.680          -8.021            8.161
 2699 (vir)     1           7.557          -4.581          -2.709          -8.022            8.288
 2700 (vir)     1           7.562          -4.593          -2.684          -8.031            8.315
 2701 (vir)     1           7.562          -4.618          -2.820          -8.247            8.371
 2702 (vir)     1           7.569          -4.415          -2.705          -7.946            8.394
 2703 (vir)     1           7.570          -4.506          -2.697          -7.993            8.359
 2704 (vir)     1           7.587          -4.476          -2.793          -8.161            8.479
 2705 (vir)     1           7.592          -4.335          -2.591          -7.737            8.403
 2706 (vir)     1           7.593          -4.452          -2.576          -7.790            8.354
 2707 (vir)     1           7.594          -4.524          -2.783          -8.150            8.437
 2708 (vir)     1           7.607          -4.668          -2.802          -8.183            8.320
 2709 (vir)     1           7.612          -4.558          -2.812          -8.190            8.432
 2710 (vir)     1           7.615          -4.551          -2.695          -8.009            8.378
 2711 (vir)     1           7.619          -4.634          -2.795          -8.207            8.398
 2712 (vir)     1           7.626          -4.625          -2.732          -8.101            8.370
 2713 (vir)     1           7.630          -4.507          -2.792          -8.141            8.471
 2714 (vir)     1           7.632          -4.542          -2.821          -8.236            8.505
 2715 (vir)     1           7.638          -4.672          -2.790          -8.240            8.416
 2716 (vir)     1           7.648          -4.732          -2.709          -8.086            8.293
 2717 (vir)     1           7.651          -4.714          -2.777          -8.228            8.388
 2718 (vir)     1           7.659          -4.410          -2.696          -7.988            8.542
 2719 (vir)     1           7.669          -4.688          -2.675          -8.070            8.376
 2720 (vir)     1           7.672          -4.567          -2.801          -8.215            8.520
 2721 (vir)     1           7.679          -4.578          -2.796          -8.190            8.495
 2722 (vir)     1           7.680          -4.544          -2.677          -7.992            8.451
 2723 (vir)     1           7.686          -4.566          -2.763          -8.150            8.507
 2724 (vir)     1           7.689          -4.483          -2.704          -8.030            8.532
 2725 (vir)     1           7.689          -4.560          -2.824          -8.258            8.563
 2726 (vir)     1           7.695          -4.606          -2.849          -8.264            8.505
 2727 (vir)     1           7.698          -4.726          -2.783          -8.204            8.394
 2728 (vir)     1           7.705          -4.654          -2.737          -8.137            8.450
 2729 (vir)     1           7.713          -4.649          -2.804          -8.200            8.459
 2730 (vir)     1           7.720          -4.538          -2.773          -8.169            8.577
 2731 (vir)     1           7.725          -4.563          -2.786          -8.184            8.559
 2732 (vir)     1           7.725          -4.603          -2.840          -8.317            8.598
 2733 (vir)     1           7.729          -4.576          -2.768          -8.144            8.529
 2734 (vir)     1           7.741          -4.837          -2.817          -8.308            8.395
 2735 (vir)     1           7.742          -4.616          -2.854          -8.319            8.591
 2736 (vir)     1           7.755          -4.551          -2.668          -8.023            8.559
 2737 (vir)     1           7.760          -4.717          -2.744          -8.187            8.486
 2738 (vir)     1           7.766          -4.620          -2.738          -8.147            8.555
 2739 (vir)     1           7.775          -4.682          -2.752          -8.159            8.499
 2740 (vir)     1           7.777          -4.639          -2.783          -8.163            8.518
 2741 (vir)     1           7.780          -4.450          -2.714          -8.055            8.671
 2742 (vir)     1           7.783          -4.547          -2.748          -8.128            8.616
 2743 (vir)     1           7.789          -4.635          -2.688          -8.069            8.535
 2744 (vir)     1           7.793          -4.626          -2.801          -8.281            8.647
 2745 (vir)     1           7.808          -4.752          -2.882          -8.425            8.598
 2746 (vir)     1           7.813          -4.561          -2.774          -8.242            8.720
 2747 (vir)     1           7.822          -4.696          -2.731          -8.157            8.551
 2748 (vir)     1           7.822          -4.548          -2.820          -8.233            8.687
 2749 (vir)     1           7.825          -4.561          -2.664          -8.003            8.603
 2750 (vir)     1           7.827          -4.745          -2.934          -8.464            8.612
 2751 (vir)     1           7.838          -4.568          -2.674          -8.003            8.599
 2752 (vir)     1           7.840          -4.669          -2.701          -8.117            8.587
 2753 (vir)     1           7.844          -4.699          -2.779          -8.252            8.619
 2754 (vir)     1           7.852          -4.583          -2.660          -8.012            8.620
 2755 (vir)     1           7.855          -4.729          -2.761          -8.228            8.594
 2756 (vir)     1           7.856          -4.700          -2.869          -8.390            8.676
 2757 (vir)     1           7.861          -4.605          -2.760          -8.157            8.653
 2758 (vir)     1           7.862          -4.567          -2.681          -8.055            8.668
 2759 (vir)     1           7.875          -4.770          -2.974          -8.581            8.712
 2760 (vir)     1           7.882          -4.697          -2.932          -8.445            8.698
 2761 (vir)     1           7.899          -4.701          -2.838          -8.322            8.682
 2762 (vir)     1           7.902          -4.733          -2.832          -8.335            8.672
 2763 (vir)     1           7.907          -4.752          -2.868          -8.422            8.709
 2764 (vir)     1           7.908          -4.749          -2.831          -8.361            8.689
 2765 (vir)     1           7.910          -4.639          -2.727          -8.167            8.712
 2766 (vir)     1           7.910          -4.592          -2.776          -8.208            8.749
 2767 (vir)     1           7.918          -4.551          -2.662          -8.017            8.722
 2768 (vir)     1           7.926          -4.610          -2.745          -8.186            8.757
 2769 (vir)     1           7.932          -4.612          -2.738          -8.164            8.746
 2770 (vir)     1           7.936          -4.826          -2.988          -8.637            8.759
 2771 (vir)     1           7.938          -4.717          -2.818          -8.352            8.755
 2772 (vir)     1           7.947          -4.666          -2.862          -8.358            8.777
 2773 (vir)     1           7.948          -4.774          -2.780          -8.316            8.709
 2774 (vir)     1           7.961          -4.455          -2.656          -7.923            8.772
 2775 (vir)     1           7.967          -4.690          -2.859          -8.376            8.794
 2776 (vir)     1           7.968          -4.631          -2.784          -8.247            8.801
 2777 (vir)     1           7.972          -4.625          -2.701          -8.116            8.762
 2778 (vir)     1           7.977          -4.709          -2.904          -8.449            8.813
 2779 (vir)     1           7.985          -4.674          -2.714          -8.157            8.754
 2780 (vir)     1           7.986          -4.638          -2.720          -8.205            8.833
 2781 (vir)     1           7.994          -4.698          -2.776          -8.279            8.800
 2782 (vir)     1           7.999          -4.716          -2.798          -8.309            8.794
 2783 (vir)     1           8.001          -4.559          -2.688          -8.046            8.799
 2784 (vir)     1           8.007          -4.741          -2.818          -8.381            8.829
 2785 (vir)     1           8.009          -4.706          -2.734          -8.173            8.741
 2786 (vir)     1           8.016          -4.670          -2.715          -8.225            8.856
 2787 (vir)     1           8.027          -4.736          -2.808          -8.301            8.784
 2788 (vir)     1           8.028          -4.695          -2.752          -8.261            8.842
 2789 (vir)     1           8.032          -4.758          -2.846          -8.428            8.856
 2790 (vir)     1           8.032          -4.835          -2.857          -8.520            8.859
 2791 (vir)     1           8.054          -4.660          -2.652          -8.115            8.857
 2792 (vir)     1           8.054          -4.818          -2.964          -8.630            8.903
 2793 (vir)     1           8.054          -4.889          -2.738          -8.416            8.843
 2794 (vir)     1           8.062          -4.844          -2.893          -8.530            8.855
 2795 (vir)     1           8.072          -4.644          -2.756          -8.256            8.928
 2796 (vir)     1           8.072          -4.698          -2.789          -8.320            8.905
 2797 (vir)     1           8.078          -4.729          -2.740          -8.226            8.835
 2798 (vir)     1           8.085          -4.717          -2.802          -8.298            8.864
 2799 (vir)     1           8.088          -4.648          -2.755          -8.232            8.917
 2800 (vir)     1           8.091          -4.631          -2.708          -8.137            8.890
 2801 (vir)     1           8.095          -4.793          -2.887          -8.507            8.922
 2802 (vir)     1           8.101          -4.819          -2.966          -8.648            8.964
 2803 (vir)     1           8.108          -4.745          -2.915          -8.494            8.942
 2804 (vir)     1           8.108          -4.711          -2.813          -8.363            8.947
 2805 (vir)     1           8.108          -4.563          -2.673          -8.081            8.953
 2806 (vir)     1           8.122          -4.551          -2.663          -8.068            8.975
 2807 (vir)     1           8.124          -4.691          -2.790          -8.243            8.887
 2808 (vir)     1           8.131          -4.667          -2.773          -8.256            8.947
 2809 (vir)     1           8.134          -4.514          -2.605          -7.949            8.965
 2810 (vir)     1           8.136          -4.769          -2.786          -8.352            8.932
 2811 (vir)     1           8.138          -4.721          -2.821          -8.346            8.942
 2812 (vir)     1           8.150          -4.698          -2.796          -8.299            8.955
 2813 (vir)     1           8.151          -4.776          -2.784          -8.315            8.905
 2814 (vir)     1           8.158          -4.895          -2.956          -8.661            8.967
 2815 (vir)     1           8.163          -4.633          -2.630          -8.053            8.952
 2816 (vir)     1           8.167          -4.828          -2.927          -8.562            8.974
 2817 (vir)     1           8.171          -4.692          -2.830          -8.380            9.029
 2818 (vir)     1           8.174          -4.600          -2.738          -8.143            8.979
 2819 (vir)     1           8.187          -4.773          -2.748          -8.291            8.958
 2820 (vir)     1           8.192          -4.829          -2.903          -8.566            9.026
 2821 (vir)     1           8.194          -4.763          -2.830          -8.394            8.994
 2822 (vir)     1           8.199          -4.660          -2.680          -8.165            9.024
 2823 (vir)     1           8.199          -4.767          -2.877          -8.512            9.067
 2824 (vir)     1           8.204          -4.772          -2.806          -8.379            9.004
 2825 (vir)     1           8.211          -4.723          -2.845          -8.366            9.010
 2826 (vir)     1           8.213          -4.661          -2.697          -8.158            9.014
 2827 (vir)     1           8.218          -4.692          -2.679          -8.161            9.008
 2828 (vir)     1           8.225          -4.817          -2.814          -8.355            8.949
 2829 (vir)     1           8.227          -4.710          -2.775          -8.302            9.045
 2830 (vir)     1           8.232          -4.753          -2.756          -8.309            9.032
 2831 (vir)     1           8.236          -4.561          -2.646          -8.017            9.046
 2832 (vir)     1           8.242          -4.751          -2.806          -8.400            9.086
 2833 (vir)     1           8.243          -4.752          -2.875          -8.401            9.017
 2834 (vir)     1           8.251          -4.696          -2.714          -8.219            9.060
 2835 (vir)     1           8.261          -4.801          -2.860          -8.476            9.075
 2836 (vir)     1           8.262          -4.638          -2.686          -8.125            9.063
 2837 (vir)     1           8.269          -4.604          -2.598          -7.958            9.026
 2838 (vir)     1           8.274          -4.699          -2.677          -8.137            9.035
 2839 (vir)     1           8.280          -4.741          -2.755          -8.331            9.115
 2840 (vir)     1           8.284          -4.715          -2.739          -8.221            9.051
 2841 (vir)     1           8.284          -4.748          -2.667          -8.231            9.100
 2842 (vir)     1           8.291          -4.646          -2.641          -8.083            9.086
 2843 (vir)     1           8.292          -4.597          -2.728          -8.177            9.144
 2844 (vir)     1           8.298          -4.717          -2.699          -8.192            9.074
 2845 (vir)     1           8.303          -4.844          -2.758          -8.354            9.055
 2846 (vir)     1           8.307          -4.784          -2.713          -8.210            9.020
 2847 (vir)     1           8.316          -4.771          -2.754          -8.317            9.108
 2848 (vir)     1           8.319          -4.711          -2.777          -8.302            9.133
 2849 (vir)     1           8.329          -4.675          -2.705          -8.165            9.114
 2850 (vir)     1           8.332          -4.655          -2.698          -8.194            9.173
 2851 (vir)     1           8.340          -4.775          -2.769          -8.317            9.113
 2852 (vir)     1           8.340          -4.599          -2.636          -8.068            9.174
 2853 (vir)     1           8.348          -4.635          -2.654          -8.131            9.190
 2854 (vir)     1           8.355          -4.813          -2.923          -8.559            9.178
 2855 (vir)     1           8.356          -4.686          -2.704          -8.167            9.132
 2856 (vir)     1           8.357          -4.683          -2.686          -8.186            9.174
 2857 (vir)     1           8.365          -4.700          -2.637          -8.117            9.145
 2858 (vir)     1           8.368          -4.735          -2.645          -8.176            9.164
 2859 (vir)     1           8.377          -4.948          -2.776          -8.489            9.142
 2860 (vir)     1           8.382          -4.610          -2.648          -8.111            9.235
 2861 (vir)     1           8.391          -4.701          -2.654          -8.135            9.171
 2862 (vir)     1           8.391          -4.676          -2.740          -8.269            9.245
 2863 (vir)     1           8.398          -4.716          -2.710          -8.260            9.232
 2864 (vir)     1           8.402          -4.772          -2.747          -8.276            9.160
 2865 (vir)     1           8.416          -4.708          -2.699          -8.239            9.249
 2866 (vir)     1           8.417          -4.748          -2.729          -8.243            9.183
 2867 (vir)     1           8.424          -4.571          -2.642          -8.078            9.289
 2868 (vir)     1           8.426          -4.877          -2.799          -8.435            9.186
 2869 (vir)     1           8.438          -4.697          -2.637          -8.093            9.197
 2870 (vir)     1           8.438          -4.662          -2.686          -8.152            9.242
 2871 (vir)     1           8.443          -4.842          -2.730          -8.337            9.208
 2872 (vir)     1           8.446          -4.782          -2.756          -8.282            9.190
 2873 (vir)     1           8.449          -4.807          -2.736          -8.335            9.240
 2874 (vir)     1           8.456          -4.677          -2.662          -8.149            9.266
 2875 (vir)     1           8.460          -4.728          -2.740          -8.298            9.289
 2876 (vir)     1           8.468          -4.663          -2.705          -8.209            9.308
 2877 (vir)     1           8.468          -4.788          -2.729          -8.314            9.265
 2878 (vir)     1           8.482          -4.707          -2.779          -8.370            9.366
 2879 (vir)     1           8.487          -4.949          -2.769          -8.402            9.171
 2880 (vir)     1           8.489          -4.743          -2.782          -8.354            9.319
 2881 (vir)     1           8.495          -4.495          -2.517          -7.859            9.344
 2882 (vir)     1           8.498          -4.665          -2.673          -8.133            9.293
 2883 (vir)     1           8.504          -4.826          -2.675          -8.283            9.286
 2884 (vir)     1           8.505          -4.701          -2.619          -8.124            9.308
 2885 (vir)     1           8.507          -4.814          -2.753          -8.347            9.287
 2886 (vir)     1           8.513          -4.742          -2.729          -8.291            9.332
 2887 (vir)     1           8.517          -4.627          -2.671          -8.134            9.353
 2888 (vir)     1           8.519          -4.805          -2.821          -8.435            9.329
 2889 (vir)     1           8.532          -4.717          -2.696          -8.197            9.317
 2890 (vir)     1           8.539          -4.618          -2.597          -8.009            9.333
 2891 (vir)     1           8.539          -4.710          -2.673          -8.193            9.350
 2892 (vir)     1           8.543          -4.677          -2.595          -8.154            9.426
 2893 (vir)     1           8.548          -4.780          -2.615          -8.115            9.268
 2894 (vir)     1           8.564          -4.845          -2.667          -8.199            9.251
 2895 (vir)     1           8.567          -4.792          -2.650          -8.196            9.321
 2896 (vir)     1           8.568          -4.714          -2.673          -8.164            9.345
 2897 (vir)     1           8.576          -4.859          -2.824          -8.534            9.427
 2898 (vir)     1           8.584          -4.770          -2.649          -8.212            9.376
 2899 (vir)     1           8.589          -4.929          -2.673          -8.240            9.227
 2900 (vir)     1           8.591          -4.828          -2.716          -8.290            9.337
 2901 (vir)     1           8.596          -4.869          -2.787          -8.398            9.338
 2902 (vir)     1           8.599          -4.876          -2.753          -8.443            9.413
 2903 (vir)     1           8.604          -4.900          -2.765          -8.421            9.361
 2904 (vir)     1           8.610          -4.902          -2.849          -8.520            9.380
 2905 (vir)     1           8.611          -4.786          -2.687          -8.209            9.347
 2906 (vir)     1           8.612          -4.666          -2.679          -8.177            9.444
 2907 (vir)     1           8.615          -4.874          -2.720          -8.375            9.395
 2908 (vir)     1           8.623          -4.766          -2.697          -8.238            9.398
 2909 (vir)     1           8.627          -4.836          -2.720          -8.381            9.451
 2910 (vir)     1           8.634          -4.958          -2.744          -8.413            9.345
 2911 (vir)     1           8.639          -5.181          -2.715          -8.479            9.222
 2912 (vir)     1           8.644          -4.642          -2.654          -8.113            9.460
 2913 (vir)     1           8.652          -4.851          -2.624          -8.209            9.387
 2914 (vir)     1           8.653          -4.911          -2.761          -8.435            9.415
 2915 (vir)     1           8.657          -4.883          -2.687          -8.330            9.417
 2916 (vir)     1           8.667          -4.977          -2.743          -8.429            9.375
 2917 (vir)     1           8.669          -4.836          -2.676          -8.276            9.433
 2918 (vir)     1           8.673          -4.734          -2.594          -8.114            9.459
 2919 (vir)     1           8.678          -4.944          -2.807          -8.481            9.407
 2920 (vir)     1           8.682          -4.951          -2.657          -8.358            9.432
 2921 (vir)     1           8.683          -4.802          -2.696          -8.267            9.453
 2922 (vir)     1           8.686          -4.440          -2.512          -7.841            9.575
 2923 (vir)     1           8.703          -4.918          -2.726          -8.343            9.402
 2924 (vir)     1           8.705          -4.896          -2.740          -8.378            9.447
 2925 (vir)     1           8.712          -4.830          -2.711          -8.325            9.495
 2926 (vir)     1           8.714          -5.134          -2.733          -8.510            9.357
 2927 (vir)     1           8.718          -4.745          -2.719          -8.273            9.528
 2928 (vir)     1           8.720          -4.604          -2.578          -8.041            9.579
 2929 (vir)     1           8.723          -4.809          -2.592          -8.153            9.475
 2930 (vir)     1           8.728          -4.702          -2.558          -8.071            9.539
 2931 (vir)     1           8.735          -5.051          -2.942          -8.728            9.471
 2932 (vir)     1           8.735          -4.823          -2.665          -8.246            9.493
 2933 (vir)     1           8.744          -4.909          -2.692          -8.305            9.448
 2934 (vir)     1           8.744          -4.915          -2.707          -8.351            9.472
 2935 (vir)     1           8.747          -4.923          -2.765          -8.419            9.478
 2936 (vir)     1           8.754          -4.946          -2.632          -8.302            9.478
 2937 (vir)     1           8.769          -4.757          -2.660          -8.206            9.558
 2938 (vir)     1           8.771          -4.834          -2.717          -8.316            9.535
 2939 (vir)     1           8.776          -4.965          -2.782          -8.537            9.566
 2940 (vir)     1           8.778          -4.860          -2.711          -8.350            9.557
 2941 (vir)     1           8.784          -4.736          -2.552          -8.025            9.522
 2942 (vir)     1           8.785          -4.953          -2.675          -8.357            9.515
 2943 (vir)     1           8.791          -5.001          -2.807          -8.530            9.514
 2944 (vir)     1           8.794          -4.404          -2.562          -7.898            9.725
 2945 (vir)     1           8.799          -4.751          -2.613          -8.173            9.608
 2946 (vir)     1           8.800          -5.032          -2.754          -8.457            9.471
 2947 (vir)     1           8.805          -4.730          -2.643          -8.216            9.648
 2948 (vir)     1           8.814          -4.706          -2.631          -8.152            9.630
 2949 (vir)     1           8.818          -4.725          -2.690          -8.264            9.667
 2950 (vir)     1           8.823          -4.280          -2.400          -7.610            9.753
 2951 (vir)     1           8.831          -4.834          -2.688          -8.288            9.598
 2952 (vir)     1           8.835          -4.808          -2.615          -8.200            9.611
 2953 (vir)     1           8.843          -4.892          -2.710          -8.342            9.583
 2954 (vir)     1           8.844          -4.934          -2.772          -8.425            9.564
 2955 (vir)     1           8.853          -4.885          -2.777          -8.446            9.637
 2956 (vir)     1           8.854          -4.979          -2.826          -8.540            9.588
 2957 (vir)     1           8.869          -4.911          -2.699          -8.424            9.682
 2958 (vir)     1           8.871          -4.930          -2.763          -8.443            9.621
 2959 (vir)     1           8.871          -4.777          -2.584          -8.130            9.640
 2960 (vir)     1           8.880          -5.126          -2.897          -8.685            9.541
 2961 (vir)     1           8.883          -4.812          -2.661          -8.307            9.717
 2962 (vir)     1           8.890          -4.615          -2.581          -8.027            9.721
 2963 (vir)     1           8.892          -4.821          -2.615          -8.187            9.643
 2964 (vir)     1           8.892          -4.741          -2.615          -8.160            9.696
 2965 (vir)     1           8.898          -4.787          -2.603          -8.140            9.648
 2966 (vir)     1           8.899          -4.640          -2.571          -8.038            9.725
 2967 (vir)     1           8.902          -4.959          -2.711          -8.416            9.648
 2968 (vir)     1           8.905          -5.085          -2.832          -8.650            9.638
 2969 (vir)     1           8.906          -4.766          -2.622          -8.177            9.696
 2970 (vir)     1           8.915          -4.959          -2.815          -8.540            9.681
 2971 (vir)     1           8.922          -4.861          -2.730          -8.351            9.683
 2972 (vir)     1           8.924          -5.016          -2.703          -8.428            9.632
 2973 (vir)     1           8.930          -5.058          -2.807          -8.550            9.614
 2974 (vir)     1           8.932          -4.926          -2.700          -8.362            9.668
 2975 (vir)     1           8.940          -4.884          -2.714          -8.377            9.718
 2976 (vir)     1           8.943          -4.893          -2.667          -8.304            9.686
 2977 (vir)     1           8.947          -4.895          -2.663          -8.311            9.701
 2978 (vir)     1           8.954          -4.844          -2.665          -8.223            9.668
 2979 (vir)     1           8.962          -4.951          -2.833          -8.560            9.739
 2980 (vir)     1           8.962          -5.132          -2.876          -8.738            9.693
 2981 (vir)     1           8.976          -4.830          -2.653          -8.208            9.700
 2982 (vir)     1           8.983          -5.066          -2.793          -8.533            9.658
 2983 (vir)     1           8.985          -4.910          -2.689          -8.308            9.694
 2984 (vir)     1           8.987          -5.046          -2.719          -8.437            9.659
 2985 (vir)     1           8.996          -4.980          -2.723          -8.390            9.682
 2986 (vir)     1           9.000          -5.152          -2.869          -8.711            9.690
 2987 (vir)     1           9.004          -4.742          -2.552          -8.047            9.758
 2988 (vir)     1           9.009          -5.091          -2.796          -8.589            9.711
 2989 (vir)     1           9.020          -5.004          -2.773          -8.445            9.688
 2990 (vir)     1           9.022          -4.670          -2.507          -7.997            9.843
 2991 (vir)     1           9.023          -5.145          -2.829          -8.669            9.718
 2992 (vir)     1           9.031          -5.105          -2.799          -8.577            9.704
 2993 (vir)     1           9.032          -4.630          -2.485          -7.923            9.840
 2994 (vir)     1           9.039          -4.915          -2.636          -8.244            9.733
 2995 (vir)     1           9.041          -4.928          -2.675          -8.329            9.767
 2996 (vir)     1           9.048          -4.779          -2.619          -8.185            9.835
 2997 (vir)     1           9.056          -5.202          -2.883          -8.761            9.733
 2998 (vir)     1           9.057          -5.007          -2.748          -8.481            9.782
 2999 (vir)     1           9.064          -4.937          -2.690          -8.377            9.813
 3000 (vir)     1           9.069          -5.001          -2.689          -8.385            9.764
 3001 (vir)     1           9.073          -5.008          -2.753          -8.483            9.796
 3002 (vir)     1           9.080          -5.023          -2.743          -8.412            9.726
 3003 (vir)     1           9.086          -4.950          -2.688          -8.408            9.856
 3004 (vir)     1           9.086          -5.012          -2.757          -8.471            9.788
 3005 (vir)     1           9.101          -5.042          -2.789          -8.499            9.769
 3006 (vir)     1           9.114          -4.978          -2.669          -8.319            9.786
 3007 (vir)     1           9.121          -4.937          -2.700          -8.375            9.859
 3008 (vir)     1           9.125          -4.765          -2.553          -8.082            9.889
 3009 (vir)     1           9.127          -5.105          -2.729          -8.486            9.779
 3010 (vir)     1           9.134          -5.024          -2.749          -8.475            9.836
 3011 (vir)     1           9.141          -4.755          -2.562          -8.084            9.908
 3012 (vir)     1           9.148          -4.922          -2.668          -8.273            9.831
 3013 (vir)     1           9.149          -5.042          -2.732          -8.470            9.845
 3014 (vir)     1           9.158          -5.104          -2.793          -8.578            9.838
 3015 (vir)     1           9.162          -5.083          -2.752          -8.502            9.830
 3016 (vir)     1           9.171          -4.858          -2.575          -8.170            9.907
 3017 (vir)     1           9.174          -4.862          -2.652          -8.300            9.961
 3018 (vir)     1           9.187          -5.054          -2.718          -8.459            9.874
 3019 (vir)     1           9.190          -5.044          -2.751          -8.514            9.908
 3020 (vir)     1           9.195          -5.021          -2.731          -8.481            9.924
 3021 (vir)     1           9.197          -5.323          -2.940          -8.896            9.830
 3022 (vir)     1           9.210          -5.086          -2.772          -8.575            9.927
 3023 (vir)     1           9.214          -5.149          -2.785          -8.614            9.894
 3024 (vir)     1           9.223          -5.121          -2.812          -8.610            9.900
 3025 (vir)     1           9.224          -5.002          -2.736          -8.483            9.969
 3026 (vir)     1           9.231          -5.035          -2.732          -8.494            9.958
 3027 (vir)     1           9.234          -5.008          -2.736          -8.491            9.980
 3028 (vir)     1           9.240          -5.127          -2.798          -8.575            9.890
 3029 (vir)     1           9.248          -5.058          -2.685          -8.418            9.923
 3030 (vir)     1           9.251          -5.216          -2.874          -8.763            9.925
 3031 (vir)     1           9.255          -4.986          -2.657          -8.347            9.958
 3032 (vir)     1           9.263          -5.184          -2.849          -8.695            9.925
 3033 (vir)     1           9.265          -5.198          -2.739          -8.552            9.879
 3034 (vir)     1           9.276          -5.191          -2.872          -8.742            9.955
 3035 (vir)     1           9.281          -5.202          -2.895          -8.768            9.953
 3036 (vir)     1           9.291          -5.235          -2.827          -8.759            9.988
 3037 (vir)     1           9.296          -5.312          -2.902          -8.821            9.904
 3038 (vir)     1           9.300          -5.360          -2.928          -8.879            9.891
 3039 (vir)     1           9.303          -5.081          -2.730          -8.475            9.966
 3040 (vir)     1           9.318          -5.234          -2.767          -8.633            9.949
 3041 (vir)     1           9.325          -5.153          -2.780          -8.606            9.998
 3042 (vir)     1           9.331          -5.260          -2.801          -8.731           10.001
 3043 (vir)     1           9.333          -5.126          -2.769          -8.579           10.018
 3044 (vir)     1           9.339          -5.269          -2.773          -8.611            9.908
 3045 (vir)     1           9.343          -5.131          -2.830          -8.686           10.069
 3046 (vir)     1           9.347          -5.122          -2.808          -8.628           10.045
 3047 (vir)     1           9.357          -5.171          -2.866          -8.742           10.061
 3048 (vir)     1           9.359          -5.135          -2.790          -8.569           10.003
 3049 (vir)     1           9.363          -5.216          -2.801          -8.671           10.017
 3050 (vir)     1           9.378          -5.155          -2.745          -8.603           10.081
 3051 (vir)     1           9.379          -5.106          -2.764          -8.539           10.049
 3052 (vir)     1           9.380          -5.041          -2.851          -8.668           10.156
 3053 (vir)     1           9.385          -5.191          -2.841          -8.721           10.074
 3054 (vir)     1           9.397          -5.243          -2.894          -8.793           10.053
 3055 (vir)     1           9.398          -5.244          -2.856          -8.732           10.030
 3056 (vir)     1           9.408          -5.215          -2.821          -8.670           10.042
 3057 (vir)     1           9.415          -5.323          -2.947          -8.977           10.121
 3058 (vir)     1           9.421          -5.227          -2.846          -8.726           10.073
 3059 (vir)     1           9.432          -5.244          -2.907          -8.795           10.076
 3060 (vir)     1           9.435          -5.279          -2.907          -8.839           10.088
 3061 (vir)     1           9.443          -5.292          -2.839          -8.729           10.041
 3062 (vir)     1           9.447          -5.216          -2.827          -8.660           10.065
 3063 (vir)     1           9.459          -5.207          -2.804          -8.695           10.144
 3064 (vir)     1           9.467          -5.324          -2.916          -8.873           10.101
 3065 (vir)     1           9.468          -5.262          -2.841          -8.764           10.130
 3066 (vir)     1           9.486          -5.331          -2.862          -8.778           10.071
 3067 (vir)     1           9.487          -5.271          -2.878          -8.787           10.125
 3068 (vir)     1           9.499          -5.211          -2.772          -8.636           10.151
 3069 (vir)     1           9.499          -5.317          -2.843          -8.764           10.102
 3070 (vir)     1           9.513          -5.221          -2.880          -8.780           10.192
 3071 (vir)     1           9.514          -5.228          -2.884          -8.783           10.185
 3072 (vir)     1           9.519          -5.386          -2.926          -8.921           10.127
 3073 (vir)     1           9.528          -4.967          -2.774          -8.575           10.361
 3074 (vir)     1           9.534          -5.474          -2.972          -9.034           10.122
 3075 (vir)     1           9.538          -5.321          -2.861          -8.844           10.200
 3076 (vir)     1           9.555          -5.549          -2.931          -9.024           10.098
 3077 (vir)     1           9.562          -5.316          -2.817          -8.782           10.211
 3078 (vir)     1           9.566          -5.355          -2.862          -8.819           10.168
 3079 (vir)     1           9.577          -5.270          -2.851          -8.752           10.209
 3080 (vir)     1           9.595          -5.358          -2.890          -8.868           10.215
 3081 (vir)     1           9.595          -5.228          -2.821          -8.706           10.252
 3082 (vir)     1           9.603          -5.295          -2.868          -8.831           10.272
 3083 (vir)     1           9.608          -5.435          -2.942          -8.996           10.228
 3084 (vir)     1           9.622          -5.284          -2.800          -8.735           10.273
 3085 (vir)     1           9.632          -5.627          -3.015          -9.219           10.209
 3086 (vir)     1           9.649          -5.312          -2.860          -8.794           10.271
 3087 (vir)     1           9.670          -5.418          -2.930          -9.034           10.355
 3088 (vir)     1           9.670          -5.269          -2.838          -8.749           10.312
 3089 (vir)     1           9.683          -5.315          -2.792          -8.774           10.350
 3090 (vir)     1           9.685          -5.430          -2.917          -8.934           10.273
 3091 (vir)     1           9.691          -5.244          -2.857          -8.769           10.359
 3092 (vir)     1           9.697          -5.335          -2.861          -8.851           10.353
 3093 (vir)     1           9.700          -5.360          -2.870          -8.830           10.299
 3094 (vir)     1           9.702          -5.533          -2.982          -9.124           10.310
 3095 (vir)     1           9.720          -5.493          -2.965          -9.091           10.353
 3096 (vir)     1           9.734          -5.535          -2.961          -9.095           10.333
 3097 (vir)     1           9.740          -5.379          -2.890          -8.884           10.354
 3098 (vir)     1           9.752          -5.579          -3.072          -9.309           10.410
 3099 (vir)     1           9.753          -5.395          -2.926          -8.938           10.370
 3100 (vir)     1           9.778          -5.328          -2.818          -8.759           10.392
 3101 (vir)     1           9.780          -5.512          -2.962          -9.075           10.381
 3102 (vir)     1           9.785          -5.267          -2.798          -8.709           10.429
 3103 (vir)     1           9.787          -5.330          -2.783          -8.728           10.401
 3104 (vir)     1           9.802          -5.330          -2.818          -8.815           10.470
 3105 (vir)     1           9.813          -5.536          -2.997          -9.133           10.412
 3106 (vir)     1           9.819          -5.443          -3.001          -9.149           10.525
 3107 (vir)     1           9.821          -5.423          -2.854          -8.878           10.421
 3108 (vir)     1           9.822          -5.210          -2.778          -8.693           10.526
 3109 (vir)     1           9.828          -5.542          -3.061          -9.276           10.501
 3110 (vir)     1           9.835          -5.545          -3.045          -9.267           10.512
 3111 (vir)     1           9.835          -5.536          -3.026          -9.202           10.475
 3112 (vir)     1           9.849          -5.398          -2.847          -8.900           10.505
 3113 (vir)     1           9.858          -5.465          -2.895          -8.939           10.438
 3114 (vir)     1           9.868          -5.562          -2.977          -9.140           10.469
 3115 (vir)     1           9.871          -5.552          -2.978          -9.104           10.445
 3116 (vir)     1           9.877          -5.546          -2.942          -9.052           10.441
 3117 (vir)     1           9.885          -5.476          -2.995          -9.154           10.568
 3118 (vir)     1           9.887          -5.424          -2.917          -9.012           10.557
 3119 (vir)     1           9.897          -5.472          -2.935          -9.032           10.522
 3120 (vir)     1           9.902          -5.324          -2.816          -8.804           10.566
 3121 (vir)     1           9.907          -5.490          -3.068          -9.314           10.663
 3122 (vir)     1           9.908          -5.426          -2.904          -8.967           10.545
 3123 (vir)     1           9.916          -5.474          -2.944          -9.073           10.571
 3124 (vir)     1           9.921          -5.532          -2.995          -9.179           10.573
 3125 (vir)     1           9.933          -5.220          -2.781          -8.637           10.569
 3126 (vir)     1           9.936          -5.459          -2.917          -9.019           10.580
 3127 (vir)     1           9.940          -5.444          -2.981          -9.085           10.600
 3128 (vir)     1           9.945          -5.463          -3.049          -9.309           10.742
 3129 (vir)     1           9.952          -5.366          -2.906          -8.994           10.675
 3130 (vir)     1           9.953          -5.265          -2.799          -8.726           10.614
 3131 (vir)     1           9.963          -5.286          -2.832          -8.733           10.578
 3132 (vir)     1           9.969          -5.287          -2.836          -8.775           10.621
 3133 (vir)     1           9.969          -5.463          -2.889          -8.974           10.591
 3134 (vir)     1           9.978          -5.417          -2.973          -9.139           10.728
 3135 (vir)     1           9.983          -5.416          -2.937          -9.003           10.633
 3136 (vir)     1           9.987          -5.317          -2.808          -8.821           10.683
 3137 (vir)     1           9.995          -5.435          -2.943          -9.053           10.670
 3138 (vir)     1           9.998          -5.488          -2.922          -9.057           10.646
 3139 (vir)     1          10.006          -5.502          -2.912          -9.054           10.646
 3140 (vir)     1          10.013          -5.457          -2.943          -9.101           10.713
 3141 (vir)     1          10.022          -5.258          -2.772          -8.668           10.660
 3142 (vir)     1          10.035          -5.367          -2.912          -8.944           10.700
 3143 (vir)     1          10.038          -5.376          -2.899          -8.982           10.746
 3144 (vir)     1          10.040          -5.302          -2.755          -8.720           10.703
 3145 (vir)     1          10.043          -5.378          -2.888          -8.947           10.724
 3146 (vir)     1          10.049          -5.410          -2.902          -9.011           10.749
 3147 (vir)     1          10.052          -5.296          -2.886          -8.922           10.792
 3148 (vir)     1          10.062          -5.271          -2.807          -8.778           10.762
 3149 (vir)     1          10.066          -5.503          -2.967          -9.121           10.717
 3150 (vir)     1          10.069          -5.388          -2.862          -8.869           10.689
 3151 (vir)     1          10.083          -5.173          -2.726          -8.568           10.752
 3152 (vir)     1          10.087          -5.335          -2.783          -8.700           10.669
 3153 (vir)     1          10.087          -5.338          -2.866          -8.891           10.775
 3154 (vir)     1          10.095          -5.434          -2.885          -8.956           10.733
 3155 (vir)     1          10.107          -5.203          -2.767          -8.648           10.784
 3156 (vir)     1          10.118          -5.430          -2.821          -8.851           10.718
 3157 (vir)     1          10.119          -5.337          -2.799          -8.801           10.784
 3158 (vir)     1          10.131          -5.318          -2.778          -8.716           10.751
 3159 (vir)     1          10.134          -5.298          -2.759          -8.685           10.762
 3160 (vir)     1          10.141          -5.292          -2.838          -8.874           10.886
 3161 (vir)     1          10.141          -5.207          -2.669          -8.449           10.715
 3162 (vir)     1          10.153          -5.315          -2.800          -8.774           10.812
 3163 (vir)     1          10.159          -5.256          -2.764          -8.704           10.842
 3164 (vir)     1          10.171          -5.386          -2.868          -8.965           10.882
 3165 (vir)     1          10.173          -5.450          -2.884          -8.955           10.795
 3166 (vir)     1          10.182          -5.121          -2.637          -8.440           10.864
 3167 (vir)     1          10.195          -5.365          -2.845          -8.853           10.839
 3168 (vir)     1          10.214          -5.450          -2.853          -8.926           10.837
 3169 (vir)     1          10.217          -5.405          -2.766          -8.775           10.822
 3170 (vir)     1          10.223          -5.410          -2.832          -8.860           10.841
 3171 (vir)     1          10.235          -5.255          -2.725          -8.597           10.852
 3172 (vir)     1          10.241          -5.450          -2.774          -8.720           10.737
 3173 (vir)     1          10.245          -5.395          -2.799          -8.799           10.849
 3174 (vir)     1          10.256          -5.291          -2.727          -8.688           10.926
 3175 (vir)     1          10.258          -5.373          -2.835          -8.854           10.904
 3176 (vir)     1          10.262          -5.549          -2.877          -9.026           10.861
 3177 (vir)     1          10.272          -5.689          -2.956          -9.205           10.832
 3178 (vir)     1          10.283          -5.304          -2.761          -8.721           10.939
 3179 (vir)     1          10.288          -5.449          -2.875          -9.037           11.001
 3180 (vir)     1          10.301          -5.208          -2.656          -8.436           10.874
 3181 (vir)     1          10.304          -5.494          -2.974          -9.169           11.005
 3182 (vir)     1          10.311          -5.249          -2.714          -8.615           10.962
 3183 (vir)     1          10.312          -5.315          -2.746          -8.731           10.983
 3184 (vir)     1          10.320          -5.389          -2.800          -8.870           11.001
 3185 (vir)     1          10.332          -5.399          -2.839          -8.913           11.007
 3186 (vir)     1          10.341          -5.331          -2.734          -8.628           10.903
 3187 (vir)     1          10.347          -5.652          -2.858          -9.039           10.876
 3188 (vir)     1          10.353          -5.395          -2.799          -8.815           10.973
 3189 (vir)     1          10.354          -5.372          -2.714          -8.670           10.939
 3190 (vir)     1          10.361          -5.704          -2.922          -9.155           10.890
 3191 (vir)     1          10.371          -5.644          -2.919          -9.121           10.928
 3192 (vir)     1          10.378          -5.432          -2.813          -8.887           11.019
 3193 (vir)     1          10.387          -5.407          -2.786          -8.785           10.979
 3194 (vir)     1          10.404          -5.534          -2.876          -8.979           10.973
 3195 (vir)     1          10.408          -5.308          -2.729          -8.648           11.019
 3196 (vir)     1          10.412          -5.548          -2.824          -8.945           10.984
 3197 (vir)     1          10.421          -5.407          -2.774          -8.789           11.029
 3198 (vir)     1          10.424          -5.339          -2.712          -8.639           11.012
 3199 (vir)     1          10.428          -5.380          -2.689          -8.657           11.015
 3200 (vir)     1          10.432          -5.364          -2.710          -8.610           10.967
 3201 (vir)     1          10.438          -5.535          -2.836          -8.914           10.981
 3202 (vir)     1          10.445          -5.303          -2.665          -8.541           11.018
 3203 (vir)     1          10.455          -5.274          -2.726          -8.638           11.092
 3204 (vir)     1          10.469          -5.417          -2.706          -8.658           11.003
 3205 (vir)     1          10.474          -5.372          -2.823          -8.823           11.101
 3206 (vir)     1          10.480          -5.366          -2.760          -8.806           11.159
 3207 (vir)     1          10.484          -5.598          -2.874          -9.009           11.021
 3208 (vir)     1          10.492          -5.428          -2.739          -8.700           11.026
 3209 (vir)     1          10.498          -5.476          -2.797          -8.876           11.102
 3210 (vir)     1          10.499          -5.327          -2.645          -8.557           11.084
 3211 (vir)     1          10.506          -5.507          -2.772          -8.811           11.038
 3212 (vir)     1          10.524          -5.526          -2.788          -8.828           11.038
 3213 (vir)     1          10.524          -5.434          -2.779          -8.812           11.123
 3214 (vir)     1          10.537          -5.315          -2.673          -8.583           11.131
 3215 (vir)     1          10.546          -5.448          -2.740          -8.722           11.080
 3216 (vir)     1          10.550          -5.423          -2.701          -8.682           11.108
 3217 (vir)     1          10.553          -5.307          -2.709          -8.657           11.194
 3218 (vir)     1          10.563          -5.413          -2.709          -8.703           11.143
 3219 (vir)     1          10.573          -5.396          -2.765          -8.821           11.234
 3220 (vir)     1          10.573          -5.359          -2.671          -8.591           11.134
 3221 (vir)     1          10.591          -5.367          -2.715          -8.732           11.241
 3222 (vir)     1          10.600          -5.553          -2.934          -9.196           11.309
 3223 (vir)     1          10.622          -5.293          -2.581          -8.431           11.179
 3224 (vir)     1          10.629          -5.468          -2.766          -8.844           11.240
 3225 (vir)     1          10.639          -5.303          -2.657          -8.567           11.244
 3226 (vir)     1          10.645          -5.543          -2.774          -8.880           11.209
 3227 (vir)     1          10.650          -5.345          -2.681          -8.577           11.201
 3228 (vir)     1          10.656          -5.551          -2.803          -8.914           11.216
 3229 (vir)     1          10.661          -5.439          -2.695          -8.775           11.302
 3230 (vir)     1          10.676          -5.612          -2.803          -8.985           11.246
 3231 (vir)     1          10.687          -5.540          -2.739          -8.802           11.211
 3232 (vir)     1          10.687          -5.433          -2.705          -8.749           11.298
 3233 (vir)     1          10.704          -5.666          -2.780          -8.942           11.200
 3234 (vir)     1          10.705          -5.610          -2.877          -9.042           11.259
 3235 (vir)     1          10.718          -5.485          -2.764          -8.866           11.335
 3236 (vir)     1          10.729          -5.533          -2.781          -8.929           11.344
 3237 (vir)     1          10.732          -5.408          -2.695          -8.697           11.326
 3238 (vir)     1          10.733          -5.595          -2.746          -8.840           11.232
 3239 (vir)     1          10.755          -5.430          -2.742          -8.732           11.315
 3240 (vir)     1          10.757          -5.598          -2.760          -8.877           11.276
 3241 (vir)     1          10.766          -5.479          -2.754          -8.811           11.346
 3242 (vir)     1          10.768          -5.454          -2.763          -8.867           11.418
 3243 (vir)     1          10.789          -5.399          -2.716          -8.735           11.410
 3244 (vir)     1          10.793          -5.542          -2.753          -8.849           11.347
 3245 (vir)     1          10.796          -5.660          -2.862          -9.081           11.355
 3246 (vir)     1          10.799          -5.562          -2.769          -8.921           11.389
 3247 (vir)     1          10.802          -5.589          -2.708          -8.836           11.342
 3248 (vir)     1          10.805          -5.580          -2.747          -8.855           11.332
 3249 (vir)     1          10.812          -5.342          -2.641          -8.606           11.434
 3250 (vir)     1          10.821          -5.479          -2.717          -8.771           11.397
 3251 (vir)     1          10.825          -5.647          -2.841          -9.087           11.425
 3252 (vir)     1          10.842          -5.546          -2.788          -8.888           11.396
 3253 (vir)     1          10.842          -5.642          -2.779          -8.968           11.389
 3254 (vir)     1          10.852          -5.484          -2.717          -8.768           11.418
 3255 (vir)     1          10.856          -5.885          -2.919          -9.243           11.295
 3256 (vir)     1          10.865          -5.687          -2.818          -8.952           11.311
 3257 (vir)     1          10.874          -5.883          -2.797          -8.994           11.187
 3258 (vir)     1          10.876          -5.674          -2.824          -9.046           11.424
 3259 (vir)     1          10.891          -5.675          -2.830          -9.055           11.441
 3260 (vir)     1          10.892          -5.555          -2.756          -8.927           11.508
 3261 (vir)     1          10.905          -5.763          -2.905          -9.189           11.426
 3262 (vir)     1          10.912          -5.716          -2.800          -9.034           11.430
 3263 (vir)     1          10.915          -5.770          -2.814          -9.052           11.384
 3264 (vir)     1          10.928          -5.682          -2.828          -9.108           11.525
 3265 (vir)     1          10.936          -5.817          -2.883          -9.213           11.449
 3266 (vir)     1          10.940          -5.725          -2.798          -9.025           11.442
 3267 (vir)     1          10.956          -5.762          -2.829          -9.125           11.491
 3268 (vir)     1          10.962          -5.638          -2.720          -8.837           11.441
 3269 (vir)     1          10.964          -5.613          -2.740          -8.859           11.470
 3270 (vir)     1          10.970          -5.482          -2.697          -8.802           11.593
 3271 (vir)     1          10.973          -5.825          -2.850          -9.133           11.431
 3272 (vir)     1          10.977          -5.749          -2.839          -9.152           11.541
 3273 (vir)     1          10.980          -5.684          -2.769          -9.006           11.532
 3274 (vir)     1          10.987          -5.746          -2.812          -9.078           11.506
 3275 (vir)     1          10.989          -5.869          -2.875          -9.232           11.476
 3276 (vir)     1          10.993          -5.782          -2.899          -9.211           11.523
 3277 (vir)     1          11.004          -5.806          -2.990          -9.439           11.646
 3278 (vir)     1          11.013          -5.582          -2.751          -8.890           11.570
 3279 (vir)     1          11.019          -5.815          -2.868          -9.244           11.580
 3280 (vir)     1          11.025          -5.641          -2.794          -8.982           11.572
 3281 (vir)     1          11.033          -5.719          -2.854          -9.160           11.621
 3282 (vir)     1          11.036          -5.654          -2.779          -9.006           11.610
 3283 (vir)     1          11.043          -5.528          -2.677          -8.740           11.578
 3284 (vir)     1          11.045          -5.436          -2.648          -8.645           11.606
 3285 (vir)     1          11.064          -5.748          -2.856          -9.180           11.641
 3286 (vir)     1          11.071          -5.515          -2.692          -8.794           11.658
 3287 (vir)     1          11.072          -5.800          -2.831          -9.135           11.576
 3288 (vir)     1          11.097          -5.767          -2.772          -9.022           11.580
 3289 (vir)     1          11.103          -5.724          -2.835          -9.116           11.660
 3290 (vir)     1          11.103          -5.764          -2.871          -9.176           11.644
 3291 (vir)     1          11.107          -5.302          -2.581          -8.594           11.819
 3292 (vir)     1          11.117          -5.811          -2.850          -9.189           11.645
 3293 (vir)     1          11.127          -5.797          -2.792          -9.065           11.603
 3294 (vir)     1          11.129          -5.597          -2.705          -8.869           11.696
 3295 (vir)     1          11.144          -5.675          -2.811          -9.059           11.718
 3296 (vir)     1          11.153          -5.658          -2.676          -8.810           11.630
 3297 (vir)     1          11.153          -5.861          -2.903          -9.284           11.673
 3298 (vir)     1          11.157          -5.694          -2.743          -8.913           11.633
 3299 (vir)     1          11.168          -5.647          -2.771          -8.968           11.718
 3300 (vir)     1          11.178          -5.742          -2.842          -9.118           11.712
 3301 (vir)     1          11.185          -5.664          -2.691          -8.819           11.650
 3302 (vir)     1          11.188          -5.833          -2.853          -9.194           11.697
 3303 (vir)     1          11.200          -5.699          -2.800          -9.061           11.762
 3304 (vir)     1          11.202          -5.742          -2.821          -9.106           11.745
 3305 (vir)     1          11.206          -5.720          -2.790          -9.027           11.722
 3306 (vir)     1          11.207          -5.700          -2.808          -9.045           11.743
 3307 (vir)     1          11.216          -5.668          -2.695          -8.809           11.662
 3308 (vir)     1          11.227          -5.641          -2.713          -8.822           11.695
 3309 (vir)     1          11.230          -5.834          -2.815          -9.116           11.697
 3310 (vir)     1          11.241          -5.875          -2.951          -9.362           11.778
 3311 (vir)     1          11.265          -5.874          -2.791          -9.109           11.709
 3312 (vir)     1          11.272          -5.693          -2.701          -8.802           11.679
 3313 (vir)     1          11.275          -5.696          -2.734          -8.902           11.747
 3314 (vir)     1          11.280          -5.673          -2.766          -8.983           11.824
 3315 (vir)     1          11.288          -5.790          -2.735          -8.896           11.660
 3316 (vir)     1          11.298          -5.748          -2.817          -9.016           11.750
 3317 (vir)     1          11.306          -5.764          -2.755          -9.006           11.793
 3318 (vir)     1          11.314          -5.707          -2.809          -9.041           11.840
 3319 (vir)     1          11.318          -5.816          -2.778          -9.045           11.767
 3320 (vir)     1          11.320          -5.539          -2.644          -8.737           11.875
 3321 (vir)     1          11.332          -5.816          -2.745          -9.038           11.809
 3322 (vir)     1          11.346          -5.745          -2.793          -9.032           11.840
 3323 (vir)     1          11.355          -5.773          -2.767          -8.984           11.798
 3324 (vir)     1          11.357          -5.582          -2.654          -8.709           11.830
 3325 (vir)     1          11.379          -5.961          -2.865          -9.214           11.767
 3326 (vir)     1          11.383          -5.823          -2.798          -9.003           11.764
 3327 (vir)     1          11.384          -5.812          -2.781          -9.042           11.833
 3328 (vir)     1          11.396          -5.760          -2.731          -8.936           11.841
 3329 (vir)     1          11.397          -5.912          -2.837          -9.170           11.818
 3330 (vir)     1          11.412          -5.683          -2.714          -8.869           11.886
 3331 (vir)     1          11.417          -5.709          -2.737          -8.909           11.881
 3332 (vir)     1          11.422          -5.568          -2.586          -8.639           11.908
 3333 (vir)     1          11.425          -5.688          -2.718          -8.846           11.865
 3334 (vir)     1          11.431          -5.879          -2.764          -9.082           11.870
 3335 (vir)     1          11.438          -5.963          -2.815          -9.180           11.839
 3336 (vir)     1          11.451          -5.732          -2.740          -8.937           11.917
 3337 (vir)     1          11.459          -5.816          -2.699          -8.933           11.877
 3338 (vir)     1          11.463          -5.757          -2.763          -8.952           11.895
 3339 (vir)     1          11.481          -5.956          -2.786          -9.123           11.863
 3340 (vir)     1          11.487          -6.009          -2.805          -9.080           11.753
 3341 (vir)     1          11.493          -5.799          -2.714          -8.901           11.881
 3342 (vir)     1          11.496          -5.800          -2.710          -8.932           11.919
 3343 (vir)     1          11.506          -5.903          -2.799          -9.105           11.910
 3344 (vir)     1          11.521          -5.710          -2.742          -9.012           12.080
 3345 (vir)     1          11.525          -5.633          -2.687          -8.805           12.009
 3346 (vir)     1          11.530          -5.969          -2.818          -9.197           11.941
 3347 (vir)     1          11.542          -5.730          -2.727          -8.892           11.977
 3348 (vir)     1          11.543          -5.725          -2.741          -8.930           12.007
 3349 (vir)     1          11.548          -5.926          -2.779          -9.079           11.923
 3350 (vir)     1          11.556          -5.739          -2.725          -8.935           12.027
 3351 (vir)     1          11.574          -5.909          -2.731          -8.968           11.902
 3352 (vir)     1          11.587          -6.084          -2.801          -9.182           11.885
 3353 (vir)     1          11.601          -5.980          -2.847          -9.246           12.020
 3354 (vir)     1          11.615          -5.734          -2.725          -8.928           12.085
 3355 (vir)     1          11.621          -5.857          -2.768          -9.060           12.057
 3356 (vir)     1          11.633          -5.809          -2.763          -9.069           12.129
 3357 (vir)     1          11.647          -5.886          -2.733          -9.024           12.052
 3358 (vir)     1          11.662          -5.863          -2.764          -9.045           12.081
 3359 (vir)     1          11.665          -5.881          -2.772          -9.051           12.064
 3360 (vir)     1          11.670          -5.722          -2.664          -8.834           12.118
 3361 (vir)     1          11.691          -5.855          -2.771          -9.073           12.137
 3362 (vir)     1          11.700          -5.749          -2.674          -8.861           12.138
 3363 (vir)     1          11.704          -5.751          -2.657          -8.827           12.122
 3364 (vir)     1          11.710          -5.894          -2.798          -9.109           12.126
 3365 (vir)     1          11.716          -5.819          -2.832          -9.146           12.211
 3366 (vir)     1          11.740          -6.044          -2.840          -9.210           12.067
 3367 (vir)     1          11.747          -5.692          -2.683          -8.853           12.225
 3368 (vir)     1          11.756          -6.005          -2.912          -9.357           12.195
 3369 (vir)     1          11.764          -5.866          -2.753          -8.963           12.108
 3370 (vir)     1          11.769          -5.941          -2.819          -9.183           12.192
 3371 (vir)     1          11.784          -5.867          -2.751          -9.013           12.179
 3372 (vir)     1          11.787          -6.023          -2.805          -9.199           12.157
 3373 (vir)     1          11.797          -5.892          -2.748          -9.045           12.202
 3374 (vir)     1          11.805          -5.898          -2.777          -9.061           12.190
 3375 (vir)     1          11.813          -5.734          -2.718          -8.962           12.323
 3376 (vir)     1          11.816          -5.959          -2.744          -9.048           12.160
 3377 (vir)     1          11.817          -5.973          -2.753          -9.109           12.200
 3378 (vir)     1          11.842          -5.572          -2.622          -8.702           12.349
 3379 (vir)     1          11.844          -5.966          -2.759          -9.090           12.209
 3380 (vir)     1          11.851          -5.759          -2.708          -8.944           12.329
 3381 (vir)     1          11.861          -5.685          -2.630          -8.719           12.266
 3382 (vir)     1          11.866          -5.561          -2.667          -8.832           12.469
 3383 (vir)     1          11.873          -5.783          -2.691          -8.902           12.301
 3384 (vir)     1          11.877          -5.996          -2.799          -9.117           12.199
 3385 (vir)     1          11.893          -5.780          -2.740          -9.064           12.436
 3386 (vir)     1          11.907          -5.914          -2.833          -9.202           12.363
 3387 (vir)     1          11.911          -5.913          -2.724          -8.981           12.255
 3388 (vir)     1          11.922          -5.759          -2.696          -8.903           12.371
 3389 (vir)     1          11.925          -5.825          -2.727          -9.015           12.388
 3390 (vir)     1          11.950          -5.845          -2.772          -9.050           12.383
 3391 (vir)     1          11.955          -5.828          -2.706          -8.962           12.384
 3392 (vir)     1          11.957          -5.741          -2.671          -8.911           12.457
 3393 (vir)     1          11.959          -5.711          -2.687          -8.927           12.488
 3394 (vir)     1          11.960          -6.101          -2.819          -9.310           12.349
 3395 (vir)     1          11.979          -5.684          -2.680          -8.781           12.395
 3396 (vir)     1          11.983          -5.749          -2.617          -8.739           12.355
 3397 (vir)     1          11.989          -5.696          -2.653          -8.837           12.478
 3398 (vir)     1          11.991          -5.793          -2.738          -8.998           12.457
 3399 (vir)     1          11.998          -6.031          -2.804          -9.211           12.374
 3400 (vir)     1          12.009          -5.690          -2.643          -8.824           12.501
 3401 (vir)     1          12.033          -5.720          -2.632          -8.773           12.455
 3402 (vir)     1          12.038          -5.798          -2.729          -8.902           12.413
 3403 (vir)     1          12.039          -5.891          -2.738          -9.081           12.491
 3404 (vir)     1          12.045          -6.070          -2.834          -9.237           12.378
 3405 (vir)     1          12.059          -5.961          -2.769          -9.108           12.436
 3406 (vir)     1          12.065          -5.897          -2.789          -9.090           12.470
 3407 (vir)     1          12.088          -5.655          -2.562          -8.580           12.451
 3408 (vir)     1          12.097          -5.838          -2.721          -9.000           12.539
 3409 (vir)     1          12.101          -5.969          -2.823          -9.247           12.556
 3410 (vir)     1          12.105          -6.075          -2.825          -9.298           12.502
 3411 (vir)     1          12.109          -5.847          -2.724          -9.045           12.583
 3412 (vir)     1          12.110          -5.984          -2.825          -9.151           12.453
 3413 (vir)     1          12.117          -5.912          -2.762          -9.158           12.601
 3414 (vir)     1          12.130          -5.773          -2.634          -8.776           12.499
 3415 (vir)     1          12.142          -5.979          -2.816          -9.203           12.549
 3416 (vir)     1          12.145          -5.841          -2.729          -8.993           12.568
 3417 (vir)     1          12.148          -5.658          -2.617          -8.670           12.543
 3418 (vir)     1          12.151          -5.775          -2.738          -9.065           12.704
 3419 (vir)     1          12.168          -5.886          -2.770          -9.118           12.630
 3420 (vir)     1          12.173          -5.997          -2.786          -9.184           12.575
 3421 (vir)     1          12.183          -5.834          -2.720          -9.001           12.629
 3422 (vir)     1          12.195          -5.891          -2.755          -9.095           12.644
 3423 (vir)     1          12.196          -5.918          -2.790          -9.156           12.644
 3424 (vir)     1          12.209          -5.693          -2.646          -8.801           12.671
 3425 (vir)     1          12.210          -5.799          -2.697          -8.930           12.645
 3426 (vir)     1          12.219          -6.006          -2.814          -9.254           12.652
 3427 (vir)     1          12.226          -5.730          -2.735          -9.083           12.844
 3428 (vir)     1          12.232          -6.064          -2.765          -9.125           12.528
 3429 (vir)     1          12.237          -5.749          -2.671          -8.897           12.714
 3430 (vir)     1          12.241          -5.843          -2.734          -9.091           12.755
 3431 (vir)     1          12.244          -5.877          -2.767          -9.154           12.754
 3432 (vir)     1          12.267          -5.846          -2.725          -9.097           12.793
 3433 (vir)     1          12.278          -5.987          -2.805          -9.233           12.719
 3434 (vir)     1          12.279          -5.949          -2.751          -9.055           12.634
 3435 (vir)     1          12.287          -5.968          -2.763          -9.209           12.764
 3436 (vir)     1          12.292          -6.065          -2.873          -9.339           12.693
 3437 (vir)     1          12.304          -6.045          -2.807          -9.186           12.637
 3438 (vir)     1          12.305          -6.069          -2.835          -9.384           12.784
 3439 (vir)     1          12.311          -5.853          -2.678          -8.883           12.663
 3440 (vir)     1          12.329          -5.957          -2.779          -9.147           12.740
 3441 (vir)     1          12.336          -6.001          -2.806          -9.313           12.843
 3442 (vir)     1          12.336          -6.072          -2.801          -9.292           12.754
 3443 (vir)     1          12.345          -6.004          -2.794          -9.247           12.794
 3444 (vir)     1          12.348          -6.140          -2.835          -9.332           12.705
 3445 (vir)     1          12.350          -6.050          -2.779          -9.227           12.748
 3446 (vir)     1          12.359          -6.051          -2.845          -9.419           12.883
 3447 (vir)     1          12.361          -6.073          -2.787          -9.355           12.856
 3448 (vir)     1          12.372          -5.971          -2.829          -9.343           12.914
 3449 (vir)     1          12.393          -5.921          -2.804          -9.284           12.951
 3450 (vir)     1          12.399          -6.078          -2.825          -9.336           12.831
 3451 (vir)     1          12.403          -5.829          -2.683          -9.016           12.908
 3452 (vir)     1          12.420          -6.022          -2.750          -9.212           12.861
 3453 (vir)     1          12.424          -5.949          -2.786          -9.285           12.973
 3454 (vir)     1          12.424          -5.909          -2.763          -9.215           12.968
 3455 (vir)     1          12.427          -5.943          -2.758          -9.229           12.955
 3456 (vir)     1          12.439          -5.798          -2.735          -9.090           12.995
 3457 (vir)     1          12.448          -5.919          -2.770          -9.254           13.013
 3458 (vir)     1          12.450          -6.082          -2.865          -9.424           12.927
 3459 (vir)     1          12.463          -5.987          -2.764          -9.270           12.981
 3460 (vir)     1          12.471          -5.771          -2.604          -8.840           12.935
 3461 (vir)     1          12.474          -6.089          -2.843          -9.392           12.935
 3462 (vir)     1          12.483          -5.946          -2.766          -9.211           12.981
 3463 (vir)     1          12.488          -5.960          -2.709          -9.074           12.892
 3464 (vir)     1          12.498          -5.984          -2.782          -9.229           12.961
 3465 (vir)     1          12.509          -6.006          -2.832          -9.405           13.076
 3466 (vir)     1          12.519          -5.899          -2.682          -8.988           12.927
 3467 (vir)     1          12.524          -5.882          -2.717          -9.200           13.124
 3468 (vir)     1          12.533          -6.051          -2.808          -9.255           12.929
 3469 (vir)     1          12.543          -6.094          -2.796          -9.288           12.940
 3470 (vir)     1          12.551          -6.032          -2.737          -9.216           12.998
 3471 (vir)     1          12.558          -6.129          -2.826          -9.431           13.035
 3472 (vir)     1          12.566          -5.898          -2.687          -9.037           13.018
 3473 (vir)     1          12.571          -6.147          -2.790          -9.354           12.988
 3474 (vir)     1          12.575          -6.170          -2.823          -9.425           13.008
 3475 (vir)     1          12.583          -5.967          -2.773          -9.221           13.065
 3476 (vir)     1          12.586          -6.186          -2.823          -9.391           12.968
 3477 (vir)     1          12.589          -5.946          -2.674          -9.094           13.063
 3478 (vir)     1          12.601          -6.150          -2.784          -9.384           13.051
 3479 (vir)     1          12.619          -6.019          -2.774          -9.204           13.030
 3480 (vir)     1          12.619          -5.927          -2.668          -9.029           13.054
 3481 (vir)     1          12.625          -6.061          -2.768          -9.294           13.090
 3482 (vir)     1          12.634          -6.174          -2.746          -9.288           13.003
 3483 (vir)     1          12.638          -5.917          -2.660          -8.979           13.039
 3484 (vir)     1          12.640          -6.008          -2.760          -9.292           13.163
 3485 (vir)     1          12.651          -6.049          -2.755          -9.229           13.076
 3486 (vir)     1          12.657          -6.147          -2.905          -9.614           13.218
 3487 (vir)     1          12.662          -6.038          -2.700          -9.221           13.145
 3488 (vir)     1          12.663          -6.154          -2.770          -9.382           13.121
 3489 (vir)     1          12.667          -5.990          -2.677          -9.072           13.071
 3490 (vir)     1          12.668          -6.285          -2.837          -9.435           12.980
 3491 (vir)     1          12.673          -5.920          -2.693          -9.120           13.180
 3492 (vir)     1          12.688          -6.078          -2.766          -9.267           13.111
 3493 (vir)     1          12.688          -6.161          -2.795          -9.384           13.116
 3494 (vir)     1          12.700          -6.102          -2.734          -9.225           13.089
 3495 (vir)     1          12.701          -6.131          -2.732          -9.304           13.142
 3496 (vir)     1          12.710          -6.021          -2.750          -9.220           13.158
 3497 (vir)     1          12.714          -6.167          -2.855          -9.526           13.218
 3498 (vir)     1          12.718          -6.217          -2.865          -9.534           13.169
 3499 (vir)     1          12.725          -5.985          -2.716          -9.133           13.157
 3500 (vir)     1          12.730          -6.001          -2.734          -9.260           13.255
 3501 (vir)     1          12.732          -6.099          -2.751          -9.273           13.155
 3502 (vir)     1          12.738          -6.294          -2.813          -9.479           13.109
 3503 (vir)     1          12.742          -6.187          -2.763          -9.408           13.201
 3504 (vir)     1          12.749          -6.083          -2.784          -9.390           13.272
 3505 (vir)     1          12.762          -6.075          -2.716          -9.220           13.192
 3506 (vir)     1          12.766          -5.970          -2.691          -9.069           13.174
 3507 (vir)     1          12.770          -6.175          -2.774          -9.401           13.222
 3508 (vir)     1          12.773          -6.083          -2.770          -9.291           13.211
 3509 (vir)     1          12.781          -6.198          -2.712          -9.217           13.088
 3510 (vir)     1          12.791          -6.264          -2.895          -9.576           13.208
 3511 (vir)     1          12.794          -6.170          -2.756          -9.227           13.096
 3512 (vir)     1          12.815          -6.025          -2.723          -9.205           13.273
 3513 (vir)     1          12.815          -6.263          -2.782          -9.403           13.173
 3514 (vir)     1          12.817          -5.979          -2.763          -9.223           13.298
 3515 (vir)     1          12.820          -6.017          -2.719          -9.174           13.259
 3516 (vir)     1          12.833          -6.029          -2.757          -9.164           13.211
 3517 (vir)     1          12.840          -6.139          -2.887          -9.607           13.421
 3518 (vir)     1          12.840          -6.161          -2.770          -9.294           13.204
 3519 (vir)     1          12.848          -6.219          -2.837          -9.495           13.287
 3520 (vir)     1          12.858          -6.035          -2.725          -9.221           13.319
 3521 (vir)     1          12.868          -6.192          -2.737          -9.299           13.238
 3522 (vir)     1          12.872          -6.226          -2.775          -9.330           13.202
 3523 (vir)     1          12.878          -6.002          -2.710          -9.168           13.334
 3524 (vir)     1          12.886          -6.400          -2.917          -9.646           13.216
 3525 (vir)     1          12.887          -6.032          -2.761          -9.274           13.369
 3526 (vir)     1          12.896          -6.204          -2.807          -9.415           13.300
 3527 (vir)     1          12.899          -6.186          -2.767          -9.310           13.257
 3528 (vir)     1          12.902          -6.203          -2.756          -9.341           13.284
 3529 (vir)     1          12.910          -6.087          -2.684          -9.151           13.289
 3530 (vir)     1          12.922          -6.189          -2.755          -9.305           13.283
 3531 (vir)     1          12.925          -6.129          -2.736          -9.296           13.355
 3532 (vir)     1          12.928          -6.291          -2.778          -9.385           13.244
 3533 (vir)     1          12.930          -6.262          -2.832          -9.476           13.312
 3534 (vir)     1          12.944          -6.363          -2.824          -9.495           13.252
 3535 (vir)     1          12.946          -6.181          -2.753          -9.313           13.324
 3536 (vir)     1          12.953          -6.080          -2.697          -9.214           13.391
 3537 (vir)     1          12.973          -6.340          -2.895          -9.639           13.377
 3538 (vir)     1          12.975          -6.296          -2.799          -9.424           13.304
 3539 (vir)     1          12.978          -6.144          -2.757          -9.267           13.344
 3540 (vir)     1          12.983          -6.145          -2.774          -9.317           13.382
 3541 (vir)     1          12.991          -6.165          -2.748          -9.353           13.431
 3542 (vir)     1          12.999          -6.421          -2.907          -9.699           13.369
 3543 (vir)     1          13.009          -6.206          -2.720          -9.325           13.408
 3544 (vir)     1          13.011          -6.424          -2.868          -9.626           13.345
 3545 (vir)     1          13.017          -6.372          -2.851          -9.583           13.377
 3546 (vir)     1          13.028          -6.312          -2.821          -9.479           13.374
 3547 (vir)     1          13.033          -6.219          -2.762          -9.336           13.388
 3548 (vir)     1          13.038          -6.253          -2.754          -9.343           13.375
 3549 (vir)     1          13.041          -6.282          -2.797          -9.428           13.389
 3550 (vir)     1          13.051          -6.186          -2.754          -9.338           13.448
 3551 (vir)     1          13.052          -6.359          -2.783          -9.367           13.278
 3552 (vir)     1          13.061          -6.207          -2.749          -9.295           13.401
 3553 (vir)     1          13.063          -6.221          -2.757          -9.322           13.407
 3554 (vir)     1          13.080          -6.381          -2.810          -9.425           13.315
 3555 (vir)     1          13.089          -6.311          -2.787          -9.477           13.468
 3556 (vir)     1          13.093          -6.254          -2.769          -9.387           13.458
 3557 (vir)     1          13.096          -6.378          -2.796          -9.498           13.420
 3558 (vir)     1          13.108          -6.253          -2.739          -9.332           13.448
 3559 (vir)     1          13.110          -6.300          -2.836          -9.462           13.435
 3560 (vir)     1          13.120          -6.410          -2.808          -9.549           13.451
 3561 (vir)     1          13.129          -6.163          -2.697          -9.177           13.446
 3562 (vir)     1          13.133          -6.270          -2.774          -9.316           13.405
 3563 (vir)     1          13.145          -6.486          -2.872          -9.678           13.465
 3564 (vir)     1          13.148          -6.270          -2.762          -9.351           13.467
 3565 (vir)     1          13.155          -6.299          -2.759          -9.275           13.372
 3566 (vir)     1          13.164          -6.196          -2.733          -9.260           13.495
 3567 (vir)     1          13.171          -6.142          -2.713          -9.285           13.601
 3568 (vir)     1          13.172          -6.204          -2.793          -9.419           13.594
 3569 (vir)     1          13.183          -6.265          -2.695          -9.287           13.511
 3570 (vir)     1          13.187          -6.088          -2.675          -9.191           13.615
 3571 (vir)     1          13.195          -6.456          -2.770          -9.383           13.351
 3572 (vir)     1          13.213          -6.342          -2.782          -9.473           13.562
 3573 (vir)     1          13.220          -6.169          -2.702          -9.244           13.593
 3574 (vir)     1          13.226          -6.213          -2.748          -9.339           13.603
 3575 (vir)     1          13.229          -6.240          -2.735          -9.306           13.560
 3576 (vir)     1          13.237          -6.346          -2.769          -9.363           13.485
 3577 (vir)     1          13.244          -6.205          -2.641          -9.172           13.571
 3578 (vir)     1          13.260          -6.193          -2.739          -9.241           13.570
 3579 (vir)     1          13.269          -6.205          -2.692          -9.303           13.674
 3580 (vir)     1          13.272          -6.219          -2.679          -9.214           13.588
 3581 (vir)     1          13.281          -6.157          -2.639          -9.114           13.599
 3582 (vir)     1          13.293          -6.254          -2.699          -9.254           13.594
 3583 (vir)     1          13.293          -6.212          -2.723          -9.369           13.728
 3584 (vir)     1          13.298          -6.251          -2.756          -9.438           13.729
 3585 (vir)     1          13.315          -6.342          -2.783          -9.441           13.630
 3586 (vir)     1          13.318          -6.390          -2.770          -9.386           13.543
 3587 (vir)     1          13.328          -6.167          -2.635          -9.148           13.674
 3588 (vir)     1          13.335          -6.390          -2.716          -9.301           13.529
 3589 (vir)     1          13.340          -6.299          -2.746          -9.382           13.677
 3590 (vir)     1          13.346          -6.368          -2.740          -9.350           13.588
 3591 (vir)     1          13.355          -6.459          -2.849          -9.595           13.643
 3592 (vir)     1          13.360          -6.325          -2.756          -9.317           13.597
 3593 (vir)     1          13.367          -6.453          -2.746          -9.474           13.642
 3594 (vir)     1          13.374          -6.565          -2.867          -9.678           13.620
 3595 (vir)     1          13.378          -6.430          -2.720          -9.356           13.584
 3596 (vir)     1          13.378          -6.245          -2.711          -9.330           13.752
 3597 (vir)     1          13.383          -6.236          -2.725          -9.300           13.721
 3598 (vir)     1          13.398          -6.340          -2.705          -9.354           13.706
 3599 (vir)     1          13.398          -6.415          -2.743          -9.440           13.680
 3600 (vir)     1          13.408          -6.260          -2.660          -9.196           13.685
 3601 (vir)     1          13.409          -6.445          -2.790          -9.552           13.727
 3602 (vir)     1          13.421          -6.324          -2.728          -9.346           13.714
 3603 (vir)     1          13.424          -6.425          -2.787          -9.524           13.737
 3604 (vir)     1          13.427          -6.424          -2.766          -9.447           13.685
 3605 (vir)     1          13.451          -6.468          -2.748          -9.472           13.706
 3606 (vir)     1          13.459          -6.364          -2.685          -9.345           13.755
 3607 (vir)     1          13.461          -6.669          -2.843          -9.624           13.573
 3608 (vir)     1          13.466          -5.859          -2.539          -8.998           14.066
 3609 (vir)     1          13.477          -6.234          -2.639          -9.249           13.852
 3610 (vir)     1          13.480          -6.541          -2.765          -9.476           13.650
 3611 (vir)     1          13.484          -6.471          -2.808          -9.625           13.831
 3612 (vir)     1          13.486          -6.470          -2.737          -9.405           13.684
 3613 (vir)     1          13.492          -6.578          -2.774          -9.543           13.683
 3614 (vir)     1          13.509          -6.362          -2.760          -9.400           13.787
 3615 (vir)     1          13.518          -6.417          -2.810          -9.499           13.790
 3616 (vir)     1          13.523          -6.350          -2.696          -9.203           13.681
 3617 (vir)     1          13.529          -6.613          -2.868          -9.706           13.753
 3618 (vir)     1          13.530          -6.613          -2.857          -9.705           13.764
 3619 (vir)     1          13.548          -6.443          -2.739          -9.462           13.828
 3620 (vir)     1          13.554          -6.385          -2.751          -9.432           13.850
 3621 (vir)     1          13.560          -6.511          -2.776          -9.548           13.821
 3622 (vir)     1          13.564          -6.558          -2.790          -9.568           13.784
 3623 (vir)     1          13.571          -6.249          -2.729          -9.342           13.935
 3624 (vir)     1          13.574          -6.274          -2.733          -9.401           13.968
 3625 (vir)     1          13.581          -6.406          -2.776          -9.531           13.930
 3626 (vir)     1          13.599          -6.457          -2.807          -9.566           13.901
 3627 (vir)     1          13.608          -6.580          -2.784          -9.468           13.712
 3628 (vir)     1          13.621          -6.426          -2.789          -9.462           13.868
 3629 (vir)     1          13.624          -6.516          -2.708          -9.397           13.797
 3630 (vir)     1          13.628          -6.425          -2.728          -9.506           13.981
 3631 (vir)     1          13.633          -6.373          -2.738          -9.403           13.925
 3632 (vir)     1          13.635          -6.856          -2.931          -9.951           13.798
 3633 (vir)     1          13.640          -6.757          -2.893          -9.804           13.794
 3634 (vir)     1          13.644          -6.352          -2.641          -9.242           13.893
 3635 (vir)     1          13.651          -6.561          -2.794          -9.596           13.892
 3636 (vir)     1          13.655          -6.611          -2.794          -9.564           13.813
 3637 (vir)     1          13.664          -6.549          -2.781          -9.521           13.856
 3638 (vir)     1          13.671          -6.507          -2.784          -9.422           13.802
 3639 (vir)     1          13.679          -6.652          -2.876          -9.759           13.909
 3640 (vir)     1          13.680          -6.746          -2.895          -9.885           13.924
 3641 (vir)     1          13.687          -6.786          -2.917          -9.901           13.885
 3642 (vir)     1          13.699          -6.915          -2.946          -9.993           13.830
 3643 (vir)     1          13.708          -6.255          -2.697          -9.263           14.019
 3644 (vir)     1          13.717          -6.784          -2.899          -9.867           13.901
 3645 (vir)     1          13.719          -6.509          -2.760          -9.466           13.916
 3646 (vir)     1          13.730          -6.293          -2.649          -9.297           14.083
 3647 (vir)     1          13.737          -6.684          -2.824          -9.657           13.886
 3648 (vir)     1          13.738          -6.499          -2.797          -9.601           14.043
 3649 (vir)     1          13.745          -6.590          -2.836          -9.756           14.076
 3650 (vir)     1          13.750          -6.417          -2.755          -9.554           14.133
 3651 (vir)     1          13.760          -6.515          -2.799          -9.616           14.063
 3652 (vir)     1          13.772          -6.673          -2.824          -9.714           13.989
 3653 (vir)     1          13.779          -6.544          -2.705          -9.437           13.967
 3654 (vir)     1          13.783          -6.459          -2.750          -9.445           14.018
 3655 (vir)     1          13.784          -6.636          -2.813          -9.617           13.951
 3656 (vir)     1          13.796          -6.639          -2.795          -9.530           13.892
 3657 (vir)     1          13.797          -6.642          -2.808          -9.665           14.011
 3658 (vir)     1          13.811          -6.654          -2.728          -9.270           13.699
 3659 (vir)     1          13.813          -6.483          -2.674          -9.318           13.974
 3660 (vir)     1          13.823          -6.562          -2.739          -9.501           14.023
 3661 (vir)     1          13.829          -6.679          -2.772          -9.450           13.828
 3662 (vir)     1          13.829          -6.831          -2.842          -9.770           13.926
 3663 (vir)     1          13.834          -6.732          -2.833          -9.707           13.977
 3664 (vir)     1          13.842          -6.836          -2.817          -9.871           14.060
 3665 (vir)     1          13.865          -6.491          -2.674          -9.388           14.088
 3666 (vir)     1          13.868          -6.574          -2.729          -9.498           14.063
 3667 (vir)     1          13.875          -6.767          -2.788          -9.635           13.955
 3668 (vir)     1          13.886          -6.725          -2.792          -9.620           13.988
 3669 (vir)     1          13.895          -6.531          -2.720          -9.484           14.129
 3670 (vir)     1          13.906          -6.580          -2.736          -9.484           14.074
 3671 (vir)     1          13.913          -6.695          -2.749          -9.621           14.090
 3672 (vir)     1          13.915          -6.527          -2.710          -9.424           14.103
 3673 (vir)     1          13.923          -6.491          -2.749          -9.519           14.203
 3674 (vir)     1          13.926          -6.558          -2.702          -9.433           14.100
 3675 (vir)     1          13.937          -6.821          -2.860          -9.723           13.979
 3676 (vir)     1          13.938          -6.569          -2.766          -9.480           14.083
 3677 (vir)     1          13.946          -6.796          -2.821          -9.800           14.129
 3678 (vir)     1          13.947          -6.623          -2.721          -9.506           14.109
 3679 (vir)     1          13.960          -6.440          -2.651          -9.318           14.186
 3680 (vir)     1          13.971          -6.747          -2.808          -9.602           14.019
 3681 (vir)     1          13.976          -6.607          -2.737          -9.511           14.143
 3682 (vir)     1          13.978          -6.738          -2.843          -9.797           14.195
 3683 (vir)     1          13.987          -6.566          -2.740          -9.511           14.192
 3684 (vir)     1          13.994          -6.733          -2.730          -9.461           13.992
 3685 (vir)     1          14.026          -6.810          -2.822          -9.699           14.093
 3686 (vir)     1          14.033          -6.886          -2.830          -9.769           14.086
 3687 (vir)     1          14.037          -6.740          -2.734          -9.624           14.188
 3688 (vir)     1          14.051          -6.667          -2.704          -9.440           14.120
 3689 (vir)     1          14.051          -6.966          -2.897          -9.947           14.135
 3690 (vir)     1          14.068          -6.788          -2.835          -9.739           14.185
 3691 (vir)     1          14.068          -6.700          -2.759          -9.734           14.344
 3692 (vir)     1          14.077          -6.769          -2.734          -9.603           14.178
 3693 (vir)     1          14.079          -6.544          -2.707          -9.362           14.190
 3694 (vir)     1          14.089          -7.073          -2.881          -9.869           14.004
 3695 (vir)     1          14.093          -6.739          -2.741          -9.604           14.217
 3696 (vir)     1          14.095          -6.652          -2.725          -9.501           14.219
 3697 (vir)     1          14.102          -6.890          -2.884          -9.829           14.157
 3698 (vir)     1          14.122          -6.900          -2.800          -9.728           14.149
 3699 (vir)     1          14.123          -6.566          -2.711          -9.528           14.373
 3700 (vir)     1          14.132          -6.781          -2.798          -9.787           14.340
 3701 (vir)     1          14.151          -6.968          -2.897          -9.955           14.241
 3702 (vir)     1          14.158          -6.576          -2.677          -9.445           14.350
 3703 (vir)     1          14.169          -6.866          -2.744          -9.552           14.111
 3704 (vir)     1          14.189          -6.956          -2.775          -9.674           14.133
 3705 (vir)     1          14.191          -6.774          -2.733          -9.448           14.133
 3706 (vir)     1          14.193          -6.566          -2.628          -9.174           14.173
 3707 (vir)     1          14.211          -6.695          -2.696          -9.494           14.314
 3708 (vir)     1          14.212          -6.527          -2.630          -9.229           14.284
 3709 (vir)     1          14.228          -6.785          -2.726          -9.501           14.218
 3710 (vir)     1          14.234          -6.882          -2.835          -9.670           14.188
 3711 (vir)     1          14.242          -6.862          -2.786          -9.637           14.231
 3712 (vir)     1          14.251          -7.003          -2.758          -9.818           14.308
 3713 (vir)     1          14.257          -7.025          -2.876          -9.862           14.217
 3714 (vir)     1          14.268          -6.969          -2.857          -9.789           14.231
 3715 (vir)     1          14.276          -6.857          -2.712          -9.562           14.269
 3716 (vir)     1          14.290          -6.606          -2.607          -9.188           14.264
 3717 (vir)     1          14.297          -6.751          -2.694          -9.491           14.343
 3718 (vir)     1          14.307          -6.797          -2.730          -9.531           14.312
 3719 (vir)     1          14.320          -6.648          -2.706          -9.459           14.425
 3720 (vir)     1          14.344          -6.861          -2.817          -9.806           14.472
 3721 (vir)     1          14.347          -6.895          -2.805          -9.823           14.470
 3722 (vir)     1          14.354          -6.848          -2.822          -9.772           14.456
 3723 (vir)     1          14.356          -6.873          -2.753          -9.628           14.360
 3724 (vir)     1          14.369          -6.749          -2.711          -9.568           14.476
 3725 (vir)     1          14.370          -7.100          -2.889         -10.003           14.385
 3726 (vir)     1          14.374          -6.805          -2.735          -9.540           14.375
 3727 (vir)     1          14.387          -6.851          -2.691          -9.493           14.338
 3728 (vir)     1          14.394          -6.925          -2.818          -9.829           14.479
 3729 (vir)     1          14.408          -7.065          -2.877         -10.020           14.486
 3730 (vir)     1          14.419          -7.085          -2.878         -10.035           14.492
 3731 (vir)     1          14.424          -6.977          -2.767          -9.643           14.323
 3732 (vir)     1          14.426          -6.931          -2.771          -9.679           14.403
 3733 (vir)     1          14.447          -7.004          -2.748          -9.610           14.305
 3734 (vir)     1          14.448          -7.039          -2.777          -9.702           14.334
 3735 (vir)     1          14.455          -7.043          -2.825          -9.882           14.468
 3736 (vir)     1          14.462          -7.200          -2.883          -9.994           14.372
 3737 (vir)     1          14.464          -6.902          -2.742          -9.643           14.464
 3738 (vir)     1          14.482          -7.134          -2.862          -9.898           14.384
 3739 (vir)     1          14.498          -7.144          -2.800          -9.745           14.298
 3740 (vir)     1          14.504          -7.025          -2.852          -9.933           14.560
 3741 (vir)     1          14.518          -6.920          -2.779          -9.723           14.542
 3742 (vir)     1          14.521          -7.100          -2.864          -9.985           14.542
 3743 (vir)     1          14.538          -7.013          -2.781          -9.766           14.510
 3744 (vir)     1          14.539          -6.704          -2.709          -9.486           14.613
 3745 (vir)     1          14.546          -7.108          -2.844          -9.928           14.522
 3746 (vir)     1          14.550          -6.737          -2.703          -9.586           14.695
 3747 (vir)     1          14.567          -6.863          -2.739          -9.713           14.677
 3748 (vir)     1          14.574          -7.077          -2.832          -9.911           14.575
 3749 (vir)     1          14.579          -6.908          -2.780          -9.861           14.751
 3750 (vir)     1          14.589          -7.036          -2.743          -9.662           14.472
 3751 (vir)     1          14.598          -6.885          -2.759          -9.817           14.770
 3752 (vir)     1          14.603          -7.135          -2.811          -9.921           14.578
 3753 (vir)     1          14.611          -7.112          -2.803          -9.857           14.553
 3754 (vir)     1          14.626          -6.868          -2.736          -9.703           14.725
 3755 (vir)     1          14.630          -7.130          -2.814          -9.904           14.591
 3756 (vir)     1          14.640          -7.028          -2.802          -9.940           14.750
 3757 (vir)     1          14.646          -6.924          -2.759          -9.736           14.699
 3758 (vir)     1          14.653          -6.928          -2.813          -9.936           14.848
 3759 (vir)     1          14.653          -7.052          -2.803          -9.739           14.538
 3760 (vir)     1          14.673          -6.999          -2.802          -9.932           14.804
 3761 (vir)     1          14.682          -7.000          -2.770          -9.681           14.592
 3762 (vir)     1          14.689          -7.362          -2.910          -9.999           14.415
 3763 (vir)     1          14.705          -6.978          -2.728          -9.754           14.753
 3764 (vir)     1          14.708          -7.291          -2.887         -10.237           14.768
 3765 (vir)     1          14.710          -7.010          -2.798          -9.887           14.788
 3766 (vir)     1          14.725          -7.233          -2.804          -9.891           14.580
 3767 (vir)     1          14.738          -6.968          -2.760          -9.759           14.769
 3768 (vir)     1          14.757          -7.115          -2.799          -9.964           14.808
 3769 (vir)     1          14.780          -6.697          -2.546          -9.090           14.626
 3770 (vir)     1          14.783          -7.506          -2.994         -10.468           14.751
 3771 (vir)     1          14.787          -7.216          -2.815          -9.970           14.726
 3772 (vir)     1          14.794          -7.107          -2.722          -9.774           14.739
 3773 (vir)     1          14.795          -7.441          -2.943         -10.268           14.680
 3774 (vir)     1          14.802          -7.183          -2.773          -9.848           14.694
 3775 (vir)     1          14.809          -7.115          -2.775          -9.862           14.780
 3776 (vir)     1          14.827          -7.206          -2.832         -10.029           14.818
 3777 (vir)     1          14.827          -7.259          -2.839         -10.072           14.800
 3778 (vir)     1          14.832          -7.193          -2.785          -9.907           14.761
 3779 (vir)     1          14.836          -7.102          -2.798          -9.867           14.804
 3780 (vir)     1          14.851          -7.320          -2.848         -10.133           14.816
 3781 (vir)     1          14.859          -7.514          -2.946         -10.249           14.649
 3782 (vir)     1          14.862          -7.420          -2.893         -10.233           14.781
 3783 (vir)     1          14.867          -7.085          -2.736          -9.754           14.800
 3784 (vir)     1          14.880          -6.476          -2.665          -9.533           15.272
 3785 (vir)     1          14.881          -7.435          -2.953         -10.382           14.875
 3786 (vir)     1          14.903          -6.600          -2.687          -9.610           15.226
 3787 (vir)     1          14.909          -7.350          -2.898         -10.185           14.846
 3788 (vir)     1          14.912          -7.210          -2.864         -10.145           14.983
 3789 (vir)     1          14.926          -7.166          -2.795         -10.020           14.984
 3790 (vir)     1          14.948          -7.244          -2.809         -10.024           14.919
 3791 (vir)     1          14.949          -7.288          -2.837         -10.028           14.852
 3792 (vir)     1          14.954          -7.210          -2.735          -9.814           14.823
 3793 (vir)     1          14.975          -7.433          -2.880         -10.194           14.855
 3794 (vir)     1          14.985          -7.151          -2.742          -9.776           14.869
 3795 (vir)     1          14.988          -7.393          -2.901         -10.218           14.911
 3796 (vir)     1          14.997          -7.226          -2.842         -10.057           14.987
 3797 (vir)     1          15.012          -7.596          -2.948         -10.325           14.794
 3798 (vir)     1          15.016          -7.338          -2.810          -9.963           14.831
 3799 (vir)     1          15.018          -7.113          -2.737          -9.642           14.811
 3800 (vir)     1          15.037          -7.365          -2.811          -9.944           14.805
 3801 (vir)     1          15.044          -7.282          -2.815          -9.958           14.906
 3802 (vir)     1          15.049          -7.038          -2.750          -9.712           14.974
 3803 (vir)     1          15.066          -7.243          -2.840         -10.118           15.101
 3804 (vir)     1          15.067          -7.348          -2.860         -10.060           14.918
 3805 (vir)     1          15.071          -7.205          -2.754          -9.834           14.945
 3806 (vir)     1          15.081          -7.419          -2.913         -10.265           15.014
 3807 (vir)     1          15.085          -7.280          -2.848         -10.046           15.003
 3808 (vir)     1          15.099          -7.233          -2.766          -9.849           14.949
 3809 (vir)     1          15.100          -7.044          -2.679          -9.642           15.019
 3810 (vir)     1          15.105          -7.369          -2.859         -10.118           14.995
 3811 (vir)     1          15.117          -7.149          -2.750          -9.720           14.938
 3812 (vir)     1          15.155          -7.146          -2.768          -9.910           15.150
 3813 (vir)     1          15.158          -7.426          -2.849         -10.154           15.037
 3814 (vir)     1          15.160          -7.118          -2.728          -9.718           15.033
 3815 (vir)     1          15.169          -7.565          -2.899         -10.339           15.044
 3816 (vir)     1          15.188          -7.509          -2.890         -10.204           14.992
 3817 (vir)     1          15.194          -7.230          -2.795          -9.960           15.129
 3818 (vir)     1          15.212          -7.318          -2.807          -9.967           15.054
 3819 (vir)     1          15.212          -7.334          -2.822          -9.960           15.017
 3820 (vir)     1          15.224          -7.486          -2.852         -10.149           15.034
 3821 (vir)     1          15.232          -6.877          -2.623          -9.415           15.147
 3822 (vir)     1          15.235          -7.371          -2.855         -10.135           15.143
 3823 (vir)     1          15.252          -7.375          -2.768          -9.892           15.001
 3824 (vir)     1          15.262          -7.622          -2.891         -10.257           15.006
 3825 (vir)     1          15.276          -7.491          -2.852         -10.204           15.138
 3826 (vir)     1          15.280          -7.543          -2.885         -10.255           15.107
 3827 (vir)     1          15.296          -7.400          -2.793          -9.915           15.018
 3828 (vir)     1          15.307          -7.233          -2.759          -9.945           15.260
 3829 (vir)     1          15.314          -7.421          -2.852         -10.136           15.177
 3830 (vir)     1          15.323          -7.581          -2.911         -10.377           15.208
 3831 (vir)     1          15.327          -7.410          -2.815         -10.033           15.136
 3832 (vir)     1          15.330          -7.502          -2.926         -10.294           15.195
 3833 (vir)     1          15.335          -7.535          -2.864         -10.228           15.164
 3834 (vir)     1          15.350          -7.418          -2.815         -10.037           15.155
 3835 (vir)     1          15.365          -7.350          -2.744          -9.883           15.154
 3836 (vir)     1          15.380          -7.253          -2.783          -9.975           15.320
 3837 (vir)     1          15.395          -7.631          -2.916         -10.279           15.126
 3838 (vir)     1          15.402          -7.476          -2.819         -10.049           15.157
 3839 (vir)     1          15.403          -7.428          -2.845         -10.075           15.204
 3840 (vir)     1          15.417          -7.233          -2.778          -9.965           15.371
 3841 (vir)     1          15.432          -7.816          -2.973         -10.587           15.229
 3842 (vir)     1          15.444          -7.471          -2.780         -10.041           15.234
 3843 (vir)     1          15.461          -7.370          -2.757          -9.921           15.255
 3844 (vir)     1          15.476          -7.494          -2.748          -9.996           15.230
 3845 (vir)     1          15.476          -7.343          -2.767          -9.888           15.254
 3846 (vir)     1          15.481          -7.152          -2.755          -9.959           15.532
 3847 (vir)     1          15.488          -7.502          -2.804         -10.053           15.236
 3848 (vir)     1          15.507          -7.596          -2.904         -10.221           15.227
 3849 (vir)     1          15.513          -7.437          -2.740          -9.957           15.293
 3850 (vir)     1          15.523          -7.644          -2.842         -10.213           15.250
 3851 (vir)     1          15.536          -7.738          -2.900         -10.451           15.349
 3852 (vir)     1          15.552          -7.361          -2.740          -9.980           15.431
 3853 (vir)     1          15.557          -7.568          -2.848         -10.225           15.366
 3854 (vir)     1          15.565          -7.445          -2.864         -10.177           15.433
 3855 (vir)     1          15.587          -7.594          -2.851         -10.220           15.361
 3856 (vir)     1          15.599          -7.544          -2.853         -10.206           15.407
 3857 (vir)     1          15.608          -7.762          -2.890         -10.338           15.293
 3858 (vir)     1          15.618          -7.446          -2.799         -10.120           15.492
 3859 (vir)     1          15.621          -7.589          -2.852         -10.197           15.377
 3860 (vir)     1          15.629          -7.615          -2.815         -10.158           15.357
 3861 (vir)     1          15.643          -7.799          -2.933         -10.356           15.267
 3862 (vir)     1          15.643          -7.397          -2.724          -9.908           15.431
 3863 (vir)     1          15.657          -7.721          -2.867         -10.347           15.415
 3864 (vir)     1          15.674          -7.683          -2.847         -10.246           15.390
 3865 (vir)     1          15.674          -7.819          -2.908         -10.400           15.346
 3866 (vir)     1          15.687          -7.561          -2.800         -10.114           15.440
 3867 (vir)     1          15.702          -7.388          -2.796          -9.985           15.504
 3868 (vir)     1          15.704          -7.638          -2.840         -10.231           15.457
 3869 (vir)     1          15.730          -7.656          -2.850         -10.221           15.445
 3870 (vir)     1          15.737          -7.443          -2.750         -10.038           15.582
 3871 (vir)     1          15.742          -7.471          -2.755         -10.001           15.518
 3872 (vir)     1          15.769          -7.955          -2.936         -10.410           15.288
 3873 (vir)     1          15.769          -7.445          -2.708         -10.013           15.630
 3874 (vir)     1          15.778          -7.906          -2.919         -10.445           15.398
 3875 (vir)     1          15.790          -7.792          -2.867         -10.307           15.438
 3876 (vir)     1          15.800          -7.158          -2.710          -9.808           15.741
 3877 (vir)     1          15.815          -7.531          -2.749         -10.018           15.553
 3878 (vir)     1          15.825          -7.597          -2.743         -10.045           15.530
 3879 (vir)     1          15.825          -7.679          -2.859         -10.288           15.575
 3880 (vir)     1          15.849          -7.696          -2.861         -10.255           15.547
 3881 (vir)     1          15.853          -7.791          -2.843         -10.253           15.472
 3882 (vir)     1          15.860          -7.737          -2.864         -10.265           15.524
 3883 (vir)     1          15.863          -7.600          -2.766          -9.976           15.472
 3884 (vir)     1          15.883          -7.271          -2.666          -9.752           15.697
 3885 (vir)     1          15.885          -7.929          -2.975         -10.544           15.525
 3886 (vir)     1          15.897          -7.547          -2.763          -9.980           15.566
 3887 (vir)     1          15.915          -7.666          -2.838         -10.188           15.598
 3888 (vir)     1          15.922          -7.516          -2.793         -10.144           15.757
 3889 (vir)     1          15.944          -7.425          -2.789         -10.052           15.783
 3890 (vir)     1          15.950          -7.993          -2.952         -10.505           15.511
 3891 (vir)     1          15.964          -7.930          -2.918         -10.447           15.562
 3892 (vir)     1          15.972          -7.634          -2.776         -10.064           15.626
 3893 (vir)     1          15.987          -7.702          -2.849         -10.221           15.656
 3894 (vir)     1          15.990          -7.702          -2.808         -10.165           15.645
 3895 (vir)     1          16.009          -7.933          -2.959         -10.513           15.630
 3896 (vir)     1          16.028          -7.896          -2.914         -10.494           15.712
 3897 (vir)     1          16.032          -7.463          -2.699          -9.904           15.774
 3898 (vir)     1          16.034          -7.858          -2.890         -10.380           15.665
 3899 (vir)     1          16.051          -7.830          -2.903         -10.376           15.694
 3900 (vir)     1          16.057          -7.787          -2.850         -10.237           15.657
 3901 (vir)     1          16.076          -7.717          -2.880         -10.238           15.718
 3902 (vir)     1          16.091          -7.747          -2.872         -10.269           15.740
 3903 (vir)     1          16.097          -7.557          -2.769         -10.003           15.774
 3904 (vir)     1          16.100          -7.792          -2.853         -10.341           15.797
 3905 (vir)     1          16.112          -7.875          -2.890         -10.395           15.742
 3906 (vir)     1          16.123          -7.749          -2.830         -10.205           15.750
 3907 (vir)     1          16.134          -7.758          -2.863         -10.260           15.772
 3908 (vir)     1          16.143          -7.867          -2.855         -10.263           15.685
 3909 (vir)     1          16.156          -7.793          -2.902         -10.342           15.802
 3910 (vir)     1          16.173          -7.661          -2.791         -10.089           15.809
 3911 (vir)     1          16.173          -8.068          -2.948         -10.540           15.697
 3912 (vir)     1          16.203          -7.923          -2.877         -10.373           15.775
 3913 (vir)     1          16.206          -7.468          -2.717          -9.892           15.912
 3914 (vir)     1          16.219          -7.699          -2.845         -10.188           15.862
 3915 (vir)     1          16.233          -7.752          -2.815         -10.195           15.860
 3916 (vir)     1          16.235          -7.683          -2.788         -10.140           15.904
 3917 (vir)     1          16.242          -7.782          -2.851         -10.245           15.853
 3918 (vir)     1          16.254          -7.898          -2.880         -10.356           15.832
 3919 (vir)     1          16.273          -7.746          -2.796         -10.227           15.958
 3920 (vir)     1          16.291          -7.781          -2.803         -10.158           15.865
 3921 (vir)     1          16.299          -7.647          -2.747         -10.008           15.914
 3922 (vir)     1          16.303          -7.778          -2.848         -10.278           15.955
 3923 (vir)     1          16.316          -7.788          -2.865         -10.350           16.013
 3924 (vir)     1          16.330          -7.845          -2.872         -10.253           15.867
 3925 (vir)     1          16.333          -7.847          -2.845         -10.275           15.916
 3926 (vir)     1          16.351          -7.993          -2.845         -10.363           15.876
 3927 (vir)     1          16.367          -7.635          -2.756         -10.014           15.990
 3928 (vir)     1          16.370          -8.004          -2.892         -10.475           15.950
 3929 (vir)     1          16.390          -8.027          -2.883         -10.419           15.898
 3930 (vir)     1          16.397          -7.718          -2.764         -10.090           16.007
 3931 (vir)     1          16.399          -8.057          -2.859         -10.415           15.898
 3932 (vir)     1          16.402          -7.790          -2.778         -10.130           15.964
 3933 (vir)     1          16.412          -7.638          -2.735          -9.954           15.993
 3934 (vir)     1          16.429          -7.645          -2.814         -10.152           16.121
 3935 (vir)     1          16.438          -7.592          -2.719         -10.021           16.149
 3936 (vir)     1          16.439          -8.004          -2.806         -10.171           15.800
 3937 (vir)     1          16.467          -8.133          -2.949         -10.623           16.008
 3938 (vir)     1          16.494          -8.103          -2.914         -10.606           16.083
 3939 (vir)     1          16.502          -7.734          -2.751         -10.105           16.122
 3940 (vir)     1          16.504          -8.141          -3.050         -10.658           15.971
 3941 (vir)     1          16.525          -7.917          -2.803         -10.194           15.998
 3942 (vir)     1          16.535          -7.941          -2.868         -10.444           16.170
 3943 (vir)     1          16.539          -7.850          -2.802         -10.192           16.078
 3944 (vir)     1          16.553          -7.855          -2.808         -10.237           16.126
 3945 (vir)     1          16.557          -7.708          -2.762         -10.117           16.203
 3946 (vir)     1          16.559          -8.169          -2.846         -10.380           15.923
 3947 (vir)     1          16.579          -8.036          -2.891         -10.438           16.090
 3948 (vir)     1          16.607          -7.821          -2.749         -10.057           16.095
 3949 (vir)     1          16.607          -7.916          -2.809         -10.256           16.139
 3950 (vir)     1          16.620          -7.373          -2.607          -9.653           16.294
 3951 (vir)     1          16.625          -7.658          -2.666          -9.799           16.101
 3952 (vir)     1          16.656          -7.864          -2.864         -10.368           16.295
 3953 (vir)     1          16.657          -7.413          -2.555          -9.502           16.191
 3954 (vir)     1          16.672          -7.736          -2.739         -10.051           16.248
 3955 (vir)     1          16.672          -7.843          -2.766         -10.105           16.169
 3956 (vir)     1          16.698          -7.915          -2.790         -10.167           16.160
 3957 (vir)     1          16.706          -8.135          -2.887         -10.571           16.255
 3958 (vir)     1          16.713          -7.794          -2.744         -10.091           16.266
 3959 (vir)     1          16.725          -7.891          -2.828         -10.303           16.308
 3960 (vir)     1          16.730          -8.337          -2.901         -10.649           16.140
 3961 (vir)     1          16.735          -8.672          -2.941         -10.672           15.794
 3962 (vir)     1          16.757          -8.117          -2.980         -10.593           16.254
 3963 (vir)     1          16.761          -7.975          -2.832         -10.194           16.147
 3964 (vir)     1          16.777          -8.131          -2.878         -10.443           16.212
 3965 (vir)     1          16.783          -7.708          -2.752          -9.987           16.311
 3966 (vir)     1          16.792          -8.049          -2.914         -10.463           16.292
 3967 (vir)     1          16.798          -8.069          -2.894         -10.510           16.345
 3968 (vir)     1          16.817          -7.986          -2.843         -10.345           16.333
 3969 (vir)     1          16.823          -8.099          -2.897         -10.458           16.286
 3970 (vir)     1          16.838          -7.770          -2.764         -10.033           16.338
 3971 (vir)     1          16.859          -7.725          -2.768         -10.130           16.497
 3972 (vir)     1          16.860          -8.042          -2.830         -10.346           16.335
 3973 (vir)     1          16.890          -7.815          -2.699          -9.971           16.348
 3974 (vir)     1          16.898          -7.953          -2.773         -10.187           16.359
 3975 (vir)     1          16.917          -8.148          -2.924         -10.633           16.478
 3976 (vir)     1          16.936          -7.776          -2.768         -10.096           16.487
 3977 (vir)     1          16.946          -7.879          -2.763         -10.067           16.371
 3978 (vir)     1          16.948          -8.244          -2.950         -10.728           16.483
 3979 (vir)     1          16.967          -8.038          -2.863         -10.449           16.514
 3980 (vir)     1          16.981          -7.972          -2.813         -10.316           16.513
 3981 (vir)     1          16.984          -8.109          -2.812         -10.295           16.357
 3982 (vir)     1          17.004          -7.654          -2.698         -10.089           16.742
 3983 (vir)     1          17.006          -7.913          -2.841         -10.324           16.576
 3984 (vir)     1          17.013          -7.907          -2.823         -10.299           16.583
 3985 (vir)     1          17.032          -8.085          -2.874         -10.404           16.478
 3986 (vir)     1          17.046          -7.858          -2.744         -10.154           16.598
 3987 (vir)     1          17.059          -8.182          -2.868         -10.454           16.463
 3988 (vir)     1          17.061          -8.152          -2.890         -10.579           16.598
 3989 (vir)     1          17.070          -8.048          -2.760         -10.199           16.461
 3990 (vir)     1          17.111          -8.096          -2.788         -10.168           16.394
 3991 (vir)     1          17.112          -8.327          -2.901         -10.665           16.550
 3992 (vir)     1          17.126          -8.441          -2.945         -10.797           16.537
 3993 (vir)     1          17.146          -8.201          -2.893         -10.557           16.608
 3994 (vir)     1          17.154          -7.968          -2.790         -10.197           16.592
 3995 (vir)     1          17.162          -7.879          -2.676          -9.942           16.548
 3996 (vir)     1          17.179          -7.863          -2.746         -10.214           16.784
 3997 (vir)     1          17.183          -7.838          -2.694          -9.941           16.592
 3998 (vir)     1          17.185          -7.984          -2.778         -10.177           16.600
 3999 (vir)     1          17.205          -7.832          -2.685          -9.917           16.605
 4000 (vir)     1          17.214          -7.981          -2.814         -10.388           16.807
 4001 (vir)     1          17.230          -7.998          -2.764         -10.235           16.703
 4002 (vir)     1          17.236          -7.850          -2.799         -10.215           16.802
 4003 (vir)     1          17.240          -8.254          -2.828         -10.456           16.613
 4004 (vir)     1          17.248          -7.980          -2.850         -10.381           16.800
 4005 (vir)     1          17.257          -7.561          -2.594          -9.627           16.729
 4006 (vir)     1          17.263          -7.728          -2.748         -10.076           16.863
 4007 (vir)     1          17.277          -7.856          -2.793         -10.219           16.847
 4008 (vir)     1          17.278          -8.261          -2.844         -10.454           16.627
 4009 (vir)     1          17.292          -8.379          -2.951         -10.749           16.711
 4010 (vir)     1          17.304          -8.060          -2.788         -10.287           16.743
 4011 (vir)     1          17.320          -8.026          -2.768         -10.215           16.741
 4012 (vir)     1          17.330          -7.921          -2.723          -9.989           16.676
 4013 (vir)     1          17.339          -8.166          -2.807         -10.337           16.704
 4014 (vir)     1          17.343          -7.637          -2.618          -9.858           16.947
 4015 (vir)     1          17.368          -8.115          -2.772         -10.247           16.728
 4016 (vir)     1          17.380          -8.208          -2.866         -10.386           16.692
 4017 (vir)     1          17.381          -8.731          -3.004         -11.048           16.694
 4018 (vir)     1          17.395          -7.678          -2.606          -9.626           16.737
 4019 (vir)     1          17.405          -8.137          -2.762         -10.136           16.642
 4020 (vir)     1          17.414          -8.417          -2.917         -10.629           16.710
 4021 (vir)     1          17.442          -7.873          -2.736         -10.140           16.972
 4022 (vir)     1          17.453          -8.136          -2.817         -10.401           16.900
 4023 (vir)     1          17.477          -8.237          -2.867         -10.359           16.732
 4024 (vir)     1          17.487          -8.127          -2.806         -10.279           16.834
 4025 (vir)     1          17.491          -7.914          -2.692          -9.884           16.769
 4026 (vir)     1          17.516          -8.203          -2.842         -10.393           16.863
 4027 (vir)     1          17.517          -8.291          -2.869         -10.503           16.859
 4028 (vir)     1          17.528          -8.123          -2.726         -10.166           16.846
 4029 (vir)     1          17.528          -8.205          -2.895         -10.560           16.988
 4030 (vir)     1          17.539          -7.992          -2.725         -10.059           16.881
 4031 (vir)     1          17.567          -8.279          -2.841         -10.458           16.905
 4032 (vir)     1          17.569          -8.117          -2.729         -10.133           16.858
 4033 (vir)     1          17.588          -7.993          -2.823         -10.327           17.099
 4034 (vir)     1          17.593          -8.522          -2.959         -10.877           16.989
 4035 (vir)     1          17.596          -8.178          -2.735         -10.091           16.773
 4036 (vir)     1          17.604          -8.611          -2.984         -10.984           16.992
 4037 (vir)     1          17.643          -8.182          -2.742         -10.161           16.880
 4038 (vir)     1          17.665          -7.773          -2.668          -9.849           17.072
 4039 (vir)     1          17.666          -7.974          -2.749         -10.044           16.987
 4040 (vir)     1          17.693          -7.874          -2.726         -10.112           17.205
 4041 (vir)     1          17.699          -8.008          -2.716         -10.060           17.035
 4042 (vir)     1          17.710          -8.295          -2.822         -10.303           16.895
 4043 (vir)     1          17.712          -8.181          -2.780         -10.246           16.997
 4044 (vir)     1          17.731          -8.101          -2.784         -10.229           17.076
 4045 (vir)     1          17.740          -8.181          -2.808         -10.322           17.074
 4046 (vir)     1          17.751          -8.178          -2.785         -10.296           17.084
 4047 (vir)     1          17.762          -8.400          -2.873         -10.442           16.931
 4048 (vir)     1          17.763          -7.953          -2.725         -10.078           17.164
 4049 (vir)     1          17.767          -8.076          -2.794         -10.285           17.182
 4050 (vir)     1          17.793          -8.067          -2.743         -10.136           17.120
 4051 (vir)     1          17.799          -8.083          -2.767         -10.232           17.181
 4052 (vir)     1          17.810          -8.293          -2.852         -10.440           17.105
 4053 (vir)     1          17.830          -8.239          -2.831         -10.361           17.120
 4054 (vir)     1          17.833          -8.084          -2.671         -10.073           17.151
 4055 (vir)     1          17.842          -8.124          -2.805         -10.304           17.217
 4056 (vir)     1          17.853          -7.890          -2.648          -9.807           17.122
 4057 (vir)     1          17.866          -8.157          -2.786         -10.308           17.231
 4058 (vir)     1          17.875          -8.304          -2.831         -10.440           17.180
 4059 (vir)     1          17.879          -7.924          -2.734         -10.135           17.356
 4060 (vir)     1          17.886          -8.230          -2.828         -10.381           17.208
 4061 (vir)     1          17.893          -8.110          -2.761         -10.266           17.288
 4062 (vir)     1          17.894          -8.288          -2.849         -10.421           17.179
 4063 (vir)     1          17.908          -8.195          -2.808         -10.244           17.148
 4064 (vir)     1          17.921          -8.097          -2.773         -10.224           17.274
 4065 (vir)     1          17.926          -7.990          -2.747         -10.189           17.379
 4066 (vir)     1          17.930          -7.963          -2.702         -10.056           17.321
 4067 (vir)     1          17.939          -8.119          -2.773         -10.210           17.258
 4068 (vir)     1          17.942          -8.256          -2.821         -10.370           17.235
 4069 (vir)     1          17.956          -8.072          -2.770         -10.228           17.342
 4070 (vir)     1          17.977          -8.293          -2.806         -10.335           17.214
 4071 (vir)     1          18.000          -8.263          -2.779         -10.225           17.184
 4072 (vir)     1          18.002          -8.097          -2.758         -10.157           17.303
 4073 (vir)     1          18.016          -7.972          -2.765         -10.315           17.594
 4074 (vir)     1          18.018          -8.345          -2.756         -10.361           17.278
 4075 (vir)     1          18.021          -8.323          -2.823         -10.338           17.213
 4076 (vir)     1          18.045          -8.069          -2.769         -10.251           17.459
 4077 (vir)     1          18.051          -8.306          -2.790         -10.341           17.296
 4078 (vir)     1          18.057          -8.281          -2.793         -10.274           17.256
 4079 (vir)     1          18.064          -8.243          -2.726         -10.216           17.310
 4080 (vir)     1          18.065          -8.325          -2.820         -10.310           17.228
 4081 (vir)     1          18.078          -8.334          -2.780         -10.340           17.304
 4082 (vir)     1          18.079          -8.161          -2.767         -10.213           17.364
 4083 (vir)     1          18.091          -8.330          -2.808         -10.315           17.267
 4084 (vir)     1          18.100          -8.377          -2.761         -10.352           17.314
 4085 (vir)     1          18.118          -8.387          -2.800         -10.329           17.260
 4086 (vir)     1          18.122          -8.232          -2.799         -10.367           17.459
 4087 (vir)     1          18.142          -8.363          -2.792         -10.351           17.338
 4088 (vir)     1          18.145          -8.369          -2.854         -10.463           17.385
 4089 (vir)     1          18.154          -8.385          -2.784         -10.295           17.280
 4090 (vir)     1          18.160          -8.144          -2.769         -10.289           17.536
 4091 (vir)     1          18.161          -8.297          -2.814         -10.362           17.412
 4092 (vir)     1          18.173          -8.185          -2.715         -10.125           17.398
 4093 (vir)     1          18.188          -8.433          -2.856         -10.450           17.350
 4094 (vir)     1          18.191          -8.292          -2.788         -10.335           17.447
 4095 (vir)     1          18.206          -8.234          -2.796         -10.326           17.502
 4096 (vir)     1          18.210          -8.369          -2.792         -10.331           17.380
 4097 (vir)     1          18.222          -8.355          -2.827         -10.378           17.418
 4098 (vir)     1          18.226          -8.480          -2.813         -10.449           17.381
 4099 (vir)     1          18.247          -8.266          -2.789         -10.297           17.489
 4100 (vir)     1          18.258          -8.433          -2.763         -10.350           17.412
 4101 (vir)     1          18.265          -8.309          -2.787         -10.310           17.479
 4102 (vir)     1          18.266          -8.288          -2.740         -10.186           17.425
 4103 (vir)     1          18.281          -8.332          -2.809         -10.415           17.555
 4104 (vir)     1          18.284          -8.436          -2.826         -10.432           17.453
 4105 (vir)     1          18.308          -8.489          -2.748         -10.325           17.395
 4106 (vir)     1          18.327          -8.526          -2.814         -10.370           17.357
 4107 (vir)     1          18.327          -8.416          -2.793         -10.316           17.434
 4108 (vir)     1          18.376          -8.692          -2.855         -10.511           17.341
 4109 (vir)     1          18.376          -8.404          -2.779         -10.281           17.475
 4110 (vir)     1          18.382          -8.417          -2.790         -10.320           17.495
 4111 (vir)     1          18.383          -8.514          -2.791         -10.359           17.438
 4112 (vir)     1          18.412          -8.587          -2.774         -10.402           17.452
 4113 (vir)     1          18.413          -8.410          -2.788         -10.310           17.525
 4114 (vir)     1          18.434          -8.614          -2.767         -10.290           17.344
 4115 (vir)     1          18.446          -8.638          -2.837         -10.392           17.363
 4116 (vir)     1          18.469          -8.618          -2.829         -10.479           17.501
 4117 (vir)     1          18.470          -8.779          -2.878         -10.607           17.419
 4118 (vir)     1          18.476          -8.447          -2.732         -10.293           17.590
 4119 (vir)     1          18.508          -8.787          -2.832         -10.517           17.406
 4120 (vir)     1          18.526          -8.671          -2.798         -10.436           17.493
 4121 (vir)     1          18.553          -8.462          -2.710         -10.276           17.656
 4122 (vir)     1          18.558          -8.487          -2.766         -10.291           17.597
 4123 (vir)     1          18.574          -8.635          -2.764         -10.362           17.537
 4124 (vir)     1          18.586          -8.491          -2.763         -10.335           17.667
 4125 (vir)     1          18.591          -8.612          -2.827         -10.415           17.566
 4126 (vir)     1          18.609          -8.750          -2.763         -10.393           17.489
 4127 (vir)     1          18.624          -8.472          -2.772         -10.255           17.634
 4128 (vir)     1          18.631          -8.485          -2.672         -10.186           17.660
 4129 (vir)     1          18.638          -8.626          -2.684         -10.240           17.567
 4130 (vir)     1          18.647          -8.648          -2.762         -10.336           17.573
 4131 (vir)     1          18.651          -8.632          -2.771         -10.394           17.643
 4132 (vir)     1          18.655          -8.573          -2.770         -10.332           17.644
 4133 (vir)     1          18.664          -8.681          -2.650         -10.313           17.647
 4134 (vir)     1          18.674          -8.710          -2.718         -10.295           17.540
 4135 (vir)     1          18.684          -8.486          -2.594         -10.034           17.638
 4136 (vir)     1          18.687          -8.791          -2.718         -10.303           17.482
 4137 (vir)     1          18.696          -8.647          -2.759         -10.357           17.648
 4138 (vir)     1          18.709          -8.796          -2.755         -10.422           17.579
 4139 (vir)     1          18.710          -8.738          -2.743         -10.359           17.587
 4140 (vir)     1          18.725          -8.756          -2.769         -10.380           17.579
 4141 (vir)     1          18.743          -8.784          -2.791         -10.461           17.629
 4142 (vir)     1          18.744          -8.846          -2.723         -10.334           17.509
 4143 (vir)     1          18.761          -8.709          -2.773         -10.405           17.683
 4144 (vir)     1          18.771          -8.694          -2.749         -10.326           17.655
 4145 (vir)     1          18.777          -8.644          -2.730         -10.278           17.681
 4146 (vir)     1          18.789          -8.673          -2.731         -10.376           17.762
 4147 (vir)     1          18.792          -8.904          -2.786         -10.422           17.524
 4148 (vir)     1          18.812          -8.920          -2.717         -10.307           17.482
 4149 (vir)     1          18.814          -8.895          -2.766         -10.482           17.635
 4150 (vir)     1          18.819          -8.885          -2.766         -10.429           17.598
 4151 (vir)     1          18.822          -8.816          -2.782         -10.444           17.668
 4152 (vir)     1          18.837          -8.709          -2.772         -10.377           17.734
 4153 (vir)     1          18.842          -8.857          -2.724         -10.354           17.615
 4154 (vir)     1          18.852          -8.764          -2.789         -10.450           17.749
 4155 (vir)     1          18.878          -8.850          -2.682         -10.233           17.579
 4156 (vir)     1          18.888          -8.852          -2.778         -10.482           17.740
 4157 (vir)     1          18.902          -8.901          -2.800         -10.412           17.612
 4158 (vir)     1          18.905          -8.632          -2.719         -10.241           17.796
 4159 (vir)     1          18.918          -8.741          -2.761         -10.382           17.798
 4160 (vir)     1          18.920          -8.906          -2.839         -10.492           17.668
 4161 (vir)     1          18.958          -8.717          -2.675         -10.214           17.780
 4162 (vir)     1          18.959          -8.716          -2.679         -10.265           17.829
 4163 (vir)     1          18.964          -9.062          -2.799         -10.537           17.641
 4164 (vir)     1          18.974          -8.821          -2.774         -10.445           17.823
 4165 (vir)     1          18.977          -8.641          -2.660         -10.141           17.818
 4166 (vir)     1          18.995          -8.755          -2.744         -10.355           17.850
 4167 (vir)     1          19.003          -8.960          -2.772         -10.543           17.815
 4168 (vir)     1          19.008          -8.859          -2.772         -10.454           17.831
 4169 (vir)     1          19.011          -9.053          -2.806         -10.527           17.679
 4170 (vir)     1          19.023          -8.983          -2.804         -10.505           17.740
 4171 (vir)     1          19.026          -9.102          -2.833         -10.592           17.683
 4172 (vir)     1          19.031          -8.880          -2.750         -10.369           17.770
 4173 (vir)     1          19.043          -9.291          -2.860         -10.705           17.597
 4174 (vir)     1          19.050          -8.946          -2.822         -10.594           17.877
 4175 (vir)     1          19.054          -9.043          -2.802         -10.667           17.877
 4176 (vir)     1          19.076          -8.872          -2.726         -10.320           17.798
 4177 (vir)     1          19.076          -8.968          -2.760         -10.519           17.868
 4178 (vir)     1          19.084          -9.118          -2.817         -10.546           17.696
 4179 (vir)     1          19.084          -9.175          -2.852         -10.657           17.714
 4180 (vir)     1          19.088          -9.010          -2.812         -10.584           17.850
 4181 (vir)     1          19.100          -9.012          -2.788         -10.511           17.811
 4182 (vir)     1          19.101          -8.888          -2.810         -10.542           17.945
 4183 (vir)     1          19.108          -8.951          -2.732         -10.392           17.818
 4184 (vir)     1          19.111          -8.982          -2.767         -10.493           17.855
 4185 (vir)     1          19.111          -9.027          -2.809         -10.562           17.838
 4186 (vir)     1          19.122          -8.978          -2.796         -10.507           17.855
 4187 (vir)     1          19.128          -9.079          -2.777         -10.504           17.776
 4188 (vir)     1          19.134          -9.002          -2.797         -10.660           17.996
 4189 (vir)     1          19.148          -9.126          -2.847         -10.618           17.793
 4190 (vir)     1          19.149          -8.851          -2.772         -10.472           17.998
 4191 (vir)     1          19.163          -9.170          -2.846         -10.579           17.726
 4192 (vir)     1          19.177          -9.482          -2.849         -10.764           17.610
 4193 (vir)     1          19.179          -8.726          -2.675         -10.196           17.974
 4194 (vir)     1          19.189          -9.171          -2.837         -10.771           17.953
 4195 (vir)     1          19.194          -8.928          -2.775         -10.506           17.997
 4196 (vir)     1          19.201          -9.153          -2.772         -10.629           17.905
 4197 (vir)     1          19.220          -8.959          -2.800         -10.515           17.977
 4198 (vir)     1          19.223          -9.172          -2.842         -10.669           17.878
 4199 (vir)     1          19.229          -9.204          -2.821         -10.632           17.835
 4200 (vir)     1          19.231          -8.919          -2.761         -10.492           18.043
 4201 (vir)     1          19.240          -9.051          -2.729         -10.475           17.935
 4202 (vir)     1          19.240          -9.116          -2.822         -10.652           17.955
 4203 (vir)     1          19.255          -8.961          -2.813         -10.553           18.035
 4204 (vir)     1          19.264          -8.785          -2.682         -10.284           18.081
 4205 (vir)     1          19.265          -9.243          -2.869         -10.790           17.942
 4206 (vir)     1          19.274          -8.959          -2.717         -10.426           18.023
 4207 (vir)     1          19.278          -8.988          -2.761         -10.440           17.970
 4208 (vir)     1          19.285          -9.102          -2.816         -10.528           17.896
 4209 (vir)     1          19.292          -8.949          -2.727         -10.408           18.024
 4210 (vir)     1          19.292          -9.217          -2.888         -10.763           17.951
 4211 (vir)     1          19.306          -9.048          -2.752         -10.494           18.000
 4212 (vir)     1          19.310          -9.070          -2.788         -10.607           18.059
 4213 (vir)     1          19.314          -8.854          -2.673         -10.190           17.978
 4214 (vir)     1          19.315          -8.921          -2.756         -10.420           18.057
 4215 (vir)     1          19.335          -8.979          -2.884         -10.633           18.105
 4216 (vir)     1          19.345          -9.259          -2.782         -10.630           17.933
 4217 (vir)     1          19.351          -8.889          -2.789         -10.443           18.115
 4218 (vir)     1          19.364          -9.138          -2.873         -10.627           17.980
 4219 (vir)     1          19.364          -9.076          -2.811         -10.500           17.976
 4220 (vir)     1          19.371          -9.294          -2.904         -10.735           17.909
 4221 (vir)     1          19.409          -9.293          -2.799         -10.658           17.975
 4222 (vir)     1          19.411          -9.255          -2.825         -10.672           18.003
 4223 (vir)     1          19.415          -9.057          -2.782         -10.571           18.147
 4224 (vir)     1          19.430          -9.267          -2.841         -10.715           18.037
 4225 (vir)     1          19.453          -9.157          -2.839         -10.636           18.093
 4226 (vir)     1          19.458          -8.981          -2.804         -10.548           18.221
 4227 (vir)     1          19.476          -9.255          -2.894         -10.760           18.088
 4228 (vir)     1          19.495          -9.074          -2.759         -10.443           18.105
 4229 (vir)     1          19.508          -9.159          -2.819         -10.495           18.025
 4230 (vir)     1          19.509          -8.943          -2.804         -10.457           18.219
 4231 (vir)     1          19.518          -9.115          -2.774         -10.485           18.115
 4232 (vir)     1          19.539          -9.111          -2.801         -10.549           18.177
 4233 (vir)     1          19.547          -9.123          -2.802         -10.552           18.174
 4234 (vir)     1          19.559          -9.072          -2.767         -10.467           18.186
 4235 (vir)     1          19.575          -9.160          -2.843         -10.634           18.206
 4236 (vir)     1          19.583          -9.130          -2.864         -10.636           18.225
 4237 (vir)     1          19.594          -8.994          -2.775         -10.421           18.247
 4238 (vir)     1          19.598          -9.152          -2.816         -10.562           18.191
 4239 (vir)     1          19.600          -9.151          -2.804         -10.583           18.228
 4240 (vir)     1          19.622          -9.213          -2.910         -10.651           18.150
 4241 (vir)     1          19.629          -9.080          -2.757         -10.411           18.203
 4242 (vir)     1          19.652          -9.046          -2.802         -10.500           18.304
 4243 (vir)     1          19.663          -9.135          -2.778         -10.478           18.228
 4244 (vir)     1          19.674          -9.095          -2.790         -10.524           18.314
 4245 (vir)     1          19.675          -9.132          -2.802         -10.613           18.354
 4246 (vir)     1          19.687          -9.227          -2.826         -10.600           18.234
 4247 (vir)     1          19.688          -9.240          -2.842         -10.663           18.270
 4248 (vir)     1          19.703          -9.091          -2.763         -10.439           18.288
 4249 (vir)     1          19.704          -9.118          -2.814         -10.572           18.343
 4250 (vir)     1          19.724          -9.081          -2.825         -10.499           18.317
 4251 (vir)     1          19.728          -9.189          -2.799         -10.503           18.243
 4252 (vir)     1          19.737          -9.184          -2.846         -10.575           18.283
 4253 (vir)     1          19.738          -9.225          -2.816         -10.586           18.284
 4254 (vir)     1          19.753          -8.997          -2.767         -10.421           18.410
 4255 (vir)     1          19.756          -9.300          -2.825         -10.600           18.230
 4256 (vir)     1          19.783          -9.238          -2.842         -10.626           18.329
 4257 (vir)     1          19.791          -9.214          -2.850         -10.606           18.332
 4258 (vir)     1          19.795          -9.233          -2.867         -10.629           18.324
 4259 (vir)     1          19.803          -9.227          -2.758         -10.511           18.329
 4260 (vir)     1          19.806          -9.339          -2.857         -10.678           18.288
 4261 (vir)     1          19.813          -9.095          -2.794         -10.447           18.370
 4262 (vir)     1          19.828          -9.170          -2.825         -10.532           18.365
 4263 (vir)     1          19.841          -9.278          -2.810         -10.587           18.340
 4264 (vir)     1          19.869          -9.187          -2.820         -10.563           18.424
 4265 (vir)     1          19.876          -9.181          -2.779         -10.482           18.398
 4266 (vir)     1          19.884          -9.188          -2.861         -10.660           18.494
 4267 (vir)     1          19.895          -9.333          -2.848         -10.655           18.369
 4268 (vir)     1          19.912          -9.429          -2.914         -10.773           18.342
 4269 (vir)     1          19.926          -9.269          -2.816         -10.564           18.404
 4270 (vir)     1          19.928          -9.060          -2.828         -10.507           18.547
 4271 (vir)     1          19.938          -9.140          -2.804         -10.495           18.488
 4272 (vir)     1          19.945          -9.107          -2.772         -10.402           18.468
 4273 (vir)     1          19.961          -9.041          -2.749         -10.420           18.591
 4274 (vir)     1          19.970          -9.181          -2.806         -10.531           18.513
 4275 (vir)     1          19.987          -9.275          -2.880         -10.660           18.492
 4276 (vir)     1          19.994          -9.292          -2.820         -10.589           18.471
 4277 (vir)     1          20.006          -9.507          -2.923         -10.855           18.431
 4278 (vir)     1          20.016          -9.089          -2.716         -10.409           18.619
 4279 (vir)     1          20.032          -9.160          -2.780         -10.500           18.593
 4280 (vir)     1          20.040          -9.262          -2.822         -10.625           18.582
 4281 (vir)     1          20.058          -9.454          -2.908         -10.803           18.499
 4282 (vir)     1          20.075          -9.320          -2.852         -10.657           18.559
 4283 (vir)     1          20.081          -9.417          -2.879         -10.719           18.503
 4284 (vir)     1          20.082          -9.034          -2.715         -10.320           18.654
 4285 (vir)     1          20.103          -9.377          -2.860         -10.730           18.596
 4286 (vir)     1          20.105          -9.326          -2.865         -10.675           18.589
 4287 (vir)     1          20.124          -9.208          -2.763         -10.547           18.700
 4288 (vir)     1          20.150          -9.264          -2.778         -10.455           18.563
 4289 (vir)     1          20.189          -9.204          -2.769         -10.479           18.694
 4290 (vir)     1          20.189          -9.377          -2.836         -10.662           18.638
 4291 (vir)     1          20.198          -9.221          -2.735         -10.488           18.730
 4292 (vir)     1          20.214          -9.218          -2.808         -10.498           18.687
 4293 (vir)     1          20.232          -9.408          -2.846         -10.770           18.748
 4294 (vir)     1          20.232          -9.561          -2.828         -10.671           18.514
 4295 (vir)     1          20.249          -9.176          -2.688         -10.342           18.727
 4296 (vir)     1          20.271          -9.488          -2.888         -10.838           18.733
 4297 (vir)     1          20.278          -9.437          -2.886         -10.757           18.711
 4298 (vir)     1          20.282          -9.577          -2.940         -10.815           18.580
 4299 (vir)     1          20.288          -9.585          -2.879         -10.749           18.573
 4300 (vir)     1          20.299          -9.100          -2.780         -10.429           18.847
 4301 (vir)     1          20.314          -9.309          -2.721         -10.395           18.679
 4302 (vir)     1          20.324          -9.275          -2.788         -10.507           18.767
 4303 (vir)     1          20.335          -9.460          -2.838         -10.708           18.744
 4304 (vir)     1          20.366          -9.306          -2.738         -10.480           18.803
 4305 (vir)     1          20.374          -9.096          -2.650         -10.358           18.987
 4306 (vir)     1          20.379          -9.203          -2.663         -10.377           18.889
 4307 (vir)     1          20.391          -9.418          -2.808         -10.626           18.791
 4308 (vir)     1          20.408          -9.757          -2.925         -10.905           18.631
 4309 (vir)     1          20.410          -9.386          -2.844         -10.712           18.891
 4310 (vir)     1          20.419          -9.491          -2.799         -10.591           18.721
 4311 (vir)     1          20.424          -9.476          -2.859         -10.780           18.869
 4312 (vir)     1          20.444          -9.667          -2.919         -10.783           18.641
 4313 (vir)     1          20.456          -9.259          -2.773         -10.577           19.000
 4314 (vir)     1          20.463          -9.747          -2.940         -10.910           18.686
 4315 (vir)     1          20.464          -9.581          -2.916         -10.835           18.801
 4316 (vir)     1          20.494          -9.426          -2.771         -10.550           18.846
 4317 (vir)     1          20.495          -9.261          -2.781         -10.534           18.987
 4318 (vir)     1          20.526          -9.346          -2.823         -10.623           18.980
 4319 (vir)     1          20.533          -9.291          -2.758         -10.511           18.994
 4320 (vir)     1          20.534          -9.560          -2.844         -10.660           18.790
 4321 (vir)     1          20.555          -9.623          -2.958         -10.923           18.897
 4322 (vir)     1          20.557          -9.271          -2.789         -10.536           19.032
 4323 (vir)     1          20.564          -9.441          -2.884         -10.794           19.033
 4324 (vir)     1          20.572          -9.400          -2.771         -10.531           18.933
 4325 (vir)     1          20.587          -9.354          -2.757         -10.525           19.001
 4326 (vir)     1          20.597          -9.327          -2.752         -10.459           18.977
 4327 (vir)     1          20.600          -9.602          -2.820         -10.681           18.860
 4328 (vir)     1          20.620          -9.469          -2.804         -10.646           18.993
 4329 (vir)     1          20.625          -9.625          -2.825         -10.686           18.861
 4330 (vir)     1          20.643          -9.584          -2.783         -10.534           18.811
 4331 (vir)     1          20.644          -9.249          -2.764         -10.342           18.973
 4332 (vir)     1          20.656          -9.454          -2.764         -10.497           18.935
 4333 (vir)     1          20.663          -9.213          -2.673         -10.383           19.160
 4334 (vir)     1          20.674          -9.264          -2.674         -10.359           19.096
 4335 (vir)     1          20.687          -9.389          -2.755         -10.553           19.096
 4336 (vir)     1          20.698          -9.477          -2.775         -10.549           18.995
 4337 (vir)     1          20.713          -9.383          -2.743         -10.564           19.151
 4338 (vir)     1          20.716          -9.141          -2.619         -10.256           19.212
 4339 (vir)     1          20.728          -9.377          -2.777         -10.497           19.070
 4340 (vir)     1          20.752          -9.626          -2.822         -10.800           19.103
 4341 (vir)     1          20.754          -9.670          -2.836         -10.607           18.855
 4342 (vir)     1          20.772          -9.519          -2.771         -10.568           19.050
 4343 (vir)     1          20.774          -9.712          -2.840         -10.704           18.926
 4344 (vir)     1          20.787          -9.464          -2.747         -10.465           19.041
 4345 (vir)     1          20.792          -9.492          -2.773         -10.577           19.105
 4346 (vir)     1          20.803          -9.540          -2.804         -10.760           19.219
 4347 (vir)     1          20.822          -9.421          -2.751         -10.508           19.158
 4348 (vir)     1          20.836          -9.675          -2.819         -10.614           18.956
 4349 (vir)     1          20.842          -9.552          -2.723         -10.505           19.072
 4350 (vir)     1          20.843          -9.783          -2.868         -10.687           18.879
 4351 (vir)     1          20.857          -9.847          -2.912         -10.813           18.912
 4352 (vir)     1          20.869          -9.343          -2.723         -10.448           19.252
 4353 (vir)     1          20.876          -9.777          -2.860         -10.671           18.909
 4354 (vir)     1          20.898          -9.704          -2.898         -10.783           19.079
 4355 (vir)     1          20.907          -9.499          -2.698         -10.427           19.137
 4356 (vir)     1          20.909          -9.712          -2.823         -10.695           19.069
 4357 (vir)     1          20.924          -9.819          -2.907         -10.863           19.060
 4358 (vir)     1          20.932          -9.812          -2.876         -10.815           19.059
 4359 (vir)     1          20.939          -9.666          -2.812         -10.602           19.063
 4360 (vir)     1          20.944          -9.713          -2.824         -10.652           19.059
 4361 (vir)     1          20.952          -9.171          -2.559         -10.115           19.337
 4362 (vir)     1          20.956          -9.554          -2.774         -10.544           19.172
 4363 (vir)     1          20.958          -9.696          -2.823         -10.634           19.073
 4364 (vir)     1          20.965          -9.763          -2.856         -10.730           19.076
 4365 (vir)     1          21.011          -9.625          -2.831         -10.640           19.195
 4366 (vir)     1          21.015          -9.381          -2.790         -10.498           19.341
 4367 (vir)     1          21.032          -9.638          -2.813         -10.635           19.215
 4368 (vir)     1          21.038          -9.411          -2.723         -10.553           19.458
 4369 (vir)     1          21.050         -10.139          -2.977         -11.109           19.042
 4370 (vir)     1          21.053          -9.611          -2.766         -10.520           19.195
 4371 (vir)     1          21.069          -9.683          -2.782         -10.498           19.102
 4372 (vir)     1          21.071          -9.789          -2.850         -10.759           19.191
 4373 (vir)     1          21.101          -9.583          -2.791         -10.557           19.284
 4374 (vir)     1          21.111          -9.793          -2.798         -10.736           19.256
 4375 (vir)     1          21.118         -10.123          -2.946         -11.062           19.111
 4376 (vir)     1          21.136          -9.864          -2.879         -10.847           19.239
 4377 (vir)     1          21.145          -9.693          -2.794         -10.688           19.346
 4378 (vir)     1          21.176          -9.639          -2.760         -10.547           19.325
 4379 (vir)     1          21.179          -9.746          -2.787         -10.543           19.189
 4380 (vir)     1          21.182          -9.772          -2.799         -10.602           19.212
 4381 (vir)     1          21.194          -9.774          -2.790         -10.686           19.316
 4382 (vir)     1          21.201          -9.873          -2.876         -10.769           19.221
 4383 (vir)     1          21.213          -9.935          -2.841         -10.764           19.202
 4384 (vir)     1          21.215          -9.870          -2.868         -10.758           19.235
 4385 (vir)     1          21.224          -9.790          -2.896         -10.799           19.337
 4386 (vir)     1          21.239          -9.967          -2.834         -10.737           19.175
 4387 (vir)     1          21.250          -9.535          -2.720         -10.320           19.315
 4388 (vir)     1          21.257         -10.196          -2.905         -11.025           19.181
 4389 (vir)     1          21.260          -9.856          -2.850         -10.800           19.353
 4390 (vir)     1          21.260          -9.920          -2.861         -10.664           19.144
 4391 (vir)     1          21.285          -9.861          -2.803         -10.761           19.381
 4392 (vir)     1          21.297          -9.904          -2.804         -10.856           19.445
 4393 (vir)     1          21.305          -9.872          -2.835         -10.685           19.284
 4394 (vir)     1          21.328          -9.430          -2.664         -10.248           19.482
 4395 (vir)     1          21.331          -9.991          -2.866         -10.707           19.181
 4396 (vir)     1          21.343          -9.991          -2.800         -10.632           19.185
 4397 (vir)     1          21.351          -9.793          -2.791         -10.628           19.395
 4398 (vir)     1          21.365          -9.872          -2.812         -10.692           19.373
 4399 (vir)     1          21.374          -9.861          -2.815         -10.552           19.250
 4400 (vir)     1          21.380          -9.786          -2.799         -10.575           19.370
 4401 (vir)     1          21.409          -9.625          -2.699         -10.364           19.449
 4402 (vir)     1          21.427          -9.665          -2.698         -10.290           19.353
 4403 (vir)     1          21.431          -9.864          -2.831         -10.629           19.366
 4404 (vir)     1          21.443         -10.241          -2.944         -10.882           19.140
 4405 (vir)     1          21.454          -9.941          -2.872         -10.713           19.354
 4406 (vir)     1          21.455          -9.797          -2.706         -10.342           19.295
 4407 (vir)     1          21.477         -10.201          -3.038         -11.112           19.351
 4408 (vir)     1          21.484          -9.805          -2.680         -10.290           19.288
 4409 (vir)     1          21.511          -9.803          -2.732         -10.509           19.485
 4410 (vir)     1          21.519          -9.778          -2.737         -10.396           19.400
 4411 (vir)     1          21.529          -9.832          -2.816         -10.650           19.530
 4412 (vir)     1          21.554          -9.988          -2.808         -10.573           19.331
 4413 (vir)     1          21.555          -9.833          -2.797         -10.623           19.548
 4414 (vir)     1          21.562          -9.699          -2.701         -10.368           19.531
 4415 (vir)     1          21.573          -9.855          -2.777         -10.581           19.522
 4416 (vir)     1          21.595         -10.139          -2.879         -10.905           19.481
 4417 (vir)     1          21.601          -9.683          -2.663         -10.219           19.475
 4418 (vir)     1          21.623          -9.725          -2.729         -10.313           19.482
 4419 (vir)     1          21.646          -9.846          -2.794         -10.564           19.570
 4420 (vir)     1          21.662         -10.176          -2.876         -10.730           19.340
 4421 (vir)     1          21.700         -10.219          -2.983         -11.001           19.499
 4422 (vir)     1          21.705          -9.935          -2.823         -10.670           19.618
 4423 (vir)     1          21.711         -10.014          -2.836         -10.634           19.494
 4424 (vir)     1          21.727         -10.325          -2.888         -10.800           19.314
 4425 (vir)     1          21.742         -10.192          -2.844         -10.762           19.469
 4426 (vir)     1          21.754          -9.985          -2.710         -10.625           19.684
 4427 (vir)     1          21.759          -9.890          -2.740         -10.610           19.740
 4428 (vir)     1          21.763         -10.333          -2.915         -10.837           19.352
 4429 (vir)     1          21.768         -10.411          -2.915         -10.878           19.321
 4430 (vir)     1          21.773         -10.072          -2.847         -10.752           19.605
 4431 (vir)     1          21.785         -10.129          -2.857         -10.733           19.532
 4432 (vir)     1          21.808         -10.546          -2.978         -11.042           19.326
 4433 (vir)     1          21.816         -10.531          -2.957         -11.044           19.372
 4434 (vir)     1          21.823          -9.975          -2.796         -10.599           19.651
 4435 (vir)     1          21.845         -10.187          -2.858         -10.720           19.520
 4436 (vir)     1          21.855          -9.826          -2.701         -10.343           19.671
 4437 (vir)     1          21.868          -9.996          -2.767         -10.553           19.658
 4438 (vir)     1          21.869         -10.026          -2.821         -10.661           19.683
 4439 (vir)     1          21.888         -10.636          -2.975         -11.019           19.296
 4440 (vir)     1          21.896          -9.988          -2.752         -10.497           19.652
 4441 (vir)     1          21.896          -9.907          -2.753         -10.423           19.661
 4442 (vir)     1          21.919          -9.945          -2.723         -10.427           19.679
 4443 (vir)     1          21.941          -9.979          -2.706         -10.405           19.662
 4444 (vir)     1          21.942         -10.157          -2.798         -10.645           19.631
 4445 (vir)     1          21.949         -10.194          -2.880         -10.787           19.662
 4446 (vir)     1          21.970         -10.007          -2.756         -10.508           19.716
 4447 (vir)     1          21.974          -9.966          -2.722         -10.450           19.737
 4448 (vir)     1          21.984         -10.045          -2.731         -10.461           19.669
 4449 (vir)     1          21.996         -10.166          -2.766         -10.583           19.648
 4450 (vir)     1          22.003         -10.135          -2.794         -10.618           19.691
 4451 (vir)     1          22.007         -10.088          -2.763         -10.479           19.635
 4452 (vir)     1          22.021         -10.231          -2.804         -10.666           19.653
 4453 (vir)     1          22.034          -9.954          -2.681         -10.337           19.737
 4454 (vir)     1          22.057         -10.192          -2.764         -10.572           19.673
 4455 (vir)     1          22.061          -9.874          -2.640         -10.258           19.805
 4456 (vir)     1          22.073         -10.315          -2.873         -10.791           19.676
 4457 (vir)     1          22.083         -10.336          -2.764         -10.676           19.659
 4458 (vir)     1          22.090         -10.062          -2.747         -10.526           19.807
 4459 (vir)     1          22.119         -10.030          -2.689         -10.398           19.798
 4460 (vir)     1          22.128         -10.138          -2.799         -10.533           19.724
 4461 (vir)     1          22.132          -9.874          -2.729         -10.406           19.936
 4462 (vir)     1          22.140          -9.951          -2.691         -10.262           19.761
 4463 (vir)     1          22.161          -9.864          -2.636         -10.222           19.883
 4464 (vir)     1          22.178         -10.090          -2.730         -10.536           19.894
 4465 (vir)     1          22.199          -9.958          -2.676         -10.418           19.983
 4466 (vir)     1          22.217         -10.154          -2.797         -10.526           19.792
 4467 (vir)     1          22.220         -10.114          -2.742         -10.520           19.885
 4468 (vir)     1          22.261         -10.070          -2.724         -10.422           19.889
 4469 (vir)     1          22.261         -10.075          -2.744         -10.459           19.901
 4470 (vir)     1          22.280         -10.126          -2.768         -10.547           19.933
 4471 (vir)     1          22.289         -10.036          -2.692         -10.375           19.936
 4472 (vir)     1          22.294         -10.043          -2.728         -10.437           19.960
 4473 (vir)     1          22.314          -9.959          -2.676         -10.347           20.026
 4474 (vir)     1          22.318         -10.345          -2.810         -10.620           19.784
 4475 (vir)     1          22.329         -10.212          -2.668         -10.307           19.756
 4476 (vir)     1          22.331         -10.811          -2.922         -11.049           19.647
 4477 (vir)     1          22.331         -10.013          -2.684         -10.430           20.065
 4478 (vir)     1          22.358         -10.608          -2.868         -10.896           19.777
 4479 (vir)     1          22.390         -10.147          -2.641         -10.374           19.976
 4480 (vir)     1          22.405          -9.973          -2.636         -10.350           20.146
 4481 (vir)     1          22.408         -10.123          -2.681         -10.347           19.950
 4482 (vir)     1          22.409         -10.129          -2.722         -10.511           20.068
 4483 (vir)     1          22.433         -10.183          -2.672         -10.423           20.002
 4484 (vir)     1          22.439         -10.099          -2.667         -10.496           20.169
 4485 (vir)     1          22.462         -10.169          -2.700         -10.455           20.049
 4486 (vir)     1          22.465         -10.301          -2.744         -10.490           19.910
 4487 (vir)     1          22.470         -10.029          -2.653         -10.308           20.097
 4488 (vir)     1          22.475         -10.533          -2.817         -10.729           19.854
 4489 (vir)     1          22.493         -10.348          -2.732         -10.574           19.987
 4490 (vir)     1          22.501         -10.235          -2.718         -10.428           19.976
 4491 (vir)     1          22.512         -10.154          -2.682         -10.427           20.103
 4492 (vir)     1          22.516         -10.151          -2.648         -10.411           20.127
 4493 (vir)     1          22.519         -10.121          -2.701         -10.499           20.195
 4494 (vir)     1          22.534         -10.213          -2.696         -10.426           20.050
 4495 (vir)     1          22.555         -10.336          -2.693         -10.499           20.025
 4496 (vir)     1          22.575         -10.325          -2.706         -10.463           20.007
 4497 (vir)     1          22.592          -9.967          -2.607         -10.169           20.187
 4498 (vir)     1          22.595         -10.249          -2.713         -10.512           20.145
 4499 (vir)     1          22.605         -10.571          -2.792         -10.662           19.904
 4500 (vir)     1          22.610         -10.408          -2.714         -10.551           20.039
 4501 (vir)     1          22.632         -10.257          -2.694         -10.439           20.120
 4502 (vir)     1          22.644         -10.214          -2.666         -10.339           20.102
 4503 (vir)     1          22.667         -10.263          -2.673         -10.423           20.154
 4504 (vir)     1          22.678         -10.597          -2.807         -10.716           19.990
 4505 (vir)     1          22.683         -10.096          -2.628         -10.235           20.193
 4506 (vir)     1          22.686         -10.415          -2.730         -10.566           20.106
 4507 (vir)     1          22.710         -10.436          -2.742         -10.575           20.107
 4508 (vir)     1          22.716         -10.750          -2.780         -10.813           19.999
 4509 (vir)     1          22.727         -10.215          -2.644         -10.315           20.183
 4510 (vir)     1          22.744         -10.436          -2.742         -10.556           20.122
 4511 (vir)     1          22.752         -10.235          -2.700         -10.432           20.249
 4512 (vir)     1          22.757         -10.718          -2.796         -10.684           19.928
 4513 (vir)     1          22.779         -10.438          -2.750         -10.670           20.261
 4514 (vir)     1          22.792         -10.354          -2.662         -10.381           20.157
 4515 (vir)     1          22.811         -10.947          -2.858         -10.957           19.964
 4516 (vir)     1          22.816         -10.513          -2.723         -10.559           20.139
 4517 (vir)     1          22.817         -10.428          -2.690         -10.483           20.182
 4518 (vir)     1          22.829         -10.796          -2.810         -10.827           20.050
 4519 (vir)     1          22.851         -10.707          -2.792         -10.822           20.174
 4520 (vir)     1          22.860         -10.285          -2.670         -10.484           20.389
 4521 (vir)     1          22.876         -10.544          -2.745         -10.670           20.257
 4522 (vir)     1          22.884         -10.274          -2.639         -10.296           20.267
 4523 (vir)     1          22.888         -10.446          -2.704         -10.594           20.332
 4524 (vir)     1          22.903         -10.256          -2.664         -10.471           20.454
 4525 (vir)     1          22.906         -10.527          -2.670         -10.659           20.368
 4526 (vir)     1          22.915         -10.517          -2.712         -10.549           20.235
 4527 (vir)     1          22.924         -10.569          -2.744         -10.705           20.317
 4528 (vir)     1          22.930         -10.548          -2.722         -10.624           20.284
 4529 (vir)     1          22.933         -10.576          -2.735         -10.756           20.378
 4530 (vir)     1          22.949         -10.353          -2.619         -10.480           20.456
 4531 (vir)     1          22.953         -10.292          -2.619         -10.338           20.381
 4532 (vir)     1          22.958         -10.379          -2.676         -10.499           20.402
 4533 (vir)     1          22.980         -10.423          -2.638         -10.355           20.274
 4534 (vir)     1          22.986         -10.669          -2.715         -10.698           20.300
 4535 (vir)     1          23.004         -10.462          -2.674         -10.509           20.376
 4536 (vir)     1          23.010         -10.501          -2.684         -10.539           20.363
 4537 (vir)     1          23.026         -10.490          -2.659         -10.418           20.295
 4538 (vir)     1          23.042         -10.586          -2.641         -10.436           20.250
 4539 (vir)     1          23.046         -10.515          -2.672         -10.548           20.406
 4540 (vir)     1          23.062         -10.590          -2.712         -10.626           20.387
 4541 (vir)     1          23.068         -10.600          -2.637         -10.374           20.204
 4542 (vir)     1          23.069         -10.502          -2.646         -10.541           20.462
 4543 (vir)     1          23.086         -10.583          -2.700         -10.650           20.453
 4544 (vir)     1          23.096         -10.640          -2.699         -10.567           20.324
 4545 (vir)     1          23.097         -10.602          -2.724         -10.677           20.448
 4546 (vir)     1          23.103         -10.440          -2.580         -10.383           20.466
 4547 (vir)     1          23.112         -10.457          -2.686         -10.507           20.476
 4548 (vir)     1          23.113         -10.699          -2.751         -10.804           20.467
 4549 (vir)     1          23.132         -10.652          -2.738         -10.693           20.435
 4550 (vir)     1          23.138         -10.443          -2.633         -10.422           20.484
 4551 (vir)     1          23.139         -10.745          -2.738         -10.624           20.280
 4552 (vir)     1          23.153         -10.599          -2.750         -10.701           20.505
 4553 (vir)     1          23.160         -10.526          -2.671         -10.496           20.459
 4554 (vir)     1          23.167         -11.018          -2.911         -11.082           20.320
 4555 (vir)     1          23.172         -10.565          -2.699         -10.541           20.449
 4556 (vir)     1          23.176         -11.630          -2.978         -11.384           19.952
 4557 (vir)     1          23.183         -10.733          -2.805         -10.847           20.492
 4558 (vir)     1          23.184         -10.857          -2.801         -10.883           20.408
 4559 (vir)     1          23.200         -10.953          -2.764         -10.786           20.269
 4560 (vir)     1          23.211         -10.507          -2.659         -10.428           20.473
 4561 (vir)     1          23.213         -10.577          -2.679         -10.508           20.465
 4562 (vir)     1          23.215         -10.678          -2.731         -10.653           20.460
 4563 (vir)     1          23.241         -10.700          -2.677         -10.522           20.385
 4564 (vir)     1          23.254         -10.495          -2.644         -10.392           20.507
 4565 (vir)     1          23.255         -10.414          -2.606         -10.299           20.535
 4566 (vir)     1          23.273         -10.753          -2.666         -10.509           20.364
 4567 (vir)     1          23.275         -10.481          -2.592         -10.312           20.514
 4568 (vir)     1          23.299         -10.569          -2.571         -10.384           20.543
 4569 (vir)     1          23.302         -10.697          -2.647         -10.593           20.552
 4570 (vir)     1          23.331         -10.638          -2.594         -10.539           20.638
 4571 (vir)     1          23.340         -10.649          -2.618         -10.518           20.592
 4572 (vir)     1          23.351         -10.510          -2.602         -10.235           20.475
 4573 (vir)     1          23.352         -10.588          -2.609         -10.414           20.568
 4574 (vir)     1          23.365         -10.665          -2.657         -10.498           20.542
 4575 (vir)     1          23.381         -10.616          -2.681         -10.598           20.682
 4576 (vir)     1          23.381         -10.583          -2.581         -10.297           20.515
 4577 (vir)     1          23.405         -10.749          -2.606         -10.366           20.416
 4578 (vir)     1          23.425         -10.679          -2.634         -10.274           20.385
 4579 (vir)     1          23.431         -10.587          -2.609         -10.326           20.562
 4580 (vir)     1          23.444         -10.539          -2.517         -10.173           20.560
 4581 (vir)     1          23.474         -10.644          -2.602         -10.416           20.643
 4582 (vir)     1          23.479         -10.707          -2.565         -10.333           20.540
 4583 (vir)     1          23.482         -10.508          -2.533         -10.228           20.669
 4584 (vir)     1          23.487         -10.707          -2.603         -10.391           20.568
 4585 (vir)     1          23.509         -10.540          -2.536         -10.276           20.710
 4586 (vir)     1          23.519         -10.930          -2.637         -10.518           20.469
 4587 (vir)     1          23.532         -10.836          -2.613         -10.468           20.551
 4588 (vir)     1          23.546         -10.855          -2.644         -10.533           20.579
 4589 (vir)     1          23.557         -10.779          -2.576         -10.397           20.599
 4590 (vir)     1          23.562         -10.495          -2.527         -10.107           20.646
 4591 (vir)     1          23.573         -10.785          -2.614         -10.380           20.554
 4592 (vir)     1          23.581         -10.752          -2.652         -10.489           20.665
 4593 (vir)     1          23.591         -10.573          -2.577         -10.213           20.654
 4594 (vir)     1          23.596         -10.825          -2.574         -10.645           20.842
 4595 (vir)     1          23.598         -10.856          -2.679         -10.626           20.690
 4596 (vir)     1          23.630         -10.769          -2.621         -10.434           20.673
 4597 (vir)     1          23.647         -10.885          -2.604         -10.588           20.746
 4598 (vir)     1          23.648         -10.746          -2.531         -10.195           20.566
 4599 (vir)     1          23.669         -10.594          -2.533         -10.161           20.703
 4600 (vir)     1          23.672         -10.462          -2.490          -9.964           20.684
 4601 (vir)     1          23.695         -10.558          -2.528         -10.060           20.669
 4602 (vir)     1          23.707         -10.579          -2.577         -10.194           20.745
 4603 (vir)     1          23.712         -10.577          -2.506         -10.000           20.628
 4604 (vir)     1          23.736         -10.860          -2.600         -10.309           20.585
 4605 (vir)     1          23.745         -10.453          -2.463          -9.952           20.782
 4606 (vir)     1          23.769         -10.721          -2.527         -10.152           20.673
 4607 (vir)     1          23.774         -10.539          -2.524         -10.075           20.786
 4608 (vir)     1          23.789         -10.597          -2.537         -10.130           20.785
 4609 (vir)     1          23.813         -10.590          -2.457         -10.066           20.832
 4610 (vir)     1          23.821         -10.620          -2.515         -10.038           20.724
 4611 (vir)     1          23.828         -10.895          -2.594         -10.476           20.815
 4612 (vir)     1          23.835         -10.690          -2.514         -10.162           20.792
 4613 (vir)     1          23.843         -10.565          -2.479          -9.978           20.778
 4614 (vir)     1          23.847         -10.843          -2.588         -10.401           20.817
 4615 (vir)     1          23.853         -10.767          -2.554         -10.213           20.745
 4616 (vir)     1          23.877         -10.700          -2.530         -10.148           20.795
 4617 (vir)     1          23.887         -10.669          -2.575         -10.248           20.892
 4618 (vir)     1          23.894         -10.733          -2.553         -10.309           20.918
 4619 (vir)     1          23.906         -10.631          -2.498         -10.006           20.782
 4620 (vir)     1          23.938         -10.625          -2.510         -10.124           20.928
 4621 (vir)     1          23.941         -10.689          -2.542         -10.100           20.810
 4622 (vir)     1          23.962         -10.658          -2.512         -10.116           20.909
 4623 (vir)     1          23.975         -10.662          -2.442          -9.849           20.719
 4624 (vir)     1          23.982         -10.635          -2.448          -9.802           20.701
 4625 (vir)     1          24.011         -10.679          -2.516          -9.994           20.810
 4626 (vir)     1          24.024         -10.719          -2.466          -9.815           20.653
 4627 (vir)     1          24.035         -10.638          -2.468          -9.869           20.798
 4628 (vir)     1          24.051         -10.874          -2.537         -10.232           20.872
 4629 (vir)     1          24.052         -10.658          -2.464          -9.950           20.880
 4630 (vir)     1          24.070         -10.533          -2.388          -9.792           20.941
 4631 (vir)     1          24.080         -10.420          -2.410          -9.748           20.998
 4632 (vir)     1          24.105         -10.671          -2.473          -9.989           20.950
 4633 (vir)     1          24.119         -10.561          -2.479          -9.849           20.928
 4634 (vir)     1          24.144         -10.775          -2.448          -9.910           20.830
 4635 (vir)     1          24.144         -10.114          -2.329          -9.456           21.157
 4636 (vir)     1          24.146         -10.457          -2.430          -9.679           20.938
 4637 (vir)     1          24.160         -10.870          -2.508         -10.329           21.110
 4638 (vir)     1          24.164         -10.955          -2.616         -10.502           21.095
 4639 (vir)     1          24.185         -10.859          -2.526         -10.099           20.900
 4640 (vir)     1          24.202         -10.507          -2.419          -9.703           20.979
 4641 (vir)     1          24.216         -10.718          -2.483          -9.966           20.981
 4642 (vir)     1          24.219         -10.751          -2.439          -9.867           20.896
 4643 (vir)     1          24.237         -10.582          -2.427          -9.923           21.151
 4644 (vir)     1          24.244         -10.892          -2.511         -10.229           21.071
 4645 (vir)     1          24.255         -10.828          -2.481         -10.079           21.026
 4646 (vir)     1          24.279         -10.792          -2.463          -9.960           20.985
 4647 (vir)     1          24.285         -10.821          -2.447          -9.763           20.780
 4648 (vir)     1          24.297         -10.780          -2.496          -9.942           20.963
 4649 (vir)     1          24.314         -10.757          -2.492          -9.966           21.032
 4650 (vir)     1          24.315         -10.948          -2.599         -10.121           20.889
 4651 (vir)     1          24.344         -10.621          -2.395          -9.758           21.085
 4652 (vir)     1          24.351         -10.953          -2.484         -10.059           20.973
 4653 (vir)     1          24.366         -10.929          -2.505         -10.073           21.005
 4654 (vir)     1          24.373         -10.647          -2.396          -9.698           21.029
 4655 (vir)     1          24.393         -10.813          -2.441          -9.805           20.942
 4656 (vir)     1          24.409         -10.601          -2.364          -9.629           21.073
 4657 (vir)     1          24.425         -11.032          -2.544         -10.175           21.024
 4658 (vir)     1          24.439         -11.004          -2.511         -10.080           21.004
 4659 (vir)     1          24.443         -10.866          -2.506          -9.856           20.927
 4660 (vir)     1          24.456         -10.944          -2.494          -9.998           21.016
 4661 (vir)     1          24.473         -10.736          -2.391          -9.783           21.129
 4662 (vir)     1          24.476         -10.632          -2.402          -9.706           21.148
 4663 (vir)     1          24.497         -10.628          -2.493          -9.899           21.274
 4664 (vir)     1          24.517         -10.471          -2.355          -9.477           21.167
 4665 (vir)     1          24.527         -10.784          -2.371          -9.750           21.122
 4666 (vir)     1          24.528         -10.730          -2.434          -9.770           21.134
 4667 (vir)     1          24.535         -10.909          -2.527         -10.065           21.163
 4668 (vir)     1          24.539         -11.133          -2.478         -10.144           21.072
 4669 (vir)     1          24.563         -10.753          -2.456          -9.803           21.158
 4670 (vir)     1          24.570         -10.766          -2.406          -9.729           21.126
 4671 (vir)     1          24.587         -10.677          -2.428          -9.722           21.204
 4672 (vir)     1          24.588         -10.996          -2.533         -10.068           21.126
 4673 (vir)     1          24.614         -10.707          -2.430          -9.793           21.271
 4674 (vir)     1          24.641         -10.899          -2.459          -9.997           21.280
 4675 (vir)     1          24.641         -10.977          -2.509          -9.969           21.125
 4676 (vir)     1          24.653         -10.909          -2.503         -10.038           21.279
 4677 (vir)     1          24.663         -10.771          -2.399          -9.636           21.129
 4678 (vir)     1          24.674         -11.075          -2.523          -9.971           21.047
 4679 (vir)     1          24.685         -10.675          -2.385          -9.431           21.056
 4680 (vir)     1          24.692         -10.539          -2.337          -9.437           21.253
 4681 (vir)     1          24.708         -10.912          -2.467          -9.845           21.174
 4682 (vir)     1          24.722         -11.057          -2.507         -10.120           21.278
 4683 (vir)     1          24.727         -10.983          -2.478          -9.965           21.231
 4684 (vir)     1          24.744         -10.988          -2.465          -9.933           21.223
 4685 (vir)     1          24.757         -10.903          -2.444          -9.720           21.130
 4686 (vir)     1          24.785         -10.842          -2.397          -9.808           21.354
 4687 (vir)     1          24.797         -11.146          -2.504          -9.934           21.082
 4688 (vir)     1          24.810         -10.935          -2.361          -9.664           21.178
 4689 (vir)     1          24.810         -11.135          -2.479          -9.934           21.130
 4690 (vir)     1          24.814         -10.875          -2.458          -9.950           21.431
 4691 (vir)     1          24.821         -11.088          -2.481         -10.028           21.280
 4692 (vir)     1          24.831         -10.885          -2.414          -9.657           21.190
 4693 (vir)     1          24.839         -10.913          -2.443          -9.836           21.318
 4694 (vir)     1          24.853         -10.798          -2.387          -9.780           21.447
 4695 (vir)     1          24.858         -10.917          -2.396          -9.809           21.355
 4696 (vir)     1          24.871         -11.009          -2.482          -9.824           21.204
 4697 (vir)     1          24.874         -10.867          -2.399          -9.725           21.333
 4698 (vir)     1          24.876         -10.877          -2.408          -9.786           21.377
 4699 (vir)     1          24.891         -10.875          -2.422          -9.787           21.381
 4700 (vir)     1          24.903         -10.776          -2.347          -9.550           21.330
 4701 (vir)     1          24.918         -11.122          -2.493          -9.941           21.244
 4702 (vir)     1          24.930         -11.050          -2.405          -9.737           21.212
 4703 (vir)     1          24.949         -10.806          -2.386          -9.541           21.299
 4704 (vir)     1          24.964         -10.837          -2.393          -9.717           21.452
 4705 (vir)     1          24.981         -10.913          -2.427          -9.592           21.233
 4706 (vir)     1          24.998         -11.027          -2.423          -9.798           21.346
 4707 (vir)     1          25.008         -10.469          -2.243          -9.279           21.576
 4708 (vir)     1          25.011         -11.012          -2.451          -9.728           21.277
 4709 (vir)     1          25.021         -10.820          -2.363          -9.568           21.407
 4710 (vir)     1          25.024         -10.816          -2.412          -9.693           21.489
 4711 (vir)     1          25.060         -11.101          -2.406          -9.774           21.328
 4712 (vir)     1          25.086         -11.183          -2.476          -9.806           21.233
 4713 (vir)     1          25.094         -11.298          -2.483         -10.053           21.365
 4714 (vir)     1          25.131         -11.032          -2.410          -9.679           21.368
 4715 (vir)     1          25.136         -11.206          -2.481          -9.897           21.346
 4716 (vir)     1          25.143         -11.163          -2.475          -9.820           21.324
 4717 (vir)     1          25.151         -10.955          -2.341          -9.512           21.367
 4718 (vir)     1          25.162         -11.253          -2.446          -9.816           21.279
 4719 (vir)     1          25.190         -11.274          -2.441          -9.793           21.269
 4720 (vir)     1          25.202         -11.147          -2.407          -9.763           21.412
 4721 (vir)     1          25.223         -11.259          -2.417          -9.798           21.345
 4722 (vir)     1          25.245         -11.216          -2.429          -9.764           21.364
 4723 (vir)     1          25.271         -11.020          -2.347          -9.575           21.479
 4724 (vir)     1          25.273         -11.187          -2.479          -9.874           21.481
 4725 (vir)     1          25.280         -10.684          -2.234          -9.246           21.609
 4726 (vir)     1          25.286         -11.062          -2.410          -9.655           21.469
 4727 (vir)     1          25.311         -11.236          -2.402          -9.814           21.487
 4728 (vir)     1          25.331         -11.340          -2.437          -9.960           21.513
 4729 (vir)     1          25.332         -11.166          -2.407          -9.702           21.461
 4730 (vir)     1          25.350         -11.271          -2.406          -9.787           21.460
 4731 (vir)     1          25.369         -11.246          -2.402          -9.712           21.433
 4732 (vir)     1          25.395         -11.323          -2.449          -9.803           21.427
 4733 (vir)     1          25.395         -11.375          -2.451          -9.755           21.325
 4734 (vir)     1          25.419         -11.454          -2.505          -9.953           21.413
 4735 (vir)     1          25.429         -11.348          -2.470          -9.793           21.404
 4736 (vir)     1          25.451         -11.306          -2.419          -9.823           21.549
 4737 (vir)     1          25.487         -10.707          -2.207          -9.235           21.808
 4738 (vir)     1          25.506         -11.275          -2.354          -9.614           21.490
 4739 (vir)     1          25.509          -5.330          -2.336          -9.410           27.253
 4740 (vir)     1          25.524         -11.195          -2.372          -9.640           21.598
 4741 (vir)     1          25.535         -11.210          -2.317          -9.539           21.547
 4742 (vir)     1          25.548         -11.132          -2.299          -9.509           21.626
 4743 (vir)     1          25.581         -11.169          -2.307          -9.558           21.662
 4744 (vir)     1          25.583         -11.337          -2.411          -9.589           21.425
 4745 (vir)     1          25.589         -11.302          -2.402          -9.608           21.493
 4746 (vir)     1          25.600         -11.093          -2.285          -9.438           21.661
 4747 (vir)     1          25.622         -11.541          -2.459          -9.719           21.340
 4748 (vir)     1          25.645         -11.033          -2.229          -9.326           21.709
 4749 (vir)     1          25.654         -10.935          -2.215          -9.264           21.767
 4750 (vir)     1          25.665         -11.253          -2.298          -9.692           21.806
 4751 (vir)     1          25.681         -11.213          -2.257          -9.598           21.808
 4752 (vir)     1          25.683         -11.500          -2.409          -9.647           21.421
 4753 (vir)     1          25.689         -11.306          -2.347          -9.448           21.484
 4754 (vir)     1          25.704           5.737          -2.301          -9.388           38.528
 4755 (vir)     1          25.728         -11.079          -2.241          -9.456           21.865
 4756 (vir)     1          25.754           6.067          -2.333          -9.601           39.089
 4757 (vir)     1          25.760         -11.498          -2.381          -9.870           21.751
 4758 (vir)     1          25.798         -11.369          -2.357          -9.601           21.672
 4759 (vir)     1          25.798         -11.841          -2.565         -10.068           21.460
 4760 (vir)     1          25.821         -11.495          -2.385          -9.769           21.710
 4761 (vir)     1          25.826           6.020          -2.359          -9.600           39.087
 4762 (vir)     1          25.856           6.197          -2.495          -9.781           39.339
 4763 (vir)     1          25.881           6.263          -2.428          -9.769           39.485
 4764 (vir)     1          25.907         -11.743          -2.470          -9.979           21.673
 4765 (vir)     1          25.915         -11.769          -2.427          -9.991           21.710
 4766 (vir)     1          25.939           5.875          -2.292          -9.474           38.996
 4767 (vir)     1          25.943           6.251          -2.407          -9.799           39.586
 4768 (vir)     1          25.989         -11.520          -2.380          -9.633           21.722
 4769 (vir)     1          25.995           6.073          -2.365          -9.557           39.260
 4770 (vir)     1          26.001         -11.797          -2.427          -9.924           21.701
 4771 (vir)     1          26.027           6.014          -2.360          -9.675           39.356
 4772 (vir)     1          26.043           5.925          -2.380          -9.669           39.257
 4773 (vir)     1          26.054          -5.685          -2.411          -9.932           27.889
 4774 (vir)     1          26.062           6.201          -2.406          -9.866           39.722
 4775 (vir)     1          26.133           6.299          -2.405          -9.885           39.911
 4776 (vir)     1          26.168           6.133          -2.313          -9.744           39.732
 4777 (vir)     1          26.182           6.269          -2.462          -9.798           39.786
 4778 (vir)     1          26.186           6.130          -2.362          -9.861           39.816
 4779 (vir)     1          26.230           6.054          -2.426          -9.807           39.666
 4780 (vir)     1          26.234           5.875          -2.273          -9.509           39.345
 4781 (vir)     1          26.237          -6.844          -2.485         -10.175           27.084
 4782 (vir)     1          26.255           6.296          -2.434          -9.692           39.808
 4783 (vir)     1          26.269         -11.827          -2.360          -9.770           21.852
 4784 (vir)     1          26.276           6.273          -2.403          -9.729           39.875
 4785 (vir)     1          26.279          -6.101          -2.433          -9.521           27.267
 4786 (vir)     1          26.294          -6.324          -2.554          -9.841           27.258
 4787 (vir)     1          26.346          -6.261          -2.452          -9.612           27.244
 4788 (vir)     1          26.425           6.168          -2.365          -9.805           40.032
 4789 (vir)     1          26.429         -12.043          -2.451          -9.833           21.768
 4790 (vir)     1          26.442          -6.581          -2.472          -9.829           27.219
 4791 (vir)     1          26.474           6.350          -2.389          -9.864           40.298
 4792 (vir)     1          26.504          -6.796          -2.364          -9.589           26.934
 4793 (vir)     1          26.536         -11.883          -2.453          -9.629           21.829
 4794 (vir)     1          26.545          -6.385          -2.470          -9.444           27.133
 4795 (vir)     1          26.589          -6.468          -2.422          -9.597           27.296
 4796 (vir)     1          26.590           6.421          -2.420          -9.793           40.383
 4797 (vir)     1          26.622          -6.824          -2.379          -8.760           26.178
 4798 (vir)     1          26.660          -6.729          -2.409          -8.891           26.414
 4799 (vir)     1          26.672          -6.432          -2.411          -9.339           27.168
 4800 (vir)     1          26.690          -7.238          -2.413          -9.728           26.767
 4801 (vir)     1          26.806          -6.526          -2.522          -9.646           27.405
 4802 (vir)     1          26.818          -6.846          -2.594          -9.730           27.108
 4803 (vir)     1          26.856          -7.061          -2.231          -9.096           26.660
 4804 (vir)     1          26.894          -7.074          -2.386          -9.310           26.744
 4805 (vir)     1          26.952          -7.156          -2.247          -9.102           26.650
 4806 (vir)     1          27.001          -7.758          -2.533          -9.607           26.316
 4807 (vir)     1          27.042          -7.135          -2.382          -9.369           26.894
 4808 (vir)     1          27.131          -7.177          -2.457          -9.421           26.918
 4809 (vir)     1          27.169          -8.610          -2.538          -9.777           25.798
 4810 (vir)     1          27.230          -7.944          -2.566          -9.718           26.438
 4811 (vir)     1          27.244          -7.845          -2.470          -9.446           26.374
 4812 (vir)     1          27.268          -7.393          -2.471          -9.379           26.783
 4813 (vir)     1          27.288          -7.268          -2.533          -9.568           27.054
 4814 (vir)     1          27.313          -7.391          -2.379          -8.830           26.374
 4815 (vir)     1          27.358          -7.925          -2.381          -9.285           26.337
 4816 (vir)     1          27.366          -8.633          -2.367          -9.333           25.699
 4817 (vir)     1          27.449          -7.720          -2.561          -9.578           26.745
 4818 (vir)     1          27.493          -8.274          -2.276          -9.102           26.046
 4819 (vir)     1          27.501          -7.701          -2.600          -9.780           26.980
 4820 (vir)     1          27.583          -7.774          -2.287          -8.879           26.401
 4821 (vir)     1          27.592         -12.086          -2.227          -8.674           21.954
 4822 (vir)     1          27.672          -7.695          -2.354          -9.075           26.698
 4823 (vir)     1          27.753          -7.545          -2.481          -9.504           27.232
 4824 (vir)     1          27.791          -8.739          -2.540          -9.734           26.247
 4825 (vir)     1          27.819          -7.973          -2.533          -9.689           27.002
 4826 (vir)     1          27.855          -8.473          -2.495          -9.513           26.400
 4827 (vir)     1          27.882          -8.059          -2.514          -9.485           26.793
 4828 (vir)     1          27.915          -8.088          -2.474          -9.449           26.801
 4829 (vir)     1          27.938          -8.458          -2.575          -9.776           26.680
 4830 (vir)     1          27.976         -12.345          -2.324          -8.795           22.102
 4831 (vir)     1          27.990         -12.820          -2.567          -9.658           22.262
 4832 (vir)     1          27.992          -8.306          -2.523          -9.597           26.759
 4833 (vir)     1          28.039         -12.718          -2.504          -9.488           22.305
 4834 (vir)     1          28.047          -8.394          -2.308          -9.135           26.480
 4835 (vir)     1          28.102           5.124          -2.394          -9.152           39.983
 4836 (vir)     1          28.112           5.062          -2.528          -9.592           40.237
 4837 (vir)     1          28.161          -8.259          -2.499          -9.568           26.971
 4838 (vir)     1          28.201           5.208          -2.463          -9.304           40.251
 4839 (vir)     1          28.249         -12.911          -2.407          -9.268           22.199
 4840 (vir)     1          28.330         -12.759          -2.352          -9.117           22.336
 4841 (vir)     1          28.331          -8.415          -2.488          -9.496           26.924
 4842 (vir)     1          28.346           5.201          -2.477          -9.458           40.529
 4843 (vir)     1          28.396          -5.193          -2.454          -9.341           30.091
 4844 (vir)     1          28.420           4.251          -2.560          -9.602           39.713
 4845 (vir)     1          28.425          -4.169          -2.416          -9.242           31.083
 4846 (vir)     1          28.486           4.610          -2.565          -9.664           40.194
 4847 (vir)     1          28.531          -3.747          -2.473          -9.300           31.610
 4848 (vir)     1          28.562          -3.531          -2.470          -9.347           31.907
 4849 (vir)     1          28.642          -3.063          -2.484          -9.492           32.587
 4850 (vir)     1          28.656          -1.671          -2.487          -9.644           34.141
 4851 (vir)     1          28.657           4.675          -2.509          -9.321           40.144
 4852 (vir)     1          28.725           0.444          -2.495          -9.636           36.309
 4853 (vir)     1          28.756           4.807          -2.466          -9.474           40.570
 4854 (vir)     1          28.771           4.828          -2.480          -9.407           40.527
 4855 (vir)     1          28.809           1.645          -2.481          -9.452           37.425
 4856 (vir)     1          28.823           4.843          -2.415          -9.316           40.567
 4857 (vir)     1          28.912           4.851          -2.403          -9.270           40.630
 4858 (vir)     1          28.961           3.275          -2.533          -9.380           39.083
 4859 (vir)     1          29.028           4.823          -2.464          -9.384           40.772
 4860 (vir)     1          29.070           4.639          -2.477          -9.403           40.635
 4861 (vir)     1          29.079           4.651          -2.371          -8.990           40.349
 4862 (vir)     1          29.147           4.741          -2.425          -9.384           40.847
 4863 (vir)     1          29.150           4.804          -2.472          -9.332           40.813
 4864 (vir)     1          29.176           4.798          -2.536          -9.410           40.848
 4865 (vir)     1          29.187           4.945          -2.520          -9.364           40.976
 4866 (vir)     1          29.271           4.763          -2.486          -9.454           41.002
 4867 (vir)     1          29.287           4.712          -2.456          -9.311           40.854
 4868 (vir)     1          29.295           4.794          -2.413          -9.225           40.901
 4869 (vir)     1          29.355           4.669          -2.485          -9.452           40.991
 4870 (vir)     1          29.392           4.906          -2.462          -9.401           41.238
 4871 (vir)     1          29.466           4.777          -2.488          -9.595           41.350
 4872 (vir)     1          29.485           4.986          -2.516          -9.463           41.417
 4873 (vir)     1          29.501           4.928          -2.496          -9.454           41.387
 4874 (vir)     1          29.514           4.458          -2.397          -9.132           40.706
 4875 (vir)     1          29.552           4.618          -2.417          -9.124           40.877
 4876 (vir)     1          29.602           4.679          -2.470          -9.432           41.243
 4877 (vir)     1          29.689           4.663          -2.414          -9.189           41.126
 4878 (vir)     1          29.703           4.864          -2.426          -9.264           41.404
 4879 (vir)     1          29.714           5.104          -2.556          -9.684           41.947
 4880 (vir)     1          29.760           4.496          -2.408          -9.201           41.050
 4881 (vir)     1          29.840           4.911          -2.465          -9.515           41.801
 4882 (vir)     1          29.863           4.669          -2.413          -9.390           41.508
 4883 (vir)     1          29.910           4.804          -2.471          -9.446           41.690
 4884 (vir)     1          29.929           4.670          -2.509          -9.386           41.475
 4885 (vir)     1          29.948           5.378          -2.630         -10.053           42.750
 4886 (vir)     1          29.993           5.314          -2.633          -9.954           42.628
 4887 (vir)     1          29.999           5.587          -2.655         -10.151           43.082
 4888 (vir)     1          30.032           4.910          -2.504          -9.588           42.027
 4889 (vir)     1          30.048           4.755          -2.481          -9.646           41.969
 4890 (vir)     1          30.066           4.965          -2.509          -9.627           42.149
 4891 (vir)     1          30.113           4.854          -2.486          -9.437           41.917
 4892 (vir)     1          30.127           4.932          -2.597          -9.806           42.268
 4893 (vir)     1          30.155           4.884          -2.505          -9.554           42.088
 4894 (vir)     1          30.163           4.751          -2.498          -9.477           41.893
 4895 (vir)     1          30.195           5.009          -2.524          -9.600           42.280
 4896 (vir)     1          30.218           4.924          -2.578          -9.740           42.303
 4897 (vir)     1          30.240           5.336          -2.607         -10.173           43.142
 4898 (vir)     1          30.248           4.840          -2.540          -9.655           42.203
 4899 (vir)     1          30.291           4.806          -2.546          -9.695           42.246
 4900 (vir)     1          30.357           4.806          -2.585          -9.787           42.366
 4901 (vir)     1          30.360           5.370          -2.608          -9.980           43.101
 4902 (vir)     1          30.379           5.025          -2.609          -9.864           42.658
 4903 (vir)     1          30.385           5.359          -2.616          -9.891           43.018
 4904 (vir)     1          30.444           5.018          -2.540          -9.832           42.754
 4905 (vir)     1          30.452           5.284          -2.661         -10.080           43.155
 4906 (vir)     1          30.500           4.863          -2.577          -9.775           42.561
 4907 (vir)     1          30.520           5.165          -2.605          -9.918           42.997
 4908 (vir)     1          30.548           5.114          -2.607          -9.899           42.953
 4909 (vir)     1          30.554           5.350          -2.655         -10.114           43.363
 4910 (vir)     1          30.571           4.874          -2.572          -9.736           42.608
 4911 (vir)     1          30.581           5.182          -2.727         -10.239           43.274
 4912 (vir)     1          30.600           4.702          -2.550          -9.744           42.496
 4913 (vir)     1          30.613           4.712          -2.615          -9.740           42.450
 4914 (vir)     1          30.616           4.850          -2.562          -9.681           42.584
 4915 (vir)     1          30.688           4.954          -2.570          -9.754           42.826
 4916 (vir)     1          30.692           5.140          -2.624          -9.971           43.178
 4917 (vir)     1          30.717           5.219          -2.683         -10.155           43.408
 4918 (vir)     1          30.769           4.924          -2.580          -9.701           42.814
 4919 (vir)     1          30.801           5.046          -2.602          -9.909           43.154
 4920 (vir)     1          30.804           4.869          -2.622          -9.794           42.845
 4921 (vir)     1          30.841           4.879          -2.617          -9.742           42.844
 4922 (vir)     1          30.860           4.949          -2.550          -9.564           42.823
 4923 (vir)     1          30.889           4.638          -2.518          -9.441           42.449
 4924 (vir)     1          30.920           4.873          -2.646          -9.817           42.964
 4925 (vir)     1          30.959           5.145          -2.623          -9.852           43.332
 4926 (vir)     1          31.028           4.838          -2.582          -9.569           42.853
 4927 (vir)     1          31.046           4.532          -2.495          -9.427           42.511
 4928 (vir)     1          31.096           4.546          -2.475          -9.326           42.494
 4929 (vir)     1          31.147           4.571          -2.457          -9.099           42.361
 4930 (vir)     1          31.185           4.471          -2.467          -9.248           42.437
 4931 (vir)     1          31.191           4.481          -2.521          -9.504           42.655
 4932 (vir)     1          31.232           4.430          -2.490          -9.420           42.592
 4933 (vir)     1          31.234           4.407          -2.535          -9.419           42.525
 4934 (vir)     1          31.289           4.373          -2.543          -9.550           42.670
 4935 (vir)     1          31.319           4.384          -2.487          -9.342           42.559
 4936 (vir)     1          31.341           4.557          -2.496          -9.291           42.693
 4937 (vir)     1          31.441           4.426          -2.450          -9.211           42.628
 4938 (vir)     1          31.513           4.254          -2.497          -9.277           42.547
 4939 (vir)     1          31.514           4.453          -2.611          -9.667           43.023
 4940 (vir)     1          31.567           4.162          -2.452          -9.252           42.529
 4941 (vir)     1          31.594           4.189          -2.402          -9.042           42.423
 4942 (vir)     1          31.619           4.391          -2.465          -9.309           42.855
 4943 (vir)     1          31.638           4.573          -2.534          -9.486           43.163
 4944 (vir)     1          31.690           4.521          -2.579          -9.528           43.159
 4945 (vir)     1          31.759           4.353          -2.487          -9.337           42.963
 4946 (vir)     1          31.765           4.562          -2.604          -9.638           43.361
 4947 (vir)     1          31.828           4.324          -2.523          -9.289           42.919
 4948 (vir)     1          31.830           4.726          -2.599          -9.567           43.524
 4949 (vir)     1          31.903           4.246          -2.488          -9.241           42.901
 4950 (vir)     1          31.960           4.329          -2.611          -9.529           43.207
 4951 (vir)     1          32.018           4.365          -2.516          -9.301           43.168
 4952 (vir)     1          32.096           4.084          -2.515          -9.213           42.877
 4953 (vir)     1          32.105           3.919          -2.339          -8.835           42.521
 4954 (vir)     1          32.155           4.051          -2.407          -8.998           42.797
 4955 (vir)     1          32.172           4.048          -2.530          -9.358           43.048
 4956 (vir)     1          32.250           4.127          -2.456          -9.140           43.062
 4957 (vir)     1          32.316           3.869          -2.487          -9.163           42.861
 4958 (vir)     1          32.324           4.100          -2.477          -9.116           43.062
 4959 (vir)     1          32.434           4.086          -2.491          -9.183           43.212
 4960 (vir)     1          32.445           4.254          -2.566          -9.259           43.393
 4961 (vir)     1          32.511           3.930          -2.513          -9.198           43.126
 4962 (vir)     1          32.541           4.022          -2.442          -8.917           43.038
 4963 (vir)     1          32.597           4.125          -2.566          -9.255           43.411
 4964 (vir)     1          32.614           4.334          -2.566          -9.257           43.639
 4965 (vir)     1          32.660           3.931          -2.416          -8.939           43.115
 4966 (vir)     1          32.812           4.116          -2.525          -9.223           43.627
 4967 (vir)     1          32.865           3.641          -2.420          -9.068           43.154
 4968 (vir)     1          32.888           4.000          -2.571          -9.278           43.595
 4969 (vir)     1          32.981           3.793          -2.475          -9.213           43.512
 4970 (vir)     1          33.011           3.942          -2.589          -9.397           43.761
 4971 (vir)     1          33.051           3.834          -2.311          -8.424           42.997
 4972 (vir)     1          33.179           4.055          -2.551          -9.179           43.862
 4973 (vir)     1          33.201           3.987          -2.613          -9.336           43.911
 4974 (vir)     1          33.224           4.243          -2.595          -9.389           44.261
 4975 (vir)     1          33.233           3.927          -2.409          -8.642           43.393
 4976 (vir)     1          33.330           3.937          -2.504          -9.021           43.784
 4977 (vir)     1          33.366           3.753          -2.421          -8.814           43.512
 4978 (vir)     1          33.394           3.957          -2.620          -9.356           44.088
 4979 (vir)     1          33.471           3.989          -2.565          -9.204           44.099
 4980 (vir)     1          33.508           3.890          -2.506          -9.029           43.921
 4981 (vir)     1          33.525           3.969          -2.599          -9.280           44.175
 4982 (vir)     1          33.588           3.625          -2.527          -8.943           43.629
 4983 (vir)     1          33.645           3.754          -2.504          -8.998           43.893
 4984 (vir)     1          33.701           3.771          -2.477          -8.848           43.843
 4985 (vir)     1          33.763           3.783          -2.482          -8.957           44.021
 4986 (vir)     1          33.855           3.695          -2.509          -9.008           44.048
 4987 (vir)     1          33.913           3.851          -2.503          -8.908           44.168
 4988 (vir)     1          34.167           3.456          -2.499          -8.982           44.105
 4989 (vir)     1          34.276           3.567          -2.489          -8.652           44.006
 4990 (vir)     1          34.363           3.510          -2.380          -8.738           44.231
 4991 (vir)     1          34.467           3.547          -2.489          -8.840           44.365
 4992 (vir)     1          34.484           3.371          -2.500          -8.870           44.225
 4993 (vir)     1          34.598           3.537          -2.450          -8.820           44.506
 4994 (vir)     1          34.678           3.310          -2.565          -9.186           44.609
 4995 (vir)     1          34.705           3.531          -2.435          -8.746           44.547
 4996 (vir)     1          34.771           3.604          -2.492          -8.801           44.684
 4997 (vir)     1          34.915           3.733          -2.559          -9.046           45.136
 4998 (vir)     1          34.952           3.753          -2.493          -8.846           45.058
 4999 (vir)     1          34.963           3.345          -2.522          -8.933           44.720
 5000 (vir)     1          34.982           3.663          -2.446          -8.819           45.018
 5001 (vir)     1          35.000           3.654          -2.551          -8.889           44.991
 5002 (vir)     1          35.161           3.198          -2.439          -8.705           44.624
 5003 (vir)     1          35.191           3.398          -2.582          -9.086           45.093
 5004 (vir)     1          35.267           3.778          -2.333          -8.665           45.377
 5005 (vir)     1          35.271           3.690          -2.312          -8.532           45.182
 5006 (vir)     1          35.298           3.547          -2.510          -8.876           45.211
 5007 (vir)     1          35.340           3.185          -2.433          -8.674           44.766
 5008 (vir)     1          35.466           3.396          -2.547          -8.955           45.270
 5009 (vir)     1          35.554           3.650          -2.479          -8.784           45.509
 5010 (vir)     1          35.655           3.353          -2.452          -8.788           45.344
 5011 (vir)     1          35.696           3.662          -2.403          -8.611           45.565
 5012 (vir)     1          35.769           3.508          -2.477          -8.741           45.541
 5013 (vir)     1          35.923           2.977          -2.333          -9.333           45.900
 5014 (vir)     1          35.925           3.148          -2.450          -8.726           45.349
 5015 (vir)     1          36.017           4.293          -2.429          -8.789           46.670
 5016 (vir)     1          36.025           3.384          -2.526          -8.833           45.716
 5017 (vir)     1          36.162           2.922          -2.394          -8.944           45.635
 5018 (vir)     1          36.163           3.042          -2.472          -8.833           45.566
 5019 (vir)     1          36.193           3.543          -2.385          -8.519           45.871
 5020 (vir)     1          36.245           3.062          -2.430          -8.595           45.471
 5021 (vir)     1          36.367           2.991          -2.494          -8.855           45.718
 5022 (vir)     1          36.376           3.285          -2.503          -8.780           45.937
 5023 (vir)     1          36.584           3.137          -2.484          -8.640           45.877
 5024 (vir)     1          36.635           3.164          -2.623          -8.939           46.114
 5025 (vir)     1          36.704           2.958          -2.566          -8.820           45.916
 5026 (vir)     1          36.900           3.689          -2.531          -8.868           46.926
 5027 (vir)     1          37.028           2.965          -2.451          -8.516           46.057
 5028 (vir)     1          37.064           3.067          -2.424          -8.545           46.251
 5029 (vir)     1          37.114           2.911          -2.527          -8.710           46.208
 5030 (vir)     1          37.257           3.182          -2.570          -8.756           46.624
 5031 (vir)     1          37.274           3.017          -2.535          -8.713           46.469
 5032 (vir)     1          37.374           3.034          -2.396          -8.366           46.378
 5033 (vir)     1          37.463           3.159          -2.614          -8.865           46.872
 5034 (vir)     1          37.617           3.021          -2.542          -8.796           46.892
 5035 (vir)     1          37.637           2.645          -2.496          -8.734           46.520
 5036 (vir)     1          37.657           2.760          -2.559          -8.789           46.647
 5037 (vir)     1          37.976           2.904          -2.434          -8.351           46.797
 5038 (vir)     1          38.004           3.106          -2.564          -8.640           47.186
 5039 (vir)     1          38.121           2.689          -2.530          -8.517           46.797
 5040 (vir)     1          38.249           2.782          -2.573          -8.753           47.211
 5041 (vir)     1          38.256           2.896          -2.533          -8.688           47.307
 5042 (vir)     1          38.371           2.874          -2.512          -8.573           47.305
 5043 (vir)     1          38.395           2.631          -2.611          -8.744           47.159
 5044 (vir)     1          38.422           2.706          -2.442          -8.570           47.256
 5045 (vir)     1          38.474           3.402          -2.526          -8.656           48.006
 5046 (vir)     1          38.638           2.464          -2.412          -8.458           47.149
 5047 (vir)     1          38.693           2.751          -2.564          -8.628           47.508
 5048 (vir)     1          38.882           2.594          -2.478          -8.527           47.525
 5049 (vir)     1          38.887           2.263          -2.525          -8.548           47.173
 5050 (vir)     1          39.033           2.564          -2.557          -8.663           47.704
 5051 (vir)     1          39.142           2.635          -2.529          -8.548           47.796
 5052 (vir)     1          39.364           2.456          -2.348          -8.556           48.028
 5053 (vir)     1          39.415           2.622          -2.583          -8.655           48.109
 5054 (vir)     1          39.519           2.449          -2.345          -8.298           47.920
 5055 (vir)     1          39.601           2.590          -2.563          -8.593           48.221
 5056 (vir)     1          39.705           2.368          -2.434          -8.714           48.353
 5057 (vir)     1          39.719           2.091          -2.494          -8.689           48.005
 5058 (vir)     1          39.750           2.676          -2.492          -8.636           48.569
 5059 (vir)     1          39.872           2.296          -2.478          -8.610           48.300
 5060 (vir)     1          39.946           2.466          -2.513          -8.506           48.406
 5061 (vir)     1          39.996           2.546          -2.391          -8.794           48.945
 5062 (vir)     1          40.043           2.361          -2.440          -8.446           48.410
 5063 (vir)     1          40.076           2.302          -2.496          -8.610           48.491
 5064 (vir)     1          40.224           2.185          -2.338          -8.685           48.756
 5065 (vir)     1          40.322           2.463          -2.617          -8.611           48.780
 5066 (vir)     1          40.357           2.394          -2.436          -8.650           48.965
 5067 (vir)     1          40.407           2.130          -2.341          -8.752           48.948
 5068 (vir)     1          40.442           2.385          -2.489          -8.551           48.888
 5069 (vir)     1          40.541           2.373          -2.422          -8.702           49.194
 5070 (vir)     1          40.632           2.091          -2.293          -8.627           49.058
 5071 (vir)     1          40.723           2.077          -2.108          -8.915           49.607
 5072 (vir)     1          40.905           2.029          -2.160          -8.701           49.475
 5073 (vir)     1          40.906           2.198          -2.445          -8.398           49.057
 5074 (vir)     1          41.072           2.235          -2.674          -8.488           49.122
 5075 (vir)     1          41.095           2.148          -2.621          -8.464           49.087
 5076 (vir)     1          41.263           2.195          -2.506          -8.553           49.505
 5077 (vir)     1          41.399           2.440          -2.525          -8.642           49.956
 5078 (vir)     1          41.410           2.205          -2.507          -8.513           49.621
 5079 (vir)     1          41.562           2.307          -2.435          -8.337           49.771
 5080 (vir)     1          41.746           2.109          -2.592          -8.467           49.730
 5081 (vir)     1          41.789           2.155          -2.585          -8.508           49.868
 5082 (vir)     1          41.827           2.187          -2.591          -8.343           49.766
 5083 (vir)     1          41.920           2.192          -2.556          -8.209           49.765
 5084 (vir)     1          42.121           2.059          -2.490          -8.379           50.069
 5085 (vir)     1          42.174           2.135          -2.503          -8.329           50.135
 5086 (vir)     1          42.421           2.412          -2.591          -8.312           50.554
 5087 (vir)     1          42.715           2.069          -2.508          -8.573           50.849
 5088 (vir)     1          42.717           1.874          -2.253          -8.636           50.974
 5089 (vir)     1          42.857           1.867          -2.507          -8.430           50.647
 5090 (vir)     1          42.909           1.791          -2.097          -8.938           51.541
 5091 (vir)     1          42.947           1.870          -2.520          -8.561           50.859
 5092 (vir)     1          43.069           1.716          -1.887          -9.036           51.934
 5093 (vir)     1          43.360           1.864          -2.487          -8.460           51.198
 5094 (vir)     1          43.465           1.800          -2.428          -8.545           51.382
 5095 (vir)     1          43.921           1.819          -2.448          -8.576           51.868
 5096 (vir)     1          43.946           1.846          -2.463          -8.531           51.860
 5097 (vir)     1          44.160           1.922          -2.351          -7.933           51.664
 5098 (vir)     1          44.401           1.964          -2.171          -8.868           53.062
 5099 (vir)     1          44.597           1.792          -2.427          -8.395           52.357
 5100 (vir)     1          44.599           1.899          -2.420          -8.411           52.489
 5101 (vir)     1          44.752           1.738          -1.813          -8.788           53.464
 5102 (vir)     1          44.940           1.704          -2.307          -8.711           53.048
 5103 (vir)     1          45.026           1.678          -2.124          -8.894           53.475
 5104 (vir)     1          45.148           1.903          -2.711          -8.566           52.905
 5105 (vir)     1          45.468           1.599          -1.820          -9.045           54.292
 5106 (vir)     1          45.774           1.713          -2.402          -8.258           53.343
 5107 (vir)     1          45.778           1.861          -2.430          -8.238           53.447
 5108 (vir)     1          46.291           1.627          -2.052          -8.576           54.442
 5109 (vir)     1          46.378           1.474          -2.274          -8.118           53.696
 5110 (vir)     1          46.429           1.815          -2.387          -7.933           53.790
 5111 (vir)     1          46.548           1.690          -2.141          -8.131           54.227
 5112 (vir)     1          46.622           1.392          -1.856          -8.770           54.928
 5113 (vir)     1          47.854           1.610          -1.739          -9.011           56.736
 5114 (vir)     1          48.197           1.640          -1.694          -9.288           57.431
 5115 (vir)     1          48.262           1.238          -1.634          -9.156           57.022
 5116 (vir)     1          48.984           1.236          -1.613          -9.283           57.890
 5117 (vir)     1          49.509           1.351          -1.611          -8.881           58.131
 5118 (vir)     1          49.622           1.278          -1.648          -8.541           57.793
 5119 (vir)     1          49.623           1.175          -1.718          -8.078           57.158
 5120 (vir)     1          49.912           1.099          -1.609          -8.064           57.466
 5121 (vir)     1          50.086           1.325          -1.722          -8.975           58.664
 5122 (vir)     1          50.483           1.357          -1.640          -8.879           59.078
 5123 (vir)     1          50.556           1.448          -1.723          -8.443           58.724
 5124 (vir)     1          50.614           1.229          -1.636          -8.516           58.723
 5125 (vir)     1          50.806           1.429          -1.636          -8.455           59.053
 5126 (vir)     1          50.813           1.562          -1.607          -8.435           59.203
 5127 (vir)     1          50.839           1.503          -1.622          -8.448           59.169
 5128 (vir)     1          50.897           1.422          -1.612          -8.417           59.124
 5129 (vir)     1          50.951           1.666          -1.655          -8.292           59.254
 5130 (vir)     1          51.029           1.535          -1.677          -8.268           59.156
 5131 (vir)     1          51.111           1.309          -1.599          -8.427           59.249
 5132 (vir)     1          51.154           1.365          -1.666          -8.528           59.381
 5133 (vir)     1          51.171           1.442          -1.626          -8.450           59.438
 5134 (vir)     1          51.194           1.465          -1.602          -8.298           59.355
 5135 (vir)     1          51.314           1.456          -1.678          -8.354           59.446
 5136 (vir)     1          51.314           1.627          -1.679          -8.336           59.598
 5137 (vir)     1          51.394           1.584          -1.646          -8.263           59.595
 5138 (vir)     1          51.423           1.621          -1.654          -8.403           59.792
 5139 (vir)     1          51.499           1.426          -1.571          -8.214           59.568
 5140 (vir)     1          51.579           1.419          -1.661          -8.370           59.707
 5141 (vir)     1          51.639           1.543          -1.649          -8.414           59.946
 5142 (vir)     1          51.645           1.591          -1.679          -8.423           59.980
 5143 (vir)     1          51.744           1.183          -1.648          -8.607           59.886
 5144 (vir)     1          51.805           1.316          -1.695          -8.461           59.887
 5145 (vir)     1          51.825           1.169          -1.727          -8.309           59.577
 5146 (vir)     1          51.927           2.027          -1.639          -8.232           60.547
 5147 (vir)     1          51.936           1.301          -1.619          -8.302           59.920
 5148 (vir)     1          51.964           1.415          -1.632          -8.363           60.110
 5149 (vir)     1          52.030           1.560          -1.662          -8.454           60.382
 5150 (vir)     1          52.092           1.455          -1.621          -8.297           60.223
 5151 (vir)     1          52.104           1.405          -1.612          -8.279           60.176
 5152 (vir)     1          52.146           1.368          -1.597          -8.338           60.255
 5153 (vir)     1          52.218           1.375          -1.618          -8.662           60.638
 5154 (vir)     1          52.319           1.138          -1.621          -8.336           60.173
 5155 (vir)     1          52.366           1.652          -1.639          -8.288           60.668
 5156 (vir)     1          52.385           1.720          -1.632          -8.349           60.822
 5157 (vir)     1          52.441           1.468          -1.614          -8.544           60.838
 5158 (vir)     1          52.446           1.452          -1.629          -8.315           60.583
 5159 (vir)     1          52.549           1.599          -1.644          -8.340           60.843
 5160 (vir)     1          52.555           1.488          -1.585          -8.349           60.806
 5161 (vir)     1          52.620           1.316          -1.591          -8.383           60.728
 5162 (vir)     1          52.677           1.485          -1.635          -8.319           60.845
 5163 (vir)     1          52.715           1.514          -1.633          -8.429           61.024
 5164 (vir)     1          52.723           1.477          -1.626          -8.364           60.937
 5165 (vir)     1          52.795           1.597          -1.662          -8.369           61.099
 5166 (vir)     1          52.840           1.165          -1.654          -8.564           60.915
 5167 (vir)     1          52.894           1.521          -1.570          -8.011           60.855
 5168 (vir)     1          52.934           1.587          -1.627          -8.404           61.298
 5169 (vir)     1          52.983           1.499          -1.630          -8.373           61.224
 5170 (vir)     1          53.001           1.357          -1.604          -8.432           61.187
 5171 (vir)     1          53.057           1.874          -1.603          -8.233           61.560
 5172 (vir)     1          53.133           1.295          -1.605          -8.376           61.199
 5173 (vir)     1          53.174           1.671          -1.623          -8.256           61.478
 5174 (vir)     1          53.188           1.176          -1.606          -8.397           61.155
 5175 (vir)     1          53.280           1.506          -1.626          -8.346           61.506
 5176 (vir)     1          53.288           1.271          -1.633          -8.471           61.397
 5177 (vir)     1          53.308           1.693          -1.596          -8.282           61.686
 5178 (vir)     1          53.313           1.589          -1.614          -8.357           61.645
 5179 (vir)     1          53.465           1.325          -1.658          -8.373           61.505
 5180 (vir)     1          53.490           2.386          -1.663          -8.307           62.520
 5181 (vir)     1          53.514           1.301          -1.586          -8.366           61.595
 5182 (vir)     1          53.579           1.298          -1.591          -8.550           61.837
 5183 (vir)     1          53.610           0.915          -1.544          -8.314           61.295
 5184 (vir)     1          53.660           1.165          -1.591          -8.307           61.540
 5185 (vir)     1          53.771           1.309          -1.622          -8.376           61.834
 5186 (vir)     1          53.884           1.250          -1.681          -8.557           62.010
 5187 (vir)     1          53.900           1.235          -1.617          -8.256           61.774
 5188 (vir)     1          54.033           1.268          -1.598          -8.471           62.173
 5189 (vir)     1          54.098           1.338          -1.657          -8.359           62.137
 5190 (vir)     1          54.164           1.377          -1.626          -8.400           62.317
 5191 (vir)     1          54.169           1.315          -1.680          -8.307           62.110
 5192 (vir)     1          54.271           1.330          -1.552          -7.974           62.024
 5193 (vir)     1          54.350           1.183          -1.656          -8.422           62.299
 5194 (vir)     1          54.367           1.028          -1.511          -8.414           62.298
 5195 (vir)     1          54.393           1.143          -1.580          -8.271           62.227
 5196 (vir)     1          54.428           1.469          -1.648          -8.313           62.563
 5197 (vir)     1          54.468           0.930          -1.469          -8.431           62.359
 5198 (vir)     1          54.472           1.157          -1.542          -8.070           62.157
 5199 (vir)     1          54.708           1.299          -1.634          -7.787           62.160
 5200 (vir)     1          54.723           1.121          -1.605          -8.459           62.698
 5201 (vir)     1          54.888           1.172          -1.609          -8.224           62.675
 5202 (vir)     1          54.903           1.044          -1.628          -8.278           62.597
 5203 (vir)     1          54.959           1.175          -1.619          -8.376           62.892
 5204 (vir)     1          55.049           1.224          -1.624          -8.369           63.018
 5205 (vir)     1          55.150           1.079          -1.581          -8.236           62.884
 5206 (vir)     1          55.165           1.465          -1.673          -8.375           63.332
 5207 (vir)     1          55.249           0.992          -1.554          -8.348           63.035
 5208 (vir)     1          55.259           1.123          -1.599          -8.364           63.147
 5209 (vir)     1          55.315           1.184          -1.607          -8.335           63.227
 5210 (vir)     1          55.337           1.199          -1.608          -8.389           63.318
 5211 (vir)     1          55.406           1.200          -1.642          -8.464           63.427
 5212 (vir)     1          55.551           0.976          -1.531          -8.293           63.289
 5213 (vir)     1          55.569           1.207          -1.711          -8.413           63.477
 5214 (vir)     1          55.613           1.221          -1.630          -8.440           63.644
 5215 (vir)     1          55.617           1.183          -1.665          -8.624           63.759
 5216 (vir)     1          55.743           1.236          -1.504          -7.855           63.330
 5217 (vir)     1          55.816           1.373          -1.512          -7.647           63.324
 5218 (vir)     1          55.879           1.404          -1.629          -8.341           63.995
 5219 (vir)     1          55.963           1.283          -1.621          -8.381           64.005
 5220 (vir)     1          55.967           1.144          -1.611          -8.442           63.941
 5221 (vir)     1          56.105           1.074          -1.524          -8.126           63.782
 5222 (vir)     1          56.172           1.101          -1.571          -8.516           64.218
 5223 (vir)     1          56.295           1.092          -1.587          -8.461           64.261
 5224 (vir)     1          56.327           1.095          -1.573          -8.547           64.395
 5225 (vir)     1          56.374           1.184          -1.625          -8.509           64.442
 5226 (vir)     1          56.375           1.068          -1.550          -8.402           64.296
 5227 (vir)     1          56.438           1.030          -1.500          -8.765           64.732
 5228 (vir)     1          56.592           1.098          -1.561          -8.312           64.442
 5229 (vir)     1          56.627           1.071          -1.645          -8.189           64.243
 5230 (vir)     1          56.654           1.074          -1.591          -8.549           64.686
 5231 (vir)     1          56.674           1.105          -1.568          -8.670           64.882
 5232 (vir)     1          56.759           1.209          -1.690          -8.463           64.740
 5233 (vir)     1          56.785           1.319          -1.447          -7.637           64.294
 5234 (vir)     1          56.952           1.188          -1.521          -8.069           64.687
 5235 (vir)     1          57.038           1.329          -1.683          -7.435           64.120
 5236 (vir)     1          57.047           1.323          -1.504          -7.851           64.717
 5237 (vir)     1          57.129           1.049          -1.542          -8.373           65.009
 5238 (vir)     1          57.164           1.123          -1.504          -8.072           64.856
 5239 (vir)     1          57.193           1.064          -1.588          -8.583           65.253
 5240 (vir)     1          57.220           1.119          -1.552          -8.315           65.102
 5241 (vir)     1          57.223           1.065          -1.555          -8.373           65.107
 5242 (vir)     1          57.272           1.136          -1.554          -8.251           65.105
 5243 (vir)     1          57.375           1.032          -1.465          -8.341           65.283
 5244 (vir)     1          57.443           1.299          -1.488          -7.542           64.796
 5245 (vir)     1          57.472           1.027          -1.526          -8.400           65.372
 5246 (vir)     1          57.579           1.251          -1.670          -8.285           65.446
 5247 (vir)     1          57.705           1.240          -1.419          -7.700           65.225
 5248 (vir)     1          57.813           1.085          -1.522          -8.491           65.867
 5249 (vir)     1          57.828           1.145          -1.603          -8.527           65.897
 5250 (vir)     1          57.906           1.106          -1.586          -8.771           66.198
 5251 (vir)     1          57.963           1.173          -1.450          -7.901           65.587
 5252 (vir)     1          57.992           1.042          -1.525          -8.372           65.881
 5253 (vir)     1          57.992           1.082          -1.486          -8.065           65.653
 5254 (vir)     1          58.025           1.153          -1.455          -8.001           65.724
 5255 (vir)     1          58.128           1.087          -1.528          -8.401           66.088
 5256 (vir)     1          58.225           1.035          -1.480          -8.197           65.976
 5257 (vir)     1          58.237           1.018          -1.456          -8.428           66.227
 5258 (vir)     1          58.335           1.090          -1.481          -8.185           66.129
 5259 (vir)     1          58.370           1.072          -1.497          -8.178           66.123
 5260 (vir)     1          58.457           1.122          -1.508          -8.345           66.417
 5261 (vir)     1          58.556           1.169          -1.569          -8.905           67.062
 5262 (vir)     1          58.587           1.089          -1.519          -8.690           66.847
 5263 (vir)     1          58.685           1.103          -1.453          -7.979           66.313
 5264 (vir)     1          58.741           1.171          -1.470          -8.303           66.745
 5265 (vir)     1          58.757           1.056          -1.452          -8.079           66.439
 5266 (vir)     1          58.860           1.063          -1.480          -8.225           66.668
 5267 (vir)     1          58.872           1.209          -1.395          -7.698           66.383
 5268 (vir)     1          58.960           1.103          -1.437          -7.983           66.609
 5269 (vir)     1          59.002           1.068          -1.452          -8.139           66.757
 5270 (vir)     1          59.019           1.122          -1.426          -8.103           66.818
 5271 (vir)     1          59.108           1.084          -1.494          -8.787           67.485
 5272 (vir)     1          59.118           1.030          -1.523          -8.399           67.025
 5273 (vir)     1          59.155           1.016          -1.497          -8.340           67.013
 5274 (vir)     1          59.274           1.093          -1.480          -8.192           67.079
 5275 (vir)     1          59.278           1.054          -1.433          -8.134           67.034
 5276 (vir)     1          59.367           1.054          -1.461          -8.072           67.031
 5277 (vir)     1          59.477           1.058          -1.424          -8.067           67.178
 5278 (vir)     1          59.488           1.078          -1.512          -8.447           67.501
 5279 (vir)     1          59.539           1.104          -1.476          -8.382           67.549
 5280 (vir)     1          59.569           1.060          -1.389          -7.951           67.190
 5281 (vir)     1          59.572           1.023          -1.559          -8.102           67.139
 5282 (vir)     1          59.691           1.057          -1.497          -8.059           67.311
 5283 (vir)     1          59.799           1.011          -1.454          -8.138           67.494
 5284 (vir)     1          59.823           1.036          -1.430          -8.707           68.137
 5285 (vir)     1          59.886           1.007          -1.524          -8.149           67.518
 5286 (vir)     1          59.912           1.064          -1.380          -7.942           67.537
 5287 (vir)     1          59.917           1.119          -1.515          -8.336           67.857
 5288 (vir)     1          60.008           1.047          -1.498          -8.394           67.952
 5289 (vir)     1          60.020           1.063          -1.674          -8.045           67.454
 5290 (vir)     1          60.084           1.046          -1.508          -8.124           67.747
 5291 (vir)     1          60.093           1.052          -1.504          -8.319           67.960
 5292 (vir)     1          60.206           0.997          -1.444          -8.189           67.949
 5293 (vir)     1          60.285           0.937          -1.429          -8.128           67.921
 5294 (vir)     1          60.397           1.024          -1.429          -8.187           68.180
 5295 (vir)     1          60.430           0.965          -1.457          -8.062           68.001
 5296 (vir)     1          60.481           1.018          -1.414          -8.223           68.307
 5297 (vir)     1          60.586           0.967          -1.474          -8.034           68.113
 5298 (vir)     1          60.659           0.943          -1.476          -8.092           68.218
 5299 (vir)     1          60.701           1.093          -1.619          -8.001           68.176
 5300 (vir)     1          60.762           0.984          -1.453          -8.175           68.467
 5301 (vir)     1          60.793           0.935          -1.427          -8.107           68.409
 5302 (vir)     1          60.847           0.984          -1.431          -8.256           68.656
 5303 (vir)     1          60.968           1.038          -1.423          -8.265           68.849
 5304 (vir)     1          61.053           0.992          -1.459          -8.055           68.640
 5305 (vir)     1          61.122           0.978          -1.434          -8.096           68.762
 5306 (vir)     1          61.339           1.012          -1.437          -8.210           69.123
 5307 (vir)     1          61.386           1.043          -1.364          -8.054           69.119
 5308 (vir)     1          61.459           0.947          -1.439          -8.086           69.054
 5309 (vir)     1          61.572           1.016          -1.433          -8.089           69.243
 5310 (vir)     1          61.645           1.019          -1.508          -8.580           69.736
 5311 (vir)     1          61.645           0.969          -1.415          -8.403           69.602
 5312 (vir)     1          61.719           0.932          -1.402          -8.243           69.492
 5313 (vir)     1          61.836           0.979          -1.456          -8.140           69.500
 5314 (vir)     1          61.886           0.941          -1.415          -8.004           69.416
 5315 (vir)     1          62.054           0.938          -1.401          -8.525           70.117
 5316 (vir)     1          62.100           1.027          -1.416          -8.050           69.761
 5317 (vir)     1          62.105           1.050          -1.449          -8.673           70.379
 5318 (vir)     1          62.158           0.883          -1.376          -8.126           69.791
 5319 (vir)     1          62.282           1.009          -1.374          -7.972           69.889
 5320 (vir)     1          62.339           0.891          -1.377          -8.251           70.104
 5321 (vir)     1          62.441           0.912          -1.418          -8.260           70.196
 5322 (vir)     1          62.527           0.930          -1.364          -8.535           70.628
 5323 (vir)     1          62.725           0.986          -1.352          -8.133           70.492
 5324 (vir)     1          62.740           1.034          -1.369          -8.024           70.429
 5325 (vir)     1          62.823           0.975          -1.458          -8.223           70.563
 5326 (vir)     1          62.907           0.956          -1.374          -8.201           70.689
 5327 (vir)     1          62.989           0.958          -1.358          -8.166           70.755
 5328 (vir)     1          62.990           0.937          -1.437          -8.122           70.613
 5329 (vir)     1          63.117           0.965          -1.357          -8.129           70.854
 5330 (vir)     1          63.274           0.984          -1.394          -8.139           71.002
 5331 (vir)     1          63.309           0.974          -1.395          -8.079           70.967
 5332 (vir)     1          63.345           0.939          -1.385          -8.278           71.177
 5333 (vir)     1          63.358           1.033          -1.381          -8.005           71.015
 5334 (vir)     1          63.421           0.896          -1.347          -8.165           71.135
 5335 (vir)     1          63.544           0.822          -1.317          -8.061           71.110
 5336 (vir)     1          63.610           0.862          -1.358          -8.120           71.235
 5337 (vir)     1          63.643           0.933          -1.305          -8.006           71.277
 5338 (vir)     1          63.683           0.926          -1.416          -7.878           71.071
 5339 (vir)     1          63.757           0.965          -1.376          -8.401           71.747
 5340 (vir)     1          63.800           0.932          -1.427          -8.079           71.383
 5341 (vir)     1          63.962           0.878          -1.375          -8.115           71.580
 5342 (vir)     1          63.971           0.887          -1.365          -8.211           71.704
 5343 (vir)     1          64.095           0.925          -1.389          -9.144           72.775
 5344 (vir)     1          64.130           0.878          -1.354          -8.187           71.842
 5345 (vir)     1          64.148           0.888          -1.330          -8.001           71.707
 5346 (vir)     1          64.264           0.898          -1.359          -7.933           71.736
 5347 (vir)     1          64.296           0.945          -1.425          -8.309           72.125
 5348 (vir)     1          64.538           0.841          -1.502          -8.044           71.921
 5349 (vir)     1          64.604           0.831          -1.427          -8.233           72.241
 5350 (vir)     1          64.637           0.868          -1.373          -7.942           72.074
 5351 (vir)     1          64.765           0.863          -1.331          -8.091           72.387
 5352 (vir)     1          64.804           0.963          -1.592          -7.894           72.070
 5353 (vir)     1          64.819           0.878          -1.301          -7.922           72.319
 5354 (vir)     1          64.891           0.863          -1.468          -8.116           72.401
 5355 (vir)     1          65.046           0.844          -1.473          -8.053           72.470
 5356 (vir)     1          65.134           0.942          -1.495          -7.985           72.565
 5357 (vir)     1          65.180           0.882          -1.393          -8.235           72.904
 5358 (vir)     1          65.206           0.909          -1.390          -8.009           72.733
 5359 (vir)     1          65.344           0.830          -1.340          -7.976           72.811
 5360 (vir)     1          65.391           0.891          -1.382          -8.146           73.046
 5361 (vir)     1          65.424           0.850          -1.278          -7.821           72.818
 5362 (vir)     1          65.567           0.824          -1.338          -8.092           73.144
 5363 (vir)     1          65.577           1.027          -1.124          -7.573           73.053
 5364 (vir)     1          65.762           0.801          -1.341          -8.353           73.575
 5365 (vir)     1          65.791           0.852          -1.347          -8.088           73.385
 5366 (vir)     1          65.868           0.835          -1.253          -8.114           73.564
 5367 (vir)     1          65.901           0.829          -1.349          -8.589           73.970
 5368 (vir)     1          65.967           0.819          -1.332          -8.135           73.589
 5369 (vir)     1          65.990           0.871          -1.362          -7.898           73.398
 5370 (vir)     1          66.126           0.835          -1.349          -8.156           73.767
 5371 (vir)     1          66.177           0.800          -1.309          -8.202           73.871
 5372 (vir)     1          66.200           0.804          -1.323          -7.929           73.611
 5373 (vir)     1          66.229           0.846          -1.340          -8.061           73.797
 5374 (vir)     1          66.248           0.851          -1.230          -8.071           73.940
 5375 (vir)     1          66.343           0.834          -1.241          -7.828           73.765
 5376 (vir)     1          66.487           0.798          -1.344          -8.184           74.126
 5377 (vir)     1          66.525           0.796          -1.356          -8.002           73.967
 5378 (vir)     1          66.531           0.897          -1.289          -8.438           74.578
 5379 (vir)     1          66.580           0.745          -1.233          -7.897           73.988
 5380 (vir)     1          66.675           0.760          -1.260          -7.940           74.115
 5381 (vir)     1          66.715           0.828          -1.255          -7.798           74.086
 5382 (vir)     1          66.735           0.806          -1.182          -7.813           74.172
 5383 (vir)     1          66.859           0.827          -1.371          -8.128           74.443
 5384 (vir)     1          66.873           0.907          -1.235          -8.091           74.635
 5385 (vir)     1          66.883           0.818          -1.227          -7.931           74.406
 5386 (vir)     1          66.961           0.841          -1.293          -7.947           74.456
 5387 (vir)     1          67.000           0.796          -1.257          -8.086           74.625
 5388 (vir)     1          67.026           0.805          -1.291          -8.573           75.114
 5389 (vir)     1          67.098           0.817          -1.306          -7.954           74.562
 5390 (vir)     1          67.135           0.782          -1.259          -7.764           74.421
 5391 (vir)     1          67.144           0.849          -1.286          -7.824           74.532
 5392 (vir)     1          67.188           0.735          -1.219          -7.741           74.445
 5393 (vir)     1          67.313           0.781          -1.272          -7.990           74.811
 5394 (vir)     1          67.359           0.725          -1.252          -7.987           74.820
 5395 (vir)     1          67.400           0.781          -1.291          -7.875           74.765
 5396 (vir)     1          67.428           0.747          -1.317          -8.064           74.923
 5397 (vir)     1          67.484           0.855          -1.326          -7.995           75.008
 5398 (vir)     1          67.498           0.881          -1.270          -8.101           75.210
 5399 (vir)     1          67.546           0.838          -1.294          -7.964           75.055
 5400 (vir)     1          67.781           0.758          -1.274          -7.893           75.158
 5401 (vir)     1          67.783           0.791          -1.315          -8.238           75.496
 5402 (vir)     1          67.812           0.797          -1.295          -7.888           75.203
 5403 (vir)     1          68.019           0.872          -1.238          -7.817           75.470
 5404 (vir)     1          68.085           0.820          -1.267          -7.874           75.512
 5405 (vir)     1          68.101           0.712          -1.242          -7.929           75.500
 5406 (vir)     1          68.133           0.742          -1.210          -7.855           75.519
 5407 (vir)     1          68.240           0.793          -1.287          -8.062           75.808
 5408 (vir)     1          68.324           0.873          -1.183          -7.818           75.832
 5409 (vir)     1          68.327           0.766          -1.289          -7.996           75.800
 5410 (vir)     1          68.353           0.818          -1.205          -7.836           75.803
 5411 (vir)     1          68.451           0.821          -1.245          -7.999           76.026
 5412 (vir)     1          68.476           0.796          -1.232          -7.950           75.990
 5413 (vir)     1          68.513           0.824          -1.306          -8.062           76.093
 5414 (vir)     1          68.535           0.888          -1.269          -7.751           75.905
 5415 (vir)     1          68.616           0.954          -1.262          -7.835           76.142
 5416 (vir)     1          68.717           0.825          -1.280          -8.011           76.273
 5417 (vir)     1          68.777           0.859          -1.474          -7.878           76.040
 5418 (vir)     1          68.893           0.809          -1.312          -8.031           76.421
 5419 (vir)     1          68.928           0.802          -1.253          -7.934           76.410
 5420 (vir)     1          69.015           0.795          -1.270          -7.902           76.443
 5421 (vir)     1          69.053           0.709          -1.236          -7.867           76.393
 5422 (vir)     1          69.107           0.632          -1.284          -7.764           76.218
 5423 (vir)     1          69.181           0.752          -1.318          -7.965           76.580
 5424 (vir)     1          69.229           0.818          -1.275          -7.845           76.617
 5425 (vir)     1          69.295           0.901          -1.941          -7.738           75.993
 5426 (vir)     1          69.427           0.685          -1.351          -9.239           78.000
 5427 (vir)     1          69.434           0.731          -1.426          -7.799           76.538
 5428 (vir)     1          69.563           0.805          -1.369          -8.221           77.220
 5429 (vir)     1          69.616           0.797          -1.319          -7.988           77.082
 5430 (vir)     1          69.682           0.771          -1.209          -7.947           77.191
 5431 (vir)     1          69.788           0.828          -1.348          -8.305           77.573
 5432 (vir)     1          69.838           0.771          -1.287          -8.022           77.345
 5433 (vir)     1          69.980           0.779          -1.249          -7.973           77.483
 5434 (vir)     1          70.007           0.800          -1.235          -8.085           77.656
 5435 (vir)     1          70.029           0.820          -1.191          -7.791           77.449
 5436 (vir)     1          70.053           0.740          -1.207          -7.966           77.551
 5437 (vir)     1          70.102           0.793          -1.263          -8.168           77.800
 5438 (vir)     1          70.136           0.783          -1.250          -8.178           77.847
 5439 (vir)     1          70.153           0.818          -1.247          -8.079           77.804
 5440 (vir)     1          70.215           0.731          -1.222          -7.997           77.721
 5441 (vir)     1          70.373           0.807          -1.423          -8.712           78.469
 5442 (vir)     1          70.383           0.857          -1.219          -7.859           77.880
 5443 (vir)     1          70.424           0.766          -1.283          -8.087           77.994
 5444 (vir)     1          70.506           0.758          -1.299          -8.122           78.086
 5445 (vir)     1          70.507           0.838          -1.446          -8.965           78.864
 5446 (vir)     1          70.670           0.740          -1.297          -8.209           78.322
 5447 (vir)     1          70.693           0.838          -1.245          -8.047           78.333
 5448 (vir)     1          70.807           0.790          -1.205          -8.059           78.452
 5449 (vir)     1          70.818           0.865          -1.200          -8.069           78.553
 5450 (vir)     1          70.838           0.801          -1.244          -7.991           78.386
 5451 (vir)     1          70.846           0.859          -1.196          -8.088           78.597
 5452 (vir)     1          70.852           0.814          -1.205          -8.063           78.524
 5453 (vir)     1          70.860           0.744          -1.226          -8.390           78.767
 5454 (vir)     1          70.872           0.865          -1.248          -8.078           78.568
 5455 (vir)     1          70.909           0.756          -1.236          -8.010           78.439
 5456 (vir)     1          70.921           0.904          -1.249          -8.069           78.645
 5457 (vir)     1          71.005           0.855          -1.228          -8.049           78.681
 5458 (vir)     1          71.046           0.734          -1.240          -8.327           78.867
 5459 (vir)     1          71.093           0.794          -1.232          -8.262           78.918
 5460 (vir)     1          71.114           0.801          -1.259          -8.124           78.780
 5461 (vir)     1          71.124           0.758          -1.455          -9.115           79.543
 5462 (vir)     1          71.184           0.794          -1.271          -8.250           78.957
 5463 (vir)     1          71.220           0.761          -1.233          -7.845           78.593
 5464 (vir)     1          71.245           0.768          -1.294          -8.012           78.731
 5465 (vir)     1          71.272           0.806          -1.293          -8.210           78.995
 5466 (vir)     1          71.320           0.837          -1.269          -7.946           78.834
 5467 (vir)     1          71.344           0.808          -1.276          -8.015           78.892
 5468 (vir)     1          71.416           0.801          -1.263          -8.044           78.998
 5469 (vir)     1          71.438           0.696          -1.383          -8.666           79.417
 5470 (vir)     1          71.477           0.816          -1.498          -9.207           80.002
 5471 (vir)     1          71.508           0.778          -1.346          -8.497           79.436
 5472 (vir)     1          71.638           0.743          -1.398          -8.735           79.718
 5473 (vir)     1          71.640           0.766          -1.415          -9.448           80.438
 5474 (vir)     1          71.789           0.786          -1.298          -8.127           79.405
 5475 (vir)     1          71.835           0.805          -1.220          -8.162           79.583
 5476 (vir)     1          71.863           0.883          -1.260          -7.815           79.302
 5477 (vir)     1          71.880           0.781          -1.233          -7.975           79.403
 5478 (vir)     1          71.922           0.783          -1.288          -8.432           79.849
 5479 (vir)     1          71.926           0.816          -1.343          -7.828           79.227
 5480 (vir)     1          71.974           0.771          -1.359          -8.593           79.980
 5481 (vir)     1          72.013           0.835          -1.492          -7.808           79.165
 5482 (vir)     1          72.065           0.810          -1.411          -9.211           80.674
 5483 (vir)     1          72.098           0.785          -1.283          -7.900           79.500
 5484 (vir)     1          72.137           0.761          -1.260          -8.258           79.897
 5485 (vir)     1          72.196           0.775          -1.343          -7.843           79.471
 5486 (vir)     1          72.294           0.818          -1.390          -9.240           80.963
 5487 (vir)     1          72.362           0.793          -1.293          -7.992           79.854
 5488 (vir)     1          72.395           0.770          -1.333          -8.801           80.633
 5489 (vir)     1          72.572           0.770          -1.335          -8.793           80.801
 5490 (vir)     1          72.622           0.825          -1.315          -7.961           80.092
 5491 (vir)     1          72.738           0.875          -1.253          -7.844           80.204
 5492 (vir)     1          72.820           0.764          -1.263          -8.362           80.683
 5493 (vir)     1          72.872           0.844          -1.269          -7.937           80.384
 5494 (vir)     1          72.884           0.735          -1.238          -7.994           80.375
 5495 (vir)     1          72.946           0.699          -1.306          -8.550           80.888
 5496 (vir)     1          73.012           0.739          -1.348          -9.080           81.483
 5497 (vir)     1          73.106           0.765          -1.327          -8.253           80.797
 5498 (vir)     1          73.139           0.676          -1.176          -7.909           80.548
 5499 (vir)     1          73.167           0.757          -1.244          -7.968           80.648
 5500 (vir)     1          73.194           0.714          -1.360          -8.670           81.218
 5501 (vir)     1          73.253           0.652          -1.329          -8.632           81.208
 5502 (vir)     1          73.555           0.810          -1.376          -8.860           81.849
 5503 (vir)     1          73.664           0.768          -1.328          -8.066           81.170
 5504 (vir)     1          73.687           0.707          -1.330          -8.479           81.543
 5505 (vir)     1          73.744           0.717          -1.293          -8.223           81.390
 5506 (vir)     1          73.748           0.808          -1.347          -8.268           81.477
 5507 (vir)     1          73.815           0.788          -1.297          -7.813           81.118
 5508 (vir)     1          73.847           0.804          -1.302          -7.968           81.317
 5509 (vir)     1          74.193           0.805          -1.261          -8.054           81.791
 5510 (vir)     1          74.234           0.833          -1.205          -8.015           81.877
 5511 (vir)     1          74.284           0.733          -1.232          -7.983           81.768
 5512 (vir)     1          74.323           0.757          -1.284          -8.000           81.797
 5513 (vir)     1          74.407           0.730          -1.336          -8.645           82.446
 5514 (vir)     1          74.461           0.674          -1.240          -7.908           81.803
 5515 (vir)     1          74.491           0.738          -1.314          -7.996           81.911
 5516 (vir)     1          74.730           0.690          -1.311          -8.078           82.187
 5517 (vir)     1          74.750           0.696          -1.328          -8.789           82.907
 5518 (vir)     1          74.863           0.728          -1.330          -8.448           82.710
 5519 (vir)     1          74.980           0.749          -1.316          -8.107           82.520
 5520 (vir)     1          75.117           0.821          -1.220          -7.917           82.634
 5521 (vir)     1          75.238           0.801          -1.238          -7.685           82.486
 5522 (vir)     1          75.239           0.720          -1.324          -8.326           82.962
 5523 (vir)     1          75.257           0.752          -1.259          -7.799           82.549
 5524 (vir)     1          75.302           0.776          -1.313          -7.886           82.650
 5525 (vir)     1          75.469           0.702          -1.320          -8.787           83.639
 5526 (vir)     1          75.670           0.773          -1.335          -7.708           82.815
 5527 (vir)     1          75.684           0.766          -1.332          -7.750           82.868
 5528 (vir)     1          75.857           0.719          -1.317          -8.219           83.478
 5529 (vir)     1          75.991           0.755          -1.438          -9.140           84.447
 5530 (vir)     1          76.016           0.735          -1.328          -7.691           83.114
 5531 (vir)     1          76.109           0.723          -1.341          -8.230           83.720
 5532 (vir)     1          76.165           0.690          -1.328          -8.099           83.625
 5533 (vir)     1          76.240           0.753          -1.356          -7.889           83.527
 5534 (vir)     1          76.304           0.589          -1.341          -8.500           84.052
 5535 (vir)     1          76.523           0.751          -1.524          -9.856           85.606
 5536 (vir)     1          76.754           0.718          -1.536          -9.506           85.441
 5537 (vir)     1          76.900           0.680          -1.351          -7.808           84.037
 5538 (vir)     1          76.966           0.656          -1.301          -7.780           84.101
 5539 (vir)     1          77.015           0.807          -1.474          -7.818           84.166
 5540 (vir)     1          77.170           0.662          -1.450          -8.433           84.815
 5541 (vir)     1          77.364           0.745          -1.432          -8.423           85.100
 5542 (vir)     1          77.436           0.711          -1.370          -7.642           84.419
 5543 (vir)     1          77.614           0.727          -1.379          -7.654           84.616
 5544 (vir)     1          77.696           0.716          -1.410          -7.804           84.806
 5545 (vir)     1          77.870           0.800          -1.656         -10.759           87.774
 5546 (vir)     1          78.040           0.684          -1.427          -7.909           85.206
 5547 (vir)     1          78.048           0.685          -1.441          -7.763           85.055
 5548 (vir)     1          78.203           0.666          -1.410          -7.872           85.331
 5549 (vir)     1          78.235           0.674          -1.427          -7.806           85.289
 5550 (vir)     1          78.958           0.632          -1.859         -12.462           90.193
 5551 (vir)     1          79.470           0.675          -1.485          -7.723           86.383
 5552 (vir)     1          79.534           0.672          -1.490          -7.674           86.390
 5553 (vir)     1          79.586           0.659          -1.493          -7.705           86.457
 5554 (vir)     1          79.615           0.663          -1.498          -7.693           86.473
 5555 (vir)     1          80.065           0.715          -1.975         -12.575           91.381
 5556 (vir)     1          80.970           0.820          -1.644         -12.922           93.068
 5557 (vir)     1          81.712           0.726          -1.873         -12.900           93.464
 5558 (vir)     1          81.816           0.914          -1.719         -12.880           93.892
 5559 (vir)     1          82.028           0.665          -1.858         -12.806           93.641
 5560 (vir)     1          82.357           0.821          -1.683         -12.799           94.294
 
