series,molecule,requested_ratio,actual_ratio,n_ao,n_ri,homo_signed_meV,lumo_signed_meV,scf_energy_delta_Ha,input,output,sha256
fig4_riao2,01_He,2,1.2,5,6,0.0,0.0,0.0,Figure_4c/RI-AO-ratio-2_RS-AO-ratio-7/01_He/input.inp,Figure_4c/RI-AO-ratio-2_RS-AO-ratio-7/01_He/output.log,ad5bb990d3c95ff7e39837d62864daeb5f08722a026110a3d3391b15be4226b8
fig4_riao2,02_Ne,2,2.0,13,26,20.999999999997243,3.0000000000001137,0.0,Figure_4c/RI-AO-ratio-2_RS-AO-ratio-7/02_Ne/input.inp,Figure_4c/RI-AO-ratio-2_RS-AO-ratio-7/02_Ne/output.log,7f0018e4bb30e88954aacdaca5c98956fdd0998329da959e3c1c5d5bca48137b
fig4_riao2,03_Ar,2,2.0,13,26,3.9999999999995595,2.9999999999992255,0.0,Figure_4c/RI-AO-ratio-2_RS-AO-ratio-7/03_Ar/input.inp,Figure_4c/RI-AO-ratio-2_RS-AO-ratio-7/03_Ar/output.log,e0d00f887316eb09c9eb7cd8c4968bfcb078939b046752c918d5936cbbe27a1f
fig4_riao2,04_Kr,2,2.0,13,26,3.9999999999995595,2.000000000000224,0.0,Figure_4c/RI-AO-ratio-2_RS-AO-ratio-7/04_Kr/input.inp,Figure_4c/RI-AO-ratio-2_RS-AO-ratio-7/04_Kr/output.log,3664f90cbe49fcc82f8317c9607bcea9fba4dd1680c5ed26b44b6cb499a77fa9
fig4_riao2,05_Xe,2,2.0,13,26,8.000000000000895,5.999999999999783,0.0,Figure_4c/RI-AO-ratio-2_RS-AO-ratio-7/05_Xe/input.inp,Figure_4c/RI-AO-ratio-2_RS-AO-ratio-7/05_Xe/output.log,7962cda4e3e7e8fbce67d8190407e16ae42d901ca8eafc62f09ae6769f69b9eb
fig4_riao2,06_H2,2,2.0,12,24,-1.0000000000012221,0.0,0.0,Figure_4c/RI-AO-ratio-2_RS-AO-ratio-7/06_H2/input.inp,Figure_4c/RI-AO-ratio-2_RS-AO-ratio-7/06_H2/output.log,0b79c11697f8e8549f8bcbc82d3e2b55eca0acdf022967ecd0cfee14e0e8abf4
fig4_riao2,07_Li2,2,2.0,12,24,9.000000000000341,8.000000000000007,2.842170943040401e-14,Figure_4c/RI-AO-ratio-2_RS-AO-ratio-7/07_Li2/input.inp,Figure_4c/RI-AO-ratio-2_RS-AO-ratio-7/07_Li2/output.log,11feb9d3fc93bbcf56a55fec6997b81912bcd11764a263d700bab81ac0e671f9
fig4_riao2,08_Na2,2,1.0,28,28,137.00000000000045,41.99999999999999,-1.4210854715202004e-14,Figure_4c/RI-AO-ratio-2_RS-AO-ratio-7/08_Na2/input.inp,Figure_4c/RI-AO-ratio-2_RS-AO-ratio-7/08_Na2/output.log,3e87b9aa0f8135096ce717a0a5b4801a7fef9ea48fbe7d0808ff3242dc011a80
fig4_riao2,09_Na4,2,1.0,56,56,84.99999999999997,66.00000000000006,-1.332978172285948e-11,Figure_4c/RI-AO-ratio-2_RS-AO-ratio-7/09_Na4/input.inp,Figure_4c/RI-AO-ratio-2_RS-AO-ratio-7/09_Na4/output.log,c47ca30c1f53622f19a66b9e3451bc00fc8250a093bf657acdb5bd6af4cbf02d
fig4_riao2,100_CuCN,2,2.0,51,102,891.0,20.000000000000018,-1.829647544582258e-11,Figure_4c/RI-AO-ratio-2_RS-AO-ratio-7/100_CuCN/input.inp,Figure_4c/RI-AO-ratio-2_RS-AO-ratio-7/100_CuCN/output.log,248e94e7fc9ea0e0378265a54363b7e1ba60a04a4d2a8b8aa384b47db848285e
fig4_riao2,10_Na6,2,1.0,84,84,126.99999999999977,34.99999999999998,1.0231815394945443e-12,Figure_4c/RI-AO-ratio-2_RS-AO-ratio-7/10_Na6/input.inp,Figure_4c/RI-AO-ratio-2_RS-AO-ratio-7/10_Na6/output.log,4774d1c092d1ad4386520ea02f11ac0a08e05d90bba022d4aeb63b06e0bac41d
fig4_riao2,11_K2,2,1.0,28,28,189.00000000000006,70.0,5.684341886080802e-14,Figure_4c/RI-AO-ratio-2_RS-AO-ratio-7/11_K2/input.inp,Figure_4c/RI-AO-ratio-2_RS-AO-ratio-7/11_K2/output.log,823d9c2d32ec2f249d568f253c6991f0362dd3462e4652663cdb932b2bcd05bc
fig4_riao2,12_Rb2,2,1.0,28,28,209.99999999999997,64.99999999999999,-4.263256414560601e-14,Figure_4c/RI-AO-ratio-2_RS-AO-ratio-7/12_Rb2/input.inp,Figure_4c/RI-AO-ratio-2_RS-AO-ratio-7/12_Rb2/output.log,e0028ec511be13e2a307fb0f22ae8d452239f088a5ef7a7e84c233ce41f2a21f
fig4_riao2,13_N2,2,2.0,26,52,48.99999999999949,12.00000000000001,7.105427357601002e-15,Figure_4c/RI-AO-ratio-2_RS-AO-ratio-7/13_N2/input.inp,Figure_4c/RI-AO-ratio-2_RS-AO-ratio-7/13_N2/output.log,cf6137fa3695a8b8b57cb3505d93fa990b72c52ffdbe02ebc5eb13a0a158ad28
fig4_riao2,14_P2,2,2.0,26,52,16.000000000000014,12.999999999999956,3.375077994860476e-14,Figure_4c/RI-AO-ratio-2_RS-AO-ratio-7/14_P2/input.inp,Figure_4c/RI-AO-ratio-2_RS-AO-ratio-7/14_P2/output.log,97c1a70fb60ff79c849fb7dc5e0a85028c174c976ae0c6df4f222f00d5cbe236
fig4_riao2,15_As2,2,2.0,26,52,14.999999999998792,24.999999999999968,1.1043610470551357e-11,Figure_4c/RI-AO-ratio-2_RS-AO-ratio-7/15_As2/input.inp,Figure_4c/RI-AO-ratio-2_RS-AO-ratio-7/15_As2/output.log,94f345f698e6e6bdc87cd48d8057d174629d37b8bf7439a1e09cb67ea09fab84
fig4_riao2,16_F2,2,2.0,26,52,30.000000000001137,6.000000000000005,-7.105427357601002e-14,Figure_4c/RI-AO-ratio-2_RS-AO-ratio-7/16_F2/input.inp,Figure_4c/RI-AO-ratio-2_RS-AO-ratio-7/16_F2/output.log,5b19605226fa1456dd9fc7d15c5db04a129aa881a5e2f2e9eb42d6a941160db8
fig4_riao2,17_Cl2,2,2.0,26,52,48.00000000000004,30.0,7.105427357601002e-15,Figure_4c/RI-AO-ratio-2_RS-AO-ratio-7/17_Cl2/input.inp,Figure_4c/RI-AO-ratio-2_RS-AO-ratio-7/17_Cl2/output.log,6114b928dc244ac32e8b5c18b3e8bb3679ee4e6b3c66c86a91ef94b165fa34b3
fig4_riao2,18_Br2,2,2.0,26,52,50.00000000000071,59.00000000000005,6.394884621840902e-14,Figure_4c/RI-AO-ratio-2_RS-AO-ratio-7/18_Br2/input.inp,Figure_4c/RI-AO-ratio-2_RS-AO-ratio-7/18_Br2/output.log,a03ab0e2b33dcda958e989ce6d4e2ea83f99713220901515e8c5daa835c72d40
fig4_riao2,19_I2,2,2.0,26,52,37.00000000000081,27.000000000000025,1.8829382497642655e-13,Figure_4c/RI-AO-ratio-2_RS-AO-ratio-7/19_I2/input.inp,Figure_4c/RI-AO-ratio-2_RS-AO-ratio-7/19_I2/output.log,1e761f06a3a0bb4ca476503677df39d8f174dad0cb725a038d2ec6ddd0e50930
fig4_riao2,20_CH4,2,2.0,37,74,12.9999999999999,-1.000000000000112,-3.552713678800501e-15,Figure_4c/RI-AO-ratio-2_RS-AO-ratio-7/20_CH4/input.inp,Figure_4c/RI-AO-ratio-2_RS-AO-ratio-7/20_CH4/output.log,0a36543dd362f3ebb65eafa01f4063583c000749593b4d60d762bf131f3885a2
fig4_riao2,21_C2H6,2,2.0,62,124,20.99999999999902,-3.0000000000001137,4.263256414560601e-14,Figure_4c/RI-AO-ratio-2_RS-AO-ratio-7/21_C2H6/input.inp,Figure_4c/RI-AO-ratio-2_RS-AO-ratio-7/21_C2H6/output.log,5e9dcb1df267439599905afd907b3c19c2743dd1add85305dde9a2a5b3f55c99
fig4_riao2,22_C3H8,2,2.0,87,174,0.0,-4.0000000000000036,-4.263256414560601e-14,Figure_4c/RI-AO-ratio-2_RS-AO-ratio-7/22_C3H8/input.inp,Figure_4c/RI-AO-ratio-2_RS-AO-ratio-7/22_C3H8/output.log,6414aaa2c0bf8db75d94f5c32a33c104da2fee0e67910d73318b7d69705b16d4
fig4_riao2,23_C4H10,2,2.0,112,224,27.999999999998693,-6.000000000000005,4.973799150320701e-14,Figure_4c/RI-AO-ratio-2_RS-AO-ratio-7/23_C4H10/input.inp,Figure_4c/RI-AO-ratio-2_RS-AO-ratio-7/23_C4H10/output.log,4efdd020f093667d552db4bc79c61c9cbed85635fce68f5ec858214bdfeff936
fig4_riao2,24_C2H4,2,2.0,50,100,13.999999999999346,-4.0000000000000036,7.105427357601002e-14,Figure_4c/RI-AO-ratio-2_RS-AO-ratio-7/24_C2H4/input.inp,Figure_4c/RI-AO-ratio-2_RS-AO-ratio-7/24_C2H4/output.log,3370dc0e8a58729ceb742e4db24235edfe85761aae43724e91c1dcffe94d93dc
fig4_riao2,25_C2H2,2,2.0,38,76,25.000000000000355,0.0,0.0,Figure_4c/RI-AO-ratio-2_RS-AO-ratio-7/25_C2H2/input.inp,Figure_4c/RI-AO-ratio-2_RS-AO-ratio-7/25_C2H2/output.log,c593d38c7e8c5a5e6fb086d236536fe3a80131746c29d2fbca26286cb491310a
fig4_riao2,26_C4,2,2.0,52,104,37.00000000000081,-4.999999999999893,-6.513556272125243e-08,Figure_4c/RI-AO-ratio-2_RS-AO-ratio-7/26_C4/input.inp,Figure_4c/RI-AO-ratio-2_RS-AO-ratio-7/26_C4/output.log,de0fd4f8d62c723c647e1116a4e614be4d5a7b0741e835d235b7f74c6c6e902b
fig4_riao2,27_C3H6,2,2.0,75,150,19.999999999999574,-5.0000000000001155,-3.907985046680551e-14,Figure_4c/RI-AO-ratio-2_RS-AO-ratio-7/27_C3H6/input.inp,Figure_4c/RI-AO-ratio-2_RS-AO-ratio-7/27_C3H6/output.log,49d4b275c904190a12f4b050748fa22b8ea71a68abfa7bcf7bc428fc44da20db
fig4_riao2,28_C6H6,2,2.0,114,228,20.99999999999902,-17.000000000000128,-2.5579538487363607e-13,Figure_4c/RI-AO-ratio-2_RS-AO-ratio-7/28_C6H6/input.inp,Figure_4c/RI-AO-ratio-2_RS-AO-ratio-7/28_C6H6/output.log,029f901215ebf4414c158a68a4b1de099bf32b83e6c90a4f5d8a2452a2967ead
fig4_riao2,29_C8H8,2,2.0,152,304,16.000000000000014,6.000000000000005,-6.073008762541576e-11,Figure_4c/RI-AO-ratio-2_RS-AO-ratio-7/29_C8H8/input.inp,Figure_4c/RI-AO-ratio-2_RS-AO-ratio-7/29_C8H8/output.log,4706661c5e8bfc80f5949ce4c24dd6ed78eda2e49446732726c9506bf1ca7607
fig4_riao2,30_C5H6,2,2.0,101,202,14.000000000000234,-5.999999999999783,9.450218385609332e-13,Figure_4c/RI-AO-ratio-2_RS-AO-ratio-7/30_C5H6/input.inp,Figure_4c/RI-AO-ratio-2_RS-AO-ratio-7/30_C5H6/output.log,5e88a5ba2c3693fb72f4b83f5810639a631190f8f6353dfc7c4250e6ea3566f6
fig4_riao2,31_C2H3F,2,2.0,57,114,21.000000000000796,-3.0000000000001137,-2.842170943040401e-14,Figure_4c/RI-AO-ratio-2_RS-AO-ratio-7/31_C2H3F/input.inp,Figure_4c/RI-AO-ratio-2_RS-AO-ratio-7/31_C2H3F/output.log,5335558efd94d8308348f8e27ce630a8253562815899b5a7b0de54eb4cf7286f
fig4_riao2,32_C2H3Cl,2,2.0,57,114,18.000000000000682,9.000000000000341,-6.039613253960852e-14,Figure_4c/RI-AO-ratio-2_RS-AO-ratio-7/32_C2H3Cl/input.inp,Figure_4c/RI-AO-ratio-2_RS-AO-ratio-7/32_C2H3Cl/output.log,67a98ca5f81d2763de936979909a88fbd886143fba35b5831b2522023a77b9a4
fig4_riao2,33_C2H3Br,2,2.0,57,114,32.00000000000003,-2.9999999999998916,6.750155989720952e-14,Figure_4c/RI-AO-ratio-2_RS-AO-ratio-7/33_C2H3Br/input.inp,Figure_4c/RI-AO-ratio-2_RS-AO-ratio-7/33_C2H3Br/output.log,951a1b8eb3e5e826769baa88364a7d01180e18c677e40051f2054da3a054850e
fig4_riao2,34_C2H3I,2,2.0,57,114,29.99999999999936,20.999999999999908,-4.263256414560601e-14,Figure_4c/RI-AO-ratio-2_RS-AO-ratio-7/34_C2H3I/input.inp,Figure_4c/RI-AO-ratio-2_RS-AO-ratio-7/34_C2H3I/output.log,8ceed0ec598611b709ed1c3f856d8f8145f6f554aa3f7f653225e31b355996f1
fig4_riao2,35_CF4,2,2.0,65,130,37.00000000000081,14.000000000000234,0.0,Figure_4c/RI-AO-ratio-2_RS-AO-ratio-7/35_CF4/input.inp,Figure_4c/RI-AO-ratio-2_RS-AO-ratio-7/35_CF4/output.log,0cc3d30e1692e3bcccd34e3839f74dfa74ca6b12785eea1775d62c86db4f8c7a
fig4_riao2,36_CCl4,2,2.0,65,130,36.999999999999034,23.00000000000013,-1.4210854715202004e-13,Figure_4c/RI-AO-ratio-2_RS-AO-ratio-7/36_CCl4/input.inp,Figure_4c/RI-AO-ratio-2_RS-AO-ratio-7/36_CCl4/output.log,bfb2c25f3b623723d9db18f9a222c06bbea84c65f174219bf3866f4a0365e3bf
fig4_riao2,37_CBr4,2,2.0,65,130,54.999999999999716,34.0,2.842170943040401e-14,Figure_4c/RI-AO-ratio-2_RS-AO-ratio-7/37_CBr4/input.inp,Figure_4c/RI-AO-ratio-2_RS-AO-ratio-7/37_CBr4/output.log,5931e9e6993f88ea17032f76fc9619965612fe48b8b2d5bf0353a90efbec43a8
fig4_riao2,38_CI4,2,2.0,65,130,38.000000000001144,12.999999999999998,-1.2079226507921703e-13,Figure_4c/RI-AO-ratio-2_RS-AO-ratio-7/38_CI4/input.inp,Figure_4c/RI-AO-ratio-2_RS-AO-ratio-7/38_CI4/output.log,23cef8684f40e723252ab9e24b492a56ccb3dd244652834060b835809d3d5762
fig4_riao2,39_SiH4,2,2.0,37,74,15.000000000000568,2.0000000000000018,1.0658141036401503e-14,Figure_4c/RI-AO-ratio-2_RS-AO-ratio-7/39_SiH4/input.inp,Figure_4c/RI-AO-ratio-2_RS-AO-ratio-7/39_SiH4/output.log,694cfa99571f72c61b1bacc6d54b8068ebf05e76230b13787e4387e47c8e052f
fig4_riao2,40_GeH4,2,2.0,37,74,12.000000000000455,1.000000000000112,7.105427357601002e-15,Figure_4c/RI-AO-ratio-2_RS-AO-ratio-7/40_GeH4/input.inp,Figure_4c/RI-AO-ratio-2_RS-AO-ratio-7/40_GeH4/output.log,cda8e21c7513b44798a0475680af339c80f80d8aba67ec0c635c2955ce4dd58d
fig4_riao2,41_Si2H6,2,2.0,62,124,16.000000000000014,0.9999999999998899,1.9539925233402755e-14,Figure_4c/RI-AO-ratio-2_RS-AO-ratio-7/41_Si2H6/input.inp,Figure_4c/RI-AO-ratio-2_RS-AO-ratio-7/41_Si2H6/output.log,37ef1f2446131defcad2c2ff8573bf94d3be9ebfb54820040eeadf26ddb3dc19
fig4_riao2,42_Si5H12,2,2.0,137,274,15.000000000000568,17.000000000000014,2.4868995751603507e-14,Figure_4c/RI-AO-ratio-2_RS-AO-ratio-7/42_Si5H12/input.inp,Figure_4c/RI-AO-ratio-2_RS-AO-ratio-7/42_Si5H12/output.log,d37eacd7e5b59f470a93eb547473959db8234551754ef04352cf78c5751b4306
fig4_riao2,43_LiH,2,2.0,12,24,3.0000000000001137,-3.0000000000000027,-2.6645352591003757e-15,Figure_4c/RI-AO-ratio-2_RS-AO-ratio-7/43_LiH/input.inp,Figure_4c/RI-AO-ratio-2_RS-AO-ratio-7/43_LiH/output.log,1cdb8be8d476fcec87b03418bb7cbc0c57ef667b43251e4362d32e39ebe1f967
fig4_riao2,44_KH,2,2.0,20,40,4.000000000000448,2.9999999999999956,-3.552713678800501e-15,Figure_4c/RI-AO-ratio-2_RS-AO-ratio-7/44_KH/input.inp,Figure_4c/RI-AO-ratio-2_RS-AO-ratio-7/44_KH/output.log,79e0bad6da5f32b443b0795e642b693b4015d484d35515bf02790c9d0e7e320b
fig4_riao2,45_BH3,2,2.0,31,62,4.999999999999005,9.000000000000007,8.881784197001252e-16,Figure_4c/RI-AO-ratio-2_RS-AO-ratio-7/45_BH3/input.inp,Figure_4c/RI-AO-ratio-2_RS-AO-ratio-7/45_BH3/output.log,164635c004989a79825c2ba7827e7bfdebaeec07b04448001d932a836b40b9f9
fig4_riao2,46_B2H6,2,2.0,62,124,16.99999999999946,9.000000000000119,3.907985046680551e-14,Figure_4c/RI-AO-ratio-2_RS-AO-ratio-7/46_B2H6/input.inp,Figure_4c/RI-AO-ratio-2_RS-AO-ratio-7/46_B2H6/output.log,7fbbfa8f2103b8edf03ce5e946efd954e13a4eb7e54f622d5659ee94a4fa5ffc
fig4_riao2,47_NH3,2,2.0,31,62,28.999999999999915,4.0000000000000036,-3.552713678800501e-15,Figure_4c/RI-AO-ratio-2_RS-AO-ratio-7/47_NH3/input.inp,Figure_4c/RI-AO-ratio-2_RS-AO-ratio-7/47_NH3/output.log,e0d24c7cd22bce29311635b7388f2fc168806d3243003edfe36f50f68c6abae4
fig4_riao2,48_HN3,2,2.0,45,90,28.999999999999915,4.0000000000000036,2.4868995751603507e-14,Figure_4c/RI-AO-ratio-2_RS-AO-ratio-7/48_HN3/input.inp,Figure_4c/RI-AO-ratio-2_RS-AO-ratio-7/48_HN3/output.log,9dce617e4adce55ff97c4d666518a5bf69b9b7483b4d880cc3bb2089d9724c96
fig4_riao2,49_PH3,2,2.0,31,62,29.99999999999936,4.0000000000000036,-5.329070518200751e-15,Figure_4c/RI-AO-ratio-2_RS-AO-ratio-7/49_PH3/input.inp,Figure_4c/RI-AO-ratio-2_RS-AO-ratio-7/49_PH3/output.log,1d4f473cfa01145ce179aedda2fc0173e9a70ffd0d025f4ccc9203626ec508fe
fig4_riao2,50_AsH3,2,2.0,31,62,7.999999999999119,-4.0000000000000036,-1.7763568394002505e-14,Figure_4c/RI-AO-ratio-2_RS-AO-ratio-7/50_AsH3/input.inp,Figure_4c/RI-AO-ratio-2_RS-AO-ratio-7/50_AsH3/output.log,55f29e1e35ee7348f071824188cb8b8f5c5ca402245349a43386fea1bf46beb6
fig4_riao2,51_SH2,2,2.0,25,50,33.99999999999892,4.0000000000000036,1.0658141036401503e-14,Figure_4c/RI-AO-ratio-2_RS-AO-ratio-7/51_SH2/input.inp,Figure_4c/RI-AO-ratio-2_RS-AO-ratio-7/51_SH2/output.log,a5fb329383c1276879296c1edafea2f23482a6578423591d6711c89bf8694327
fig4_riao2,52_HF,2,2.0,19,38,30.000000000001137,6.999999999999895,-7.105427357601002e-15,Figure_4c/RI-AO-ratio-2_RS-AO-ratio-7/52_HF/input.inp,Figure_4c/RI-AO-ratio-2_RS-AO-ratio-7/52_HF/output.log,0f5ad5c3ad4f856a76006e8e3e860a11d99e4a39135f553cdac860326843a270
fig4_riao2,53_HCl,2,2.0,19,38,19.000000000000128,11.00000000000012,1.7763568394002505e-15,Figure_4c/RI-AO-ratio-2_RS-AO-ratio-7/53_HCl/input.inp,Figure_4c/RI-AO-ratio-2_RS-AO-ratio-7/53_HCl/output.log,029db64cb887dd7efd7d892c5203902aac7dac1b71e4ea3e5b9617e00f075cb9
fig4_riao2,54_LiF,2,2.0,19,38,9.000000000000341,-10.000000000000009,1.4921397450962104e-12,Figure_4c/RI-AO-ratio-2_RS-AO-ratio-7/54_LiF/input.inp,Figure_4c/RI-AO-ratio-2_RS-AO-ratio-7/54_LiF/output.log,767949d54ef580a2a0eb7c1c655c2ca6275b75d19113f67c901e2cd40badfaf7
fig4_riao2,55_MgF2,2,2.0,40,80,22.999999999999687,25.00000000000002,8.526512829121202e-14,Figure_4c/RI-AO-ratio-2_RS-AO-ratio-7/55_MgF2/input.inp,Figure_4c/RI-AO-ratio-2_RS-AO-ratio-7/55_MgF2/output.log,08bd8ca7fea84ae6203bc95afce3dd859b4bc225c1e200de65d63073b134be79
fig4_riao2,56_TiF4,2,2.0,78,156,19.000000000000128,72.00000000000001,-1.1368683772161603e-13,Figure_4c/RI-AO-ratio-2_RS-AO-ratio-7/56_TiF4/input.inp,Figure_4c/RI-AO-ratio-2_RS-AO-ratio-7/56_TiF4/output.log,50b180af11622a9887daf716969defce691552f6f5f86168e6d0f6ffcb1eb3aa
fig4_riao2,57_AlF3,2,2.0,52,104,22.00000000000024,5.0000000000001155,-1.5006662579253316e-11,Figure_4c/RI-AO-ratio-2_RS-AO-ratio-7/57_AlF3/input.inp,Figure_4c/RI-AO-ratio-2_RS-AO-ratio-7/57_AlF3/output.log,26ccee049254a7b1a0e3705909084f621b03bb952d239a8ee2b1a764b4f0065a
fig4_riao2,58_BF,2,2.0,26,52,3.9999999999995595,6.999999999999895,-2.4868995751603507e-14,Figure_4c/RI-AO-ratio-2_RS-AO-ratio-7/58_BF/input.inp,Figure_4c/RI-AO-ratio-2_RS-AO-ratio-7/58_BF/output.log,e6464621aeafd134d3eae3432e38cedb29d59c99b57caa6b95275d470ca854f5
fig4_riao2,59_SF4,2,2.0,65,130,19.999999999999574,20.000000000000018,-9.947598300641403e-14,Figure_4c/RI-AO-ratio-2_RS-AO-ratio-7/59_SF4/input.inp,Figure_4c/RI-AO-ratio-2_RS-AO-ratio-7/59_SF4/output.log,bc8dc48464900c137460eece9e9ffb8bdeb35566911861019f8b2c987d78c09d
fig4_riao2,60_BrK,2,2.0,27,54,42.0000000000007,-4.0000000000000036,-2.1316282072803006e-14,Figure_4c/RI-AO-ratio-2_RS-AO-ratio-7/60_BrK/input.inp,Figure_4c/RI-AO-ratio-2_RS-AO-ratio-7/60_BrK/output.log,1266850714e42afc7557439062b759e635c5d4278c2bb205b97d2d7dea39328a
fig4_riao2,61_GaCl,2,2.0,38,76,35.99999999999959,24.00000000000002,2.842170943040401e-14,Figure_4c/RI-AO-ratio-2_RS-AO-ratio-7/61_GaCl/input.inp,Figure_4c/RI-AO-ratio-2_RS-AO-ratio-7/61_GaCl/output.log,78d6d6dd5746d8d7b41faf8c23fa4ceb700a8625dd9c73fecf1d9071f68a9f43
fig4_riao2,62_NaCl,2,2.0,27,54,35.00000000000014,3.0000000000000027,3.922195901395753e-12,Figure_4c/RI-AO-ratio-2_RS-AO-ratio-7/62_NaCl/input.inp,Figure_4c/RI-AO-ratio-2_RS-AO-ratio-7/62_NaCl/output.log,72599603dce90c26c5ad29233705e95aed073ab1cfee08c561d1548e46a4120e
fig4_riao2,63_MgCl2,2,2.0,40,80,18.000000000000682,12.999999999999998,2.842170943040401e-14,Figure_4c/RI-AO-ratio-2_RS-AO-ratio-7/63_MgCl2/input.inp,Figure_4c/RI-AO-ratio-2_RS-AO-ratio-7/63_MgCl2/output.log,09bf50e2df4547b13b59d3d2dee8487322cec584ca960f055a648c7c21ec00bc
fig4_riao2,64_AlI3,2,2.0,52,104,35.99999999999959,13.00000000000001,1.4210854715202004e-13,Figure_4c/RI-AO-ratio-2_RS-AO-ratio-7/64_AlI3/input.inp,Figure_4c/RI-AO-ratio-2_RS-AO-ratio-7/64_AlI3/output.log,5c601643eb23f3d83f4667edf02394a4f47eb3a04cba8c42546c5e6e317c30dd
fig4_riao2,65_BN,2,2.0,26,52,10.999999999999233,18.999999999999684,4.440892098500626e-14,Figure_4c/RI-AO-ratio-2_RS-AO-ratio-7/65_BN/input.inp,Figure_4c/RI-AO-ratio-2_RS-AO-ratio-7/65_BN/output.log,800a89caf6b6520ad74a3e962a12ee1eaa3f03c5caa5645bc49f3434f8f72890
fig4_riao2,66_NCH,2,2.0,32,64,38.9999999999997,3.0000000000001137,4.263256414560601e-14,Figure_4c/RI-AO-ratio-2_RS-AO-ratio-7/66_NCH/input.inp,Figure_4c/RI-AO-ratio-2_RS-AO-ratio-7/66_NCH/output.log,562d69135fb36880dca5a15abb62ddf18088c4a6fc53e3601cfba482fd57288d
fig4_riao2,67_PN,2,2.0,26,52,22.999999999999687,10.000000000000009,-2.1316282072803006e-14,Figure_4c/RI-AO-ratio-2_RS-AO-ratio-7/67_PN/input.inp,Figure_4c/RI-AO-ratio-2_RS-AO-ratio-7/67_PN/output.log,a23ed2b142260ff68196f19ce5a188a48e429532fe02553ef92bd6e6d4ca20b3
fig4_riao2,68_N2H4,2,2.0,50,100,44.00000000000048,2.0000000000000018,-4.618527782440651e-14,Figure_4c/RI-AO-ratio-2_RS-AO-ratio-7/68_N2H4/input.inp,Figure_4c/RI-AO-ratio-2_RS-AO-ratio-7/68_N2H4/output.log,7a225e38b901dbdcaae9c52e322804fb59082b9a87b19b3b7442c28307f0d178
fig4_riao2,69_H2CO,2,2.0,38,76,9.000000000000341,10.000000000000009,3.552713678800501e-14,Figure_4c/RI-AO-ratio-2_RS-AO-ratio-7/69_H2CO/input.inp,Figure_4c/RI-AO-ratio-2_RS-AO-ratio-7/69_H2CO/output.log,cafc4c7679df1778e9de36a075ffd6fd5f63718069882308a19d7f54f0af957e
fig4_riao2,70_CH3OH,2,2.0,50,100,18.000000000000682,4.0000000000000036,-1.7763568394002505e-14,Figure_4c/RI-AO-ratio-2_RS-AO-ratio-7/70_CH3OH/input.inp,Figure_4c/RI-AO-ratio-2_RS-AO-ratio-7/70_CH3OH/output.log,f704eb4b8455ce5566b88fc227daf99c6fca592437f41b6473b7d3087f11eeb7
fig4_riao2,71_C2H5OH,2,2.0,75,150,15.000000000000568,2.0000000000000018,-2.842170943040401e-14,Figure_4c/RI-AO-ratio-2_RS-AO-ratio-7/71_C2H5OH/input.inp,Figure_4c/RI-AO-ratio-2_RS-AO-ratio-7/71_C2H5OH/output.log,07f3d8e0191024eb1306240b0bb043b79a4f7177f98c0843c51663794d7156c7
fig4_riao2,72_C2H4O,2,2.0,63,126,9.000000000000341,-4.0000000000000036,5.684341886080802e-14,Figure_4c/RI-AO-ratio-2_RS-AO-ratio-7/72_C2H4O/input.inp,Figure_4c/RI-AO-ratio-2_RS-AO-ratio-7/72_C2H4O/output.log,d9e42da7cb6dca4d340a648224f08d8f73e78f923c967651d4829320789e1abd
fig4_riao2,73_C4H10O4,2,2.0,125,250,26.999999999999247,-4.0000000000000036,1.84456894203322e-11,Figure_4c/RI-AO-ratio-2_RS-AO-ratio-7/73_C4H10O4/input.inp,Figure_4c/RI-AO-ratio-2_RS-AO-ratio-7/73_C4H10O4/output.log,2fc6854876f39fb4b8c869a2b3d6c575f9f1fba23aa522ccbf8672f89fc8745e
fig4_riao2,74_HCOOH,2,2.0,51,102,14.999999999998792,5.0000000000001155,3.623767952376511e-13,Figure_4c/RI-AO-ratio-2_RS-AO-ratio-7/74_HCOOH/input.inp,Figure_4c/RI-AO-ratio-2_RS-AO-ratio-7/74_HCOOH/output.log,ccca756303e937a5a103b90ef128adb9b5ef5a4ebb1bb0894af9ae4ce4ba341a
fig4_riao2,75_H2O2,2,2.0,38,76,12.9999999999999,6.000000000000005,5.684341886080802e-14,Figure_4c/RI-AO-ratio-2_RS-AO-ratio-7/75_H2O2/input.inp,Figure_4c/RI-AO-ratio-2_RS-AO-ratio-7/75_H2O2/output.log,c68ea40544ef82435e42b0963b4703847eca7a2e3b0af188a0ee91ea1d196cf5
fig4_riao2,76_H2O,2,2.0,25,50,6.000000000000227,4.999999999999893,2.842170943040401e-14,Figure_4c/RI-AO-ratio-2_RS-AO-ratio-7/76_H2O/input.inp,Figure_4c/RI-AO-ratio-2_RS-AO-ratio-7/76_H2O/output.log,43184b514bd81c3c94af111166b2c624bb58fe3b97659cb62ec008143f77b471
fig4_riao2,77_CO2,2,2.0,39,78,9.999999999999787,8.000000000000007,-4.263256414560601e-14,Figure_4c/RI-AO-ratio-2_RS-AO-ratio-7/77_CO2/input.inp,Figure_4c/RI-AO-ratio-2_RS-AO-ratio-7/77_CO2/output.log,8e9a3fb62a301e93ee9991d8d61f601011c03755d6300ac8268f73f9f2b25b64
fig4_riao2,78_CS2,2,2.0,39,78,34.000000000000696,33.00000000000003,-3.197442310920451e-14,Figure_4c/RI-AO-ratio-2_RS-AO-ratio-7/78_CS2/input.inp,Figure_4c/RI-AO-ratio-2_RS-AO-ratio-7/78_CS2/output.log,272cfbc420b94c1c22a020147e7f2d12c879ff7bbd486690949067662416d471
fig4_riao2,79_OCS,2,2.0,39,78,22.999999999999687,20.000000000000018,-4.973799150320701e-14,Figure_4c/RI-AO-ratio-2_RS-AO-ratio-7/79_OCS/input.inp,Figure_4c/RI-AO-ratio-2_RS-AO-ratio-7/79_OCS/output.log,b496a5326f72eb6e3b521841d6053bf2caaa9b9be17858eac84f59007a0cbce3
fig4_riao2,80_OCSe,2,2.0,39,78,12.9999999999999,8.000000000000007,-2.1316282072803006e-14,Figure_4c/RI-AO-ratio-2_RS-AO-ratio-7/80_OCSe/input.inp,Figure_4c/RI-AO-ratio-2_RS-AO-ratio-7/80_OCSe/output.log,2b983df0e94267caf638f98a865403a1b3ec4dfa9afb28d24e575d5f84f0553b
fig4_riao2,81_CO,2,2.0,26,52,8.999999999998565,6.000000000000005,3.113598268100759e-11,Figure_4c/RI-AO-ratio-2_RS-AO-ratio-7/81_CO/input.inp,Figure_4c/RI-AO-ratio-2_RS-AO-ratio-7/81_CO/output.log,5569f8b051387a24720b074c4a2a3411f212b907afdc6e5ba0f3d2b049990709
fig4_riao2,82_O3,2,2.0,39,78,5.000000000000782,30.00000000000003,4.618527782440651e-13,Figure_4c/RI-AO-ratio-2_RS-AO-ratio-7/82_O3/input.inp,Figure_4c/RI-AO-ratio-2_RS-AO-ratio-7/82_O3/output.log,726831026190c930d8c266a80f56e948a7c53523fcfa5ebe3ecc1c838ce09d41
fig4_riao2,83_SO2,2,2.0,39,78,8.999999999998565,18.999999999999908,-3.552713678800501e-14,Figure_4c/RI-AO-ratio-2_RS-AO-ratio-7/83_SO2/input.inp,Figure_4c/RI-AO-ratio-2_RS-AO-ratio-7/83_SO2/output.log,9a3f3b49e57e7ba80bffbbb5f4a9b95fb48b583ed047b477f431f2ccf98e248d
fig4_riao2,84_BeO,2,2.0,19,38,24.00000000000091,6.000000000000227,-2.4868995751603507e-13,Figure_4c/RI-AO-ratio-2_RS-AO-ratio-7/84_BeO/input.inp,Figure_4c/RI-AO-ratio-2_RS-AO-ratio-7/84_BeO/output.log,26f445c532bc57adad2dbe17b428cec5b2d31aa9342ec6c2b8bf335fc875d0fd
fig4_riao2,85_MgO,2,2.0,27,54,11.00000000000012,18.999999999999908,-1.1084466677857563e-12,Figure_4c/RI-AO-ratio-2_RS-AO-ratio-7/85_MgO/input.inp,Figure_4c/RI-AO-ratio-2_RS-AO-ratio-7/85_MgO/output.log,c4d2e6d6dec6c5eadc6e599bcec45e1ffa5dbfce34497d47ace366f43c968be2
fig4_riao2,86_C7H8,2,2.0,139,278,-62.99999999999972,-12.00000000000001,-1.3500311979441904e-13,Figure_4c/RI-AO-ratio-2_RS-AO-ratio-7/86_C7H8/input.inp,Figure_4c/RI-AO-ratio-2_RS-AO-ratio-7/86_C7H8/output.log,ad728ad52d84c15c824340780e93c5ec9e36aeca6d75066ceb5719c1bbcec937
fig4_riao2,87_C8H10,2,2.0,164,328,14.000000000000234,-10.000000000000009,1.9824142327706795e-12,Figure_4c/RI-AO-ratio-2_RS-AO-ratio-7/87_C8H10/input.inp,Figure_4c/RI-AO-ratio-2_RS-AO-ratio-7/87_C8H10/output.log,5d9a5078d0d1798afcd9b92e97c7d503397b60b647563286b2e1c34a4f817326
fig4_riao2,88_C6F6,2,2.0,156,312,-99.0000000000002,18.000000000000014,-8.242295734817162e-13,Figure_4c/RI-AO-ratio-2_RS-AO-ratio-7/88_C6F6/input.inp,Figure_4c/RI-AO-ratio-2_RS-AO-ratio-7/88_C6F6/output.log,c035adc3609e27d416a6efd0cf1782d438086ab484d3bdc37e745a4cc0764401
fig4_riao2,89_C6H5OH,2,2.0,127,254,4.000000000000448,-8.000000000000007,-1.638511548662791e-11,Figure_4c/RI-AO-ratio-2_RS-AO-ratio-7/89_C6H5OH/input.inp,Figure_4c/RI-AO-ratio-2_RS-AO-ratio-7/89_C6H5OH/output.log,1e9f56f528a55aa7693f4a126cd592e85b2919d944b221dd4c7cf7081599228e
fig4_riao2,90_C6H5NH2,2,2.0,133,266,36.99999999999992,-18.000000000000014,-1.0729195309977513e-12,Figure_4c/RI-AO-ratio-2_RS-AO-ratio-7/90_C6H5NH2/input.inp,Figure_4c/RI-AO-ratio-2_RS-AO-ratio-7/90_C6H5NH2/output.log,3d82445b6c22f6d01a537e0c9d50aeee46f10bb80b3e59b4e8f9e68ac470f983
fig4_riao2,91_C5H5N,2,2.0,108,216,44.00000000000048,18.999999999999908,1.7763568394002505e-13,Figure_4c/RI-AO-ratio-2_RS-AO-ratio-7/91_C5H5N/input.inp,Figure_4c/RI-AO-ratio-2_RS-AO-ratio-7/91_C5H5N/output.log,8f2474aa0c39b6f5bd888d0f1a842cd778843923aea2dd8a582dca59fe62c0fc
fig4_riao2,92_guanine,2,2.0,173,346,25.9999999999998,-7.000000000000006,4.007461029686965e-11,Figure_4c/RI-AO-ratio-2_RS-AO-ratio-7/92_guanine/input.inp,Figure_4c/RI-AO-ratio-2_RS-AO-ratio-7/92_guanine/output.log,6f0920427d7a4b21742132c02654c0418df89898129a3272c43e83de1843b701
fig4_riao2,93_adenine,2,2.0,160,320,25.9999999999998,12.00000000000001,1.1596057447604835e-11,Figure_4c/RI-AO-ratio-2_RS-AO-ratio-7/93_adenine/input.inp,Figure_4c/RI-AO-ratio-2_RS-AO-ratio-7/93_adenine/output.log,6db3c8e00324582bafff6ce1c8697e21d8d696a9c6b5f82a6c08690689287d98
fig4_riao2,94_cytosine,2,2.0,134,268,27.000000000000135,10.000000000000009,-1.9667822925839573e-11,Figure_4c/RI-AO-ratio-2_RS-AO-ratio-7/94_cytosine/input.inp,Figure_4c/RI-AO-ratio-2_RS-AO-ratio-7/94_cytosine/output.log,d47d2ed80b917593c0f9a97e632a3d642032f378b11cbf2d94259483431d988a
fig4_riao2,95_thymine,2,2.0,153,306,23.999999999999133,15.000000000000014,-2.5480062504357193e-11,Figure_4c/RI-AO-ratio-2_RS-AO-ratio-7/95_thymine/input.inp,Figure_4c/RI-AO-ratio-2_RS-AO-ratio-7/95_thymine/output.log,ceb939fa6e7f2450d2a68df54dd9217f360590f18a54c0505e084485a216c495
fig4_riao2,96_uracil,2,2.0,128,256,27.000000000001023,17.000000000000014,-9.606537787476555e-12,Figure_4c/RI-AO-ratio-2_RS-AO-ratio-7/96_uracil/input.inp,Figure_4c/RI-AO-ratio-2_RS-AO-ratio-7/96_uracil/output.log,ecb4355e36a85bd49fdf8209ce9d059279ad3ccab0f923c1e0ec7c606b84fb54
fig4_riao2,97_urea,2,2.0,76,152,16.99999999999946,-2.0000000000000018,7.815970093361102e-14,Figure_4c/RI-AO-ratio-2_RS-AO-ratio-7/97_urea/input.inp,Figure_4c/RI-AO-ratio-2_RS-AO-ratio-7/97_urea/output.log,935242b4cc57cf25f1921b70759c62e0f7d45b266c7555bc8e6f62b57f322cf5
fig4_riao2,98_Ag2,2,2.0,50,100,36.000000000000476,32.00000000000003,0.0,Figure_4c/RI-AO-ratio-2_RS-AO-ratio-7/98_Ag2/input.inp,Figure_4c/RI-AO-ratio-2_RS-AO-ratio-7/98_Ag2/output.log,761a0f2fe606a647af63e7f481ac5d879c215c025bd52ec3818908c2ae2b5eae
fig4_riao2,99_Cu2,2,2.0,50,100,399.9999999999999,-5.000000000000004,2.842170943040401e-14,Figure_4c/RI-AO-ratio-2_RS-AO-ratio-7/99_Cu2/input.inp,Figure_4c/RI-AO-ratio-2_RS-AO-ratio-7/99_Cu2/output.log,2c2b1aa7e0ac7cbdda4528b04ca15c718ee19caa50657b094865f955524e21e5
fig4_riao3,01_He,3,1.2,5,6,0.0,0.0,0.0,Figure_4c/RI-AO-ratio-3_RS-AO-ratio-7/01_He/input.inp,Figure_4c/RI-AO-ratio-3_RS-AO-ratio-7/01_He/output.log,9474f921e4511ee86958bc0563863b35d311f3a243b9ee2cbb011c1eec6b7c7c
fig4_riao3,02_Ne,3,2.8461538461538463,13,37,1.9999999999988916,0.0,0.0,Figure_4c/RI-AO-ratio-3_RS-AO-ratio-7/02_Ne/input.inp,Figure_4c/RI-AO-ratio-3_RS-AO-ratio-7/02_Ne/output.log,c07fea60c6cb47d1f92c6feac67f2b8d57e99f38faa63b69a31ded3c48db86b2
fig4_riao3,03_Ar,3,2.923076923076923,13,38,0.0,0.0,0.0,Figure_4c/RI-AO-ratio-3_RS-AO-ratio-7/03_Ar/input.inp,Figure_4c/RI-AO-ratio-3_RS-AO-ratio-7/03_Ar/output.log,eb88d7d9dc5b9214c47e7653a1a9c955218b443b3e01e3aa3f0f66517ea65518
fig4_riao3,04_Kr,3,3.0,13,39,1.9999999999988916,0.0,0.0,Figure_4c/RI-AO-ratio-3_RS-AO-ratio-7/04_Kr/input.inp,Figure_4c/RI-AO-ratio-3_RS-AO-ratio-7/04_Kr/output.log,d172abf3818184914c470dac114706cbcabb9206e5f15621703e72576215c100
fig4_riao3,05_Xe,3,3.0,13,39,0.0,-1.000000000000334,0.0,Figure_4c/RI-AO-ratio-3_RS-AO-ratio-7/05_Xe/input.inp,Figure_4c/RI-AO-ratio-3_RS-AO-ratio-7/05_Xe/output.log,745f1ebde4255ac51f937665e98825111cd367e3a68634b0bb5b5536f7bbaae9
fig4_riao3,06_H2,3,2.1666666666666665,12,26,-1.0000000000012221,0.0,0.0,Figure_4c/RI-AO-ratio-3_RS-AO-ratio-7/06_H2/input.inp,Figure_4c/RI-AO-ratio-3_RS-AO-ratio-7/06_H2/output.log,c7951436f5f27fa4352698312f2999290c4d0f2073673290ad7523dfd9f72f5f
fig4_riao3,07_Li2,3,3.0,12,36,0.0,-1.0000000000000009,-8.881784197001252e-15,Figure_4c/RI-AO-ratio-3_RS-AO-ratio-7/07_Li2/input.inp,Figure_4c/RI-AO-ratio-3_RS-AO-ratio-7/07_Li2/output.log,5fc4ff0588ea13315a1eed78d9e5268d898c5790c841da3a15d75f9ce5ea7b8e
fig4_riao3,08_Na2,3,1.5,28,42,36.99999999999992,8.999999999999995,-7.105427357601002e-14,Figure_4c/RI-AO-ratio-3_RS-AO-ratio-7/08_Na2/input.inp,Figure_4c/RI-AO-ratio-3_RS-AO-ratio-7/08_Na2/output.log,723e62c97794fead14b795eea191c3da108db4ea38a945e64619e2ab971c340f
fig4_riao3,09_Na4,3,1.5,56,84,20.999999999999908,8.000000000000007,-1.233502189279534e-11,Figure_4c/RI-AO-ratio-3_RS-AO-ratio-7/09_Na4/input.inp,Figure_4c/RI-AO-ratio-3_RS-AO-ratio-7/09_Na4/output.log,7e029bb63f235a5fe4af407464356ca8855d3afde2c3497f44bfc3bef7575cc5
fig4_riao3,100_CuCN,3,3.0,51,153,50.99999999999927,5.0000000000001155,-3.147704319417244e-11,Figure_4c/RI-AO-ratio-3_RS-AO-ratio-7/100_CuCN/input.inp,Figure_4c/RI-AO-ratio-3_RS-AO-ratio-7/100_CuCN/output.log,f5adcf083dab1e777ba351682df01d4819a2f5ee276f65195ece526de7952fd4
fig4_riao3,10_Na6,3,1.5,84,126,36.99999999999992,-3.0000000000000027,-2.0463630789890885e-12,Figure_4c/RI-AO-ratio-3_RS-AO-ratio-7/10_Na6/input.inp,Figure_4c/RI-AO-ratio-3_RS-AO-ratio-7/10_Na6/output.log,da787b5d868e208f81567eec2b4a91ef4be403db4add7ddd96d60bd7afafa249
fig4_riao3,11_K2,3,1.5,28,42,61.000000000000384,-18.99999999999996,1.4210854715202004e-14,Figure_4c/RI-AO-ratio-3_RS-AO-ratio-7/11_K2/input.inp,Figure_4c/RI-AO-ratio-3_RS-AO-ratio-7/11_K2/output.log,6c031679e2b7fa936de673316745a2ee672d3a697d721b95ed8c4359ed0c66c3
fig4_riao3,12_Rb2,3,1.5,28,42,86.0000000000003,-10.000000000000009,2.842170943040401e-14,Figure_4c/RI-AO-ratio-3_RS-AO-ratio-7/12_Rb2/input.inp,Figure_4c/RI-AO-ratio-3_RS-AO-ratio-7/12_Rb2/output.log,61925ff616c87b29740a75b6c2f45570f0ec8559e5fb2ef075ccf1a4d4f7e3d0
fig4_riao3,13_N2,3,3.0,26,78,4.999999999999005,2.000000000000224,-3.197442310920451e-14,Figure_4c/RI-AO-ratio-3_RS-AO-ratio-7/13_N2/input.inp,Figure_4c/RI-AO-ratio-3_RS-AO-ratio-7/13_N2/output.log,1e0cedda359b6f41ba6a91f64d73a1f1b99bc3cf3142f21ddcb1ab02ca6f98b2
fig4_riao3,14_P2,3,3.0,26,78,0.9999999999994458,1.0000000000000009,4.085620730620576e-14,Figure_4c/RI-AO-ratio-3_RS-AO-ratio-7/14_P2/input.inp,Figure_4c/RI-AO-ratio-3_RS-AO-ratio-7/14_P2/output.log,fdaf26b7b56340439e9d63dd8d6166b41803c2dc2e27335196a7df7ec8e17f12
fig4_riao3,15_As2,3,3.0,26,78,3.9999999999995595,2.0000000000000018,1.695887874575419e-11,Figure_4c/RI-AO-ratio-3_RS-AO-ratio-7/15_As2/input.inp,Figure_4c/RI-AO-ratio-3_RS-AO-ratio-7/15_As2/output.log,0ab9308e0c4e47a48433ee0f29cca9e453ebd44e4c3d375ebf71ea09fe710cea
fig4_riao3,16_F2,3,3.0,26,78,3.0000000000001137,3.0000000000000027,1.8260948309034575e-12,Figure_4c/RI-AO-ratio-3_RS-AO-ratio-7/16_F2/input.inp,Figure_4c/RI-AO-ratio-3_RS-AO-ratio-7/16_F2/output.log,be88179ff6e533239d98634158b4aaaccab5878c8acf90ba0705b54dca4efbf4
fig4_riao3,17_Cl2,3,3.0,26,78,3.0000000000001137,7.999999999999993,-7.105427357601002e-15,Figure_4c/RI-AO-ratio-3_RS-AO-ratio-7/17_Cl2/input.inp,Figure_4c/RI-AO-ratio-3_RS-AO-ratio-7/17_Cl2/output.log,9f6480c8ed6a5d19049dd1c54a17337e167dad4702b024ed7c404ebbc157d781
fig4_riao3,18_Br2,3,3.0,26,78,11.000000000001009,21.000000000000018,-1.4210854715202004e-14,Figure_4c/RI-AO-ratio-3_RS-AO-ratio-7/18_Br2/input.inp,Figure_4c/RI-AO-ratio-3_RS-AO-ratio-7/18_Br2/output.log,7c8358a6160f7eb6d18cbc38c2e13ec376fd1911f87c54428d29bcf190394374
fig4_riao3,19_I2,3,3.0,26,78,9.000000000000341,9.000000000000007,-8.171241461241152e-14,Figure_4c/RI-AO-ratio-3_RS-AO-ratio-7/19_I2/input.inp,Figure_4c/RI-AO-ratio-3_RS-AO-ratio-7/19_I2/output.log,45058b230bd01fb819e8eb1b45a566d3106c1a1fc19847026d44670c5f97a9d7
fig4_riao3,20_CH4,3,3.0,37,111,2.000000000000668,0.0,-1.4210854715202004e-14,Figure_4c/RI-AO-ratio-3_RS-AO-ratio-7/20_CH4/input.inp,Figure_4c/RI-AO-ratio-3_RS-AO-ratio-7/20_CH4/output.log,470bebe4b1a8a602f9082bb2a706a6b50dfc48fdc424ce614bea6cb4c3ea8c24
fig4_riao3,21_C2H6,3,3.0,62,186,6.999999999999673,0.9999999999998899,6.750155989720952e-14,Figure_4c/RI-AO-ratio-3_RS-AO-ratio-7/21_C2H6/input.inp,Figure_4c/RI-AO-ratio-3_RS-AO-ratio-7/21_C2H6/output.log,58f30d2ad67fcd9ddd776d67c0a807b4d8e3f3dba1355acc0c5a5d1adedf90d2
fig4_riao3,22_C3H8,3,3.0,87,261,-11.000000000001009,-2.0000000000000018,-4.973799150320701e-14,Figure_4c/RI-AO-ratio-3_RS-AO-ratio-7/22_C3H8/input.inp,Figure_4c/RI-AO-ratio-3_RS-AO-ratio-7/22_C3H8/output.log,738a1ae108e07294a95d993016cc0cc7f2d0f9f246f1cab2c1f765f953e963db
fig4_riao3,23_C4H10,3,3.0,112,336,16.000000000000014,-4.0000000000000036,5.3290705182007514e-14,Figure_4c/RI-AO-ratio-3_RS-AO-ratio-7/23_C4H10/input.inp,Figure_4c/RI-AO-ratio-3_RS-AO-ratio-7/23_C4H10/output.log,2a8eda020f81eb6bf3d9772a6b5804d9d78ddd52263fd15d0ae57cc8524a16cf
fig4_riao3,24_C2H4,3,3.0,50,150,2.000000000000668,-2.0000000000000018,8.881784197001252e-14,Figure_4c/RI-AO-ratio-3_RS-AO-ratio-7/24_C2H4/input.inp,Figure_4c/RI-AO-ratio-3_RS-AO-ratio-7/24_C2H4/output.log,e9eeda14837893b354708eacdcccda7f11070f139e34ea16e6d0105fa487b49e
fig4_riao3,25_C2H2,3,3.0,38,114,3.9999999999995595,-2.0000000000000018,1.0658141036401503e-14,Figure_4c/RI-AO-ratio-3_RS-AO-ratio-7/25_C2H2/input.inp,Figure_4c/RI-AO-ratio-3_RS-AO-ratio-7/25_C2H2/output.log,7522dea28f8b3fbe8d185330698b97b7f6d3a6f53d9ba9a15e90e9970ba7a03a
fig4_riao3,26_C4,3,3.0,52,156,4.000000000001336,0.9999999999998899,-6.543610098219688e-08,Figure_4c/RI-AO-ratio-3_RS-AO-ratio-7/26_C4/input.inp,Figure_4c/RI-AO-ratio-3_RS-AO-ratio-7/26_C4/output.log,11f3b2ca14c7e15f2489edf9d432389e64f3ff6f9b4b6328b36e1480c664933a
fig4_riao3,27_C3H6,3,3.0,75,225,8.999999999998565,0.0,-2.4868995751603507e-14,Figure_4c/RI-AO-ratio-3_RS-AO-ratio-7/27_C3H6/input.inp,Figure_4c/RI-AO-ratio-3_RS-AO-ratio-7/27_C3H6/output.log,4187a26ab3110aeeceedbf9c90643ba68f570b1f740d83cdd322de4dab64e57e
fig4_riao3,28_C6H6,3,3.0,114,342,6.000000000000227,-12.00000000000001,-1.9753088054130785e-12,Figure_4c/RI-AO-ratio-3_RS-AO-ratio-7/28_C6H6/input.inp,Figure_4c/RI-AO-ratio-3_RS-AO-ratio-7/28_C6H6/output.log,e1e1f334fde5c734fe5df907f93a877d831eba1bebeac9f84f957e1bdd5ac546
fig4_riao3,29_C8H8,3,3.0,152,456,8.000000000000007,-3.0000000000000027,8.526512829121202e-14,Figure_4c/RI-AO-ratio-3_RS-AO-ratio-7/29_C8H8/input.inp,Figure_4c/RI-AO-ratio-3_RS-AO-ratio-7/29_C8H8/output.log,101e3db80cb57639c9ace8bfbc98037e824e891dc6cb275a2800837634d06757
fig4_riao3,30_C5H6,3,3.0,101,303,1.9999999999997797,-2.9999999999998916,1.4352963262354024e-12,Figure_4c/RI-AO-ratio-3_RS-AO-ratio-7/30_C5H6/input.inp,Figure_4c/RI-AO-ratio-3_RS-AO-ratio-7/30_C5H6/output.log,647a93e793fb3690ac6c3b16760f12487255e27cb97ebb9b8e5b9a9268fce4f1
fig4_riao3,31_C2H3F,3,3.0,57,171,6.000000000000227,-1.000000000000112,1.4210854715202004e-14,Figure_4c/RI-AO-ratio-3_RS-AO-ratio-7/31_C2H3F/input.inp,Figure_4c/RI-AO-ratio-3_RS-AO-ratio-7/31_C2H3F/output.log,5d4de23033678d114c4c272e9ae1c2434e231714af41c08b87c839ab99a40534
fig4_riao3,32_C2H3Cl,3,3.0,57,171,3.0000000000001137,2.000000000000224,-6.039613253960852e-14,Figure_4c/RI-AO-ratio-3_RS-AO-ratio-7/32_C2H3Cl/input.inp,Figure_4c/RI-AO-ratio-3_RS-AO-ratio-7/32_C2H3Cl/output.log,9f3fb708048ab70438222ddf124d73d08826e2de13bc959ffe8c90614df7b476
fig4_riao3,33_C2H3Br,3,3.0,57,171,3.0000000000001137,-2.0000000000000018,3.552713678800501e-14,Figure_4c/RI-AO-ratio-3_RS-AO-ratio-7/33_C2H3Br/input.inp,Figure_4c/RI-AO-ratio-3_RS-AO-ratio-7/33_C2H3Br/output.log,d5922b3dc93ea4019fba1954c08466cdc056045f5c6523628e9d4f85bf27cd49
fig4_riao3,34_C2H3I,3,3.0,57,171,10.999999999999233,14.999999999999902,-9.592326932761353e-14,Figure_4c/RI-AO-ratio-3_RS-AO-ratio-7/34_C2H3I/input.inp,Figure_4c/RI-AO-ratio-3_RS-AO-ratio-7/34_C2H3I/output.log,97ab09f024d7a462e6ace213e189262c9fd854842194e106f93db4c19cdd85ab
fig4_riao3,35_CF4,3,3.0,65,195,16.000000000000014,8.000000000000007,2.842170943040401e-14,Figure_4c/RI-AO-ratio-3_RS-AO-ratio-7/35_CF4/input.inp,Figure_4c/RI-AO-ratio-3_RS-AO-ratio-7/35_CF4/output.log,3e3aa17c9012edce2be4ff75e6c2b499266bc9e37d89e3f58ada2e7f7b75b6db
fig4_riao3,36_CCl4,3,3.0,65,195,5.999999999998451,9.000000000000119,-8.526512829121202e-14,Figure_4c/RI-AO-ratio-3_RS-AO-ratio-7/36_CCl4/input.inp,Figure_4c/RI-AO-ratio-3_RS-AO-ratio-7/36_CCl4/output.log,1c2b79da07683f778882f1fe905538ba5ec0f8387fa17069df25cb6598cee5ea
fig4_riao3,37_CBr4,3,3.0,65,195,4.999999999999005,15.000000000000014,-1.4210854715202004e-14,Figure_4c/RI-AO-ratio-3_RS-AO-ratio-7/37_CBr4/input.inp,Figure_4c/RI-AO-ratio-3_RS-AO-ratio-7/37_CBr4/output.log,c5c96bc8c6c053d43b876c6b91e6b85c1dc37135c6cb31d68e9174fa62a59c05
fig4_riao3,38_CI4,3,3.0,65,195,12.000000000000455,8.0,-3.055333763768431e-13,Figure_4c/RI-AO-ratio-3_RS-AO-ratio-7/38_CI4/input.inp,Figure_4c/RI-AO-ratio-3_RS-AO-ratio-7/38_CI4/output.log,6a612babc93138a24e07cae950d0274c685d7c9cfc9960b28f735024593afbad
fig4_riao3,39_SiH4,3,3.0,37,111,6.000000000000227,2.0000000000000018,8.881784197001252e-16,Figure_4c/RI-AO-ratio-3_RS-AO-ratio-7/39_SiH4/input.inp,Figure_4c/RI-AO-ratio-3_RS-AO-ratio-7/39_SiH4/output.log,6cd614ef54f555105b467be5b03540594ca54e1e2898df5312db55612dc3400c
fig4_riao3,40_GeH4,3,3.0,37,111,3.0000000000001137,1.000000000000112,-1.509903313490213e-14,Figure_4c/RI-AO-ratio-3_RS-AO-ratio-7/40_GeH4/input.inp,Figure_4c/RI-AO-ratio-3_RS-AO-ratio-7/40_GeH4/output.log,d16c15bfb283294c18d48bf2c58d4d448dcd27e8a3a587c816d50d815a82e6e8
fig4_riao3,41_Si2H6,3,3.0,62,186,4.999999999999005,-1.000000000000112,-5.861977570020827e-14,Figure_4c/RI-AO-ratio-3_RS-AO-ratio-7/41_Si2H6/input.inp,Figure_4c/RI-AO-ratio-3_RS-AO-ratio-7/41_Si2H6/output.log,ef33e63112bb26864ed4f1584a64886e622275a3cdbc3cc46ef603326c50692b
fig4_riao3,42_Si5H12,3,3.0,137,411,6.999999999999673,5.000000000000004,4.263256414560601e-14,Figure_4c/RI-AO-ratio-3_RS-AO-ratio-7/42_Si5H12/input.inp,Figure_4c/RI-AO-ratio-3_RS-AO-ratio-7/42_Si5H12/output.log,d8c15965110288a18e5270ccfb6486d6198a54fcafb0dff2615dc04af1b222a7
fig4_riao3,43_LiH,3,3.0,12,36,0.0,-1.0000000000000009,3.552713678800501e-15,Figure_4c/RI-AO-ratio-3_RS-AO-ratio-7/43_LiH/input.inp,Figure_4c/RI-AO-ratio-3_RS-AO-ratio-7/43_LiH/output.log,6f597227e1df3650d16e3937ee1821296047537b2fb657ce6e3eb411cee7a878
fig4_riao3,44_KH,3,3.0,20,60,1.000000000000334,0.0,0.0,Figure_4c/RI-AO-ratio-3_RS-AO-ratio-7/44_KH/input.inp,Figure_4c/RI-AO-ratio-3_RS-AO-ratio-7/44_KH/output.log,1930be3e17341806060a2e856edb373111a79b170cb8580c04dd90b474ab88c2
fig4_riao3,45_BH3,3,3.0,31,93,1.9999999999988916,0.0,-6.217248937900877e-15,Figure_4c/RI-AO-ratio-3_RS-AO-ratio-7/45_BH3/input.inp,Figure_4c/RI-AO-ratio-3_RS-AO-ratio-7/45_BH3/output.log,47a6d25d96086b80b4f20d5e0f7e4b5e00cc8c9be3c28b4de369f63ef25f93db
fig4_riao3,46_B2H6,3,3.0,62,186,5.999999999998451,2.0000000000000018,-2.4868995751603507e-14,Figure_4c/RI-AO-ratio-3_RS-AO-ratio-7/46_B2H6/input.inp,Figure_4c/RI-AO-ratio-3_RS-AO-ratio-7/46_B2H6/output.log,a0952f0afcdf00cccef3d6861c4fd0edd5dc18a3f66f91a71663f2e492afe610
fig4_riao3,47_NH3,3,3.0,31,93,2.000000000000668,2.0000000000000018,1.0658141036401503e-14,Figure_4c/RI-AO-ratio-3_RS-AO-ratio-7/47_NH3/input.inp,Figure_4c/RI-AO-ratio-3_RS-AO-ratio-7/47_NH3/output.log,4297e259bd3a72ca4f7ee3ab1514e5792e1e6072691342223fd7e39b860440e9
fig4_riao3,48_HN3,3,3.0,45,135,5.000000000000782,0.0,-3.197442310920451e-14,Figure_4c/RI-AO-ratio-3_RS-AO-ratio-7/48_HN3/input.inp,Figure_4c/RI-AO-ratio-3_RS-AO-ratio-7/48_HN3/output.log,1ac96c78d6949c8d50dbd3327bd4bbc164e63415a5d1fe66f16a5b9a2f050723
fig4_riao3,49_PH3,3,3.0,31,93,4.999999999999005,0.9999999999998899,-1.7763568394002505e-15,Figure_4c/RI-AO-ratio-3_RS-AO-ratio-7/49_PH3/input.inp,Figure_4c/RI-AO-ratio-3_RS-AO-ratio-7/49_PH3/output.log,403349c58ac1e9818de2ff7bc4076fdf4fbba2b261add2674943079f3b8b9b2e
fig4_riao3,50_AsH3,3,3.0,31,93,0.9999999999994458,0.0,-2.6645352591003757e-14,Figure_4c/RI-AO-ratio-3_RS-AO-ratio-7/50_AsH3/input.inp,Figure_4c/RI-AO-ratio-3_RS-AO-ratio-7/50_AsH3/output.log,2d5a43d23f3b27a03f37c20e01c4edb3dfc110a54f11778f0f04037043eaeaae
fig4_riao3,51_SH2,3,3.0,25,75,4.999999999999005,0.0,-1.2434497875801753e-14,Figure_4c/RI-AO-ratio-3_RS-AO-ratio-7/51_SH2/input.inp,Figure_4c/RI-AO-ratio-3_RS-AO-ratio-7/51_SH2/output.log,3fb0036703fa2cc417f3fad45b218c7474abaabd8aa5f73a3e77adbe577f2a01
fig4_riao3,52_HF,3,3.0,19,57,5.000000000000782,2.9999999999998916,1.4210854715202004e-14,Figure_4c/RI-AO-ratio-3_RS-AO-ratio-7/52_HF/input.inp,Figure_4c/RI-AO-ratio-3_RS-AO-ratio-7/52_HF/output.log,18fad3a0284cd9c8762c6821a61c6521f590bfaf69a0027280e94a8c2dab89f4
fig4_riao3,53_HCl,3,3.0,19,57,0.9999999999994458,2.000000000000224,1.7763568394002505e-15,Figure_4c/RI-AO-ratio-3_RS-AO-ratio-7/53_HCl/input.inp,Figure_4c/RI-AO-ratio-3_RS-AO-ratio-7/53_HCl/output.log,fa5bfc49ab35a63aa8e9770e042b1b7ed38a0c67b97f06fa3f8fb247f468121e
fig4_riao3,54_LiF,3,3.0,19,57,19.000000000000128,2.0000000000000018,1.4068746168049984e-12,Figure_4c/RI-AO-ratio-3_RS-AO-ratio-7/54_LiF/input.inp,Figure_4c/RI-AO-ratio-3_RS-AO-ratio-7/54_LiF/output.log,ea1aa29c390227da063a229ef1cfe6bfd7db75329b013e3bbc900fbed14d2bbd
fig4_riao3,55_MgF2,3,3.0,40,120,13.999999999999346,10.000000000000009,4.263256414560601e-14,Figure_4c/RI-AO-ratio-3_RS-AO-ratio-7/55_MgF2/input.inp,Figure_4c/RI-AO-ratio-3_RS-AO-ratio-7/55_MgF2/output.log,1a120bc841845f04b26d4a7ea27ea41cab11eb33129f4468034d5ffecc48c848
fig4_riao3,56_TiF4,3,3.0,78,234,2.000000000000668,3.0000000000000027,-3.410605131648481e-13,Figure_4c/RI-AO-ratio-3_RS-AO-ratio-7/56_TiF4/input.inp,Figure_4c/RI-AO-ratio-3_RS-AO-ratio-7/56_TiF4/output.log,6c9b50245c4bf91eb52f6e33d4d34d30770b0088821ec79f9cad0d3f67d2f554
fig4_riao3,57_AlF3,3,3.0,52,156,0.9999999999994458,4.0000000000000036,-1.6626700016786344e-12,Figure_4c/RI-AO-ratio-3_RS-AO-ratio-7/57_AlF3/input.inp,Figure_4c/RI-AO-ratio-3_RS-AO-ratio-7/57_AlF3/output.log,4e40ffa20badcb6264b8b31cd3ac641edfa4c565debbf7fbdcb5df5623768eb3
fig4_riao3,58_BF,3,3.0,26,78,0.9999999999994458,2.9999999999998916,-1.4210854715202004e-14,Figure_4c/RI-AO-ratio-3_RS-AO-ratio-7/58_BF/input.inp,Figure_4c/RI-AO-ratio-3_RS-AO-ratio-7/58_BF/output.log,0650c8fd7460e94847e8f276bf13f8083462bd9009abc909ad41da8c56a1840b
fig4_riao3,59_SF4,3,3.0,65,195,0.0,9.000000000000119,3.268496584496461e-13,Figure_4c/RI-AO-ratio-3_RS-AO-ratio-7/59_SF4/input.inp,Figure_4c/RI-AO-ratio-3_RS-AO-ratio-7/59_SF4/output.log,1eb49ec7e4c8b284b767d6d234484277753c5b944efc0170d604530e654f1ea1
fig4_riao3,60_BrK,3,3.0,27,81,3.0000000000001137,-3.0000000000000027,1.4210854715202004e-14,Figure_4c/RI-AO-ratio-3_RS-AO-ratio-7/60_BrK/input.inp,Figure_4c/RI-AO-ratio-3_RS-AO-ratio-7/60_BrK/output.log,7e59ea7ca7ff270b6d32b9b58433042eec1aed3a2ddf6275334b5bd2961eaab4
fig4_riao3,61_GaCl,3,3.0,38,114,1.9999999999988916,3.0000000000000027,-1.4210854715202004e-14,Figure_4c/RI-AO-ratio-3_RS-AO-ratio-7/61_GaCl/input.inp,Figure_4c/RI-AO-ratio-3_RS-AO-ratio-7/61_GaCl/output.log,ae7f0df7117ee37e7a1749841a83c6f54d5a608c35973364b2b3cc612ddee950
fig4_riao3,62_NaCl,3,3.0,27,81,3.9999999999995595,1.0000000000000009,-1.0658141036401503e-13,Figure_4c/RI-AO-ratio-3_RS-AO-ratio-7/62_NaCl/input.inp,Figure_4c/RI-AO-ratio-3_RS-AO-ratio-7/62_NaCl/output.log,db781277d62d3c9755a11313274b3e93c8a737e2001fb6f8ec25610dba9b9f3e
fig4_riao3,63_MgCl2,3,3.0,40,120,4.000000000001336,4.0000000000000036,-2.842170943040401e-14,Figure_4c/RI-AO-ratio-3_RS-AO-ratio-7/63_MgCl2/input.inp,Figure_4c/RI-AO-ratio-3_RS-AO-ratio-7/63_MgCl2/output.log,cafcc4d52661b62b9cc9d04125073b8c2df007215a060eebefef636a60745deb
fig4_riao3,64_AlI3,3,3.0,52,156,7.999999999999119,5.000000000000004,6.394884621840902e-14,Figure_4c/RI-AO-ratio-3_RS-AO-ratio-7/64_AlI3/input.inp,Figure_4c/RI-AO-ratio-3_RS-AO-ratio-7/64_AlI3/output.log,0edba12d1d9ea2d4eb0807bda26fb44204c9512b61e3d56891fc0d1d18f2d337
fig4_riao3,65_BN,3,3.0,26,78,0.9999999999994458,12.00000000000001,1.1191048088221578e-13,Figure_4c/RI-AO-ratio-3_RS-AO-ratio-7/65_BN/input.inp,Figure_4c/RI-AO-ratio-3_RS-AO-ratio-7/65_BN/output.log,01e8ea27a3abbd1ee9876144b865190976bc93d1dee0d97a1467c55bf67ddb7d
fig4_riao3,66_NCH,3,3.0,32,96,6.000000000000227,-0.9999999999998899,2.1316282072803006e-14,Figure_4c/RI-AO-ratio-3_RS-AO-ratio-7/66_NCH/input.inp,Figure_4c/RI-AO-ratio-3_RS-AO-ratio-7/66_NCH/output.log,7673cd615e2a2f9a71f59725cb34b88ab72510e917f42f46bd7aa21b1959e812
fig4_riao3,67_PN,3,3.0,26,78,3.0000000000001137,3.0000000000000027,-3.907985046680551e-14,Figure_4c/RI-AO-ratio-3_RS-AO-ratio-7/67_PN/input.inp,Figure_4c/RI-AO-ratio-3_RS-AO-ratio-7/67_PN/output.log,42e7dc7f5f947a853bd2696f4594e43639b5477e120c99f8acf4d8da3b98efc1
fig4_riao3,68_N2H4,3,3.0,50,150,6.999999999999673,1.000000000000112,-7.460698725481052e-14,Figure_4c/RI-AO-ratio-3_RS-AO-ratio-7/68_N2H4/input.inp,Figure_4c/RI-AO-ratio-3_RS-AO-ratio-7/68_N2H4/output.log,ebbb8817c6ca05a000020b8786af7893c7f818919f75e6bee2d9dd0d8ef61161
fig4_riao3,69_H2CO,3,3.0,38,114,0.9999999999994458,0.0,1.4210854715202004e-14,Figure_4c/RI-AO-ratio-3_RS-AO-ratio-7/69_H2CO/input.inp,Figure_4c/RI-AO-ratio-3_RS-AO-ratio-7/69_H2CO/output.log,d55031fcdc8d02b7da598813b3cec6e2acf741feec1cf0210d04f941941ec270
fig4_riao3,70_CH3OH,3,3.0,50,150,9.000000000000341,4.0000000000000036,-3.552713678800501e-14,Figure_4c/RI-AO-ratio-3_RS-AO-ratio-7/70_CH3OH/input.inp,Figure_4c/RI-AO-ratio-3_RS-AO-ratio-7/70_CH3OH/output.log,6b3f3d1ed578d939d7514dc7e4b839cde9abaea1dfc9e2ec0ff834e965606a17
fig4_riao3,71_C2H5OH,3,3.0,75,225,5.000000000000782,0.9999999999998899,-2.1316282072803006e-14,Figure_4c/RI-AO-ratio-3_RS-AO-ratio-7/71_C2H5OH/input.inp,Figure_4c/RI-AO-ratio-3_RS-AO-ratio-7/71_C2H5OH/output.log,6394e95cb2d18aec820cf0e057a2813ef073f9b031d88a84495ed6df6f6b6fe0
fig4_riao3,72_C2H4O,3,3.0,63,189,1.0000000000012221,-2.0000000000000018,1.4210854715202004e-14,Figure_4c/RI-AO-ratio-3_RS-AO-ratio-7/72_C2H4O/input.inp,Figure_4c/RI-AO-ratio-3_RS-AO-ratio-7/72_C2H4O/output.log,e46cacd75903205266bbd5bb44adf43c343580ed62b5c19b557aaecddd9a7426
fig4_riao3,73_C4H10O4,3,3.0,125,375,14.999999999998792,-1.000000000000112,-5.684341886080802e-14,Figure_4c/RI-AO-ratio-3_RS-AO-ratio-7/73_C4H10O4/input.inp,Figure_4c/RI-AO-ratio-3_RS-AO-ratio-7/73_C4H10O4/output.log,45b4da0ac60d21b79ae24edaae533b8c08a211a9dd92ca116d34d354dc13a05b
fig4_riao3,74_HCOOH,3,3.0,51,153,3.9999999999995595,2.0000000000000018,5.329070518200751e-13,Figure_4c/RI-AO-ratio-3_RS-AO-ratio-7/74_HCOOH/input.inp,Figure_4c/RI-AO-ratio-3_RS-AO-ratio-7/74_HCOOH/output.log,544ce2490ac770655802b9c7da83e46639954245d1113a611539a003631f38b7
fig4_riao3,75_H2O2,3,3.0,38,114,0.9999999999994458,2.0000000000000018,1.0658141036401503e-13,Figure_4c/RI-AO-ratio-3_RS-AO-ratio-7/75_H2O2/input.inp,Figure_4c/RI-AO-ratio-3_RS-AO-ratio-7/75_H2O2/output.log,305cb04d8c20da733308266c573a5858b557e45c94f7ef59535a96871b5e1ade
fig4_riao3,76_H2O,3,3.0,25,75,1.0000000000012221,0.9999999999998899,4.973799150320701e-14,Figure_4c/RI-AO-ratio-3_RS-AO-ratio-7/76_H2O/input.inp,Figure_4c/RI-AO-ratio-3_RS-AO-ratio-7/76_H2O/output.log,b40d961f3863ec2488ae401ae95ffbe26316e354d003956adde781a5661521c6
fig4_riao3,77_CO2,3,3.0,39,117,2.000000000000668,4.999999999999893,0.0,Figure_4c/RI-AO-ratio-3_RS-AO-ratio-7/77_CO2/input.inp,Figure_4c/RI-AO-ratio-3_RS-AO-ratio-7/77_CO2/output.log,308fafe01175985854e9a8e5d716c69f8a978797402bb965a6360aa451a7be63
fig4_riao3,78_CS2,3,3.0,39,117,6.999999999999673,8.000000000000007,-7.105427357601002e-15,Figure_4c/RI-AO-ratio-3_RS-AO-ratio-7/78_CS2/input.inp,Figure_4c/RI-AO-ratio-3_RS-AO-ratio-7/78_CS2/output.log,0e17d14cdfc3b8e18b14f1af595648a7b0054b0878039a99e885415788fd8c30
fig4_riao3,79_OCS,3,3.0,39,117,3.9999999999995595,5.0000000000001155,-8.526512829121202e-14,Figure_4c/RI-AO-ratio-3_RS-AO-ratio-7/79_OCS/input.inp,Figure_4c/RI-AO-ratio-3_RS-AO-ratio-7/79_OCS/output.log,de62fe1fb60a02c9b0418703184aae4a892a37acb9a097e38932dd4a7265b7cc
fig4_riao3,80_OCSe,3,3.0,39,117,0.9999999999994458,1.000000000000112,7.105427357601002e-15,Figure_4c/RI-AO-ratio-3_RS-AO-ratio-7/80_OCSe/input.inp,Figure_4c/RI-AO-ratio-3_RS-AO-ratio-7/80_OCSe/output.log,18a72346f0c691ad2bc8cad43e8cce745e6974299d02d471b241dc1ee5389409
fig4_riao3,81_CO,3,3.0,26,78,0.9999999999994458,2.0000000000000018,1.2224887768752524e-10,Figure_4c/RI-AO-ratio-3_RS-AO-ratio-7/81_CO/input.inp,Figure_4c/RI-AO-ratio-3_RS-AO-ratio-7/81_CO/output.log,c84595fe13d393f7f490e8a1a51ead5748bd010660936e91b5246609a7cb658d
fig4_riao3,82_O3,3,3.0,39,117,2.000000000000668,0.0,1.4210854715202004e-14,Figure_4c/RI-AO-ratio-3_RS-AO-ratio-7/82_O3/input.inp,Figure_4c/RI-AO-ratio-3_RS-AO-ratio-7/82_O3/output.log,2bf09425feb75729ce5dd3ee443ed990b9cd29934b7777235c929fe6fbcfcc8f
fig4_riao3,83_SO2,3,3.0,39,117,-2.000000000000668,2.0000000000000018,6.394884621840902e-14,Figure_4c/RI-AO-ratio-3_RS-AO-ratio-7/83_SO2/input.inp,Figure_4c/RI-AO-ratio-3_RS-AO-ratio-7/83_SO2/output.log,7e5d37245e0b87b2aec48e69ee73b7054b899df6d8841f3ff526e4490a70d1dd
fig4_riao3,84_BeO,3,3.0,19,57,3.0000000000001137,2.000000000000224,-1.2789769243681803e-13,Figure_4c/RI-AO-ratio-3_RS-AO-ratio-7/84_BeO/input.inp,Figure_4c/RI-AO-ratio-3_RS-AO-ratio-7/84_BeO/output.log,b93096f9609814bd3ea553cdccca2375f5ea6012df6fdea9db77913dc2cf65de
fig4_riao3,85_MgO,3,3.0,27,81,1.000000000000334,-10.000000000000009,-6.679101716144942e-13,Figure_4c/RI-AO-ratio-3_RS-AO-ratio-7/85_MgO/input.inp,Figure_4c/RI-AO-ratio-3_RS-AO-ratio-7/85_MgO/output.log,89295253174fe0af1aeb0a4f96d78e5c57eefd869342d5bc644a9b7e53e92233
fig4_riao3,86_C7H8,3,3.0,139,417,-75.99999999999963,-8.000000000000007,1.7053025658242404e-13,Figure_4c/RI-AO-ratio-3_RS-AO-ratio-7/86_C7H8/input.inp,Figure_4c/RI-AO-ratio-3_RS-AO-ratio-7/86_C7H8/output.log,303cfef5f348553ce33b9a676ec91797e0f2c70c8af1c927b3b28ba3d8fee18f
fig4_riao3,87_C8H10,3,3.0,164,492,-1.000000000000334,-7.000000000000117,1.2789769243681803e-13,Figure_4c/RI-AO-ratio-3_RS-AO-ratio-7/87_C8H10/input.inp,Figure_4c/RI-AO-ratio-3_RS-AO-ratio-7/87_C8H10/output.log,bee3413c328310ea007ac8103b98b1987bd03acb0fb89dd8b4f79a64a61a53d4
fig4_riao3,88_C6F6,3,3.0,156,468,-115.99999999999966,21.000000000000128,-2.5579538487363607e-13,Figure_4c/RI-AO-ratio-3_RS-AO-ratio-7/88_C6F6/input.inp,Figure_4c/RI-AO-ratio-3_RS-AO-ratio-7/88_C6F6/output.log,f11d77a4b18e607eb529a48d758e6ce7a6a79ea09f8a3f7b578691090cc2f599
fig4_riao3,89_C6H5OH,3,3.0,127,381,-8.000000000000007,-6.999999999999895,-1.4921397450962104e-13,Figure_4c/RI-AO-ratio-3_RS-AO-ratio-7/89_C6H5OH/input.inp,Figure_4c/RI-AO-ratio-3_RS-AO-ratio-7/89_C6H5OH/output.log,aaf3715aa0bed2817327aebf25655fdfb5cbdbbb8ca92a1d3ba0d0dc8ed70ed1
fig4_riao3,90_C6H5NH2,3,3.0,133,399,19.999999999999574,-14.000000000000012,-1.6918022538447985e-11,Figure_4c/RI-AO-ratio-3_RS-AO-ratio-7/90_C6H5NH2/input.inp,Figure_4c/RI-AO-ratio-3_RS-AO-ratio-7/90_C6H5NH2/output.log,a94a84801ff33d001696b383ff1d266c62fd6a6acca48a2ce025d0e5bc3dc713
fig4_riao3,91_C5H5N,3,3.0,108,324,16.000000000000014,6.000000000000005,7.105427357601002e-14,Figure_4c/RI-AO-ratio-3_RS-AO-ratio-7/91_C5H5N/input.inp,Figure_4c/RI-AO-ratio-3_RS-AO-ratio-7/91_C5H5N/output.log,3b258e90823495be79a6e7b2db8c732bd870e3f0360544d85394b86e37db2c16
fig4_riao3,92_guanine,3,3.0,173,519,9.999999999999787,-5.000000000000004,-1.1368683772161603e-13,Figure_4c/RI-AO-ratio-3_RS-AO-ratio-7/92_guanine/input.inp,Figure_4c/RI-AO-ratio-3_RS-AO-ratio-7/92_guanine/output.log,3e0ba850245a9af528c076d80c0801d9f6791f80bf73b9610d9d6c9098ebf9c4
fig4_riao3,93_adenine,3,3.0,160,480,11.999999999999567,4.0000000000000036,6.650680006714538e-12,Figure_4c/RI-AO-ratio-3_RS-AO-ratio-7/93_adenine/input.inp,Figure_4c/RI-AO-ratio-3_RS-AO-ratio-7/93_adenine/output.log,6298ad9f6db80b0d225b393424c01cc049392de2fdd914c7a7de73594421d3bf
fig4_riao3,94_cytosine,3,3.0,134,402,12.000000000000455,-1.0000000000000009,5.826450433232822e-13,Figure_4c/RI-AO-ratio-3_RS-AO-ratio-7/94_cytosine/input.inp,Figure_4c/RI-AO-ratio-3_RS-AO-ratio-7/94_cytosine/output.log,5ecc8ff34fa5e9319db3319dba1448d394f07955ac393363778f178bba738113
fig4_riao3,95_thymine,3,3.0,153,459,9.000000000000341,1.0000000000000009,1.8474111129762605e-13,Figure_4c/RI-AO-ratio-3_RS-AO-ratio-7/95_thymine/input.inp,Figure_4c/RI-AO-ratio-3_RS-AO-ratio-7/95_thymine/output.log,1bafe11e281a41a0f49d0df0e30fa33d6d97fa85cbf4e6c9f5c9d6a1a5858c9b
fig4_riao3,96_uracil,3,3.0,128,384,11.000000000001009,4.0000000000000036,5.684341886080802e-14,Figure_4c/RI-AO-ratio-3_RS-AO-ratio-7/96_uracil/input.inp,Figure_4c/RI-AO-ratio-3_RS-AO-ratio-7/96_uracil/output.log,d8f3d8383039296534631ef9785dec4216959f61fd4575dec8fbde84207a983a
fig4_riao3,97_urea,3,3.0,76,228,1.9999999999988916,-0.9999999999998899,5.684341886080802e-14,Figure_4c/RI-AO-ratio-3_RS-AO-ratio-7/97_urea/input.inp,Figure_4c/RI-AO-ratio-3_RS-AO-ratio-7/97_urea/output.log,746e89441e6bc8299b4a8fd1fe2bc8ca7859d35743df9e7c99659845c0ee2fd5
fig4_riao3,98_Ag2,3,3.0,50,150,-2.9999999999992255,-5.000000000000004,-2.842170943040401e-14,Figure_4c/RI-AO-ratio-3_RS-AO-ratio-7/98_Ag2/input.inp,Figure_4c/RI-AO-ratio-3_RS-AO-ratio-7/98_Ag2/output.log,9da0235fa2883832c9c59254115e59df998ed7342584e656e1fb19fdd06111c9
fig4_riao3,99_Cu2,3,3.0,50,150,30.00000000000025,1.0000000000000009,2.842170943040401e-14,Figure_4c/RI-AO-ratio-3_RS-AO-ratio-7/99_Cu2/input.inp,Figure_4c/RI-AO-ratio-3_RS-AO-ratio-7/99_Cu2/output.log,4621d21a007555f6c25bc3932090eed25e683e2a3a439cd87e88030491258873
fig4_riao4,01_He,4,1.2,5,6,0.0,0.0,0.0,Figure_4c/RI-AO-ratio-4_RS-AO-ratio-7/01_He/input.inp,Figure_4c/RI-AO-ratio-4_RS-AO-ratio-7/01_He/output.log,7f1b3ffb2421a9e80c4dbcf230f80288fe28226621c1e1d40bf19d8336f81b87
fig4_riao4,02_Ne,4,2.8461538461538463,13,37,1.9999999999988916,0.0,0.0,Figure_4c/RI-AO-ratio-4_RS-AO-ratio-7/02_Ne/input.inp,Figure_4c/RI-AO-ratio-4_RS-AO-ratio-7/02_Ne/output.log,969f29fc25b3d84f76645ff4535ba2e5a98967d1a559112c417a28efbe72d126
fig4_riao4,03_Ar,4,2.923076923076923,13,38,0.0,0.0,0.0,Figure_4c/RI-AO-ratio-4_RS-AO-ratio-7/03_Ar/input.inp,Figure_4c/RI-AO-ratio-4_RS-AO-ratio-7/03_Ar/output.log,5e7a4b278484db8f18b858e917730a00a17518c4e9c829186696e83a8c57963e
fig4_riao4,04_Kr,4,3.0,13,39,1.9999999999988916,0.0,0.0,Figure_4c/RI-AO-ratio-4_RS-AO-ratio-7/04_Kr/input.inp,Figure_4c/RI-AO-ratio-4_RS-AO-ratio-7/04_Kr/output.log,6e1a6784b5580bbf8189cc5587db07c98130bf2e748ae735e77563bd1f37e01a
fig4_riao4,05_Xe,4,3.0,13,39,0.0,-1.000000000000334,0.0,Figure_4c/RI-AO-ratio-4_RS-AO-ratio-7/05_Xe/input.inp,Figure_4c/RI-AO-ratio-4_RS-AO-ratio-7/05_Xe/output.log,8bc5526686fc6faf69665a91b8ea6e069404283f94a92541e3d596ad637f244d
fig4_riao4,06_H2,4,2.0833333333333335,12,25,-1.0000000000012221,0.0,-1.9984014443252818e-15,Figure_4c/RI-AO-ratio-4_RS-AO-ratio-7/06_H2/input.inp,Figure_4c/RI-AO-ratio-4_RS-AO-ratio-7/06_H2/output.log,53e810e1806f1838b92e125eaf054870f85b709c49234a14e20f789ad3a7f7c0
fig4_riao4,07_Li2,4,3.6666666666666665,12,44,0.0,0.0,-1.5987211554602254e-14,Figure_4c/RI-AO-ratio-4_RS-AO-ratio-7/07_Li2/input.inp,Figure_4c/RI-AO-ratio-4_RS-AO-ratio-7/07_Li2/output.log,a2bad527c02aaeb1132123b5f47c78e0c391c3a45bfb6805977d15fef67c06a3
fig4_riao4,08_Na2,4,1.7142857142857142,28,48,20.000000000000462,4.0000000000000036,-2.842170943040401e-14,Figure_4c/RI-AO-ratio-4_RS-AO-ratio-7/08_Na2/input.inp,Figure_4c/RI-AO-ratio-4_RS-AO-ratio-7/08_Na2/output.log,dd1f68924398d978c4c04c4aaf2a4d9a2fdd1c53bb89f7551c3fcd6eb7dfba19
fig4_riao4,09_Na4,4,1.7142857142857142,56,96,11.00000000000012,5.000000000000004,2.4442670110147446e-11,Figure_4c/RI-AO-ratio-4_RS-AO-ratio-7/09_Na4/input.inp,Figure_4c/RI-AO-ratio-4_RS-AO-ratio-7/09_Na4/output.log,242bb858e050eb5d6fd761a590f3c72232a74017260d4689adf70579b0350b76
fig4_riao4,100_CuCN,4,4.0,51,204,36.99999999999992,0.0,-2.452793523843866e-11,Figure_4c/RI-AO-ratio-4_RS-AO-ratio-7/100_CuCN/input.inp,Figure_4c/RI-AO-ratio-4_RS-AO-ratio-7/100_CuCN/output.log,28d980a7e05c33a1ff81e618b72d26d8b4aaf07c4fa3cde1752dd41003b800b4
fig4_riao4,10_Na6,4,1.7142857142857142,84,144,16.999999999999904,0.0,6.0822458181064576e-12,Figure_4c/RI-AO-ratio-4_RS-AO-ratio-7/10_Na6/input.inp,Figure_4c/RI-AO-ratio-4_RS-AO-ratio-7/10_Na6/output.log,3be283799ac157b32ff86d6f3d134e08a058f3938f9e46a2e6bcfbbd0ae5180a
fig4_riao4,11_K2,4,2.0,28,56,4.0000000000000036,3.0000000000000027,1.4210854715202004e-14,Figure_4c/RI-AO-ratio-4_RS-AO-ratio-7/11_K2/input.inp,Figure_4c/RI-AO-ratio-4_RS-AO-ratio-7/11_K2/output.log,7a74cd9cf359a238c668c8a0e765598675eeb10750fe23cbdecb246c87de3666
fig4_riao4,12_Rb2,4,2.0,28,56,40.99999999999993,-12.00000000000001,4.973799150320701e-14,Figure_4c/RI-AO-ratio-4_RS-AO-ratio-7/12_Rb2/input.inp,Figure_4c/RI-AO-ratio-4_RS-AO-ratio-7/12_Rb2/output.log,7929ba8b25f82351604660df0a6194f4fe0956b7917f5b051ca9c5a10a24a4ba
fig4_riao4,13_N2,4,4.0,26,104,1.9999999999988916,-0.9999999999998899,-1.4210854715202004e-14,Figure_4c/RI-AO-ratio-4_RS-AO-ratio-7/13_N2/input.inp,Figure_4c/RI-AO-ratio-4_RS-AO-ratio-7/13_N2/output.log,74666c004bdc41922eb27dba38e2f0127d20a4793a681f1ab16cdbaa4f2cb9ff
fig4_riao4,14_P2,4,4.0,26,104,-1.0000000000012221,-2.0000000000000018,6.394884621840902e-14,Figure_4c/RI-AO-ratio-4_RS-AO-ratio-7/14_P2/input.inp,Figure_4c/RI-AO-ratio-4_RS-AO-ratio-7/14_P2/output.log,65b7a4a839a90472ae88fb01a27b2c6ebd7823d3e9851d3ec10fdd07c3d63175
fig4_riao4,15_As2,4,4.0,26,104,1.9999999999988916,0.0,1.2819967309951608e-11,Figure_4c/RI-AO-ratio-4_RS-AO-ratio-7/15_As2/input.inp,Figure_4c/RI-AO-ratio-4_RS-AO-ratio-7/15_As2/output.log,0e0c86de86221defaf1d49ba0c205d7db95590d240b2955785200b251cc27c95
fig4_riao4,16_F2,4,4.0,26,104,1.0000000000012221,-2.9999999999998916,-5.684341886080802e-14,Figure_4c/RI-AO-ratio-4_RS-AO-ratio-7/16_F2/input.inp,Figure_4c/RI-AO-ratio-4_RS-AO-ratio-7/16_F2/output.log,bbf6164f335f0a7219500fe944018e95b3db1d35d37b4620f5e525271a21e564
fig4_riao4,17_Cl2,4,4.0,26,104,2.000000000000668,2.0000000000000018,-1.4210854715202004e-14,Figure_4c/RI-AO-ratio-4_RS-AO-ratio-7/17_Cl2/input.inp,Figure_4c/RI-AO-ratio-4_RS-AO-ratio-7/17_Cl2/output.log,3dff470bbc04884ef8acc2e3796d6278dcd4b503dc3e0c741cd3917cefaa55c9
fig4_riao4,18_Br2,4,4.0,26,104,5.000000000000782,4.0000000000000036,2.1316282072803006e-14,Figure_4c/RI-AO-ratio-4_RS-AO-ratio-7/18_Br2/input.inp,Figure_4c/RI-AO-ratio-4_RS-AO-ratio-7/18_Br2/output.log,6572380eebfbb193dccb34fe0bb9d4a48135e660a421566a2f8ef735bd30a4ab
fig4_riao4,19_I2,4,4.0,26,104,5.000000000000782,6.000000000000005,-7.105427357601002e-15,Figure_4c/RI-AO-ratio-4_RS-AO-ratio-7/19_I2/input.inp,Figure_4c/RI-AO-ratio-4_RS-AO-ratio-7/19_I2/output.log,ac92e54b384c452398e2ecc94246af65a196debcae7cf8a90ffa012a89c839d1
fig4_riao4,20_CH4,4,4.0,37,148,0.0,0.0,1.0658141036401503e-14,Figure_4c/RI-AO-ratio-4_RS-AO-ratio-7/20_CH4/input.inp,Figure_4c/RI-AO-ratio-4_RS-AO-ratio-7/20_CH4/output.log,089345ca771043703679a68abf032568af45ca98864f19f52658118686d0c095
fig4_riao4,21_C2H6,4,4.0,62,248,4.999999999999005,0.0,3.197442310920451e-14,Figure_4c/RI-AO-ratio-4_RS-AO-ratio-7/21_C2H6/input.inp,Figure_4c/RI-AO-ratio-4_RS-AO-ratio-7/21_C2H6/output.log,30c57f2cf143015ae0c1531a64f316adb6991131245371cecf26b33beb43c56b
fig4_riao4,22_C3H8,4,4.0,87,348,-9.000000000000341,-2.0000000000000018,-7.105427357601002e-15,Figure_4c/RI-AO-ratio-4_RS-AO-ratio-7/22_C3H8/input.inp,Figure_4c/RI-AO-ratio-4_RS-AO-ratio-7/22_C3H8/output.log,22eb277dc264c211ec9f193ac7f257cd2d143195321b1e718ef9cc1bc504e888
fig4_riao4,23_C4H10,4,4.0,112,448,44.99999999999993,-4.0000000000000036,4.973799150320701e-14,Figure_4c/RI-AO-ratio-4_RS-AO-ratio-7/23_C4H10/input.inp,Figure_4c/RI-AO-ratio-4_RS-AO-ratio-7/23_C4H10/output.log,d376d61ebabc86b44574c0d1fa502c73e4d2849fc93eecb4e3061577b17fd6f0
fig4_riao4,24_C2H4,4,4.0,50,200,0.9999999999994458,-2.0000000000000018,5.3290705182007514e-14,Figure_4c/RI-AO-ratio-4_RS-AO-ratio-7/24_C2H4/input.inp,Figure_4c/RI-AO-ratio-4_RS-AO-ratio-7/24_C2H4/output.log,3194f561b62103e1329ea365993449c11a216c34af658efaa7dcbec6c832f602
fig4_riao4,25_C2H2,4,4.0,38,152,1.9999999999988916,-2.0000000000000018,-7.105427357601002e-15,Figure_4c/RI-AO-ratio-4_RS-AO-ratio-7/25_C2H2/input.inp,Figure_4c/RI-AO-ratio-4_RS-AO-ratio-7/25_C2H2/output.log,f497baa716a588f97767e45abcf64012a780880b61ed74542804c4e1de8e275a
fig4_riao4,26_C4,4,4.0,52,208,2.000000000000668,0.0,-8.341564594616102e-08,Figure_4c/RI-AO-ratio-4_RS-AO-ratio-7/26_C4/input.inp,Figure_4c/RI-AO-ratio-4_RS-AO-ratio-7/26_C4/output.log,bf1fc19fff3f46fee63f8e3038a2f1b67ee94743d20d8e7ff06f90fef3bf0093
fig4_riao4,27_C3H6,4,4.0,75,300,8.999999999998565,0.0,-5.3290705182007514e-14,Figure_4c/RI-AO-ratio-4_RS-AO-ratio-7/27_C3H6/input.inp,Figure_4c/RI-AO-ratio-4_RS-AO-ratio-7/27_C3H6/output.log,4e73f6f06d90895514faee1024fa59972c8c4b91b5491dddcdf2c3c55fd1c348
fig4_riao4,28_C6H6,4,4.0,114,456,3.0000000000001137,-10.000000000000009,-1.5418777365994174e-12,Figure_4c/RI-AO-ratio-4_RS-AO-ratio-7/28_C6H6/input.inp,Figure_4c/RI-AO-ratio-4_RS-AO-ratio-7/28_C6H6/output.log,c06d4debf341a8447ed45c450b87b5be15dce5b9ebd6ac2210f0c56ad8b50e8b
fig4_riao4,29_C8H8,4,4.0,152,608,4.999999999999893,-6.000000000000005,-2.504663143554353e-11,Figure_4c/RI-AO-ratio-4_RS-AO-ratio-7/29_C8H8/input.inp,Figure_4c/RI-AO-ratio-4_RS-AO-ratio-7/29_C8H8/output.log,be85df48e3c0ec83a26b14f31dd6660a899966d086448bda627159a8133d20d4
fig4_riao4,30_C5H6,4,4.0,101,404,0.0,-1.9999999999997797,1.4104273304837989e-12,Figure_4c/RI-AO-ratio-4_RS-AO-ratio-7/30_C5H6/input.inp,Figure_4c/RI-AO-ratio-4_RS-AO-ratio-7/30_C5H6/output.log,2c849130ceed4c8b8dd6c305368909035ef7d6b373bcafda88e767594baadef9
fig4_riao4,31_C2H3F,4,4.0,57,228,3.0000000000001137,-1.000000000000112,7.105427357601002e-14,Figure_4c/RI-AO-ratio-4_RS-AO-ratio-7/31_C2H3F/input.inp,Figure_4c/RI-AO-ratio-4_RS-AO-ratio-7/31_C2H3F/output.log,681ff6f16f9969f50c19a7d60e61c9ecd53d2565e42baea502e63e75661015dc
fig4_riao4,32_C2H3Cl,4,4.0,57,228,2.000000000000668,1.000000000000334,-2.2382096176443156e-13,Figure_4c/RI-AO-ratio-4_RS-AO-ratio-7/32_C2H3Cl/input.inp,Figure_4c/RI-AO-ratio-4_RS-AO-ratio-7/32_C2H3Cl/output.log,a1719560ae697d37ebc7386b8d42eb259a8b1adc922139415a97405a81c0f401
fig4_riao4,33_C2H3Br,4,4.0,57,228,0.0,-2.0000000000000018,5.684341886080802e-14,Figure_4c/RI-AO-ratio-4_RS-AO-ratio-7/33_C2H3Br/input.inp,Figure_4c/RI-AO-ratio-4_RS-AO-ratio-7/33_C2H3Br/output.log,b7d5af654df106829fce5cc54adc6835ce9b6e495932d1f226aa06ca914b1ad9
fig4_riao4,34_C2H3I,4,4.0,57,228,-0.9999999999994458,14.000000000000012,-8.526512829121202e-14,Figure_4c/RI-AO-ratio-4_RS-AO-ratio-7/34_C2H3I/input.inp,Figure_4c/RI-AO-ratio-4_RS-AO-ratio-7/34_C2H3I/output.log,86274269d0a311d1f1468dd43a84755359a37904e916df738a12576673e75921
fig4_riao4,35_CF4,4,4.0,65,260,6.999999999999673,3.0000000000001137,8.526512829121202e-14,Figure_4c/RI-AO-ratio-4_RS-AO-ratio-7/35_CF4/input.inp,Figure_4c/RI-AO-ratio-4_RS-AO-ratio-7/35_CF4/output.log,eba2b76423d71c05b94ca528456098459e1874eeb32f75e816cbad95d086faac
fig4_riao4,36_CCl4,4,4.0,65,260,3.0000000000001137,2.0000000000000018,-8.526512829121202e-14,Figure_4c/RI-AO-ratio-4_RS-AO-ratio-7/36_CCl4/input.inp,Figure_4c/RI-AO-ratio-4_RS-AO-ratio-7/36_CCl4/output.log,4fa9171c3c2ca3e8d74663b8daa251c7be8a21dc1041a74e8837861cfc0d439c
fig4_riao4,37_CBr4,4,4.0,65,260,0.9999999999994458,5.000000000000004,7.105427357601002e-14,Figure_4c/RI-AO-ratio-4_RS-AO-ratio-7/37_CBr4/input.inp,Figure_4c/RI-AO-ratio-4_RS-AO-ratio-7/37_CBr4/output.log,74f735411274986c2356a8c0289ac2793c9ffe185e705231c4ad8f36b73566e6
fig4_riao4,38_CI4,4,4.0,65,260,3.0000000000001137,2.9999999999999956,-1.6342482922482304e-13,Figure_4c/RI-AO-ratio-4_RS-AO-ratio-7/38_CI4/input.inp,Figure_4c/RI-AO-ratio-4_RS-AO-ratio-7/38_CI4/output.log,bee677346aebe5c97487fd84f0a724c034d43418cc6160eab617403ba7541e52
fig4_riao4,39_SiH4,4,4.0,37,148,3.0000000000001137,0.9999999999998899,2.6645352591003757e-15,Figure_4c/RI-AO-ratio-4_RS-AO-ratio-7/39_SiH4/input.inp,Figure_4c/RI-AO-ratio-4_RS-AO-ratio-7/39_SiH4/output.log,1801f7f26d123798ca33a2ae23298b5f04fa2821fe55a0b2689451694b9672d6
fig4_riao4,40_GeH4,4,4.0,37,148,2.000000000000668,0.0,3.552713678800501e-15,Figure_4c/RI-AO-ratio-4_RS-AO-ratio-7/40_GeH4/input.inp,Figure_4c/RI-AO-ratio-4_RS-AO-ratio-7/40_GeH4/output.log,58474849d6ec6192b1ec2fa2ccdc393c57a43240dfa40aae1a68b5171efe896a
fig4_riao4,41_Si2H6,4,4.0,62,248,2.000000000000668,0.0,-1.9539925233402755e-14,Figure_4c/RI-AO-ratio-4_RS-AO-ratio-7/41_Si2H6/input.inp,Figure_4c/RI-AO-ratio-4_RS-AO-ratio-7/41_Si2H6/output.log,23094cc28fe379668c8b3bbb7d126d2d8ce95c9417ef972119521d235846f9aa
fig4_riao4,42_Si5H12,4,4.0,137,548,5.000000000000782,3.0000000000000027,7.460698725481052e-14,Figure_4c/RI-AO-ratio-4_RS-AO-ratio-7/42_Si5H12/input.inp,Figure_4c/RI-AO-ratio-4_RS-AO-ratio-7/42_Si5H12/output.log,4a1948106f9628771cf508892f293493bcf52b432232532c381283951f52fe61
fig4_riao4,43_LiH,4,3.4166666666666665,12,41,0.0,-1.0000000000000009,1.7763568394002505e-15,Figure_4c/RI-AO-ratio-4_RS-AO-ratio-7/43_LiH/input.inp,Figure_4c/RI-AO-ratio-4_RS-AO-ratio-7/43_LiH/output.log,6329d3df19f8bc6fdf4f6043891236c1672d30b54be4034541353237551260e3
fig4_riao4,44_KH,4,4.0,20,80,0.0,0.0,-3.552713678800501e-15,Figure_4c/RI-AO-ratio-4_RS-AO-ratio-7/44_KH/input.inp,Figure_4c/RI-AO-ratio-4_RS-AO-ratio-7/44_KH/output.log,c303500abd6221dd488a8bfbc0b3a3a955daad10dcb2e64c243ca889b53f3222
fig4_riao4,45_BH3,4,4.0,31,124,0.9999999999994458,3.0000000000000027,7.993605777301127e-15,Figure_4c/RI-AO-ratio-4_RS-AO-ratio-7/45_BH3/input.inp,Figure_4c/RI-AO-ratio-4_RS-AO-ratio-7/45_BH3/output.log,8dd4a8595ed4a201b7d1b6f6fff41f96b23cb695463dd6505117b74fb2f1e803
fig4_riao4,46_B2H6,4,4.0,62,248,0.9999999999994458,1.000000000000112,-1.2434497875801753e-14,Figure_4c/RI-AO-ratio-4_RS-AO-ratio-7/46_B2H6/input.inp,Figure_4c/RI-AO-ratio-4_RS-AO-ratio-7/46_B2H6/output.log,2e1d8fc59bbc373161cb21c28a87338f8412a84973debd5ad5f3bab5ec6adabe
fig4_riao4,47_NH3,4,4.0,31,124,0.9999999999994458,1.000000000000112,-7.105427357601002e-15,Figure_4c/RI-AO-ratio-4_RS-AO-ratio-7/47_NH3/input.inp,Figure_4c/RI-AO-ratio-4_RS-AO-ratio-7/47_NH3/output.log,ad61b12f4272eaefe1d5fbdf2568c81aba4883a7becbc05cf0d087921e0391fa
fig4_riao4,48_HN3,4,4.0,45,180,2.000000000000668,0.0,5.3290705182007514e-14,Figure_4c/RI-AO-ratio-4_RS-AO-ratio-7/48_HN3/input.inp,Figure_4c/RI-AO-ratio-4_RS-AO-ratio-7/48_HN3/output.log,dc92641dd8918f53940fc2cf615373b85f5825a4f6cc6f9e47d81a84d9067de2
fig4_riao4,49_PH3,4,4.0,31,124,0.9999999999994458,0.0,3.197442310920451e-14,Figure_4c/RI-AO-ratio-4_RS-AO-ratio-7/49_PH3/input.inp,Figure_4c/RI-AO-ratio-4_RS-AO-ratio-7/49_PH3/output.log,4bcd3cd904d5d70a434d70e39cbe21220d1ea18f72c88bf604b22cedb9772d7a
fig4_riao4,50_AsH3,4,4.0,31,124,0.9999999999994458,1.000000000000112,-3.197442310920451e-14,Figure_4c/RI-AO-ratio-4_RS-AO-ratio-7/50_AsH3/input.inp,Figure_4c/RI-AO-ratio-4_RS-AO-ratio-7/50_AsH3/output.log,7e4eda9ac58ea6bec83d51a1d2606734fb6f6c734fe47378d6c89a1a95ad2b75
fig4_riao4,51_SH2,4,4.0,25,100,3.9999999999995595,0.0,-8.881784197001252e-15,Figure_4c/RI-AO-ratio-4_RS-AO-ratio-7/51_SH2/input.inp,Figure_4c/RI-AO-ratio-4_RS-AO-ratio-7/51_SH2/output.log,46d48c62ce541e73d53589e9af017314af844e60cb3f9c3abc2d9ab4fce6cc2d
fig4_riao4,52_HF,4,4.0,19,76,1.0000000000012221,0.0,-1.0658141036401503e-14,Figure_4c/RI-AO-ratio-4_RS-AO-ratio-7/52_HF/input.inp,Figure_4c/RI-AO-ratio-4_RS-AO-ratio-7/52_HF/output.log,111e26e022eb131e3b8003000bf126c2563b33019eeafe804153a69202c97393
fig4_riao4,53_HCl,4,4.0,19,76,0.9999999999994458,-0.9999999999998899,-1.2434497875801753e-14,Figure_4c/RI-AO-ratio-4_RS-AO-ratio-7/53_HCl/input.inp,Figure_4c/RI-AO-ratio-4_RS-AO-ratio-7/53_HCl/output.log,00c30512f468bd3b33e9bcfabc0c6bf134db752df3b5ae59ce79d5bb294caa8b
fig4_riao4,54_LiF,4,4.0,19,76,0.0,1.0000000000000009,1.5170087408478139e-12,Figure_4c/RI-AO-ratio-4_RS-AO-ratio-7/54_LiF/input.inp,Figure_4c/RI-AO-ratio-4_RS-AO-ratio-7/54_LiF/output.log,8007423bbfe8997b3a4ee6fa36c3b1cdc030ed2a8368fc8718f54eff41260823
fig4_riao4,55_MgF2,4,4.0,40,160,-1.0000000000012221,8.000000000000007,1.4210854715202004e-14,Figure_4c/RI-AO-ratio-4_RS-AO-ratio-7/55_MgF2/input.inp,Figure_4c/RI-AO-ratio-4_RS-AO-ratio-7/55_MgF2/output.log,49bdb579c8103ef0995bbde0055828f17ef9f72032d2b4dddd464c1fac191325
fig4_riao4,56_TiF4,4,4.0,78,312,-1.9999999999988916,1.0000000000000009,-1.1368683772161603e-13,Figure_4c/RI-AO-ratio-4_RS-AO-ratio-7/56_TiF4/input.inp,Figure_4c/RI-AO-ratio-4_RS-AO-ratio-7/56_TiF4/output.log,31ee5c8ef4a889e6d30df81ddf4b8e4ec5ee8c95cb28036e3c0caaf839288f51
fig4_riao4,57_AlF3,4,4.0,52,208,-3.9999999999995595,-0.9999999999998899,-2.9558577807620168e-12,Figure_4c/RI-AO-ratio-4_RS-AO-ratio-7/57_AlF3/input.inp,Figure_4c/RI-AO-ratio-4_RS-AO-ratio-7/57_AlF3/output.log,6d738a006671c8405933185ed87c3ba5e5c3902b1ef41d1e9f16c2dfd3e99c80
fig4_riao4,58_BF,4,4.0,26,104,0.9999999999994458,0.0,-1.4210854715202004e-14,Figure_4c/RI-AO-ratio-4_RS-AO-ratio-7/58_BF/input.inp,Figure_4c/RI-AO-ratio-4_RS-AO-ratio-7/58_BF/output.log,ce8d64eb67d4398634f4f9ea5bd85a6049d849167833bbd13f667b508b352ba5
fig4_riao4,59_SF4,4,4.0,65,260,-3.0000000000001137,3.0000000000001137,3.410605131648481e-13,Figure_4c/RI-AO-ratio-4_RS-AO-ratio-7/59_SF4/input.inp,Figure_4c/RI-AO-ratio-4_RS-AO-ratio-7/59_SF4/output.log,8137867f7393c934f6258258dbe9ced71d3c2d94a2bbb7f35a3307acdf6ad900
fig4_riao4,60_BrK,4,4.0,27,108,0.0,2.0000000000000018,-4.973799150320701e-14,Figure_4c/RI-AO-ratio-4_RS-AO-ratio-7/60_BrK/input.inp,Figure_4c/RI-AO-ratio-4_RS-AO-ratio-7/60_BrK/output.log,57752dcf2fbafde1d05edc8a83a448666e6d04283d5919c6cf4919ac0b212fd0
fig4_riao4,61_GaCl,4,4.0,38,152,-4.000000000001336,2.0000000000000018,1.4210854715202004e-14,Figure_4c/RI-AO-ratio-4_RS-AO-ratio-7/61_GaCl/input.inp,Figure_4c/RI-AO-ratio-4_RS-AO-ratio-7/61_GaCl/output.log,cfe565eb69e194bef91c59342fe39973b79761327178715ca3524fa175c56007
fig4_riao4,62_NaCl,4,4.0,27,108,1.9999999999997797,-1.0000000000000009,-2.0605739337042905e-13,Figure_4c/RI-AO-ratio-4_RS-AO-ratio-7/62_NaCl/input.inp,Figure_4c/RI-AO-ratio-4_RS-AO-ratio-7/62_NaCl/output.log,920d73451c502260b912b2295255dbbc710002a58d7b518b6ef3221733e13c45
fig4_riao4,63_MgCl2,4,4.0,40,160,1.0000000000012221,4.0000000000000036,-7.105427357601002e-14,Figure_4c/RI-AO-ratio-4_RS-AO-ratio-7/63_MgCl2/input.inp,Figure_4c/RI-AO-ratio-4_RS-AO-ratio-7/63_MgCl2/output.log,b8bd1fb8502b68fabb89cbdccf7aa5b938bb9a1f6b94f196d7596da3f14a2aa5
fig4_riao4,64_AlI3,4,4.0,52,208,3.9999999999995595,1.0000000000000009,2.842170943040401e-14,Figure_4c/RI-AO-ratio-4_RS-AO-ratio-7/64_AlI3/input.inp,Figure_4c/RI-AO-ratio-4_RS-AO-ratio-7/64_AlI3/output.log,4e63bfa744b2ec29e37867e5aacccb826ec4570c9eb6a231b301825a78b18f73
fig4_riao4,65_BN,4,4.0,26,104,0.0,1.9999999999997797,-4.618527782440651e-14,Figure_4c/RI-AO-ratio-4_RS-AO-ratio-7/65_BN/input.inp,Figure_4c/RI-AO-ratio-4_RS-AO-ratio-7/65_BN/output.log,d79cd9f579b6cd9dc506da9cef004d06f359497466c8bbb7701f6c573d84fb22
fig4_riao4,66_NCH,4,4.0,32,128,1.0000000000012221,-0.9999999999998899,2.842170943040401e-14,Figure_4c/RI-AO-ratio-4_RS-AO-ratio-7/66_NCH/input.inp,Figure_4c/RI-AO-ratio-4_RS-AO-ratio-7/66_NCH/output.log,361e40acc1da3b1b120f8d3733013d891fb9b7012c8fb18af8ec1f0507698061
fig4_riao4,67_PN,4,4.0,26,104,2.000000000000668,0.0,-4.263256414560601e-14,Figure_4c/RI-AO-ratio-4_RS-AO-ratio-7/67_PN/input.inp,Figure_4c/RI-AO-ratio-4_RS-AO-ratio-7/67_PN/output.log,3bfcf8f02e52eb34fcdf3db539786bfba9904ffeac37b2ab363ca7f61c54c587
fig4_riao4,68_N2H4,4,4.0,50,200,2.000000000000668,0.0,-8.526512829121202e-14,Figure_4c/RI-AO-ratio-4_RS-AO-ratio-7/68_N2H4/input.inp,Figure_4c/RI-AO-ratio-4_RS-AO-ratio-7/68_N2H4/output.log,2f2981886295dd26f12b924ec639396d6765eb9fd53eb69d4912bc3a05c71498
fig4_riao4,69_H2CO,4,4.0,38,152,0.9999999999994458,-1.000000000000112,-7.105427357601002e-15,Figure_4c/RI-AO-ratio-4_RS-AO-ratio-7/69_H2CO/input.inp,Figure_4c/RI-AO-ratio-4_RS-AO-ratio-7/69_H2CO/output.log,7ef4b789c421cb34edff4234afb368494c2555a8eb4732aadf819731d7df768a
fig4_riao4,70_CH3OH,4,4.0,50,200,9.000000000000341,3.0000000000001137,-3.552713678800501e-14,Figure_4c/RI-AO-ratio-4_RS-AO-ratio-7/70_CH3OH/input.inp,Figure_4c/RI-AO-ratio-4_RS-AO-ratio-7/70_CH3OH/output.log,0064e1e014729374a35e44c681ce1d659c868d330844cace31b327705bc13a6e
fig4_riao4,71_C2H5OH,4,4.0,75,300,3.9999999999995595,0.9999999999998899,-1.7763568394002505e-14,Figure_4c/RI-AO-ratio-4_RS-AO-ratio-7/71_C2H5OH/input.inp,Figure_4c/RI-AO-ratio-4_RS-AO-ratio-7/71_C2H5OH/output.log,24481f16117fc881f4da60e7a93cc20b670245809c07d937e4693af5862e154a
fig4_riao4,72_C2H4O,4,4.0,63,252,0.0,-2.0000000000000018,-2.1316282072803006e-14,Figure_4c/RI-AO-ratio-4_RS-AO-ratio-7/72_C2H4O/input.inp,Figure_4c/RI-AO-ratio-4_RS-AO-ratio-7/72_C2H4O/output.log,ca7769ae02b9b47d6e5512f1f5b2d56e6a6ad017126102d4d8207d7dfce78129
fig4_riao4,73_C4H10O4,4,4.0,125,500,16.99999999999946,-3.0000000000001137,5.25091081726714e-12,Figure_4c/RI-AO-ratio-4_RS-AO-ratio-7/73_C4H10O4/input.inp,Figure_4c/RI-AO-ratio-4_RS-AO-ratio-7/73_C4H10O4/output.log,d82e3b049fbeb14610712a2ab654a32955e51cf2948846a4239927ef96eb0e63
fig4_riao4,74_HCOOH,4,4.0,51,204,3.0000000000001137,0.0,1.4921397450962104e-13,Figure_4c/RI-AO-ratio-4_RS-AO-ratio-7/74_HCOOH/input.inp,Figure_4c/RI-AO-ratio-4_RS-AO-ratio-7/74_HCOOH/output.log,d991e4d5d4b7a00422114105bb72eced910a49da551fd2ddaa4c5b4985d481ac
fig4_riao4,75_H2O2,4,4.0,38,152,0.9999999999994458,0.0,0.0,Figure_4c/RI-AO-ratio-4_RS-AO-ratio-7/75_H2O2/input.inp,Figure_4c/RI-AO-ratio-4_RS-AO-ratio-7/75_H2O2/output.log,1affebbe1e98341ed09a4593e32747e0bdb9806ef2967bf6d1a395e7397b193d
fig4_riao4,76_H2O,4,4.0,25,100,1.0000000000012221,0.0,-1.4210854715202004e-14,Figure_4c/RI-AO-ratio-4_RS-AO-ratio-7/76_H2O/input.inp,Figure_4c/RI-AO-ratio-4_RS-AO-ratio-7/76_H2O/output.log,38b604510094caafc86c085c809c3e2340af4c9825f6be05beb43377762682ee
fig4_riao4,77_CO2,4,4.0,39,156,1.0000000000012221,1.9999999999997797,-3.552713678800501e-14,Figure_4c/RI-AO-ratio-4_RS-AO-ratio-7/77_CO2/input.inp,Figure_4c/RI-AO-ratio-4_RS-AO-ratio-7/77_CO2/output.log,fd2d97e313bd6c402ca67bf5dd550572445a528520091ef1584347c70d61edf2
fig4_riao4,78_CS2,4,4.0,39,156,3.0000000000001137,3.0000000000000027,-1.7763568394002505e-14,Figure_4c/RI-AO-ratio-4_RS-AO-ratio-7/78_CS2/input.inp,Figure_4c/RI-AO-ratio-4_RS-AO-ratio-7/78_CS2/output.log,3f30d89b9b1f8d9b8dd23ac771e43c4db0f9c5855ec1fae116ccd1e71638fb45
fig4_riao4,79_OCS,4,4.0,39,156,3.0000000000001137,2.0000000000000018,2.842170943040401e-14,Figure_4c/RI-AO-ratio-4_RS-AO-ratio-7/79_OCS/input.inp,Figure_4c/RI-AO-ratio-4_RS-AO-ratio-7/79_OCS/output.log,46873ab55076287f2f3733150b8280c1c0f287a6011e03ee7d6600b71c55356e
fig4_riao4,80_OCSe,4,4.0,39,156,0.0,-0.9999999999998899,1.1723955140041653e-13,Figure_4c/RI-AO-ratio-4_RS-AO-ratio-7/80_OCSe/input.inp,Figure_4c/RI-AO-ratio-4_RS-AO-ratio-7/80_OCSe/output.log,9d367f295a7ae11a80b758d91f1156af666bba9a85845f0776f648bc269c3b9f
fig4_riao4,81_CO,4,4.0,26,104,0.9999999999994458,1.000000000000112,2.1938006966593093e-11,Figure_4c/RI-AO-ratio-4_RS-AO-ratio-7/81_CO/input.inp,Figure_4c/RI-AO-ratio-4_RS-AO-ratio-7/81_CO/output.log,bb64168c928a3fcc796f323e9e5a7f934e33af96c172b0bc77fad511b55cc0b1
fig4_riao4,82_O3,4,4.0,39,156,0.9999999999994458,0.0,4.973799150320701e-13,Figure_4c/RI-AO-ratio-4_RS-AO-ratio-7/82_O3/input.inp,Figure_4c/RI-AO-ratio-4_RS-AO-ratio-7/82_O3/output.log,232c4f4320c0c9655775d4b1ddeac4fe68ea948c48d221859c824c5665a382f4
fig4_riao4,83_SO2,4,4.0,39,156,-3.0000000000001137,1.0000000000000009,2.1316282072803006e-14,Figure_4c/RI-AO-ratio-4_RS-AO-ratio-7/83_SO2/input.inp,Figure_4c/RI-AO-ratio-4_RS-AO-ratio-7/83_SO2/output.log,576332dbbe5904e6e48202e658ef237cbc6d1d4e7778a55ad675a56ff8fd9c73
fig4_riao4,84_BeO,4,4.0,19,76,2.000000000000668,0.9999999999998899,-3.375077994860476e-13,Figure_4c/RI-AO-ratio-4_RS-AO-ratio-7/84_BeO/input.inp,Figure_4c/RI-AO-ratio-4_RS-AO-ratio-7/84_BeO/output.log,029016bfebe0de241b22ce8b257331ceb89caf1bdb2e42d007f727b6af12f67c
fig4_riao4,85_MgO,4,4.0,27,108,-4.999999999999893,-12.00000000000001,-2.9274360713316128e-12,Figure_4c/RI-AO-ratio-4_RS-AO-ratio-7/85_MgO/input.inp,Figure_4c/RI-AO-ratio-4_RS-AO-ratio-7/85_MgO/output.log,cd73047f8a8dcd03081c53b7a5d63e6f215c4e7adc706bafea336973670f92e2
fig4_riao4,86_C7H8,4,4.0,139,556,-78.99999999999974,-6.000000000000005,9.237055564881302e-14,Figure_4c/RI-AO-ratio-4_RS-AO-ratio-7/86_C7H8/input.inp,Figure_4c/RI-AO-ratio-4_RS-AO-ratio-7/86_C7H8/output.log,a477cfcf0a0f8d0ed0b91e86cd2c2a44cb166271bb246f77089a1e36de19b1fb
fig4_riao4,87_C8H10,4,4.0,164,656,-6.000000000000227,-6.000000000000005,-1.5717205315013416e-11,Figure_4c/RI-AO-ratio-4_RS-AO-ratio-7/87_C8H10/input.inp,Figure_4c/RI-AO-ratio-4_RS-AO-ratio-7/87_C8H10/output.log,ec6d2cf3578ef9ec8c3abcc661a8447b81fdf4f96f3e243bf7ff852b16eb7ab1
fig4_riao4,88_C6F6,4,4.0,156,624,-126.00000000000122,9.000000000000119,-1.3642420526593924e-12,Figure_4c/RI-AO-ratio-4_RS-AO-ratio-7/88_C6F6/input.inp,Figure_4c/RI-AO-ratio-4_RS-AO-ratio-7/88_C6F6/output.log,999583c301362cb4764dc1a9af9a525e03b6a61c9ef762ef838b38a10e923d92
fig4_riao4,89_C6H5OH,4,4.0,127,508,-11.999999999999567,-4.999999999999893,-3.211653165635653e-12,Figure_4c/RI-AO-ratio-4_RS-AO-ratio-7/89_C6H5OH/input.inp,Figure_4c/RI-AO-ratio-4_RS-AO-ratio-7/89_C6H5OH/output.log,c23366adb90d5aeee0acc5e6128be3421f6ee8691042d8fd5d6b4ac4f903fa38
fig4_riao4,90_C6H5NH2,4,4.0,133,532,11.999999999999567,-14.000000000000012,-6.394884621840902e-13,Figure_4c/RI-AO-ratio-4_RS-AO-ratio-7/90_C6H5NH2/input.inp,Figure_4c/RI-AO-ratio-4_RS-AO-ratio-7/90_C6H5NH2/output.log,4dab58b49eda27b912bc3c7fd44555261d68dab73d6f5b95432228876ba813aa
fig4_riao4,91_C5H5N,4,4.0,108,432,3.9999999999995595,2.0000000000000018,-1.5631940186722204e-13,Figure_4c/RI-AO-ratio-4_RS-AO-ratio-7/91_C5H5N/input.inp,Figure_4c/RI-AO-ratio-4_RS-AO-ratio-7/91_C5H5N/output.log,c4302b7f5a073be7c2f92447f69d7f328fa2b64660d42d01ea56fcce21b0b6cc
fig4_riao4,92_guanine,4,4.0,173,692,3.9999999999995595,-4.0000000000000036,7.815970093361102e-12,Figure_4c/RI-AO-ratio-4_RS-AO-ratio-7/92_guanine/input.inp,Figure_4c/RI-AO-ratio-4_RS-AO-ratio-7/92_guanine/output.log,7c7806ecb0b757e9a07c51c7927de2ccfea5705ad225f7093c5bc5ebc301472b
fig4_riao4,93_adenine,4,4.0,160,640,3.0000000000001137,-2.0000000000000018,-1.1183942660863977e-11,Figure_4c/RI-AO-ratio-4_RS-AO-ratio-7/93_adenine/input.inp,Figure_4c/RI-AO-ratio-4_RS-AO-ratio-7/93_adenine/output.log,a0afe54e80099e757724376903a0b6c90609de2f7658056188d77969fd292687
fig4_riao4,94_cytosine,4,4.0,134,536,4.000000000000448,-6.000000000000005,4.973799150320701e-12,Figure_4c/RI-AO-ratio-4_RS-AO-ratio-7/94_cytosine/input.inp,Figure_4c/RI-AO-ratio-4_RS-AO-ratio-7/94_cytosine/output.log,6cb66b04bb29029c16adb77cc5ca79489968e138bc7c1116c8f0fca52ea39404
fig4_riao4,95_thymine,4,4.0,153,612,3.0000000000001137,-3.9999999999998925,-1.4651391211373266e-11,Figure_4c/RI-AO-ratio-4_RS-AO-ratio-7/95_thymine/input.inp,Figure_4c/RI-AO-ratio-4_RS-AO-ratio-7/95_thymine/output.log,7bd85c687dbe7e82e442ebfc043f02fc17ddd851a0153188abaeae2f491de22f
fig4_riao4,96_uracil,4,4.0,128,512,5.000000000000782,0.0,-7.531752999057062e-12,Figure_4c/RI-AO-ratio-4_RS-AO-ratio-7/96_uracil/input.inp,Figure_4c/RI-AO-ratio-4_RS-AO-ratio-7/96_uracil/output.log,624a1ca168193c8cf0dfd90b1b3c361a094d7100dc67c594c09fd78a5e43f963
fig4_riao4,97_urea,4,4.0,76,304,0.0,4.0000000000000036,7.105427357601002e-15,Figure_4c/RI-AO-ratio-4_RS-AO-ratio-7/97_urea/input.inp,Figure_4c/RI-AO-ratio-4_RS-AO-ratio-7/97_urea/output.log,40ef7c1b3294446bcbca86b3d039b28aa984579dbba557b9c6d3590dde587859
fig4_riao4,98_Ag2,4,4.0,50,200,-1.9999999999997797,-2.0000000000000018,-7.105427357601002e-14,Figure_4c/RI-AO-ratio-4_RS-AO-ratio-7/98_Ag2/input.inp,Figure_4c/RI-AO-ratio-4_RS-AO-ratio-7/98_Ag2/output.log,baa810ed08d51311d286056fcc119d9dfed033e2555fa3257898e90deabf600c
fig4_riao4,99_Cu2,4,3.84,50,192,24.99999999999991,1.0000000000000009,2.842170943040401e-14,Figure_4c/RI-AO-ratio-4_RS-AO-ratio-7/99_Cu2/input.inp,Figure_4c/RI-AO-ratio-4_RS-AO-ratio-7/99_Cu2/output.log,096d60c181095b8f1eb36f2c63234739136d743fecffdc3a90af936e965b5cb2
fig4_riao5,01_He,5,1.2,5,6,0.0,0.0,0.0,Figure_4c/RI-AO-ratio-5_RS-AO-ratio-7/01_He/input.inp,Figure_4c/RI-AO-ratio-5_RS-AO-ratio-7/01_He/output.log,1e364267c469c396b2cd836dcf50b992259ac1feadda3a4bc96c91eb33868287
fig4_riao5,02_Ne,5,2.8461538461538463,13,37,1.9999999999988916,0.0,0.0,Figure_4c/RI-AO-ratio-5_RS-AO-ratio-7/02_Ne/input.inp,Figure_4c/RI-AO-ratio-5_RS-AO-ratio-7/02_Ne/output.log,c28b0ef4ee9fd9384a9e8869367f0169c682084c1f61842aad2bc788fbc926a0
fig4_riao5,03_Ar,5,2.923076923076923,13,38,0.0,0.0,0.0,Figure_4c/RI-AO-ratio-5_RS-AO-ratio-7/03_Ar/input.inp,Figure_4c/RI-AO-ratio-5_RS-AO-ratio-7/03_Ar/output.log,d783cffc5730779fd52115bf17beb0536c0009e93b75ca7237f577d3699b566e
fig4_riao5,04_Kr,5,3.0,13,39,1.9999999999988916,0.0,0.0,Figure_4c/RI-AO-ratio-5_RS-AO-ratio-7/04_Kr/input.inp,Figure_4c/RI-AO-ratio-5_RS-AO-ratio-7/04_Kr/output.log,e59f42fd433539f4965949fcb9fd14bbb6b7ef5d3237dcf7a9f9b0f1adef5436
fig4_riao5,05_Xe,5,3.0,13,39,0.0,-1.000000000000334,0.0,Figure_4c/RI-AO-ratio-5_RS-AO-ratio-7/05_Xe/input.inp,Figure_4c/RI-AO-ratio-5_RS-AO-ratio-7/05_Xe/output.log,fcd9dc7205daeb125ba5146585fff77d9c579fc92db87bb4ebf7ec9d91f9851a
fig4_riao5,06_H2,5,2.0833333333333335,12,25,-1.0000000000012221,0.0,0.0,Figure_4c/RI-AO-ratio-5_RS-AO-ratio-7/06_H2/input.inp,Figure_4c/RI-AO-ratio-5_RS-AO-ratio-7/06_H2/output.log,87477fb6018220620999d07cbf1ab82997938d8b9c26622a11e09df9c71d1b30
fig4_riao5,07_Li2,5,3.6666666666666665,12,44,0.0,0.0,-4.796163466380676e-14,Figure_4c/RI-AO-ratio-5_RS-AO-ratio-7/07_Li2/input.inp,Figure_4c/RI-AO-ratio-5_RS-AO-ratio-7/07_Li2/output.log,06bcb2f461ac8f3b90e9e87d4badd0934b7b39a848ede52cb09a1a5a723d5298
fig4_riao5,08_Na2,5,1.7142857142857142,28,48,20.000000000000462,4.0000000000000036,-1.4210854715202004e-14,Figure_4c/RI-AO-ratio-5_RS-AO-ratio-7/08_Na2/input.inp,Figure_4c/RI-AO-ratio-5_RS-AO-ratio-7/08_Na2/output.log,26faa915cdf2edd3af246675c6284bbd3c77f2cbd04f9c2d3126e24c18cd7c83
fig4_riao5,09_Na4,5,1.7142857142857142,56,96,11.00000000000012,5.000000000000004,4.0103032006300054e-11,Figure_4c/RI-AO-ratio-5_RS-AO-ratio-7/09_Na4/input.inp,Figure_4c/RI-AO-ratio-5_RS-AO-ratio-7/09_Na4/output.log,e37aed06d8b1db935fea9610ba5bb3edb057cc7fe20118c0c611c0bf68b896df
fig4_riao5,100_CuCN,5,5.0,51,255,29.99999999999936,0.0,4.006750486951205e-11,Figure_4c/RI-AO-ratio-5_RS-AO-ratio-7/100_CuCN/input.inp,Figure_4c/RI-AO-ratio-5_RS-AO-ratio-7/100_CuCN/output.log,1c3cb13779ce4de72d44a08f545dc69e32f9a03844a50b55ee960b5b65356900
fig4_riao5,10_Na6,5,1.7142857142857142,84,144,16.999999999999904,0.0,7.105427357601002e-12,Figure_4c/RI-AO-ratio-5_RS-AO-ratio-7/10_Na6/input.inp,Figure_4c/RI-AO-ratio-5_RS-AO-ratio-7/10_Na6/output.log,c2322fe25f93e9aa53a643df185113094e9005d64cfe8429d73559ab0f411dfc
fig4_riao5,11_K2,5,2.5,28,70,3.0000000000001137,3.0000000000000027,2.1316282072803006e-14,Figure_4c/RI-AO-ratio-5_RS-AO-ratio-7/11_K2/input.inp,Figure_4c/RI-AO-ratio-5_RS-AO-ratio-7/11_K2/output.log,6005121a34e9fdbc870b425e36289448c5051b548c2a516c1681b49b8d611efd
fig4_riao5,12_Rb2,5,2.5,28,70,0.9999999999998899,-2.0000000000000018,0.0,Figure_4c/RI-AO-ratio-5_RS-AO-ratio-7/12_Rb2/input.inp,Figure_4c/RI-AO-ratio-5_RS-AO-ratio-7/12_Rb2/output.log,df240916350cf32180fa43774ba625941e5cd184fe00bcb4d3d1a313605e718f
fig4_riao5,13_N2,5,5.0,26,130,0.9999999999994458,-0.9999999999998899,7.105427357601002e-15,Figure_4c/RI-AO-ratio-5_RS-AO-ratio-7/13_N2/input.inp,Figure_4c/RI-AO-ratio-5_RS-AO-ratio-7/13_N2/output.log,5d05adc6cdb3e6e0d5ed68710f503f6e5b3fa01e78c0bee8a5f7cb0d4c9c4493
fig4_riao5,14_P2,5,5.0,26,130,-1.0000000000012221,-2.0000000000000018,2.842170943040401e-14,Figure_4c/RI-AO-ratio-5_RS-AO-ratio-7/14_P2/input.inp,Figure_4c/RI-AO-ratio-5_RS-AO-ratio-7/14_P2/output.log,ae0d4cc361e0f768db7fc56a43e8877d3f9e9bac8a22b6ae288467906f652251
fig4_riao5,15_As2,5,5.0,26,130,1.9999999999988916,0.0,8.915534976949857e-12,Figure_4c/RI-AO-ratio-5_RS-AO-ratio-7/15_As2/input.inp,Figure_4c/RI-AO-ratio-5_RS-AO-ratio-7/15_As2/output.log,56d6f8405722cbfe945aad8bcccd559c5b86dcc34b5459b46ef2e333c5e6cbe2
fig4_riao5,16_F2,5,5.0,26,130,0.0,-1.9999999999998908,-1.4210854715202004e-14,Figure_4c/RI-AO-ratio-5_RS-AO-ratio-7/16_F2/input.inp,Figure_4c/RI-AO-ratio-5_RS-AO-ratio-7/16_F2/output.log,87b8ff88aa61963ef79c57c3140efb5be5b6251a554e0a4bb2c4765c4d21832e
fig4_riao5,17_Cl2,5,5.0,26,130,2.000000000000668,2.0000000000000018,-7.105427357601002e-15,Figure_4c/RI-AO-ratio-5_RS-AO-ratio-7/17_Cl2/input.inp,Figure_4c/RI-AO-ratio-5_RS-AO-ratio-7/17_Cl2/output.log,c9b6346cbe295f4c85df383036e7923767268cabccd782a796ccd1afb25a4687
fig4_riao5,18_Br2,5,5.0,26,130,5.000000000000782,4.0000000000000036,2.842170943040401e-14,Figure_4c/RI-AO-ratio-5_RS-AO-ratio-7/18_Br2/input.inp,Figure_4c/RI-AO-ratio-5_RS-AO-ratio-7/18_Br2/output.log,754908edfff428b11d97bd1a2ac4951f78639173255d5a8e15d064f88e8075f1
fig4_riao5,19_I2,5,5.0,26,130,4.000000000001336,5.000000000000004,6.750155989720952e-14,Figure_4c/RI-AO-ratio-5_RS-AO-ratio-7/19_I2/input.inp,Figure_4c/RI-AO-ratio-5_RS-AO-ratio-7/19_I2/output.log,5aec41b5123bbcf9ab9de2ef2e3643218940980300ce2655b3ac72633bf107a5
fig4_riao5,20_CH4,5,5.0,37,185,0.0,0.0,-8.881784197001252e-15,Figure_4c/RI-AO-ratio-5_RS-AO-ratio-7/20_CH4/input.inp,Figure_4c/RI-AO-ratio-5_RS-AO-ratio-7/20_CH4/output.log,3223e175901dca412bbd4348d789f681f95caf509b2e841bc99709a2aedec5de
fig4_riao5,21_C2H6,5,5.0,62,310,4.999999999999005,0.0,3.197442310920451e-14,Figure_4c/RI-AO-ratio-5_RS-AO-ratio-7/21_C2H6/input.inp,Figure_4c/RI-AO-ratio-5_RS-AO-ratio-7/21_C2H6/output.log,41f21729fc65b13579419b3ff62ba558052d13798db4fdc0f48d94558c69b625
fig4_riao5,22_C3H8,5,5.0,87,435,-9.999999999999787,-2.0000000000000018,-2.1316282072803006e-14,Figure_4c/RI-AO-ratio-5_RS-AO-ratio-7/22_C3H8/input.inp,Figure_4c/RI-AO-ratio-5_RS-AO-ratio-7/22_C3H8/output.log,93204e0959d8b1c2810f83524b887ee4832e6ef18de2354ae91759aafd3c2560
fig4_riao5,23_C4H10,5,5.0,112,560,23.999999999999133,-1.000000000000112,-3.197442310920451e-14,Figure_4c/RI-AO-ratio-5_RS-AO-ratio-7/23_C4H10/input.inp,Figure_4c/RI-AO-ratio-5_RS-AO-ratio-7/23_C4H10/output.log,c0f1991b45261439f6867a2478acd122ca18241d5f173c3dbad38fe4d84e9331
fig4_riao5,24_C2H4,5,5.0,50,250,0.9999999999994458,-2.0000000000000018,4.263256414560601e-14,Figure_4c/RI-AO-ratio-5_RS-AO-ratio-7/24_C2H4/input.inp,Figure_4c/RI-AO-ratio-5_RS-AO-ratio-7/24_C2H4/output.log,5083d793452152f4c48a299595353de823c033181de34d4c869b34c64a58596e
fig4_riao5,25_C2H2,5,5.0,38,190,1.9999999999988916,-1.000000000000112,-1.0658141036401503e-14,Figure_4c/RI-AO-ratio-5_RS-AO-ratio-7/25_C2H2/input.inp,Figure_4c/RI-AO-ratio-5_RS-AO-ratio-7/25_C2H2/output.log,fc12ed8672e3f38b43d83168ad96a120868031f8b6959ff1b8f3567ff9571c46
fig4_riao5,26_C4,5,5.0,52,260,2.000000000000668,0.0,-8.481155688855324e-08,Figure_4c/RI-AO-ratio-5_RS-AO-ratio-7/26_C4/input.inp,Figure_4c/RI-AO-ratio-5_RS-AO-ratio-7/26_C4/output.log,2004235d4715c8aec55951842e14c86d86b125669d68b90de169e879070e78b1
fig4_riao5,27_C3H6,5,5.0,75,375,8.999999999998565,0.0,-2.4868995751603507e-14,Figure_4c/RI-AO-ratio-5_RS-AO-ratio-7/27_C3H6/input.inp,Figure_4c/RI-AO-ratio-5_RS-AO-ratio-7/27_C3H6/output.log,e47590181b5c2a778379634fa818757fb35d2008ac675442b99fcded88949627
fig4_riao5,28_C6H6,5,5.0,114,570,3.0000000000001137,-6.000000000000005,-1.8403056856186595e-12,Figure_4c/RI-AO-ratio-5_RS-AO-ratio-7/28_C6H6/input.inp,Figure_4c/RI-AO-ratio-5_RS-AO-ratio-7/28_C6H6/output.log,12b253b3e3cb7f2706e767afeeda1a2cde0e10a7d480c4f85810881a78e485e5
fig4_riao5,29_C8H8,5,5.0,152,760,3.9999999999995595,-5.000000000000004,-5.540812253457261e-11,Figure_4c/RI-AO-ratio-5_RS-AO-ratio-7/29_C8H8/input.inp,Figure_4c/RI-AO-ratio-5_RS-AO-ratio-7/29_C8H8/output.log,16580f134ba03bca0edbd39357bd62db1857f832184f2e29a1a7ead93e21d3f0
fig4_riao5,30_C5H6,5,5.0,101,505,-1.000000000000334,0.0,5.648814749292796e-13,Figure_4c/RI-AO-ratio-5_RS-AO-ratio-7/30_C5H6/input.inp,Figure_4c/RI-AO-ratio-5_RS-AO-ratio-7/30_C5H6/output.log,23b7965f0856faa4f7999a034c950f0cd4bd52d0fa22da09c16c2648820a6cd2
fig4_riao5,31_C2H3F,5,5.0,57,285,3.0000000000001137,-1.000000000000112,-5.684341886080802e-14,Figure_4c/RI-AO-ratio-5_RS-AO-ratio-7/31_C2H3F/input.inp,Figure_4c/RI-AO-ratio-5_RS-AO-ratio-7/31_C2H3F/output.log,4173ed3f289291fa48aa335bc61d24f0d6a148200d1a60e406bfc0c7a332afcb
fig4_riao5,32_C2H3Cl,5,5.0,57,285,2.000000000000668,1.000000000000334,-6.750155989720952e-14,Figure_4c/RI-AO-ratio-5_RS-AO-ratio-7/32_C2H3Cl/input.inp,Figure_4c/RI-AO-ratio-5_RS-AO-ratio-7/32_C2H3Cl/output.log,e492d5948009d0c098819577ee7e17b4f95e8ebcbb51be3871ce39c7b482daf5
fig4_riao5,33_C2H3Br,5,5.0,57,285,-0.9999999999994458,-2.0000000000000018,7.105427357601002e-15,Figure_4c/RI-AO-ratio-5_RS-AO-ratio-7/33_C2H3Br/input.inp,Figure_4c/RI-AO-ratio-5_RS-AO-ratio-7/33_C2H3Br/output.log,18fa5399987ab1eb1f8d688a8150a129e1dd111450d473d184b8da52abc3e623
fig4_riao5,34_C2H3I,5,5.0,57,285,-0.9999999999994458,14.000000000000012,-4.263256414560601e-14,Figure_4c/RI-AO-ratio-5_RS-AO-ratio-7/34_C2H3I/input.inp,Figure_4c/RI-AO-ratio-5_RS-AO-ratio-7/34_C2H3I/output.log,b56cc4a4ce8735d80b2d31ac4c2b247afbd1048779a5945576d5bfa76cf8ce3c
fig4_riao5,35_CF4,5,5.0,65,325,5.000000000000782,1.000000000000334,-5.684341886080802e-14,Figure_4c/RI-AO-ratio-5_RS-AO-ratio-7/35_CF4/input.inp,Figure_4c/RI-AO-ratio-5_RS-AO-ratio-7/35_CF4/output.log,20fc70500374ed50f891a14ce36ab06e11685a995317bdf11b425345ab3cd24f
fig4_riao5,36_CCl4,5,5.0,65,325,3.0000000000001137,0.0,5.684341886080802e-14,Figure_4c/RI-AO-ratio-5_RS-AO-ratio-7/36_CCl4/input.inp,Figure_4c/RI-AO-ratio-5_RS-AO-ratio-7/36_CCl4/output.log,02bbc86c8f0e0dfddeacd863b52fc9894b8208733c5b4ed302629a1e20748e72
fig4_riao5,37_CBr4,5,5.0,65,325,0.9999999999994458,5.000000000000004,7.105427357601002e-14,Figure_4c/RI-AO-ratio-5_RS-AO-ratio-7/37_CBr4/input.inp,Figure_4c/RI-AO-ratio-5_RS-AO-ratio-7/37_CBr4/output.log,273a780184c1ff0813f6eacab28e5c1f1edcc725f914309d5b38d25fbe41296f
fig4_riao5,38_CI4,5,5.0,65,325,4.000000000001336,2.0000000000000018,-1.0658141036401503e-13,Figure_4c/RI-AO-ratio-5_RS-AO-ratio-7/38_CI4/input.inp,Figure_4c/RI-AO-ratio-5_RS-AO-ratio-7/38_CI4/output.log,e223729704baa540f9fcd753e9f05c5a453092dd54cdb29a7f42759d39d1389e
fig4_riao5,39_SiH4,5,5.0,37,185,2.000000000000668,0.0,9.769962616701378e-15,Figure_4c/RI-AO-ratio-5_RS-AO-ratio-7/39_SiH4/input.inp,Figure_4c/RI-AO-ratio-5_RS-AO-ratio-7/39_SiH4/output.log,256f07bc3a8470ea7e59e4948d4eedf7d98c4e71507e3a178797c76ee293ef1c
fig4_riao5,40_GeH4,5,5.0,37,185,0.9999999999994458,0.0,-8.881784197001252e-15,Figure_4c/RI-AO-ratio-5_RS-AO-ratio-7/40_GeH4/input.inp,Figure_4c/RI-AO-ratio-5_RS-AO-ratio-7/40_GeH4/output.log,6717b766bdaf231ec013f95eeddfa8adea26b312ce66eb8b68ba7d6bcbecc222
fig4_riao5,41_Si2H6,5,5.0,62,310,2.000000000000668,0.0,-8.881784197001252e-15,Figure_4c/RI-AO-ratio-5_RS-AO-ratio-7/41_Si2H6/input.inp,Figure_4c/RI-AO-ratio-5_RS-AO-ratio-7/41_Si2H6/output.log,61eba18b168e8c7f15232e158f054db0ef6a5b2b7257a9378412ee416376afe9
fig4_riao5,42_Si5H12,5,5.0,137,685,3.9999999999995595,3.0000000000000027,3.197442310920451e-14,Figure_4c/RI-AO-ratio-5_RS-AO-ratio-7/42_Si5H12/input.inp,Figure_4c/RI-AO-ratio-5_RS-AO-ratio-7/42_Si5H12/output.log,3e2ca07ff8ae3e091b06282fdeead1617fd33888b54046755be3b166549b3195
fig4_riao5,43_LiH,5,3.4166666666666665,12,41,0.0,-1.0000000000000009,7.105427357601002e-15,Figure_4c/RI-AO-ratio-5_RS-AO-ratio-7/43_LiH/input.inp,Figure_4c/RI-AO-ratio-5_RS-AO-ratio-7/43_LiH/output.log,5a8002d936f253719cd0d89c2fed6a6e33e52e81d925fb625d148cad6fde7c81
fig4_riao5,44_KH,5,5.0,20,100,0.0,0.0,-1.0658141036401503e-14,Figure_4c/RI-AO-ratio-5_RS-AO-ratio-7/44_KH/input.inp,Figure_4c/RI-AO-ratio-5_RS-AO-ratio-7/44_KH/output.log,f8838bf4547c04540ec6c2c2e484f94e706c8d2c85ed5ee67c84af7b5b102404
fig4_riao5,45_BH3,5,5.0,31,155,0.9999999999994458,3.0000000000000027,-4.440892098500626e-15,Figure_4c/RI-AO-ratio-5_RS-AO-ratio-7/45_BH3/input.inp,Figure_4c/RI-AO-ratio-5_RS-AO-ratio-7/45_BH3/output.log,39dad2d18316b7cdfffd1cfe6499dfa451cf84d2935b452aceaff5e8d8d8e70c
fig4_riao5,46_B2H6,5,5.0,62,310,0.9999999999994458,0.0,2.3092638912203256e-14,Figure_4c/RI-AO-ratio-5_RS-AO-ratio-7/46_B2H6/input.inp,Figure_4c/RI-AO-ratio-5_RS-AO-ratio-7/46_B2H6/output.log,0d4f147531c0b7b0c4ec59eee4a86850d0f0bf998d68c2249e55139975cab415
fig4_riao5,47_NH3,5,5.0,31,155,0.9999999999994458,1.000000000000112,1.4210854715202004e-14,Figure_4c/RI-AO-ratio-5_RS-AO-ratio-7/47_NH3/input.inp,Figure_4c/RI-AO-ratio-5_RS-AO-ratio-7/47_NH3/output.log,61c7c04d9da4db82b986d72d559a1429c0c5a323ef560088f3f2f927d959fecb
fig4_riao5,48_HN3,5,5.0,45,225,2.000000000000668,0.0,3.552713678800501e-15,Figure_4c/RI-AO-ratio-5_RS-AO-ratio-7/48_HN3/input.inp,Figure_4c/RI-AO-ratio-5_RS-AO-ratio-7/48_HN3/output.log,e577656ec1a75eaa7de72c0ebaf43f9777e681ebe1e6c1e5db76af70f2f28cd6
fig4_riao5,49_PH3,5,5.0,31,155,0.9999999999994458,0.0,-3.552713678800501e-15,Figure_4c/RI-AO-ratio-5_RS-AO-ratio-7/49_PH3/input.inp,Figure_4c/RI-AO-ratio-5_RS-AO-ratio-7/49_PH3/output.log,55f09eced874d11e496f4e023a56634753bebae62fde0770f8953798f749a744
fig4_riao5,50_AsH3,5,5.0,31,155,0.9999999999994458,1.000000000000112,-7.105427357601002e-15,Figure_4c/RI-AO-ratio-5_RS-AO-ratio-7/50_AsH3/input.inp,Figure_4c/RI-AO-ratio-5_RS-AO-ratio-7/50_AsH3/output.log,0b708b1b760524d5460fcda667872a0edfe0167247a87726afea8a132fbb54f6
fig4_riao5,51_SH2,5,5.0,25,125,3.0000000000001137,0.0,-7.105427357601002e-15,Figure_4c/RI-AO-ratio-5_RS-AO-ratio-7/51_SH2/input.inp,Figure_4c/RI-AO-ratio-5_RS-AO-ratio-7/51_SH2/output.log,b89ca4f107b88b632c8143ecb076d5c8c615c023a8da166f5a1b241838d5df7b
fig4_riao5,52_HF,5,5.0,19,95,1.0000000000012221,0.0,1.4210854715202004e-14,Figure_4c/RI-AO-ratio-5_RS-AO-ratio-7/52_HF/input.inp,Figure_4c/RI-AO-ratio-5_RS-AO-ratio-7/52_HF/output.log,c656c0762ac51d12430364e1803efe22c200a32522439b83065c42ca82aa716d
fig4_riao5,53_HCl,5,5.0,19,95,0.9999999999994458,0.0,-1.0658141036401503e-14,Figure_4c/RI-AO-ratio-5_RS-AO-ratio-7/53_HCl/input.inp,Figure_4c/RI-AO-ratio-5_RS-AO-ratio-7/53_HCl/output.log,e3fa42094c1e0bf9f271c4674b338285ee61392b7d536fe4e6acb2b2b9a7da02
fig4_riao5,54_LiF,5,5.0,19,95,0.0,1.0000000000000009,1.4601653219870059e-12,Figure_4c/RI-AO-ratio-5_RS-AO-ratio-7/54_LiF/input.inp,Figure_4c/RI-AO-ratio-5_RS-AO-ratio-7/54_LiF/output.log,155af92cf77eec8ae64cc799b1ac63fadb45ac8f97bfa349b25c8a6216b44a73
fig4_riao5,55_MgF2,5,5.0,40,200,-2.000000000000668,7.000000000000006,1.5631940186722204e-13,Figure_4c/RI-AO-ratio-5_RS-AO-ratio-7/55_MgF2/input.inp,Figure_4c/RI-AO-ratio-5_RS-AO-ratio-7/55_MgF2/output.log,2af1c5862ae5be90b9ba56acf38884e0b9f85e9bb403d0e616c9608bdb8272e8
fig4_riao5,56_TiF4,5,5.0,78,390,-3.0000000000001137,1.0000000000000009,-4.831690603168681e-13,Figure_4c/RI-AO-ratio-5_RS-AO-ratio-7/56_TiF4/input.inp,Figure_4c/RI-AO-ratio-5_RS-AO-ratio-7/56_TiF4/output.log,936ed6464c2156b17b26e4a93480592a08fc78b4531acee2c2dd02bb57fc7bee
fig4_riao5,57_AlF3,5,5.0,52,260,-3.9999999999995595,-0.9999999999998899,-6.394884621840902e-13,Figure_4c/RI-AO-ratio-5_RS-AO-ratio-7/57_AlF3/input.inp,Figure_4c/RI-AO-ratio-5_RS-AO-ratio-7/57_AlF3/output.log,bea08a09cc1f9eb0ca66c361440b41b7279188f473704f49cae4edf0a95a42d6
fig4_riao5,58_BF,5,5.0,26,130,0.0,0.0,-2.4868995751603507e-14,Figure_4c/RI-AO-ratio-5_RS-AO-ratio-7/58_BF/input.inp,Figure_4c/RI-AO-ratio-5_RS-AO-ratio-7/58_BF/output.log,53537d35304b3dce57858e787b0598f6bcabb98e5c0f352f9f5bab982d1cb931
fig4_riao5,59_SF4,5,5.0,65,325,-3.9999999999995595,3.0000000000001137,1.8474111129762605e-13,Figure_4c/RI-AO-ratio-5_RS-AO-ratio-7/59_SF4/input.inp,Figure_4c/RI-AO-ratio-5_RS-AO-ratio-7/59_SF4/output.log,9787b2697eb8f8607b73def62e57c0c6b5b631cc186e452fc60f34d5cb24af48
fig4_riao5,60_BrK,5,5.0,27,135,1.000000000000334,3.0000000000000027,-2.1316282072803006e-14,Figure_4c/RI-AO-ratio-5_RS-AO-ratio-7/60_BrK/input.inp,Figure_4c/RI-AO-ratio-5_RS-AO-ratio-7/60_BrK/output.log,64b52982327b2f8194466cb31ba8f522d718982e608d0e026fb27793979d2787
fig4_riao5,61_GaCl,5,5.0,38,190,-4.000000000001336,2.0000000000000018,1.4210854715202004e-14,Figure_4c/RI-AO-ratio-5_RS-AO-ratio-7/61_GaCl/input.inp,Figure_4c/RI-AO-ratio-5_RS-AO-ratio-7/61_GaCl/output.log,0f639edec30f4c83f3c80c7a042e654a5207ca73666ae91b9e45814e0833c40e
fig4_riao5,62_NaCl,5,5.0,27,135,0.9999999999994458,-1.0000000000000009,-1.8474111129762605e-13,Figure_4c/RI-AO-ratio-5_RS-AO-ratio-7/62_NaCl/input.inp,Figure_4c/RI-AO-ratio-5_RS-AO-ratio-7/62_NaCl/output.log,45d45e6eaafa57fc01e28aec7041002b5add11b6ebeb18fb788ce12f582bd0f7
fig4_riao5,63_MgCl2,5,5.0,40,200,1.0000000000012221,4.0000000000000036,-1.2789769243681803e-13,Figure_4c/RI-AO-ratio-5_RS-AO-ratio-7/63_MgCl2/input.inp,Figure_4c/RI-AO-ratio-5_RS-AO-ratio-7/63_MgCl2/output.log,157f2669df2a87dce26d6cb945aff4f00aa952b5de3d9785bae958789734bf1f
fig4_riao5,64_AlI3,5,5.0,52,260,3.0000000000001137,0.0,1.2079226507921703e-13,Figure_4c/RI-AO-ratio-5_RS-AO-ratio-7/64_AlI3/input.inp,Figure_4c/RI-AO-ratio-5_RS-AO-ratio-7/64_AlI3/output.log,e589c1059ad80a230f06943c0488783ed7fd0b6dd904e24e72108d77da374b3d
fig4_riao5,65_BN,5,5.0,26,130,0.0,1.9999999999997797,2.3092638912203256e-14,Figure_4c/RI-AO-ratio-5_RS-AO-ratio-7/65_BN/input.inp,Figure_4c/RI-AO-ratio-5_RS-AO-ratio-7/65_BN/output.log,852d2c8788354460bde6577477c05fa465198939d88567a4ccab05415e63e10e
fig4_riao5,66_NCH,5,5.0,32,160,1.0000000000012221,-0.9999999999998899,3.552713678800501e-14,Figure_4c/RI-AO-ratio-5_RS-AO-ratio-7/66_NCH/input.inp,Figure_4c/RI-AO-ratio-5_RS-AO-ratio-7/66_NCH/output.log,afbdf61109cc6c14213bd7e1a45cd52ae51dd23554e191da837be8d80f87540f
fig4_riao5,67_PN,5,5.0,26,130,2.000000000000668,0.0,-2.842170943040401e-14,Figure_4c/RI-AO-ratio-5_RS-AO-ratio-7/67_PN/input.inp,Figure_4c/RI-AO-ratio-5_RS-AO-ratio-7/67_PN/output.log,73467c05ce592f3619f6816ac763411571f0775d106e952150893b89be8b9f85
fig4_riao5,68_N2H4,5,5.0,50,250,2.000000000000668,0.0,-6.750155989720952e-14,Figure_4c/RI-AO-ratio-5_RS-AO-ratio-7/68_N2H4/input.inp,Figure_4c/RI-AO-ratio-5_RS-AO-ratio-7/68_N2H4/output.log,da80d68351a4fc8161fd4bad78485958144ec0cd6bc1444fb7733079588bd50e
fig4_riao5,69_H2CO,5,5.0,38,190,0.9999999999994458,-1.000000000000112,3.552713678800501e-15,Figure_4c/RI-AO-ratio-5_RS-AO-ratio-7/69_H2CO/input.inp,Figure_4c/RI-AO-ratio-5_RS-AO-ratio-7/69_H2CO/output.log,381a1fece7796b251b929131f2309c57ba8ba4d8195a183358228ec9c1b3a42f
fig4_riao5,70_CH3OH,5,5.0,50,250,8.000000000000895,3.0000000000001137,-4.618527782440651e-14,Figure_4c/RI-AO-ratio-5_RS-AO-ratio-7/70_CH3OH/input.inp,Figure_4c/RI-AO-ratio-5_RS-AO-ratio-7/70_CH3OH/output.log,f45f3da9870909cafc61f82274a4ecea948c8e455c53fa753e700f5650428504
fig4_riao5,71_C2H5OH,5,5.0,75,375,3.0000000000001137,0.9999999999998899,-3.197442310920451e-14,Figure_4c/RI-AO-ratio-5_RS-AO-ratio-7/71_C2H5OH/input.inp,Figure_4c/RI-AO-ratio-5_RS-AO-ratio-7/71_C2H5OH/output.log,5f2c34a879711027408b5be7439336e392948e6f1a21c57aea2a91250209512a
fig4_riao5,72_C2H4O,5,5.0,63,315,0.0,-1.000000000000112,1.2079226507921703e-13,Figure_4c/RI-AO-ratio-5_RS-AO-ratio-7/72_C2H4O/input.inp,Figure_4c/RI-AO-ratio-5_RS-AO-ratio-7/72_C2H4O/output.log,e81d786df320d9d1ee8f542e2a624ecee6b6307decb9c1d33ca1d8a887525b88
fig4_riao5,73_C4H10O4,5,5.0,125,625,16.000000000000014,-2.0000000000000018,-8.768097359279636e-12,Figure_4c/RI-AO-ratio-5_RS-AO-ratio-7/73_C4H10O4/input.inp,Figure_4c/RI-AO-ratio-5_RS-AO-ratio-7/73_C4H10O4/output.log,aee3615daaa379f12302ed15a7e8101cc5918418d16f1d9661ff6aae8d35f944
fig4_riao5,74_HCOOH,5,5.0,51,255,3.0000000000001137,0.0,2.4158453015843406e-13,Figure_4c/RI-AO-ratio-5_RS-AO-ratio-7/74_HCOOH/input.inp,Figure_4c/RI-AO-ratio-5_RS-AO-ratio-7/74_HCOOH/output.log,0060173ec8b6b89c02b975134471d62126ae98e30c5f9d26d894293f4af8d00a
fig4_riao5,75_H2O2,5,5.0,38,190,0.9999999999994458,0.0,8.526512829121202e-14,Figure_4c/RI-AO-ratio-5_RS-AO-ratio-7/75_H2O2/input.inp,Figure_4c/RI-AO-ratio-5_RS-AO-ratio-7/75_H2O2/output.log,a1d8421ebc0b514c8806e795f79c24b947274443236ad0380c33fba940fc6b4c
fig4_riao5,76_H2O,5,5.0,25,125,1.0000000000012221,0.0,2.842170943040401e-14,Figure_4c/RI-AO-ratio-5_RS-AO-ratio-7/76_H2O/input.inp,Figure_4c/RI-AO-ratio-5_RS-AO-ratio-7/76_H2O/output.log,20d269dbe429495888f04c9776b59a03fc80f8325f4991c16da959ced3da4f9b
fig4_riao5,77_CO2,5,5.0,39,195,1.0000000000012221,1.9999999999997797,-7.105427357601002e-14,Figure_4c/RI-AO-ratio-5_RS-AO-ratio-7/77_CO2/input.inp,Figure_4c/RI-AO-ratio-5_RS-AO-ratio-7/77_CO2/output.log,0cef32c1337274fde391311ea44150d85e9a9b6e21287d2d8c1436d4a9467720
fig4_riao5,78_CS2,5,5.0,39,195,3.0000000000001137,3.0000000000000027,-3.197442310920451e-14,Figure_4c/RI-AO-ratio-5_RS-AO-ratio-7/78_CS2/input.inp,Figure_4c/RI-AO-ratio-5_RS-AO-ratio-7/78_CS2/output.log,423a6e995826791bf8eca45d67e8b81e31f370784bf79749af2ea22d531c743b
fig4_riao5,79_OCS,5,5.0,39,195,2.000000000000668,2.0000000000000018,2.842170943040401e-14,Figure_4c/RI-AO-ratio-5_RS-AO-ratio-7/79_OCS/input.inp,Figure_4c/RI-AO-ratio-5_RS-AO-ratio-7/79_OCS/output.log,92cdc4e423005708155198c2bc105dae2f2a74f1488cc655429de1d9302ebf6d
fig4_riao5,80_OCSe,5,5.0,39,195,-0.9999999999994458,-0.9999999999998899,7.460698725481052e-14,Figure_4c/RI-AO-ratio-5_RS-AO-ratio-7/80_OCSe/input.inp,Figure_4c/RI-AO-ratio-5_RS-AO-ratio-7/80_OCSe/output.log,5c096273f7e24060cd91ecc219c7ae3a9df1c34b47de9386372180007acf60e4
fig4_riao5,81_CO,5,5.0,26,130,0.9999999999994458,1.000000000000112,4.759925786856911e-11,Figure_4c/RI-AO-ratio-5_RS-AO-ratio-7/81_CO/input.inp,Figure_4c/RI-AO-ratio-5_RS-AO-ratio-7/81_CO/output.log,ae99e6f60b060d7000c9d07e38187fd99b92df63d8327160b93aa373a1e57cdf
fig4_riao5,82_O3,5,5.0,39,195,0.9999999999994458,0.0,7.531752999057062e-13,Figure_4c/RI-AO-ratio-5_RS-AO-ratio-7/82_O3/input.inp,Figure_4c/RI-AO-ratio-5_RS-AO-ratio-7/82_O3/output.log,590513d83f476289834a132c4440cfa932edc559483fd68d11d4e57f3abc0a5e
fig4_riao5,83_SO2,5,5.0,39,195,-4.000000000001336,1.0000000000000009,6.394884621840902e-14,Figure_4c/RI-AO-ratio-5_RS-AO-ratio-7/83_SO2/input.inp,Figure_4c/RI-AO-ratio-5_RS-AO-ratio-7/83_SO2/output.log,5d7dec3de7215a23b571de4f8eea84026b99e5596b3e9f38f2d126b809f1177f
fig4_riao5,84_BeO,5,5.0,19,95,2.000000000000668,0.0,-3.907985046680551e-14,Figure_4c/RI-AO-ratio-5_RS-AO-ratio-7/84_BeO/input.inp,Figure_4c/RI-AO-ratio-5_RS-AO-ratio-7/84_BeO/output.log,490375f1fb940d1c25ed268ab01b188791527c14a1e6c9e76e33c60de32cfc3d
fig4_riao5,85_MgO,5,4.703703703703703,27,127,1.000000000000334,-12.00000000000001,-4.831690603168681e-13,Figure_4c/RI-AO-ratio-5_RS-AO-ratio-7/85_MgO/input.inp,Figure_4c/RI-AO-ratio-5_RS-AO-ratio-7/85_MgO/output.log,6e9260bb5e76d3646a81cb806a2b0cc77fa78e6a0da16f6eb08a72e7b041abb6
fig4_riao5,86_C7H8,5,5.0,139,695,-80.00000000000007,-6.000000000000005,-7.815970093361102e-14,Figure_4c/RI-AO-ratio-5_RS-AO-ratio-7/86_C7H8/input.inp,Figure_4c/RI-AO-ratio-5_RS-AO-ratio-7/86_C7H8/output.log,4601ccc3e51edea38ac182c9d02542be6c166c82cf16ee5c4f4c1eea7656c815
fig4_riao5,87_C8H10,5,5.0,164,820,-6.000000000000227,-4.0000000000000036,-6.359357485052897e-12,Figure_4c/RI-AO-ratio-5_RS-AO-ratio-7/87_C8H10/input.inp,Figure_4c/RI-AO-ratio-5_RS-AO-ratio-7/87_C8H10/output.log,4408f473dd508bb6afb009160c6555ac4cb0220526968cfb7e370dff3005ba52
fig4_riao5,88_C6F6,5,5.0,156,780,-124.00000000000055,6.000000000000005,-9.094947017729282e-13,Figure_4c/RI-AO-ratio-5_RS-AO-ratio-7/88_C6F6/input.inp,Figure_4c/RI-AO-ratio-5_RS-AO-ratio-7/88_C6F6/output.log,b94b85d67be1e3b502d07872c3139e4c4a5c109f849886ce3df019477ebeee5b
fig4_riao5,89_C6H5OH,5,5.0,127,635,-11.999999999999567,-4.0000000000000036,1.298161578233703e-11,Figure_4c/RI-AO-ratio-5_RS-AO-ratio-7/89_C6H5OH/input.inp,Figure_4c/RI-AO-ratio-5_RS-AO-ratio-7/89_C6H5OH/output.log,495904cea62213db5699358bf319b2825421dbf837eac0a61a66863d474f9615
fig4_riao5,90_C6H5NH2,5,5.0,133,665,11.00000000000012,-12.00000000000001,-4.028066769024008e-11,Figure_4c/RI-AO-ratio-5_RS-AO-ratio-7/90_C6H5NH2/input.inp,Figure_4c/RI-AO-ratio-5_RS-AO-ratio-7/90_C6H5NH2/output.log,90854b8990f01200f87afdc7ee5686b285a88e9fe06697fa94da786e3222b837
fig4_riao5,91_C5H5N,5,5.0,108,540,3.0000000000001137,0.0,-7.105427357601002e-15,Figure_4c/RI-AO-ratio-5_RS-AO-ratio-7/91_C5H5N/input.inp,Figure_4c/RI-AO-ratio-5_RS-AO-ratio-7/91_C5H5N/output.log,9d119f55f57ada62c8a6a8d74357d17dde2cbe416cb8553cf33984c0331442e5
fig4_riao5,92_guanine,5,5.0,173,865,2.9999999999992255,-4.0000000000000036,4.3513637137948535e-11,Figure_4c/RI-AO-ratio-5_RS-AO-ratio-7/92_guanine/input.inp,Figure_4c/RI-AO-ratio-5_RS-AO-ratio-7/92_guanine/output.log,cad8808900cd180e05fbe18fedb482aa4e0c9d9e68fccac2a2f7bc2ff3d99712
fig4_riao5,93_adenine,5,5.0,160,800,1.9999999999997797,-2.9999999999998916,6.536993168992922e-12,Figure_4c/RI-AO-ratio-5_RS-AO-ratio-7/93_adenine/input.inp,Figure_4c/RI-AO-ratio-5_RS-AO-ratio-7/93_adenine/output.log,1ea7b8dad96de424f20244e0ba67bf13b8d39525658f5affd835e391f1c1043b
fig4_riao5,94_cytosine,5,5.0,134,670,3.0000000000001137,-7.000000000000006,-2.5579538487363607e-12,Figure_4c/RI-AO-ratio-5_RS-AO-ratio-7/94_cytosine/input.inp,Figure_4c/RI-AO-ratio-5_RS-AO-ratio-7/94_cytosine/output.log,0f9cbb48ec00f3ebd1ecf6756a2f5be3b36ab675a4ad6664911cfd3085907518
fig4_riao5,95_thymine,5,5.0,153,765,1.9999999999988916,-3.9999999999998925,-2.7995383788947947e-11,Figure_4c/RI-AO-ratio-5_RS-AO-ratio-7/95_thymine/input.inp,Figure_4c/RI-AO-ratio-5_RS-AO-ratio-7/95_thymine/output.log,5f5bf78d86cc04b57204917ece77d87a7ace9d51bf1a2d8d8bc81c01b0bb1f2a
fig4_riao5,96_uracil,5,5.0,128,640,5.000000000000782,-1.0000000000000009,-8.995471034722868e-12,Figure_4c/RI-AO-ratio-5_RS-AO-ratio-7/96_uracil/input.inp,Figure_4c/RI-AO-ratio-5_RS-AO-ratio-7/96_uracil/output.log,d8f18dbc801587bbe2cababc1c68be94b1675552931a5ed9313a07b61ca6047d
fig4_riao5,97_urea,5,5.0,76,380,-1.0000000000012221,-2.9999999999998916,1.1368683772161603e-13,Figure_4c/RI-AO-ratio-5_RS-AO-ratio-7/97_urea/input.inp,Figure_4c/RI-AO-ratio-5_RS-AO-ratio-7/97_urea/output.log,fe9ad837489914990026ec491e1645a37c3592bffc5ac96941d80ea0d72caa05
fig4_riao5,98_Ag2,5,4.64,50,232,-1.9999999999997797,-2.0000000000000018,1.4210854715202004e-14,Figure_4c/RI-AO-ratio-5_RS-AO-ratio-7/98_Ag2/input.inp,Figure_4c/RI-AO-ratio-5_RS-AO-ratio-7/98_Ag2/output.log,08afe0ab5e500e9481e0fb88d1a75829801ba5dbedae4393a948ccc82bc887a6
fig4_riao5,99_Cu2,5,3.84,50,192,24.99999999999991,1.0000000000000009,1.4210854715202004e-14,Figure_4c/RI-AO-ratio-5_RS-AO-ratio-7/99_Cu2/input.inp,Figure_4c/RI-AO-ratio-5_RS-AO-ratio-7/99_Cu2/output.log,7b3c1e0960f77975a098990c7bb96e9f3022e4da114f755d9e1913b0481148f1
tabulated_1e-1,01_He,,1.0,5,5,539.9999999999991,7.999999999999119,0.0,Figure_3a/Tabulated_t1e-1/01_He/input.inp,Figure_3a/Tabulated_t1e-1/01_He/output.log,b3ec3e4e4c1a13741e03f904253d32c6b0e89376429fdd89f1f7eeefc47c42b7
tabulated_1e-1,02_Ne,,0.6923076923076923,13,9,4310.999999999998,-135.99999999999923,0.0,Figure_3a/Tabulated_t1e-1/02_Ne/input.inp,Figure_3a/Tabulated_t1e-1/02_Ne/output.log,d9a2a90409ee8ce19c586fab60bea0b73571ff5ee8ef805f597c0df50c560f72
tabulated_1e-1,03_Ar,,1.2307692307692308,13,16,701.0000000000005,275.9999999999998,0.0,Figure_3a/Tabulated_t1e-1/03_Ar/input.inp,Figure_3a/Tabulated_t1e-1/03_Ar/output.log,e526aaf129b83973c6a1e3272cd18a0c6ca7b717e4880f14e5101fe626837fa0
tabulated_1e-1,04_Kr,,1.6153846153846154,13,21,791.0000000000003,41.00000000000037,0.0,Figure_3a/Tabulated_t1e-1/04_Kr/input.inp,Figure_3a/Tabulated_t1e-1/04_Kr/output.log,cb033c580f21e8cd29e3e5a601dbc69142f78451100d148bcbd1ed8f75d878e6
tabulated_1e-1,05_Xe,,1.4615384615384615,13,19,974.0000000000002,142.9999999999998,0.0,Figure_3a/Tabulated_t1e-1/05_Xe/input.inp,Figure_3a/Tabulated_t1e-1/05_Xe/output.log,c55454be39aa63c392fc2ba23909db99b839de2a3bc93faf70bc5e9021c6789b
tabulated_1e-1,06_H2,,0.3333333333333333,12,4,86.99999999999974,16.999999999999904,0.0,Figure_3a/Tabulated_t1e-1/06_H2/input.inp,Figure_3a/Tabulated_t1e-1/06_H2/output.log,c92400e9188b2a1dc5fa4856eb1f7918fc77bacb704e2aad16113701f1bf32b5
tabulated_1e-1,07_Li2,,0.8333333333333334,12,10,2759.0000000000005,1008.0,1.9895196601282805e-13,Figure_3a/Tabulated_t1e-1/07_Li2/input.inp,Figure_3a/Tabulated_t1e-1/07_Li2/output.log,7f4f8615e1519a11630025298752be53106a92713f7dd872be699d01b327dae3
tabulated_1e-1,08_Na2,,0.6428571428571429,28,18,907.9999999999999,115.99999999999999,1.4210854715202004e-14,Figure_3a/Tabulated_t1e-1/08_Na2/input.inp,Figure_3a/Tabulated_t1e-1/08_Na2/output.log,28e44f7c4a4a46963b3a6c622d43243f7ba51d01ec6479f7769f3841382535e9
tabulated_1e-1,09_Na4,,0.6428571428571429,56,36,705.9999999999995,174.00000000000006,1.035687091643922e-10,Figure_3a/Tabulated_t1e-1/09_Na4/input.inp,Figure_3a/Tabulated_t1e-1/09_Na4/output.log,5fd972b113dcbbb9d6e0d92de60207f3d77392396b204448e7d361b037459b5f
tabulated_1e-1,100_CuCN,,0.7450980392156863,51,38,3042.0,1382.0000000000002,-3.2599700716673397e-11,Figure_3a/Tabulated_t1e-1/100_CuCN/input.inp,Figure_3a/Tabulated_t1e-1/100_CuCN/output.log,453358bce26dbdaf236ee684c81437cfad8492548061f62b8b33330b99033739
tabulated_1e-1,10_Na6,,0.6428571428571429,84,54,663.9999999999997,147.99999999999997,-1.0174971976084635e-11,Figure_3a/Tabulated_t1e-1/10_Na6/input.inp,Figure_3a/Tabulated_t1e-1/10_Na6/output.log,98c8f3013f29537dd0a7cf8ddff7c7865823da5b02cef9735ba2a8740c040d8a
tabulated_1e-1,11_K2,,0.6428571428571429,28,18,702.0000000000005,-14.999999999999957,1.2789769243681803e-13,Figure_3a/Tabulated_t1e-1/11_K2/input.inp,Figure_3a/Tabulated_t1e-1/11_K2/output.log,c583b8ba9c40a9e59e5ed6ff387c31784b781d0b0057084846f0a86455c55ee4
tabulated_1e-1,12_Rb2,,0.6428571428571429,28,18,1000.0,310.0,9.237055564881302e-14,Figure_3a/Tabulated_t1e-1/12_Rb2/input.inp,Figure_3a/Tabulated_t1e-1/12_Rb2/output.log,0630f699e16d1133ff8622a04bfad39240743a9f63b4df8e55fe38808e649fd2
tabulated_1e-1,13_N2,,1.0,26,26,1372.0,1400.9999999999998,0.0,Figure_3a/Tabulated_t1e-1/13_N2/input.inp,Figure_3a/Tabulated_t1e-1/13_N2/output.log,db774221f65b5e0e7cd10f6c2118d284fdf023deb642110e85163fa4342f23c1
tabulated_1e-1,14_P2,,1.0769230769230769,26,28,174.99999999999892,67.0,3.730349362740526e-14,Figure_3a/Tabulated_t1e-1/14_P2/input.inp,Figure_3a/Tabulated_t1e-1/14_P2/output.log,f3c23e23a51ba97c7023a0245cdb8c114fc83a85145cf13d1cb4900ef5dce0f4
tabulated_1e-1,15_As2,,0.7692307692307693,26,20,308.99999999999926,187.0,-1.0929923632829741e-11,Figure_3a/Tabulated_t1e-1/15_As2/input.inp,Figure_3a/Tabulated_t1e-1/15_As2/output.log,c44bd63086b4524377374bdc0ed816ef77fb6d86989379b31255202134e7ea4e
tabulated_1e-1,16_F2,,0.8461538461538461,26,22,656.0000000000006,673.0000000000001,4.902744876744691e-13,Figure_3a/Tabulated_t1e-1/16_F2/input.inp,Figure_3a/Tabulated_t1e-1/16_F2/output.log,9a4472c3face1662fe9d0ed37f327dc3de102105d5fda5f25256751898a70b98
tabulated_1e-1,17_Cl2,,1.0769230769230769,26,28,1082.0000000000007,829.0000000000001,-6.039613253960852e-14,Figure_3a/Tabulated_t1e-1/17_Cl2/input.inp,Figure_3a/Tabulated_t1e-1/17_Cl2/output.log,e27ef9f95a9ec9091c0d5467215811ee3aeda17c59bf4116bd7e713d31367ca9
tabulated_1e-1,18_Br2,,1.6153846153846154,26,42,147.9999999999997,73.00000000000007,3.907985046680551e-13,Figure_3a/Tabulated_t1e-1/18_Br2/input.inp,Figure_3a/Tabulated_t1e-1/18_Br2/output.log,aa1b10fd249f64eee1702bb597c75eff030ea332cbea3dbbd51624744d4e8074
tabulated_1e-1,19_I2,,0.7692307692307693,26,20,807.0000000000003,500.0,1.8474111129762605e-13,Figure_3a/Tabulated_t1e-1/19_I2/input.inp,Figure_3a/Tabulated_t1e-1/19_I2/output.log,08164d5f589aaaaf673ad073973c1edc3a5788cd0c014d195ee2ea65283225b2
tabulated_1e-1,20_CH4,,0.6216216216216216,37,23,229.00000000000097,46.00000000000004,-3.197442310920451e-14,Figure_3a/Tabulated_t1e-1/20_CH4/input.inp,Figure_3a/Tabulated_t1e-1/20_CH4/output.log,2efba1c3e1753a40108757305e235860214a288761fcc2082d4a2c9e26a5553a
tabulated_1e-1,21_C2H6,,0.6774193548387096,62,42,236.00000000000065,60.99999999999994,-8.526512829121202e-13,Figure_3a/Tabulated_t1e-1/21_C2H6/input.inp,Figure_3a/Tabulated_t1e-1/21_C2H6/output.log,9613335b07540ce9b91c357b3c756d92deb279a5d56346a9eacfb701562614c0
tabulated_1e-1,22_C3H8,,0.7011494252873564,87,61,273.99999999999915,66.00000000000006,-6.465938895416912e-13,Figure_3a/Tabulated_t1e-1/22_C3H8/input.inp,Figure_3a/Tabulated_t1e-1/22_C3H8/output.log,27d9d7cc6430515fb8baf3455fbc846c9173d15d69d7c5413a6b2c14cf569b71
tabulated_1e-1,23_C4H10,,0.7142857142857143,112,80,301.00000000000017,74.99999999999996,-1.1439738045737613e-12,Figure_3a/Tabulated_t1e-1/23_C4H10/input.inp,Figure_3a/Tabulated_t1e-1/23_C4H10/output.log,a23b8eae476a7c6f7f77bb4979b02690871e7ea00865f27221b43461ea421d75
tabulated_1e-1,24_C2H4,,0.76,50,38,261.000000000001,37.999999999999815,3.268496584496461e-13,Figure_3a/Tabulated_t1e-1/24_C2H4/input.inp,Figure_3a/Tabulated_t1e-1/24_C2H4/output.log,11804f54aac3e882693258cd4b1efdeff5718d3e243fee4b20bbb34c82aaed03
tabulated_1e-1,25_C2H2,,0.8947368421052632,38,34,288.0000000000002,2.9999999999998916,6.572520305780927e-14,Figure_3a/Tabulated_t1e-1/25_C2H2/input.inp,Figure_3a/Tabulated_t1e-1/25_C2H2/output.log,386be1639d7715349241283ae1f1e06dec365496a362a1936d20e5f3d012fd89
tabulated_1e-1,26_C4,,1.1538461538461537,52,60,237.0000000000001,196.00000000000017,-6.543553965343563e-08,Figure_3a/Tabulated_t1e-1/26_C4/input.inp,Figure_3a/Tabulated_t1e-1/26_C4/output.log,84c3369dfae04a41484c9a0cb82fea4acaa2cb224631e0e6f96dcdd38cff5ee8
tabulated_1e-1,27_C3H6,,0.76,75,57,301.9999999999996,50.999999999999936,7.105427357601002e-15,Figure_3a/Tabulated_t1e-1/27_C3H6/input.inp,Figure_3a/Tabulated_t1e-1/27_C3H6/output.log,a0566cb15143e67b966ab48efb9b5f9990e08d8c2ec824797507a274c1f80754
tabulated_1e-1,28_C6H6,,0.8947368421052632,114,102,256.0000000000002,-11.00000000000012,2.0371260234242072e-11,Figure_3a/Tabulated_t1e-1/28_C6H6/input.inp,Figure_3a/Tabulated_t1e-1/28_C6H6/output.log,fbd0c3bcffff86285fff1c04213efb2f5636b0982cb9fa86ea141ce093b43893
tabulated_1e-1,29_C8H8,,0.8947368421052632,152,136,304.0000000000003,224.99999999999997,2.9274360713316128e-12,Figure_3a/Tabulated_t1e-1/29_C8H8/input.inp,Figure_3a/Tabulated_t1e-1/29_C8H8/output.log,0be68e337f288f86dbd69964c0f7e1da2d6ead4219609f90f7856a556f42ba29
tabulated_1e-1,30_C5H6,,0.8613861386138614,101,87,285.0000000000001,13.000000000000123,1.1052492254748358e-11,Figure_3a/Tabulated_t1e-1/30_C5H6/input.inp,Figure_3a/Tabulated_t1e-1/30_C5H6/output.log,d7af6b088df80b96eee4b2c4b053f998563006f80988f2b214aec764c3f57ef6
tabulated_1e-1,31_C2H3F,,0.8245614035087719,57,47,355.00000000000045,78.00000000000007,1.4210854715202004e-13,Figure_3a/Tabulated_t1e-1/31_C2H3F/input.inp,Figure_3a/Tabulated_t1e-1/31_C2H3F/output.log,3a3145af9e25da303b5a3a189b108f7ed57ec4f36d417c9b67f20914405a6b05
tabulated_1e-1,32_C2H3Cl,,0.8771929824561403,57,50,561.9999999999994,96.99999999999997,-6.750155989720952e-14,Figure_3a/Tabulated_t1e-1/32_C2H3Cl/input.inp,Figure_3a/Tabulated_t1e-1/32_C2H3Cl/output.log,df55789d1bce35f97ed5b722af331d5876156cbc627caeb72350e5ea2676ec62
tabulated_1e-1,33_C2H3Br,,1.0,57,57,228.9999999999992,46.99999999999993,-1.7905676941154525e-12,Figure_3a/Tabulated_t1e-1/33_C2H3Br/input.inp,Figure_3a/Tabulated_t1e-1/33_C2H3Br/output.log,c6218db381756adf81a5e0d09de0dd0d022f249f9a1010077e25d4f93738677d
tabulated_1e-1,34_C2H3I,,0.8070175438596491,57,46,572.9999999999995,139.0,5.151434834260726e-13,Figure_3a/Tabulated_t1e-1/34_C2H3I/input.inp,Figure_3a/Tabulated_t1e-1/34_C2H3I/output.log,1dfd1fceca5ac9ec62460dae240f59fbf8670f4b1dd82682007ba2b38c5f425e
tabulated_1e-1,35_CF4,,0.9076923076923077,65,59,598.0000000000008,401.0000000000002,-8.242295734817162e-13,Figure_3a/Tabulated_t1e-1/35_CF4/input.inp,Figure_3a/Tabulated_t1e-1/35_CF4/output.log,c2fadffdc08392cd3ea3cb19b15fb77f911d3eaecd2f7f6c0a112bb338f29af9
tabulated_1e-1,36_CCl4,,1.0923076923076922,65,71,974.9999999999997,544.0,3.979039320256561e-13,Figure_3a/Tabulated_t1e-1/36_CCl4/input.inp,Figure_3a/Tabulated_t1e-1/36_CCl4/output.log,65c177eb3a6b014c96e2a251498f0fd9549af17fd5f76016d6d34c27a3b6b027
tabulated_1e-1,37_CBr4,,1.523076923076923,65,99,105.99999999999987,75.99999999999999,3.552713678800501e-13,Figure_3a/Tabulated_t1e-1/37_CBr4/input.inp,Figure_3a/Tabulated_t1e-1/37_CBr4/output.log,88f0c4bca24aa1d3bf1a213e1dcf471ea568493dd35667082b9a78bd75719b4a
tabulated_1e-1,38_CI4,,0.8461538461538461,65,55,715.0000000000008,410.0,-3.836930773104541e-13,Figure_3a/Tabulated_t1e-1/38_CI4/input.inp,Figure_3a/Tabulated_t1e-1/38_CI4/output.log,0c452a5acec6e48ae4b59447d6662d46912a78199ab3f09e92cfb611c4f7617b
tabulated_1e-1,39_SiH4,,0.5945945945945946,37,22,101.00000000000087,90.99999999999997,-4.973799150320701e-14,Figure_3a/Tabulated_t1e-1/39_SiH4/input.inp,Figure_3a/Tabulated_t1e-1/39_SiH4/output.log,239626451dccba942bb912429599d0065f85ce1ea04625e64143400bd80f6942
tabulated_1e-1,40_GeH4,,0.5945945945945946,37,22,189.00000000000006,195.99999999999994,-1.0658141036401503e-14,Figure_3a/Tabulated_t1e-1/40_GeH4/input.inp,Figure_3a/Tabulated_t1e-1/40_GeH4/output.log,042b4885d41ad94d63fa8512a3e939723e6eea7aab31505aaf33c4bc0ecc79e9
tabulated_1e-1,41_Si2H6,,0.6451612903225806,62,40,103.9999999999992,108.99999999999999,6.554756737386924e-13,Figure_3a/Tabulated_t1e-1/41_Si2H6/input.inp,Figure_3a/Tabulated_t1e-1/41_Si2H6/output.log,eb25ab50ccbd942c2490053f5e97491a81a33f6946467c1d0e118614febfd81d
tabulated_1e-1,42_Si5H12,,0.6861313868613139,137,94,149.0000000000009,118.0,6.039613253960852e-14,Figure_3a/Tabulated_t1e-1/42_Si5H12/input.inp,Figure_3a/Tabulated_t1e-1/42_Si5H12/output.log,d186f8c69ff69c6b4fe4e38c0678e9d1929d3405878065e2f0073de2b7960fa3
tabulated_1e-1,43_LiH,,0.5833333333333334,12,7,835.0,257.0,2.6645352591003757e-15,Figure_3a/Tabulated_t1e-1/43_LiH/input.inp,Figure_3a/Tabulated_t1e-1/43_LiH/output.log,98cd0bb9fe866474228d52df985f9a54eb64f5e542942589778da20d1ed8e6d9
tabulated_1e-1,44_KH,,0.55,20,11,334.0000000000005,-1.0000000000000009,7.105427357601002e-15,Figure_3a/Tabulated_t1e-1/44_KH/input.inp,Figure_3a/Tabulated_t1e-1/44_KH/output.log,15ea29f5d43e6a7a0ca914b6496ec4787b5542b130824451f37a07eff9666923
tabulated_1e-1,45_BH3,,0.6451612903225806,31,20,141.0,-39.99999999999992,1.1901590823981678e-13,Figure_3a/Tabulated_t1e-1/45_BH3/input.inp,Figure_3a/Tabulated_t1e-1/45_BH3/output.log,073f8dedb3cdfa3ebcfed1003f19af5d4c985778dce3c863f90e91fd8c7eb65e
tabulated_1e-1,46_B2H6,,0.6451612903225806,62,40,147.9999999999997,58.99999999999994,-2.05702122002549e-12,Figure_3a/Tabulated_t1e-1/46_B2H6/input.inp,Figure_3a/Tabulated_t1e-1/46_B2H6/output.log,66a81dcef5deaa19dfb9f976311f01cfacffda325a2795eded1910490e5a325b
tabulated_1e-1,47_NH3,,0.6129032258064516,31,19,1521.9999999999993,136.0000000000001,2.575717417130363e-13,Figure_3a/Tabulated_t1e-1/47_NH3/input.inp,Figure_3a/Tabulated_t1e-1/47_NH3/output.log,dea2be1d48f9bc77bdd59e27fc211a3642cb664afdbb15ce424472f4801679a3
tabulated_1e-1,48_HN3,,0.9111111111111111,45,41,1825.9999999999995,188.00000000000017,-3.730349362740526e-13,Figure_3a/Tabulated_t1e-1/48_HN3/input.inp,Figure_3a/Tabulated_t1e-1/48_HN3/output.log,7201aefacf0f3bd902674aace12bb1c0437d2867da4147e67b0b8f9425174e31
tabulated_1e-1,49_PH3,,0.6451612903225806,31,20,229.99999999999864,209.99999999999997,1.7763568394002505e-13,Figure_3a/Tabulated_t1e-1/49_PH3/input.inp,Figure_3a/Tabulated_t1e-1/49_PH3/output.log,b5af3ba19d9603691b66e16d9da2fdbc348b3c1bcd865b010a1f682d31dbaeb6
tabulated_1e-1,50_AsH3,,0.5161290322580645,31,16,304.9999999999997,219.99999999999997,-7.105427357601002e-15,Figure_3a/Tabulated_t1e-1/50_AsH3/input.inp,Figure_3a/Tabulated_t1e-1/50_AsH3/output.log,8bf6782eacdba5007e98943bf3d631adf66f5ff234e8f4a613836ce0a7448384
tabulated_1e-1,51_SH2,,1.04,25,26,129.999999999999,209.99999999999997,5.684341886080802e-14,Figure_3a/Tabulated_t1e-1/51_SH2/input.inp,Figure_3a/Tabulated_t1e-1/51_SH2/output.log,eff7885852c1b2cf3e15c4b037868a89567f54feb592f4a9b3c5f9ad43a00ade
tabulated_1e-1,52_HF,,0.6842105263157895,19,13,589.0000000000005,302.99999999999994,9.947598300641403e-14,Figure_3a/Tabulated_t1e-1/52_HF/input.inp,Figure_3a/Tabulated_t1e-1/52_HF/output.log,c0c4e91a54fddbf5a2eee1cbd7bd1a784e78186f4c3cb6014da22776541e0cd0
tabulated_1e-1,53_HCl,,0.8421052631578947,19,16,1176.0000000000002,260.0000000000002,-2.1316282072803006e-14,Figure_3a/Tabulated_t1e-1/53_HCl/input.inp,Figure_3a/Tabulated_t1e-1/53_HCl/output.log,6ec37001b445ac67d68e3f12da537d5ee646209c50acd0238eef81853a5546e0
tabulated_1e-1,54_LiF,,0.8421052631578947,19,16,426.00000000000017,295.99999999999994,2.4442670110147446e-12,Figure_3a/Tabulated_t1e-1/54_LiF/input.inp,Figure_3a/Tabulated_t1e-1/54_LiF/output.log,1b1829581b5126d20a16a5428f967726e4901c717c6c3388712a1bf9b3c40b33
tabulated_1e-1,55_MgF2,,0.9,40,36,476.9999999999985,229.00000000000003,2.842170943040401e-14,Figure_3a/Tabulated_t1e-1/55_MgF2/input.inp,Figure_3a/Tabulated_t1e-1/55_MgF2/output.log,14016f5051ea01a70404879dc250dd07b0d4250f54ba1e61ef307437c535ece8
tabulated_1e-1,56_TiF4,,0.8717948717948718,78,68,509.00000000000034,742.0,-6.792788553866558e-12,Figure_3a/Tabulated_t1e-1/56_TiF4/input.inp,Figure_3a/Tabulated_t1e-1/56_TiF4/output.log,8a4cbdd9d37285b7597ae9a1a71a0671703d2bcd0153f7ca35e9508144bc5f34
tabulated_1e-1,57_AlF3,,0.9807692307692307,52,51,589.0000000000005,425.00000000000006,2.1032064978498966e-12,Figure_3a/Tabulated_t1e-1/57_AlF3/input.inp,Figure_3a/Tabulated_t1e-1/57_AlF3/output.log,282a380622efa98b0d88192a98594d0999c062ec539692f5d8471ae6bf100f91
tabulated_1e-1,58_BF,,0.9615384615384616,26,25,77.9999999999994,120.99999999999977,3.552713678800501e-14,Figure_3a/Tabulated_t1e-1/58_BF/input.inp,Figure_3a/Tabulated_t1e-1/58_BF/output.log,4cd78e6efe8c697ed2966e049497da48fbd9d94c220b8d45f5bab144b6159a07
tabulated_1e-1,59_SF4,,1.0153846153846153,65,66,435.99999999999994,276.9999999999999,3.709033080667723e-12,Figure_3a/Tabulated_t1e-1/59_SF4/input.inp,Figure_3a/Tabulated_t1e-1/59_SF4/output.log,d98fd21ced87d9288b70390e0a9704b0b712c11154dbbc5e3dccc3d9f4dfe469
tabulated_1e-1,60_BrK,,1.1111111111111112,27,30,245.0000000000001,173.0,-6.252776074688882e-13,Figure_3a/Tabulated_t1e-1/60_BrK/input.inp,Figure_3a/Tabulated_t1e-1/60_BrK/output.log,a5aaafbc1da2491e43fbfb5a3641b8ed4bdb9b68b26f5061593431471df1e860
tabulated_1e-1,61_GaCl,,0.7894736842105263,38,30,808.9999999999993,392.0,6.394884621840902e-13,Figure_3a/Tabulated_t1e-1/61_GaCl/input.inp,Figure_3a/Tabulated_t1e-1/61_GaCl/output.log,daff2e074fe1c7721e311d93064804b447d76f89ba49b9f3923504d7bdb68aa6
tabulated_1e-1,62_NaCl,,0.8518518518518519,27,23,1149.9999999999995,206.00000000000003,3.225864020350855e-12,Figure_3a/Tabulated_t1e-1/62_NaCl/input.inp,Figure_3a/Tabulated_t1e-1/62_NaCl/output.log,1c3db438a89bebbfd2694b44b4cabdb51960c2cfa87f86b9b097c36a1de4a848
tabulated_1e-1,63_MgCl2,,1.05,40,42,1012.9999999999999,271.0,-1.4210854715202004e-14,Figure_3a/Tabulated_t1e-1/63_MgCl2/input.inp,Figure_3a/Tabulated_t1e-1/63_MgCl2/output.log,aa99fb22a2d461e5c6c4b21e576ccfaab9a4cc81cf1478e10181a9f89db88a96
tabulated_1e-1,64_AlI3,,0.9230769230769231,52,48,727.9999999999998,395.0,9.237055564881302e-14,Figure_3a/Tabulated_t1e-1/64_AlI3/input.inp,Figure_3a/Tabulated_t1e-1/64_AlI3/output.log,dc87f09f6b4f285ae3f13646a02e0c8aef930a02f35219d37a7d746b21d4f9f2
tabulated_1e-1,65_BN,,1.0384615384615385,26,27,1032.9999999999995,181.99999999999994,1.5258905250448151e-12,Figure_3a/Tabulated_t1e-1/65_BN/input.inp,Figure_3a/Tabulated_t1e-1/65_BN/output.log,5e25aa6d75da24d8b75d2424ce19a9cafc23f57f426e4672d7eed1a0eda91cef
tabulated_1e-1,66_NCH,,0.9375,32,30,783.0000000000013,61.99999999999983,4.263256414560601e-14,Figure_3a/Tabulated_t1e-1/66_NCH/input.inp,Figure_3a/Tabulated_t1e-1/66_NCH/output.log,8bda989619650da894023255df34853e95a451534a390d4d42b39dd1b2b7f1fb
tabulated_1e-1,67_PN,,1.0384615384615385,26,27,897.0000000000002,670.9999999999999,-9.947598300641403e-14,Figure_3a/Tabulated_t1e-1/67_PN/input.inp,Figure_3a/Tabulated_t1e-1/67_PN/output.log,e7351fb9db340d86fb5f6ad81fed9f5c892f4f92230e9a682cf6fac35f4f5005
tabulated_1e-1,68_N2H4,,0.68,50,34,1422.0000000000007,207.99999999999997,5.9898752624576446e-12,Figure_3a/Tabulated_t1e-1/68_N2H4/input.inp,Figure_3a/Tabulated_t1e-1/68_N2H4/output.log,bf339592d077343b34adac8ff13c4cae2e50a7062a413375ad21d62ebc172e23
tabulated_1e-1,69_H2CO,,0.6578947368421053,38,25,2698.0000000000005,329.99999999999983,3.694822225952521e-13,Figure_3a/Tabulated_t1e-1/69_H2CO/input.inp,Figure_3a/Tabulated_t1e-1/69_H2CO/output.log,25993f168f103f3760c4c931b80b1e8c86762bac0858b0319b050aada5201c95
tabulated_1e-1,70_CH3OH,,0.58,50,29,3093.000000000001,299.00000000000017,-1.8260948309034575e-12,Figure_3a/Tabulated_t1e-1/70_CH3OH/input.inp,Figure_3a/Tabulated_t1e-1/70_CH3OH/output.log,5097fde8a6ef5196168f8805cd09be571e1d19f31239c50e23894dc3edc33078
tabulated_1e-1,71_C2H5OH,,0.64,75,48,2911.0000000000005,286.99999999999994,3.588240815588506e-13,Figure_3a/Tabulated_t1e-1/71_C2H5OH/input.inp,Figure_3a/Tabulated_t1e-1/71_C2H5OH/output.log,80b948340e65c2fd966b49bd0acd21d40747710a63cef649e4188e4344f095d6
tabulated_1e-1,72_C2H4O,,0.6984126984126984,63,44,2509.0000000000014,112.99999999999999,-2.1742607714259066e-12,Figure_3a/Tabulated_t1e-1/72_C2H4O/input.inp,Figure_3a/Tabulated_t1e-1/72_C2H4O/output.log,be691ed3c5b909b2085bba9d79fbaaca2956dd87f8c1c6dd8f1b8703eb8d401e
tabulated_1e-1,73_C4H10O4,,0.688,125,86,2454.999999999999,141.99999999999991,-1.8410162283544196e-11,Figure_3a/Tabulated_t1e-1/73_C4H10O4/input.inp,Figure_3a/Tabulated_t1e-1/73_C4H10O4/output.log,b38902b22c07c88a1ad7e474116bc67fd3beb088f49d7a5f6fb57fc56ccc5d25
tabulated_1e-1,74_HCOOH,,0.6078431372549019,51,31,3122.0,396.0000000000001,1.3145040611561853e-12,Figure_3a/Tabulated_t1e-1/74_HCOOH/input.inp,Figure_3a/Tabulated_t1e-1/74_HCOOH/output.log,66d61aa2d5d5d9f734ad1f81f5f710410bc874be6f0d9045cba4d828e98b631e
tabulated_1e-1,75_H2O2,,0.42105263157894735,38,16,4353.0,448.00000000000017,2.984279490192421e-13,Figure_3a/Tabulated_t1e-1/75_H2O2/input.inp,Figure_3a/Tabulated_t1e-1/75_H2O2/output.log,77012506e2c109ad7608457b273ed327bc92cd1f988d650327e422a1ed760469
tabulated_1e-1,76_H2O,,0.4,25,10,4129.0,461.99999999999994,2.5579538487363607e-13,Figure_3a/Tabulated_t1e-1/76_H2O/input.inp,Figure_3a/Tabulated_t1e-1/76_H2O/output.log,8862ea2d3e2abd453740ba85ba7b490de1dff8ec9b920da761d58a13f39e4e73
tabulated_1e-1,77_CO2,,0.6923076923076923,39,27,3444.000000000001,599.0000000000002,-4.405364961712621e-13,Figure_3a/Tabulated_t1e-1/77_CO2/input.inp,Figure_3a/Tabulated_t1e-1/77_CO2/output.log,d7ec92200ea22c3e5433c4f0f111bf9329021c367597c9cdf0874a23348d9b82
tabulated_1e-1,78_CS2,,1.5128205128205128,39,59,63.00000000000061,171.99999999999994,1.6342482922482304e-13,Figure_3a/Tabulated_t1e-1/78_CS2/input.inp,Figure_3a/Tabulated_t1e-1/78_CS2/output.log,1e474fecb5afc761cc8e110d0e73b73bcf03c3956c1041d532d93e2d0201ea75
tabulated_1e-1,79_OCS,,1.1025641025641026,39,43,819.0000000000008,1022.0,-2.6290081223123707e-13,Figure_3a/Tabulated_t1e-1/79_OCS/input.inp,Figure_3a/Tabulated_t1e-1/79_OCS/output.log,32f84dfa13cd3d2d5137b6881265964ee100be1071b92035cadc6e0db36fd2ad
tabulated_1e-1,80_OCSe,,0.9487179487179487,39,37,752.0000000000007,1091.0000000000002,4.511946372076636e-13,Figure_3a/Tabulated_t1e-1/80_OCSe/input.inp,Figure_3a/Tabulated_t1e-1/80_OCSe/output.log,f3c4f5b5e7f380524392180cf9c5e56ff9c0c01cb94cb04de51d459fbdb7a955
tabulated_1e-1,81_CO,,0.8076923076923077,26,21,892.9999999999989,1121.0,3.4148683880630415e-11,Figure_3a/Tabulated_t1e-1/81_CO/input.inp,Figure_3a/Tabulated_t1e-1/81_CO/output.log,ca6d045e76131e97eb8643f60e76b390e46da05c8c98162342c826d95d601876
tabulated_1e-1,82_O3,,0.46153846153846156,39,18,4215.0,3828.0000000000005,-1.2292389328649733e-12,Figure_3a/Tabulated_t1e-1/82_O3/input.inp,Figure_3a/Tabulated_t1e-1/82_O3/output.log,8e1fa9e587c5462b9643891e46b9670eb2a988b49d410d587190db1829433313
tabulated_1e-1,83_SO2,,0.8717948717948718,39,34,2657.0,1853.0,-4.689582056016661e-13,Figure_3a/Tabulated_t1e-1/83_SO2/input.inp,Figure_3a/Tabulated_t1e-1/83_SO2/output.log,fb37674c2e770f3a6004c8dace210b2bd8a6e97d8153c8d2b4c391079adb2db9
tabulated_1e-1,84_BeO,,0.7894736842105263,19,15,3143.000000000001,1665.0,4.263256414560601e-14,Figure_3a/Tabulated_t1e-1/84_BeO/input.inp,Figure_3a/Tabulated_t1e-1/84_BeO/output.log,b44ee484fa5cf6a374b5fc7971e5ba05a574cdb55d9c057ef7771d18875cbbd3
tabulated_1e-1,85_MgO,,0.7407407407407407,27,20,2814.0,1101.0,3.666400516522117e-12,Figure_3a/Tabulated_t1e-1/85_MgO/input.inp,Figure_3a/Tabulated_t1e-1/85_MgO/output.log,e0ccf8ba3a4edbc295fcad8f6d9aac2c15f625eb955a7467790f8bf83bc1ed3f
tabulated_1e-1,86_C7H8,,0.8705035971223022,139,121,187.00000000000028,-16.999999999999904,-2.5153212845907547e-12,Figure_3a/Tabulated_t1e-1/86_C7H8/input.inp,Figure_3a/Tabulated_t1e-1/86_C7H8/output.log,4576136425950ed42ae705772faf0f859483a09cf5f0df60db9345cec1ed2914
tabulated_1e-1,87_C8H10,,0.8536585365853658,164,140,269.99999999999955,-6.000000000000005,1.5845103007450234e-11,Figure_3a/Tabulated_t1e-1/87_C8H10/input.inp,Figure_3a/Tabulated_t1e-1/87_C8H10/output.log,2e075843c885b06960396f36d9bdb1f092d3ca8df9cacee5142e334d5dda1277
tabulated_1e-1,88_C6F6,,1.0,156,156,285.0000000000001,338.00000000000006,-9.379164112033322e-13,Figure_3a/Tabulated_t1e-1/88_C6F6/input.inp,Figure_3a/Tabulated_t1e-1/88_C6F6/output.log,9332f12436348860814ab31cab4baa32b04e8edd7e0f1cf8781f242654ff9193
tabulated_1e-1,89_C6H5OH,,0.8503937007874016,127,108,1142.0000000000005,210.0000000000002,-1.3528733688872308e-11,Figure_3a/Tabulated_t1e-1/89_C6H5OH/input.inp,Figure_3a/Tabulated_t1e-1/89_C6H5OH/output.log,4135c3a6a8e4728ed67ac28bda640c5f69ef1da393b9a536e3b8e6d62570a4f8
tabulated_1e-1,90_C6H5NH2,,0.8796992481203008,133,117,787.9999999999993,54.00000000000005,1.2612133559741778e-11,Figure_3a/Tabulated_t1e-1/90_C6H5NH2/input.inp,Figure_3a/Tabulated_t1e-1/90_C6H5NH2/output.log,dabb33d5ec83aa303a5c6880f97716b1e260db8c2344b3dda40028d5cd6e3677
tabulated_1e-1,91_C5H5N,,0.9074074074074074,108,98,923.9999999999995,266.0,8.753886504564434e-12,Figure_3a/Tabulated_t1e-1/91_C5H5N/input.inp,Figure_3a/Tabulated_t1e-1/91_C5H5N/output.log,09c4e1f72f8e4931d9dfeef3189f0d17ac0ef9bb1bd566f923721d3c1b0a9ada
tabulated_1e-1,92_guanine,,0.9017341040462428,173,156,1114.9999999999993,99.99999999999987,-1.1183942660863977e-11,Figure_3a/Tabulated_t1e-1/92_guanine/input.inp,Figure_3a/Tabulated_t1e-1/92_guanine/output.log,8417300e268eece34522b9328df615b3b86e8c757f31d92e23cbca5c4dadaa67
tabulated_1e-1,93_adenine,,0.9375,160,150,1029.0,82.99999999999996,-6.252776074688882e-13,Figure_3a/Tabulated_t1e-1/93_adenine/input.inp,Figure_3a/Tabulated_t1e-1/93_adenine/output.log,ee4e83278f1e65015ecec9d0140e06f82e136845f3b476e925df35d4bf941016
tabulated_1e-1,94_cytosine,,0.8582089552238806,134,115,2077.0,269.0000000000001,1.6626700016786344e-12,Figure_3a/Tabulated_t1e-1/94_cytosine/input.inp,Figure_3a/Tabulated_t1e-1/94_cytosine/output.log,f354f757b867b243e3af831859b79beaafc3d003463cd9671a39e66bc0a2e4b5
tabulated_1e-1,95_thymine,,0.8169934640522876,153,125,2132.999999999999,488.0,-3.1235458664014004e-11,Figure_3a/Tabulated_t1e-1/95_thymine/input.inp,Figure_3a/Tabulated_t1e-1/95_thymine/output.log,eeb95f691df9c2290d0d2941f4de5de28ae3a88c557c59ee2ca5e6ad8c0e0fc3
tabulated_1e-1,96_uracil,,0.828125,128,106,2429.0000000000005,534.9999999999999,-5.5706550483591855e-12,Figure_3a/Tabulated_t1e-1/96_uracil/input.inp,Figure_3a/Tabulated_t1e-1/96_uracil/output.log,71203311a3c938367ffdad77c8951e1f50526b99c9fa1c03256dbc9106841825
tabulated_1e-1,97_urea,,0.7236842105263158,76,55,2851.9999999999995,121.0,3.552713678800501e-14,Figure_3a/Tabulated_t1e-1/97_urea/input.inp,Figure_3a/Tabulated_t1e-1/97_urea/output.log,d917a2d0c223ce7647613650dabe99667595476b7440123a97479c155e42fd17
tabulated_1e-1,98_Ag2,,0.84,50,42,1327.0,891.0,-2.842170943040401e-14,Figure_3a/Tabulated_t1e-1/98_Ag2/input.inp,Figure_3a/Tabulated_t1e-1/98_Ag2/output.log,6b2701a79b9f2d6afe93acf7b2a83fad4761acb038e6b378ce2017df7d1ce6be
tabulated_1e-1,99_Cu2,,0.4,50,20,2770.0,2135.0000000000005,-2.842170943040401e-14,Figure_3a/Tabulated_t1e-1/99_Cu2/input.inp,Figure_3a/Tabulated_t1e-1/99_Cu2/output.log,7a5569749673180fcf2cb3351f78ac467226c0e99bab722814ea494c4c8d8280
tabulated_1e-2,01_He,,1.0,5,5,539.9999999999991,7.999999999999119,0.0,Figure_3a/Tabulated_t1e-2/01_He/input.inp,Figure_3a/Tabulated_t1e-2/01_He/output.log,7babbf9f3d1915d771908ed0232351dd3564238a073b7f5214165529351420cb
tabulated_1e-2,02_Ne,,2.923076923076923,13,38,15.999999999998238,55.000000000000604,0.0,Figure_3a/Tabulated_t1e-2/02_Ne/input.inp,Figure_3a/Tabulated_t1e-2/02_Ne/output.log,9cda9deec3cafd6912869ad20f1c7aba5200d4a55e5aabe40315841b0bf4c16a
tabulated_1e-2,03_Ar,,1.7692307692307692,13,23,676.9999999999995,164.99999999999915,0.0,Figure_3a/Tabulated_t1e-2/03_Ar/input.inp,Figure_3a/Tabulated_t1e-2/03_Ar/output.log,eb33a64c439c995a94a4e3279ab059d43fc8c7aeda5974c62365e098442fb20d
tabulated_1e-2,04_Kr,,1.6153846153846154,13,21,791.0000000000003,41.00000000000037,0.0,Figure_3a/Tabulated_t1e-2/04_Kr/input.inp,Figure_3a/Tabulated_t1e-2/04_Kr/output.log,582cf5eb9d78ff2ee03aa387b53c44fc4a07067c6598e59c2bce17c819abb69a
tabulated_1e-2,05_Xe,,2.0,13,26,405.00000000000114,154.9999999999998,0.0,Figure_3a/Tabulated_t1e-2/05_Xe/input.inp,Figure_3a/Tabulated_t1e-2/05_Xe/output.log,f041b4d22135cdb538e6c179294231af34ef99e0025ff05fd3bce7dccc9a697c
tabulated_1e-2,06_H2,,0.8333333333333334,12,10,121.99999999999989,16.999999999999904,-1.1102230246251565e-15,Figure_3a/Tabulated_t1e-2/06_H2/input.inp,Figure_3a/Tabulated_t1e-2/06_H2/output.log,39ac23406e615dbaa6f9d236e665bab7ca6d02cd079ab4c9aff112ce0c784193
tabulated_1e-2,07_Li2,,0.8333333333333334,12,10,2759.0000000000005,1008.0,2.220446049250313e-13,Figure_3a/Tabulated_t1e-2/07_Li2/input.inp,Figure_3a/Tabulated_t1e-2/07_Li2/output.log,547c9a9aae04270b90e1c588a9c9aa02814ac7efed3d7368b4e3a5680b15a339
tabulated_1e-2,08_Na2,,1.3571428571428572,28,38,811.0,106.00000000000001,1.4210854715202004e-14,Figure_3a/Tabulated_t1e-2/08_Na2/input.inp,Figure_3a/Tabulated_t1e-2/08_Na2/output.log,ed295b4c1eab7f488210c1fdc6925c292e6fefaf5ffd86d5bb19b2251a3c978a
tabulated_1e-2,09_Na4,,1.3571428571428572,56,76,623.9999999999997,133.0,-1.6896706256375182e-10,Figure_3a/Tabulated_t1e-2/09_Na4/input.inp,Figure_3a/Tabulated_t1e-2/09_Na4/output.log,17a6e27d76bdf26e416a10045163f3901a5c47a7eda9b44fdf7bd0c11cf7920f
tabulated_1e-2,100_CuCN,,1.2156862745098038,51,62,2415.9999999999995,679.0,8.206768598029157e-12,Figure_3a/Tabulated_t1e-2/100_CuCN/input.inp,Figure_3a/Tabulated_t1e-2/100_CuCN/output.log,7dba4e42f011a667e166410dbd8feb7dd145404250c335b5c7fa4c1262e60c4a
tabulated_1e-2,10_Na6,,1.3571428571428572,84,114,591.9999999999997,53.99999999999999,-6.821210263296962e-13,Figure_3a/Tabulated_t1e-2/10_Na6/input.inp,Figure_3a/Tabulated_t1e-2/10_Na6/output.log,e3e6872def989d03ae49ed6d888232a50b2f97cc077f7631e39fb39b2bdc05bf
tabulated_1e-2,11_K2,,1.8571428571428572,28,52,11.00000000000012,25.00000000000002,1.0658141036401503e-13,Figure_3a/Tabulated_t1e-2/11_K2/input.inp,Figure_3a/Tabulated_t1e-2/11_K2/output.log,824c1712e9a8b9583f033a11faef0ebb89f813c52af3a29509fba5cfd386e2a0
tabulated_1e-2,12_Rb2,,2.2142857142857144,28,62,268.0000000000002,-19.000000000000018,-2.842170943040401e-14,Figure_3a/Tabulated_t1e-2/12_Rb2/input.inp,Figure_3a/Tabulated_t1e-2/12_Rb2/output.log,c6710c27b88f2af1e1b27c60e6e7645e3a6bed4953e7e63377bd144c0738d317
tabulated_1e-2,13_N2,,2.0,26,52,125.99999999999945,124.00000000000011,-4.618527782440651e-14,Figure_3a/Tabulated_t1e-2/13_N2/input.inp,Figure_3a/Tabulated_t1e-2/13_N2/output.log,1f9b551f7277680993af5a7bd9bab3210e89a6d601b5e9e83393322b47c10c28
tabulated_1e-2,14_P2,,1.0769230769230769,26,28,174.99999999999892,67.0,-8.881784197001252e-15,Figure_3a/Tabulated_t1e-2/14_P2/input.inp,Figure_3a/Tabulated_t1e-2/14_P2/output.log,17a8abd9c4df977af0a1fb83106ba93e121eff1d9d5ae3d39db8db0c08b4469d
tabulated_1e-2,15_As2,,2.0,26,52,72.99999999999862,9.000000000000007,2.9896085607106215e-12,Figure_3a/Tabulated_t1e-2/15_As2/input.inp,Figure_3a/Tabulated_t1e-2/15_As2/output.log,21e8d844f4fc0c2033640c6ea70680485831f1386414ec1d893c05bab94f5f93
tabulated_1e-2,16_F2,,2.0,26,52,135.00000000000156,54.00000000000005,5.400124791776761e-13,Figure_3a/Tabulated_t1e-2/16_F2/input.inp,Figure_3a/Tabulated_t1e-2/16_F2/output.log,d15e2c2da129e76bd872deb4ab2e4eee4b71a013497ec741ffadb28a70965ece
tabulated_1e-2,17_Cl2,,2.3846153846153846,26,62,17.000000000001236,20.000000000000004,-2.4868995751603507e-14,Figure_3a/Tabulated_t1e-2/17_Cl2/input.inp,Figure_3a/Tabulated_t1e-2/17_Cl2/output.log,ac12b7693db75e022532228c5260705965b68f24bc2aac502f677b53b2e85bd0
tabulated_1e-2,18_Br2,,1.6153846153846154,26,42,147.9999999999997,73.00000000000007,3.659295089164516e-13,Figure_3a/Tabulated_t1e-2/18_Br2/input.inp,Figure_3a/Tabulated_t1e-2/18_Br2/output.log,e73e1d9454b2bc2d15b5220303cb2ae154832e1e04e6123681a0f3401425ff22
tabulated_1e-2,19_I2,,1.3846153846153846,26,36,403.00000000000045,224.00000000000009,1.8118839761882555e-13,Figure_3a/Tabulated_t1e-2/19_I2/input.inp,Figure_3a/Tabulated_t1e-2/19_I2/output.log,864d1700a3bd59c057381e222e4d2f5a2e9b23119a9bf8ca1e39942a777bfd65
tabulated_1e-2,20_CH4,,0.9459459459459459,37,35,205.00000000000006,-17.000000000000128,-2.842170943040401e-14,Figure_3a/Tabulated_t1e-2/20_CH4/input.inp,Figure_3a/Tabulated_t1e-2/20_CH4/output.log,e76ef7bae3e8c6feb0e263f2fb6fc9dde7bc288831bfe642794de35a17f13e6e
tabulated_1e-2,21_C2H6,,0.967741935483871,62,60,236.00000000000065,-6.000000000000005,-8.313350008393172e-13,Figure_3a/Tabulated_t1e-2/21_C2H6/input.inp,Figure_3a/Tabulated_t1e-2/21_C2H6/output.log,b5b9a6810e2493a2a8d6d8c93899c1a99aeb51de74d662dac0a68c82a473906c
tabulated_1e-2,22_C3H8,,0.9770114942528736,87,85,250.99999999999943,-3.0000000000001137,-5.755396159656812e-13,Figure_3a/Tabulated_t1e-2/22_C3H8/input.inp,Figure_3a/Tabulated_t1e-2/22_C3H8/output.log,7841d5541259807b792368b6e48654db689270c9351a9f229fc56b9ef1a4f69a
tabulated_1e-2,23_C4H10,,0.9821428571428571,112,110,269.0000000000001,-1.000000000000112,-1.1155520951433573e-12,Figure_3a/Tabulated_t1e-2/23_C4H10/input.inp,Figure_3a/Tabulated_t1e-2/23_C4H10/output.log,7c3a35fe3157a3bfe3b8b15e62f624cf5bb65b1c751cd3df4168b4f47be51edd
tabulated_1e-2,24_C2H4,,1.0,50,50,243.99999999999977,0.0,2.4868995751603507e-13,Figure_3a/Tabulated_t1e-2/24_C2H4/input.inp,Figure_3a/Tabulated_t1e-2/24_C2H4/output.log,66b7f34dcf7c23ada4e6e4fcb6c474507ec91b1688a4e4572151cd45a3f2e65f
tabulated_1e-2,25_C2H2,,1.0526315789473684,38,40,272.0000000000002,4.0000000000000036,8.704148513061227e-14,Figure_3a/Tabulated_t1e-2/25_C2H2/input.inp,Figure_3a/Tabulated_t1e-2/25_C2H2/output.log,5921271981914ddf8f6721548adcccd984fbbfb0af984ea46f446932f4e2c061
tabulated_1e-2,26_C4,,1.1538461538461537,52,60,237.0000000000001,196.00000000000017,-9.772669429253256e-08,Figure_3a/Tabulated_t1e-2/26_C4/input.inp,Figure_3a/Tabulated_t1e-2/26_C4/output.log,e871eae0d5d27f1c40a95aa5ce22476c2a1773138bb0ca57a435ff788c1ef2e6
tabulated_1e-2,27_C3H6,,1.0,75,75,285.0000000000001,0.0,-1.0658141036401503e-14,Figure_3a/Tabulated_t1e-2/27_C3H6/input.inp,Figure_3a/Tabulated_t1e-2/27_C3H6/output.log,4a7a50ae677e3c630ec0cdf0185b9f8ad30c066b5dc17e3b34838effd50f1781
tabulated_1e-2,28_C6H6,,1.0526315789473684,114,120,244.9999999999992,-17.000000000000128,2.666666887307656e-11,Figure_3a/Tabulated_t1e-2/28_C6H6/input.inp,Figure_3a/Tabulated_t1e-2/28_C6H6/output.log,6c630cf3635230dcdea17e2c169d98e1a700c20dd4d9a946216bb0633fcd8269
tabulated_1e-2,29_C8H8,,1.0526315789473684,152,160,280.0000000000002,218.99999999999997,3.289812866569264e-12,Figure_3a/Tabulated_t1e-2/29_C8H8/input.inp,Figure_3a/Tabulated_t1e-2/29_C8H8/output.log,1b0b1b383c487a435f4058137f1436e257918d7f0c7ac868d62edee241d45625
tabulated_1e-2,30_C5H6,,1.0396039603960396,101,105,267.9999999999998,-6.999999999999895,1.0157208407690632e-11,Figure_3a/Tabulated_t1e-2/30_C5H6/input.inp,Figure_3a/Tabulated_t1e-2/30_C5H6/output.log,675a25a1a9f87266f968e255c3c81b8063f9dc639460ac5a14bcf0a7fc21d5ae
tabulated_1e-2,31_C2H3F,,1.2456140350877194,57,71,252.00000000000068,18.999999999999908,6.394884621840902e-14,Figure_3a/Tabulated_t1e-2/31_C2H3F/input.inp,Figure_3a/Tabulated_t1e-2/31_C2H3F/output.log,8fd977a80cc8fb2ad2e2707322a6ae0095955f1c809c5a6227902167ed49afa0
tabulated_1e-2,32_C2H3Cl,,1.3333333333333333,57,76,181.00000000000094,36.00000000000003,-2.8421709430404007e-13,Figure_3a/Tabulated_t1e-2/32_C2H3Cl/input.inp,Figure_3a/Tabulated_t1e-2/32_C2H3Cl/output.log,fad65815fe688ccb4bc8767dc7a51e00acfff0d98621693fd07fbe4fa1a62449
tabulated_1e-2,33_C2H3Br,,1.1578947368421053,57,66,215.99999999999932,18.999999999999908,-1.715960706860642e-12,Figure_3a/Tabulated_t1e-2/33_C2H3Br/input.inp,Figure_3a/Tabulated_t1e-2/33_C2H3Br/output.log,69ae8e34239bb3efec49511c4d36aaf4a58fb2f917e95e99b5abab21decaf7c9
tabulated_1e-2,34_C2H3I,,1.105263157894737,57,63,334.99999999999994,91.99999999999986,5.364597654988756e-13,Figure_3a/Tabulated_t1e-2/34_C2H3I/input.inp,Figure_3a/Tabulated_t1e-2/34_C2H3I/output.log,a5bdce20ca88b6b85c99921465fcbaa1bae30d88bba7efd41301ebbc1fb8b351
tabulated_1e-2,35_CF4,,1.8307692307692307,65,119,113.00000000000132,51.000000000000156,-7.389644451905042e-13,Figure_3a/Tabulated_t1e-2/35_CF4/input.inp,Figure_3a/Tabulated_t1e-2/35_CF4/output.log,0692a45f4c88e81dc1d12547c0a7541c03e853dcdc825530b17d5b5e28c7d86c
tabulated_1e-2,36_CCl4,,2.1384615384615384,65,139,22.999999999999687,25.000000000000135,4.547473508864641e-13,Figure_3a/Tabulated_t1e-2/36_CCl4/input.inp,Figure_3a/Tabulated_t1e-2/36_CCl4/output.log,8ee882429a1c4a1b6a32bfd9a3cc47cb9f247a32eb3af8a73615864548d145ac
tabulated_1e-2,37_CBr4,,1.523076923076923,65,99,105.99999999999987,75.99999999999999,3.126388037344441e-13,Figure_3a/Tabulated_t1e-2/37_CBr4/input.inp,Figure_3a/Tabulated_t1e-2/37_CBr4/output.log,73bf33afbf8478d0d5268fb72ece9eec53260f9e7276b4f7e9b3930b5372fa88
tabulated_1e-2,38_CI4,,1.3384615384615384,65,87,360.0000000000012,224.99999999999997,-1.7763568394002505e-13,Figure_3a/Tabulated_t1e-2/38_CI4/input.inp,Figure_3a/Tabulated_t1e-2/38_CI4/output.log,dbe95f0facc7abb7f62f64afdf5c65cb4615b8052f9be8ee0f4f9701afec7396
tabulated_1e-2,39_SiH4,,1.054054054054054,37,39,115.00000000000021,-4.0000000000000036,-5.5067062021407764e-14,Figure_3a/Tabulated_t1e-2/39_SiH4/input.inp,Figure_3a/Tabulated_t1e-2/39_SiH4/output.log,61d46c66cd9d25d440a63fd37be9ba1f45bdaed5fa3b0e6fcca720c619d9c58d
tabulated_1e-2,40_GeH4,,1.2972972972972974,37,48,38.9999999999997,20.000000000000018,-1.2434497875801753e-14,Figure_3a/Tabulated_t1e-2/40_GeH4/input.inp,Figure_3a/Tabulated_t1e-2/40_GeH4/output.log,57128c3cbd698ab750069be80ebb573439410acd19959cbb93644e93af88a915
tabulated_1e-2,41_Si2H6,,1.096774193548387,62,68,92.00000000000053,10.000000000000009,6.128431095930864e-13,Figure_3a/Tabulated_t1e-2/41_Si2H6/input.inp,Figure_3a/Tabulated_t1e-2/41_Si2H6/output.log,36cd08cd326729fb595a4947568a01c3c9e43904d48391dd60d8f16a19c95c05
tabulated_1e-2,42_Si5H12,,1.1313868613138687,137,155,89.99999999999986,74.00000000000007,-1.7763568394002505e-14,Figure_3a/Tabulated_t1e-2/42_Si5H12/input.inp,Figure_3a/Tabulated_t1e-2/42_Si5H12/output.log,2745d2097d7b859f74d70812990cc5c4d51167665611552649103122163e77b0
tabulated_1e-2,43_LiH,,0.8333333333333334,12,10,371.9999999999999,319.99999999999994,1.9539925233402755e-14,Figure_3a/Tabulated_t1e-2/43_LiH/input.inp,Figure_3a/Tabulated_t1e-2/43_LiH/output.log,fe5c5792f9b66b21a8741c04a76705789d6b2864e08826393b4c778cc075ff3c
tabulated_1e-2,44_KH,,1.55,20,31,54.00000000000027,17.999999999999996,1.7763568394002505e-14,Figure_3a/Tabulated_t1e-2/44_KH/input.inp,Figure_3a/Tabulated_t1e-2/44_KH/output.log,7c37a7b818ee1275fc0e0b49f1caef22c1eaecf11975448ef68c4ce073abdd65
tabulated_1e-2,45_BH3,,0.9354838709677419,31,29,122.99999999999933,-10.000000000000009,1.2434497875801753e-13,Figure_3a/Tabulated_t1e-2/45_BH3/input.inp,Figure_3a/Tabulated_t1e-2/45_BH3/output.log,c49c7ef901e752f7870fece20df08d931ea12457878c775f0f90b3cea613112d
tabulated_1e-2,46_B2H6,,0.9354838709677419,62,58,125.99999999999945,56.00000000000005,-2.0872192862952943e-12,Figure_3a/Tabulated_t1e-2/46_B2H6/input.inp,Figure_3a/Tabulated_t1e-2/46_B2H6/output.log,3b562f4012147de41b3e0a3c95c0590bbb86b673084b3faa3062483d045de93b
tabulated_1e-2,47_NH3,,1.3225806451612903,31,41,173.9999999999995,-0.9999999999998899,2.5934809855243657e-13,Figure_3a/Tabulated_t1e-2/47_NH3/input.inp,Figure_3a/Tabulated_t1e-2/47_NH3/output.log,f428054f50746cdd6043c2241b700b8de20bfa8b8a8695742ba7f1e4d8c783d8
tabulated_1e-2,48_HN3,,1.8444444444444446,45,83,189.9999999999995,7.000000000000117,-3.446132268436486e-13,Figure_3a/Tabulated_t1e-2/48_HN3/input.inp,Figure_3a/Tabulated_t1e-2/48_HN3/output.log,45cc8cc27f9952cd1e2a0f58962476db8ff75c950b767b486fd9894c6f769e37
tabulated_1e-2,49_PH3,,0.9354838709677419,31,29,123.99999999999878,43.999999999999815,2.042810365310288e-13,Figure_3a/Tabulated_t1e-2/49_PH3/input.inp,Figure_3a/Tabulated_t1e-2/49_PH3/output.log,020090b5a098eaf5b2856b5799500300e10f6973406180d5693f425f62e60e56
tabulated_1e-2,50_AsH3,,1.3225806451612903,31,41,47.999999999998266,48.00000000000004,3.552713678800501e-15,Figure_3a/Tabulated_t1e-2/50_AsH3/input.inp,Figure_3a/Tabulated_t1e-2/50_AsH3/output.log,8ee6b888e6d72df7deced907050441ffd21a9f7ecdf3181363ae779d37ef4bf3
tabulated_1e-2,51_SH2,,1.32,25,33,102.99999999999976,30.00000000000003,5.861977570020827e-14,Figure_3a/Tabulated_t1e-2/51_SH2/input.inp,Figure_3a/Tabulated_t1e-2/51_SH2/output.log,acefd1869535b2ea9671ece8527d51523cb21b883bbb9672420b2eb1ab7d83d5
tabulated_1e-2,52_HF,,1.631578947368421,19,31,86.0000000000003,42.99999999999993,8.171241461241152e-14,Figure_3a/Tabulated_t1e-2/52_HF/input.inp,Figure_3a/Tabulated_t1e-2/52_HF/output.log,e67ce4fa1bba2240d5bf7a16d9d6bc629c7e0bbb0b2e223ef56d65f31e5487e6
tabulated_1e-2,53_HCl,,1.894736842105263,19,36,9.000000000000341,23.00000000000013,-1.9539925233402755e-14,Figure_3a/Tabulated_t1e-2/53_HCl/input.inp,Figure_3a/Tabulated_t1e-2/53_HCl/output.log,be6e8ab21babfa26bb331b3ebbe134955bf89bf7f16e3e2deb30ccbc322398b4
tabulated_1e-2,54_LiF,,1.631578947368421,19,31,60.0000000000005,208.99999999999997,1.5276668818842154e-12,Figure_3a/Tabulated_t1e-2/54_LiF/input.inp,Figure_3a/Tabulated_t1e-2/54_LiF/output.log,1d0f40d67b0cd262cdbf00d7a892a46e8ff1ac78eec39d10abba24fed5c0db34
tabulated_1e-2,55_MgF2,,1.65,40,66,75.99999999999874,133.0,-1.4210854715202004e-13,Figure_3a/Tabulated_t1e-2/55_MgF2/input.inp,Figure_3a/Tabulated_t1e-2/55_MgF2/output.log,f7478936636dbbc2221c4b571f0b2069a50c21be2b67036c1f60a5e8a01c21a7
tabulated_1e-2,56_TiF4,,1.8205128205128205,78,142,76.99999999999996,134.0,-6.906475391588174e-12,Figure_3a/Tabulated_t1e-2/56_TiF4/input.inp,Figure_3a/Tabulated_t1e-2/56_TiF4/output.log,76ab98495550f4390f8007f41cfb260d5cb2970035f53316de997414698ca24d
tabulated_1e-2,57_AlF3,,2.076923076923077,52,108,76.99999999999996,29.000000000000135,-3.282707439211663e-12,Figure_3a/Tabulated_t1e-2/57_AlF3/input.inp,Figure_3a/Tabulated_t1e-2/57_AlF3/output.log,ed44bfab0e00da5846f98677ca51c0d331462913a59e5dd00cf5c5c40429b5d5
tabulated_1e-2,58_BF,,1.5384615384615385,26,40,38.9999999999997,52.00000000000004,2.4868995751603507e-14,Figure_3a/Tabulated_t1e-2/58_BF/input.inp,Figure_3a/Tabulated_t1e-2/58_BF/output.log,f6339f8234bddd7d58b5eb430fb1acf69597c8d4dd217a5bb0a0db96c7ed66d3
tabulated_1e-2,59_SF4,,1.9538461538461538,65,127,83.00000000000018,56.00000000000005,3.993250174971763e-12,Figure_3a/Tabulated_t1e-2/59_SF4/input.inp,Figure_3a/Tabulated_t1e-2/59_SF4/output.log,1e8c6b5233cd410cf72de05ef3d947dc49be43d1d1a833fb282fbed63446507e
tabulated_1e-2,60_BrK,,1.7407407407407407,27,47,136.0000000000001,17.0,-7.034373084024992e-13,Figure_3a/Tabulated_t1e-2/60_BrK/input.inp,Figure_3a/Tabulated_t1e-2/60_BrK/output.log,10b7b579f5cb93a008a19f153c854457bfe075007873e635edaf4fe917479765
tabulated_1e-2,61_GaCl,,1.605263157894737,38,61,126.99999999999889,132.0,6.963318810448982e-13,Figure_3a/Tabulated_t1e-2/61_GaCl/input.inp,Figure_3a/Tabulated_t1e-2/61_GaCl/output.log,cf749524993f59cdd4dd700945e5a6687a8197b90fbd27f279e64c326365de8b
tabulated_1e-2,62_NaCl,,1.8518518518518519,27,50,32.999999999999474,81.0,3.247180302423658e-12,Figure_3a/Tabulated_t1e-2/62_NaCl/input.inp,Figure_3a/Tabulated_t1e-2/62_NaCl/output.log,eda9cafce88ed58c4397ed5b45bbc88fb5a45612ca02a99f162713da3de2e461
tabulated_1e-2,63_MgCl2,,1.9,40,76,14.000000000001123,107.00000000000001,-1.4210854715202004e-14,Figure_3a/Tabulated_t1e-2/63_MgCl2/input.inp,Figure_3a/Tabulated_t1e-2/63_MgCl2/output.log,f1db780a03ed2d8a6dba2df3cbbd8ab06351f1aecb74577f659bce26b7805213
tabulated_1e-2,64_AlI3,,1.6153846153846154,52,84,356.9999999999993,81.0,4.973799150320701e-14,Figure_3a/Tabulated_t1e-2/64_AlI3/input.inp,Figure_3a/Tabulated_t1e-2/64_AlI3/output.log,c16f9e594c84a62003ce00a6cec1a70c563dd1c0fc1b197ac02a8b095838cd39
tabulated_1e-2,65_BN,,1.5384615384615385,26,40,161.99999999999903,44.99999999999993,1.4832579608992091e-12,Figure_3a/Tabulated_t1e-2/65_BN/input.inp,Figure_3a/Tabulated_t1e-2/65_BN/output.log,1b4aff28dcc9d1899ffccfdf14d76251fdedeea636522f4afc8cd200b55095fe
tabulated_1e-2,66_NCH,,1.4375,32,46,153.00000000000045,23.00000000000013,3.552713678800501e-14,Figure_3a/Tabulated_t1e-2/66_NCH/input.inp,Figure_3a/Tabulated_t1e-2/66_NCH/output.log,97faafc87a22bbf4276c2b9ca62da4e0a78decdbb5b38cb88e0e4e4b7ace513b
tabulated_1e-2,67_PN,,1.5384615384615385,26,40,150.9999999999998,96.99999999999997,-4.618527782440651e-14,Figure_3a/Tabulated_t1e-2/67_PN/input.inp,Figure_3a/Tabulated_t1e-2/67_PN/output.log,863fc93f9746a30ddf3e9f376ee5f18b2df3a614c0e11ac2e66314b801ed8a8b
tabulated_1e-2,68_N2H4,,1.44,50,72,169.00000000000048,9.000000000000119,6.014744258209248e-12,Figure_3a/Tabulated_t1e-2/68_N2H4/input.inp,Figure_3a/Tabulated_t1e-2/68_N2H4/output.log,e675020764a99e6def324bb9dc2fb9b536259226aad3d7ab9ca1d6321158fb6a
tabulated_1e-2,69_H2CO,,1.131578947368421,38,43,942.0000000000002,231.99999999999997,3.730349362740526e-13,Figure_3a/Tabulated_t1e-2/69_H2CO/input.inp,Figure_3a/Tabulated_t1e-2/69_H2CO/output.log,dea5ac7f14e366e02ab42408ab50fd3e263a956e6c1a09403eeaf2fca9d0a138
tabulated_1e-2,70_CH3OH,,1.06,50,53,943.0000000000014,66.00000000000006,-1.7763568394002505e-12,Figure_3a/Tabulated_t1e-2/70_CH3OH/input.inp,Figure_3a/Tabulated_t1e-2/70_CH3OH/output.log,e799678c79bfec17b24c1fff719f205862fc1d79622950cb7ad3045add93922c
tabulated_1e-2,71_C2H5OH,,1.04,75,78,903.0000000000005,64.99999999999994,2.984279490192421e-13,Figure_3a/Tabulated_t1e-2/71_C2H5OH/input.inp,Figure_3a/Tabulated_t1e-2/71_C2H5OH/output.log,b689921911cdcd6e578160544ae428bc3a0714c07ca5b1bbf0a57216d5134263
tabulated_1e-2,72_C2H4O,,1.0793650793650793,63,68,893.0000000000007,14.999999999999902,-2.0676793610618915e-12,Figure_3a/Tabulated_t1e-2/72_C2H4O/input.inp,Figure_3a/Tabulated_t1e-2/72_C2H4O/output.log,38a914cb282d2808cf392e0e0eb8aef1c3bbaa84c0a0b1d9f05a932c1266c079
tabulated_1e-2,73_C4H10O4,,1.024,125,128,811.9999999999994,11.999999999999789,-1.8260948309034575e-11,Figure_3a/Tabulated_t1e-2/73_C4H10O4/input.inp,Figure_3a/Tabulated_t1e-2/73_C4H10O4/output.log,304f08127bb0d89e351cb14a4e4538cf9f9a48fc7e5bf37ac25a009d094b82f8
tabulated_1e-2,74_HCOOH,,1.196078431372549,51,61,1033.9999999999989,106.0000000000001,1.5418777365994174e-12,Figure_3a/Tabulated_t1e-2/74_HCOOH/input.inp,Figure_3a/Tabulated_t1e-2/74_HCOOH/output.log,423477f0aa9a48111d330e93e7878f393e9b18a1e22a88a7324ca75720986186
tabulated_1e-2,75_H2O2,,1.2105263157894737,38,46,1135.9999999999993,107.99999999999987,2.3447910280083306e-13,Figure_3a/Tabulated_t1e-2/75_H2O2/input.inp,Figure_3a/Tabulated_t1e-2/75_H2O2/output.log,4152fc1e432cf18b897d160ad9589009d8fe0c5b6fa2aa09ee538b1d0a820dd6
tabulated_1e-2,76_H2O,,1.12,25,28,1056.000000000001,114.99999999999999,2.913225216616411e-13,Figure_3a/Tabulated_t1e-2/76_H2O/input.inp,Figure_3a/Tabulated_t1e-2/76_H2O/output.log,96b356a82c69a426cf210c29b685b3a39682afefff60eb16838314be89775541
tabulated_1e-2,77_CO2,,1.3076923076923077,39,51,1129.0000000000014,149.99999999999991,-3.552713678800501e-13,Figure_3a/Tabulated_t1e-2/77_CO2/input.inp,Figure_3a/Tabulated_t1e-2/77_CO2/output.log,e3a942a2927f84dc32d951be91a6314e55ad8a1ae5311ab4ff6df3cd302017c9
tabulated_1e-2,78_CS2,,1.564102564102564,39,61,60.99999999999994,155.00000000000003,1.3500311979441904e-13,Figure_3a/Tabulated_t1e-2/78_CS2/input.inp,Figure_3a/Tabulated_t1e-2/78_CS2/output.log,91204650178916cd67a0cf595e00ea2e354f05f832b552dc9e4db18233a35f42
tabulated_1e-2,79_OCS,,1.435897435897436,39,56,307.0000000000004,455.0000000000003,-3.161915174132446e-13,Figure_3a/Tabulated_t1e-2/79_OCS/input.inp,Figure_3a/Tabulated_t1e-2/79_OCS/output.log,642e0e9930af1587887de85c6a132970411490cc2140316ca15cda9ca1ce24a3
tabulated_1e-2,80_OCSe,,1.435897435897436,39,56,242.00000000000088,457.0000000000003,4.796163466380676e-13,Figure_3a/Tabulated_t1e-2/80_OCSe/input.inp,Figure_3a/Tabulated_t1e-2/80_OCSe/output.log,0be75470304ecca79c1334aed617cb010507817b778c0e45ab73f5d2d2e80561
tabulated_1e-2,81_CO,,1.2692307692307692,26,33,334.9999999999991,465.99999999999994,9.469758310842735e-11,Figure_3a/Tabulated_t1e-2/81_CO/input.inp,Figure_3a/Tabulated_t1e-2/81_CO/output.log,381b830dd19a9314e07248d47838db6319b926b3fbc91c17028a8522f27053e9
tabulated_1e-2,82_O3,,1.3846153846153846,39,54,1208.0000000000002,999.0000000000001,-9.734435479913373e-13,Figure_3a/Tabulated_t1e-2/82_O3/input.inp,Figure_3a/Tabulated_t1e-2/82_O3/output.log,2d3a64d7d37b8b270b316a6a5ff69345e55d22eca64d5b7573e50f24a16c789a
tabulated_1e-2,83_SO2,,1.5128205128205128,39,59,721.0000000000001,556.9999999999999,-4.334310688136611e-13,Figure_3a/Tabulated_t1e-2/83_SO2/input.inp,Figure_3a/Tabulated_t1e-2/83_SO2/output.log,059d2c34b33969a2510c9db5014450dc2a22326b950c08291c0cc6512f27d78c
tabulated_1e-2,84_BeO,,1.4210526315789473,19,27,1071.0000000000016,8.999999999999897,6.750155989720952e-14,Figure_3a/Tabulated_t1e-2/84_BeO/input.inp,Figure_3a/Tabulated_t1e-2/84_BeO/output.log,547afdff585b47f8b82f72300db8360cf028af51a5167f75fc85832c0a0f0c0b
tabulated_1e-2,85_MgO,,1.1851851851851851,27,32,934.0000000000001,353.9999999999999,3.353761712787673e-12,Figure_3a/Tabulated_t1e-2/85_MgO/input.inp,Figure_3a/Tabulated_t1e-2/85_MgO/output.log,ad4d6d5ac4d0470cbaf55956a2fb5eada5ef60c32aa7f96bc78114f58f453aa8
tabulated_1e-2,86_C7H8,,1.0431654676258992,139,145,173.00000000000006,-22.00000000000002,-2.4371615836571436e-12,Figure_3a/Tabulated_t1e-2/86_C7H8/input.inp,Figure_3a/Tabulated_t1e-2/86_C7H8/output.log,a3f8505101039bca14a167fc14763a18c592b402541f438b67af7397f4d3fe83
tabulated_1e-2,87_C8H10,,1.0365853658536586,164,170,250.0,-14.000000000000012,1.5688783605583012e-11,Figure_3a/Tabulated_t1e-2/87_C8H10/input.inp,Figure_3a/Tabulated_t1e-2/87_C8H10/output.log,d843ca08174a2be47788abea1a08935544b7a2d1994117cd95a3a4770cdb9d8f
tabulated_1e-2,88_C6F6,,1.5769230769230769,156,246,147.9999999999997,90.00000000000009,-5.968558980384842e-13,Figure_3a/Tabulated_t1e-2/88_C6F6/input.inp,Figure_3a/Tabulated_t1e-2/88_C6F6/output.log,e98f4dab91b03fca6f477df83c55060e6f267dea267cb2bfd19ad1950a9c03f7
tabulated_1e-2,89_C6H5OH,,1.0866141732283465,127,138,472.0000000000004,31.00000000000014,-1.3429257705865894e-11,Figure_3a/Tabulated_t1e-2/89_C6H5OH/input.inp,Figure_3a/Tabulated_t1e-2/89_C6H5OH/output.log,efad703bbb8fe214357afc324a7cdd4fd1c0fa825404a9e161e1d52be1ebb77d
tabulated_1e-2,90_C6H5NH2,,1.1353383458646618,133,151,247.99999999999932,-17.000000000000128,1.2725820397463394e-11,Figure_3a/Tabulated_t1e-2/90_C6H5NH2/input.inp,Figure_3a/Tabulated_t1e-2/90_C6H5NH2/output.log,a02f12b5087980609c6afa6d018ff5d7801ed6660f37805b8a70e6e37cf06ba3
tabulated_1e-2,91_C5H5N,,1.1666666666666667,108,126,205.00000000000006,234.0,8.711253940418828e-12,Figure_3a/Tabulated_t1e-2/91_C5H5N/input.inp,Figure_3a/Tabulated_t1e-2/91_C5H5N/output.log,b1a98387ad4ed369a22d3122165969ee8886e5a4e132e2085e1923a982af21c3
tabulated_1e-2,92_guanine,,1.4335260115606936,173,248,367.0,-21.000000000000018,-1.2420287021086551e-11,Figure_3a/Tabulated_t1e-2/92_guanine/input.inp,Figure_3a/Tabulated_t1e-2/92_guanine/output.log,982bdd894927025d04ec4b4786fbcbe29f2358f2ba755ed39701b69df3d25695
tabulated_1e-2,93_adenine,,1.4375,160,230,237.0000000000001,23.00000000000013,-8.242295734817162e-13,Figure_3a/Tabulated_t1e-2/93_adenine/input.inp,Figure_3a/Tabulated_t1e-2/93_adenine/output.log,2956fcc407358bf96ba5d837adbbb41c782b5743faee743d1c6efc921f6cfcd5
tabulated_1e-2,94_cytosine,,1.3507462686567164,134,181,485.00000000000034,197.99999999999994,1.4495071809506044e-12,Figure_3a/Tabulated_t1e-2/94_cytosine/input.inp,Figure_3a/Tabulated_t1e-2/94_cytosine/output.log,206038a1fc6534f9f87dab112b0082c8e15f89174d71eb57060896877be3db31
tabulated_1e-2,95_thymine,,1.261437908496732,153,193,434.9999999999996,382.0,-3.1107560971577186e-11,Figure_3a/Tabulated_t1e-2/95_thymine/input.inp,Figure_3a/Tabulated_t1e-2/95_thymine/output.log,1c3c8de2385b004e4ef6553ac72046d0bae461aca00cc24a6790355ecce5d792
tabulated_1e-2,96_uracil,,1.3125,128,168,653.9999999999999,383.0,-5.4711790653527714e-12,Figure_3a/Tabulated_t1e-2/96_uracil/input.inp,Figure_3a/Tabulated_t1e-2/96_uracil/output.log,fbf05ad1bd9e178f2127a8d6a21e4b0aa9c3c1b31a743fab099c4e4a1177794f
tabulated_1e-2,97_urea,,1.381578947368421,76,105,892.9999999999998,-8.000000000000007,8.526512829121202e-14,Figure_3a/Tabulated_t1e-2/97_urea/input.inp,Figure_3a/Tabulated_t1e-2/97_urea/output.log,bdc298dcafcdb99687801ac18d663f9db1022921f8ca412f57d1bca3e074fa4d
tabulated_1e-2,98_Ag2,,0.84,50,42,1327.0,891.0,-2.842170943040401e-14,Figure_3a/Tabulated_t1e-2/98_Ag2/input.inp,Figure_3a/Tabulated_t1e-2/98_Ag2/output.log,19a0b098def7405b158dba74df1f8564a4d3206d2d8a3d3e92bf7e7e3367ceb8
tabulated_1e-2,99_Cu2,,0.84,50,42,2015.0000000000002,1020.9999999999999,-2.842170943040401e-14,Figure_3a/Tabulated_t1e-2/99_Cu2/input.inp,Figure_3a/Tabulated_t1e-2/99_Cu2/output.log,8232ffafbbb4353852c5bb5963d7d9cab55a4b2b1fbe7ae1200a09f9204bf45d
tabulated_1e-3,01_He,,1.0,5,5,539.9999999999991,7.999999999999119,0.0,Figure_3a/Tabulated_t1e-3/01_He/input.inp,Figure_3a/Tabulated_t1e-3/01_He/output.log,eff468d743bd12c840cf9dca915215e8bece085519dcd1f94678eb3d77a6c4fe
tabulated_1e-3,02_Ne,,2.923076923076923,13,38,15.999999999998238,55.000000000000604,0.0,Figure_3a/Tabulated_t1e-3/02_Ne/input.inp,Figure_3a/Tabulated_t1e-3/02_Ne/output.log,8e3c16d2875fac8b34727ff8c19150058156ce3ae0fe4351fa28b14109b31474
tabulated_1e-3,03_Ar,,2.1538461538461537,13,28,57.99999999999983,70.99999999999973,0.0,Figure_3a/Tabulated_t1e-3/03_Ar/input.inp,Figure_3a/Tabulated_t1e-3/03_Ar/output.log,985f376981ce05740810d4612a551c9432899946161858a0a87a945f7fe3bdc9
tabulated_1e-3,04_Kr,,2.0,13,26,57.99999999999983,63.00000000000017,0.0,Figure_3a/Tabulated_t1e-3/04_Kr/input.inp,Figure_3a/Tabulated_t1e-3/04_Kr/output.log,064a5443529a54ba53aa1e608587dabf27fc0d32591f167c266754686e2b777a
tabulated_1e-3,05_Xe,,2.5384615384615383,13,33,379.00000000000136,168.9999999999996,0.0,Figure_3a/Tabulated_t1e-3/05_Xe/input.inp,Figure_3a/Tabulated_t1e-3/05_Xe/output.log,ddcb1054a398dbfac6edc1106113380426750419a202030a3922099772428e03
tabulated_1e-3,06_H2,,0.8333333333333334,12,10,121.99999999999989,16.999999999999904,-1.1102230246251565e-15,Figure_3a/Tabulated_t1e-3/06_H2/input.inp,Figure_3a/Tabulated_t1e-3/06_H2/output.log,bbe83e5cf303762fe1937634f1d653762511b814bdc5f66347d94330b05ea634
tabulated_1e-3,07_Li2,,0.8333333333333334,12,10,2759.0000000000005,1008.0,2.3092638912203256e-13,Figure_3a/Tabulated_t1e-3/07_Li2/input.inp,Figure_3a/Tabulated_t1e-3/07_Li2/output.log,87b1ef3a3a4b219145e341963242378eff0cf58519b40eb4eca33e5df889cf1b
tabulated_1e-3,08_Na2,,2.2857142857142856,28,64,92.99999999999997,63.0,-1.4210854715202004e-14,Figure_3a/Tabulated_t1e-3/08_Na2/input.inp,Figure_3a/Tabulated_t1e-3/08_Na2/output.log,a33b205783559c22bb79c53876c0202893d34018a48d4657098af6855e1ec0d4
tabulated_1e-3,09_Na4,,2.2857142857142856,56,128,101.99999999999943,67.00000000000006,-6.482991921075154e-11,Figure_3a/Tabulated_t1e-3/09_Na4/input.inp,Figure_3a/Tabulated_t1e-3/09_Na4/output.log,d217d8b086eae8469c8176fd33c5c636fdb374939ee6ff3e0182098804eb6c87
tabulated_1e-3,100_CuCN,,2.2941176470588234,51,117,122.99999999999933,22.00000000000002,1.638511548662791e-11,Figure_3a/Tabulated_t1e-3/100_CuCN/input.inp,Figure_3a/Tabulated_t1e-3/100_CuCN/output.log,ecb38ba3cadf43c1d6c749863ff05bf2239cbb6018667ccdb80b49a3295ec5a7
tabulated_1e-3,10_Na6,,2.2857142857142856,84,192,137.9999999999999,36.99999999999998,-3.751665644813329e-12,Figure_3a/Tabulated_t1e-3/10_Na6/input.inp,Figure_3a/Tabulated_t1e-3/10_Na6/output.log,c70a474c0c553924cb00193e149829e807660a19db260d6b09a1bee2aa796a73
tabulated_1e-3,11_K2,,2.5714285714285716,28,72,-0.9999999999998899,14.000000000000012,1.2789769243681803e-13,Figure_3a/Tabulated_t1e-3/11_K2/input.inp,Figure_3a/Tabulated_t1e-3/11_K2/output.log,6e1ea421417c93dec54443fa0549e6d4418c09003437af34358030a5726f91dc
tabulated_1e-3,12_Rb2,,2.2142857142857144,28,62,268.0000000000002,-19.000000000000018,1.2789769243681803e-13,Figure_3a/Tabulated_t1e-3/12_Rb2/input.inp,Figure_3a/Tabulated_t1e-3/12_Rb2/output.log,3dbf3487622c9d257e64c8e8e5b3a794bb81ada59e37169cb4432b57978ac910
tabulated_1e-3,13_N2,,2.5384615384615383,26,66,21.999999999998465,13.000000000000345,-3.552713678800501e-15,Figure_3a/Tabulated_t1e-3/13_N2/input.inp,Figure_3a/Tabulated_t1e-3/13_N2/output.log,27379aff197e6fce12d74580fd16c868d027c795761295d8109033bea4811afd
tabulated_1e-3,14_P2,,2.1538461538461537,26,56,28.999999999999915,17.99999999999996,1.7763568394002505e-15,Figure_3a/Tabulated_t1e-3/14_P2/input.inp,Figure_3a/Tabulated_t1e-3/14_P2/output.log,c8105199039d001c49f15b3900b86fb02c9292572cff4dcda0a3a517323d72f0
tabulated_1e-3,15_As2,,2.230769230769231,26,58,118.99999999999977,-18.000000000000014,-6.851408329566766e-12,Figure_3a/Tabulated_t1e-3/15_As2/input.inp,Figure_3a/Tabulated_t1e-3/15_As2/output.log,b6c33d26cd81df31736fadd89ae5c922acf17f7abe12f72b68a9b25b6ccfcd58
tabulated_1e-3,16_F2,,2.0,26,52,135.00000000000156,54.00000000000005,3.979039320256561e-13,Figure_3a/Tabulated_t1e-3/16_F2/input.inp,Figure_3a/Tabulated_t1e-3/16_F2/output.log,ff1a89028391b2eb8be04a105e0aa280d1b9b1e925c282fadd3e40eb5e2b0ae1
tabulated_1e-3,17_Cl2,,2.3846153846153846,26,62,17.000000000001236,20.000000000000004,-5.3290705182007514e-14,Figure_3a/Tabulated_t1e-3/17_Cl2/input.inp,Figure_3a/Tabulated_t1e-3/17_Cl2/output.log,959f7eab44aeb81abd2d43e2ceabbb66d07bdb3e7ce9ce4711b41a7feb7212fe
tabulated_1e-3,18_Br2,,2.076923076923077,26,54,27.000000000001023,20.000000000000018,3.659295089164516e-13,Figure_3a/Tabulated_t1e-3/18_Br2/input.inp,Figure_3a/Tabulated_t1e-3/18_Br2/output.log,ce4fa725d4c77d58b081d2b54bf693ceedcccbc2fb960b6fb35a21d4e517ab9d
tabulated_1e-3,19_I2,,1.6153846153846154,26,42,266.0,169.00000000000003,1.4566126083082054e-13,Figure_3a/Tabulated_t1e-3/19_I2/input.inp,Figure_3a/Tabulated_t1e-3/19_I2/output.log,1ad6b5103f07c2b80576133464193a530853cf0d6c39ece07961459a3b2170ff
tabulated_1e-3,20_CH4,,1.3513513513513513,37,50,14.000000000001123,18.000000000000014,-3.730349362740526e-14,Figure_3a/Tabulated_t1e-3/20_CH4/input.inp,Figure_3a/Tabulated_t1e-3/20_CH4/output.log,0743624c5b6ae18d3789180a27317f61b291d82267f07bbc044469c9195691e6
tabulated_1e-3,21_C2H6,,1.4516129032258065,62,90,35.99999999999959,18.000000000000014,-8.313350008393172e-13,Figure_3a/Tabulated_t1e-3/21_C2H6/input.inp,Figure_3a/Tabulated_t1e-3/21_C2H6/output.log,95b331e1430483366cbd7e496fa8f96f92940af6cb7a26ccc296b70d3f8618d2
tabulated_1e-3,22_C3H8,,1.4942528735632183,87,130,13.999999999999346,12.9999999999999,-6.465938895416912e-13,Figure_3a/Tabulated_t1e-3/22_C3H8/input.inp,Figure_3a/Tabulated_t1e-3/22_C3H8/output.log,d8eb80690262a22b2a044537368dce138a869ab9f4f825891d119251c78ed775
tabulated_1e-3,23_C4H10,,1.5178571428571428,112,170,42.99999999999926,10.000000000000009,-1.1972645097557688e-12,Figure_3a/Tabulated_t1e-3/23_C4H10/input.inp,Figure_3a/Tabulated_t1e-3/23_C4H10/output.log,6a4ce023554e18b006faf5c2fa4912cc1d5183182acd7920ff35b2e22d316c8f
tabulated_1e-3,24_C2H4,,1.6,50,80,25.9999999999998,22.999999999999908,3.090860900556436e-13,Figure_3a/Tabulated_t1e-3/24_C2H4/input.inp,Figure_3a/Tabulated_t1e-3/24_C2H4/output.log,3fb2f774f13b4b22060e0772dbe66f63f930b50d7afad22d56b152a61d2ec5b5
tabulated_1e-3,25_C2H2,,1.8421052631578947,38,70,29.99999999999936,22.999999999999908,6.750155989720952e-14,Figure_3a/Tabulated_t1e-3/25_C2H2/input.inp,Figure_3a/Tabulated_t1e-3/25_C2H2/output.log,657a5cbf006f2fae0ee4f3bfa71aba0f2b8f8ffe7a2f7d2d1f2ef9b6b74652f7
tabulated_1e-3,26_C4,,2.3076923076923075,52,120,21.000000000000796,13.99999999999979,-6.543543662473894e-08,Figure_3a/Tabulated_t1e-3/26_C4/input.inp,Figure_3a/Tabulated_t1e-3/26_C4/output.log,7cf9579b2adc62e791244e5ac408f6f1cf40566aea8502c9a35eb606e4407162
tabulated_1e-3,27_C3H6,,1.6,75,120,35.00000000000014,16.999999999999904,4.973799150320701e-14,Figure_3a/Tabulated_t1e-3/27_C3H6/input.inp,Figure_3a/Tabulated_t1e-3/27_C3H6/output.log,44345f45c61a7c299166e57c403f7030dfee6f2133c8268fb67b78cdcc6bcb48
tabulated_1e-3,28_C6H6,,1.8421052631578947,114,210,34.000000000000696,-15.000000000000124,2.4641622076160274e-11,Figure_3a/Tabulated_t1e-3/28_C6H6/input.inp,Figure_3a/Tabulated_t1e-3/28_C6H6/output.log,9ca0f093dabcbb3ec06188cd2e0bdc48ba3218447c3574123b066814926809a0
tabulated_1e-3,29_C8H8,,1.8421052631578947,152,280,22.999999999999687,16.000000000000014,2.7924329515371937e-12,Figure_3a/Tabulated_t1e-3/29_C8H8/input.inp,Figure_3a/Tabulated_t1e-3/29_C8H8/output.log,41c2edab8fc1258d2bf0e86dca49deb6482f06a6975813c61303b6b45fd4255f
tabulated_1e-3,30_C5H6,,1.7821782178217822,101,180,27.000000000000135,9.000000000000119,1.2160938922534115e-11,Figure_3a/Tabulated_t1e-3/30_C5H6/input.inp,Figure_3a/Tabulated_t1e-3/30_C5H6/output.log,35768c087a9d5f43024d12f0d05995091698bc9c4dffd24fdfd8aa4a35961e9c
tabulated_1e-3,31_C2H3F,,1.7719298245614035,57,101,35.99999999999959,28.999999999999915,1.2079226507921703e-13,Figure_3a/Tabulated_t1e-3/31_C2H3F/input.inp,Figure_3a/Tabulated_t1e-3/31_C2H3F/output.log,2faae6c18ea7f539b3a7a70a4021fecb24d0e973b06169f3360269124434a3cb
tabulated_1e-3,32_C2H3Cl,,1.8596491228070176,57,106,24.00000000000091,23.00000000000013,-2.1671553440683056e-13,Figure_3a/Tabulated_t1e-3/32_C2H3Cl/input.inp,Figure_3a/Tabulated_t1e-3/32_C2H3Cl/output.log,6c3926218e86194de47603a35edc278f140bd877d6c960aa960a433c0712bdd5
tabulated_1e-3,33_C2H3Br,,1.7894736842105263,57,102,26.999999999999247,20.999999999999908,-1.751487843648647e-12,Figure_3a/Tabulated_t1e-3/33_C2H3Br/input.inp,Figure_3a/Tabulated_t1e-3/33_C2H3Br/output.log,542cb5d8fae7e8990bafb22aabb92d6b14b9ca768d47ab7468fba0de7f28f21c
tabulated_1e-3,34_C2H3I,,1.6842105263157894,57,96,154.99999999999937,38.000000000000036,4.796163466380676e-13,Figure_3a/Tabulated_t1e-3/34_C2H3I/input.inp,Figure_3a/Tabulated_t1e-3/34_C2H3I/output.log,f90e259500bc34901df583b6949cf9201115c86aa6206b5867fa2965ad89d7a0
tabulated_1e-3,35_CF4,,2.0615384615384613,65,134,60.0000000000005,59.00000000000016,-9.379164112033322e-13,Figure_3a/Tabulated_t1e-3/35_CF4/input.inp,Figure_3a/Tabulated_t1e-3/35_CF4/output.log,780b6118abf6f6a0ed5f5b1926ef1acdd9137461ce3384634d2c697952bc251f
tabulated_1e-3,36_CCl4,,2.3692307692307693,65,154,19.000000000000128,18.000000000000014,4.121147867408581e-13,Figure_3a/Tabulated_t1e-3/36_CCl4/input.inp,Figure_3a/Tabulated_t1e-3/36_CCl4/output.log,697569a641e672c79346ae5be3d22aa866d66d5e5f95363971b8cc4193be633f
tabulated_1e-3,37_CBr4,,2.123076923076923,65,138,22.00000000000024,22.00000000000002,3.481659405224491e-13,Figure_3a/Tabulated_t1e-3/37_CBr4/input.inp,Figure_3a/Tabulated_t1e-3/37_CBr4/output.log,6d557af7f5b97064df6a91cc9509078feab8259fd6479b601f2bd1e88064fa65
tabulated_1e-3,38_CI4,,1.7538461538461538,65,114,212.00000000000063,125.0,-2.6290081223123707e-13,Figure_3a/Tabulated_t1e-3/38_CI4/input.inp,Figure_3a/Tabulated_t1e-3/38_CI4/output.log,abc93edfac0cf8c0d22b36aeb9942e08121e8ed94704b40c8de662662a163bc6
tabulated_1e-3,39_SiH4,,1.2702702702702702,37,47,46.00000000000115,6.999999999999895,-5.5067062021407764e-14,Figure_3a/Tabulated_t1e-3/39_SiH4/input.inp,Figure_3a/Tabulated_t1e-3/39_SiH4/output.log,4c9a713a3052a15478e9aefed36336c9c0f270750645530be938ca3a68defe88
tabulated_1e-3,40_GeH4,,1.2972972972972974,37,48,38.9999999999997,20.000000000000018,-3.552713678800501e-15,Figure_3a/Tabulated_t1e-3/40_GeH4/input.inp,Figure_3a/Tabulated_t1e-3/40_GeH4/output.log,61d5211b6f08b9f8ad07413eaba6d967feffe2aeb8313a9ead1ca34f5870003f
tabulated_1e-3,41_Si2H6,,1.3548387096774193,62,84,32.999999999999474,2.0000000000000018,5.790923296444817e-13,Figure_3a/Tabulated_t1e-3/41_Si2H6/input.inp,Figure_3a/Tabulated_t1e-3/41_Si2H6/output.log,f9ccba9aebd417fd854a74bbebc0d98a53d3293113b3c89059c5474eb8dee9b0
tabulated_1e-3,42_Si5H12,,1.4233576642335766,137,195,28.999999999999915,9.000000000000007,-7.105427357601002e-15,Figure_3a/Tabulated_t1e-3/42_Si5H12/input.inp,Figure_3a/Tabulated_t1e-3/42_Si5H12/output.log,0d9daa236b2a189b267b533e971309245b299554a1e375dc489fdfaa2b91a082
tabulated_1e-3,43_LiH,,0.8333333333333334,12,10,371.9999999999999,319.99999999999994,-2.6645352591003757e-15,Figure_3a/Tabulated_t1e-3/43_LiH/input.inp,Figure_3a/Tabulated_t1e-3/43_LiH/output.log,d9695736d4d67bb58c8ce4c1089a977d2a32f595e8750297e8c03ef35da43a44
tabulated_1e-3,44_KH,,2.05,20,41,52.999999999999936,11.000000000000004,1.0658141036401503e-14,Figure_3a/Tabulated_t1e-3/44_KH/input.inp,Figure_3a/Tabulated_t1e-3/44_KH/output.log,2062663505d45a1abafffd94b3c04083e7e1707a36b705e2e617aeba434d5016
tabulated_1e-3,45_BH3,,0.9354838709677419,31,29,122.99999999999933,-10.000000000000009,1.2434497875801753e-13,Figure_3a/Tabulated_t1e-3/45_BH3/input.inp,Figure_3a/Tabulated_t1e-3/45_BH3/output.log,fc43c55904d72d0f723536635c637fe34b06bbc0754a211aae5091847c123689
tabulated_1e-3,46_B2H6,,0.9354838709677419,62,58,125.99999999999945,56.00000000000005,-2.099653784171096e-12,Figure_3a/Tabulated_t1e-3/46_B2H6/input.inp,Figure_3a/Tabulated_t1e-3/46_B2H6/output.log,192427ba14a4cc9fe76ab4898a6d8f0bf3a78951d045229beb38d6d457b129d8
tabulated_1e-3,47_NH3,,1.5483870967741935,31,48,32.00000000000003,4.0000000000000036,2.6290081223123707e-13,Figure_3a/Tabulated_t1e-3/47_NH3/input.inp,Figure_3a/Tabulated_t1e-3/47_NH3/output.log,5d9a93d25db3405407fed94dd10822e3c9ada90f92783b7498a091d00b6c9885
tabulated_1e-3,48_HN3,,2.311111111111111,45,104,21.000000000000796,6.000000000000005,-3.872457909892546e-13,Figure_3a/Tabulated_t1e-3/48_HN3/input.inp,Figure_3a/Tabulated_t1e-3/48_HN3/output.log,0562e42a048e3ee39c7f944b6fa58680a70781bf47eb0a460fe915fba4c01e20
tabulated_1e-3,49_PH3,,1.3870967741935485,31,43,26.999999999999247,35.99999999999981,1.6697754290362354e-13,Figure_3a/Tabulated_t1e-3/49_PH3/input.inp,Figure_3a/Tabulated_t1e-3/49_PH3/output.log,178ba2186d6139df53a4911beda22b3502235f00643e426269ce9b64ac7d815e
tabulated_1e-3,50_AsH3,,1.4193548387096775,31,44,47.999999999998266,46.99999999999993,-1.5987211554602254e-14,Figure_3a/Tabulated_t1e-3/50_AsH3/input.inp,Figure_3a/Tabulated_t1e-3/50_AsH3/output.log,29a66678ff9677db464d48e4a31cc5367347858108d80ee31b471325744a5058
tabulated_1e-3,51_SH2,,1.52,25,38,10.999999999999233,26.00000000000002,6.217248937900877e-14,Figure_3a/Tabulated_t1e-3/51_SH2/input.inp,Figure_3a/Tabulated_t1e-3/51_SH2/output.log,562ced66b86af17269bb233bf6207431c3a6799e4d151f2b8c6d0ddcbd33de06
tabulated_1e-3,52_HF,,1.631578947368421,19,31,86.0000000000003,42.99999999999993,8.526512829121202e-14,Figure_3a/Tabulated_t1e-3/52_HF/input.inp,Figure_3a/Tabulated_t1e-3/52_HF/output.log,53ccfede2f5907a218df25f5397878bf379716001f7d9e4be025882a33bb9952
tabulated_1e-3,53_HCl,,1.894736842105263,19,36,9.000000000000341,23.00000000000013,-2.3092638912203256e-14,Figure_3a/Tabulated_t1e-3/53_HCl/input.inp,Figure_3a/Tabulated_t1e-3/53_HCl/output.log,c9e115341078ce65725118d9fa5c3bff6fa3a4721bb2e5d2a0da773735140e72
tabulated_1e-3,54_LiF,,1.631578947368421,19,31,60.0000000000005,208.99999999999997,1.8616219676914625e-12,Figure_3a/Tabulated_t1e-3/54_LiF/input.inp,Figure_3a/Tabulated_t1e-3/54_LiF/output.log,26f0d1fe735edba975e3976df8a28cdd9053896e17a72a51a654957d4b66b5cf
tabulated_1e-3,55_MgF2,,2.275,40,91,62.999999999998835,18.000000000000014,1.4210854715202004e-13,Figure_3a/Tabulated_t1e-3/55_MgF2/input.inp,Figure_3a/Tabulated_t1e-3/55_MgF2/output.log,0d4937af6f23d2eaf49a1b435bd9021465b1d7f5672aea3901d06bf250072cbe
tabulated_1e-3,56_TiF4,,2.1153846153846154,78,165,57.99999999999983,47.0,-7.16227077646181e-12,Figure_3a/Tabulated_t1e-3/56_TiF4/input.inp,Figure_3a/Tabulated_t1e-3/56_TiF4/output.log,347d2b372a77f6a6c3792ac70e315912d9819e5b59bfea27fefaa121e3d35ae0
tabulated_1e-3,57_AlF3,,2.076923076923077,52,108,76.99999999999996,29.000000000000135,-7.688072400924284e-12,Figure_3a/Tabulated_t1e-3/57_AlF3/input.inp,Figure_3a/Tabulated_t1e-3/57_AlF3/output.log,89fef8aa5b3d5033bff356a413d1f25ab37c7aa8aa17fde54d0496bea623db4e
tabulated_1e-3,58_BF,,1.5384615384615385,26,40,38.9999999999997,52.00000000000004,2.1316282072803006e-14,Figure_3a/Tabulated_t1e-3/58_BF/input.inp,Figure_3a/Tabulated_t1e-3/58_BF/output.log,35f43a32140be2e448c9459127aefbddf192a7deda791909bcadb373246fbf1c
tabulated_1e-3,59_SF4,,2.0307692307692307,65,132,73.99999999999984,44.00000000000004,3.737454790098127e-12,Figure_3a/Tabulated_t1e-3/59_SF4/input.inp,Figure_3a/Tabulated_t1e-3/59_SF4/output.log,53ed7bd418530322cbcc8f96da410f0a87416c5fec27e3ac83048850313e43bf
tabulated_1e-3,60_BrK,,2.3333333333333335,27,63,10.000000000000675,6.000000000000005,-7.318590178329032e-13,Figure_3a/Tabulated_t1e-3/60_BrK/input.inp,Figure_3a/Tabulated_t1e-3/60_BrK/output.log,32a28c2891b342acd407004a87444e3f469d14bf1079eca60c0772e9629f7568
tabulated_1e-3,61_GaCl,,2.236842105263158,38,85,24.99999999999858,34.00000000000003,6.536993168992922e-13,Figure_3a/Tabulated_t1e-3/61_GaCl/input.inp,Figure_3a/Tabulated_t1e-3/61_GaCl/output.log,c6570962d551c66f03c3aa4d31334ad624f45a8e544fc5477df1f2a25e86467e
tabulated_1e-3,62_NaCl,,2.3333333333333335,27,63,21.999999999999353,6.000000000000005,3.183231456205249e-12,Figure_3a/Tabulated_t1e-3/62_NaCl/input.inp,Figure_3a/Tabulated_t1e-3/62_NaCl/output.log,04d985937d24e7d1d5841961f7c550793dfbe611c269a3b8be7f17c7ed2abfeb
tabulated_1e-3,63_MgCl2,,2.525,40,101,12.000000000000455,6.999999999999992,-1.4210854715202004e-14,Figure_3a/Tabulated_t1e-3/63_MgCl2/input.inp,Figure_3a/Tabulated_t1e-3/63_MgCl2/output.log,c283002b3742f6926412acbc835013fef93ee1fb069a842921161351b63681c0
tabulated_1e-3,64_AlI3,,1.7884615384615385,52,93,237.0000000000001,74.0,1.2079226507921703e-13,Figure_3a/Tabulated_t1e-3/64_AlI3/input.inp,Figure_3a/Tabulated_t1e-3/64_AlI3/output.log,eb35dc3af30f930e0de8ed5dea1d0ae9317fd52f8d62299040b98a5e56df7809
tabulated_1e-3,65_BN,,1.8076923076923077,26,47,57.000000000000384,28.000000000000025,1.6040502259784262e-12,Figure_3a/Tabulated_t1e-3/65_BN/input.inp,Figure_3a/Tabulated_t1e-3/65_BN/output.log,046aeb2929898354ccc2c3d2c78208424642dd39bf4dce8f4e27a9fdae84835e
tabulated_1e-3,66_NCH,,2.125,32,68,14.000000000001123,10.000000000000009,6.394884621840902e-14,Figure_3a/Tabulated_t1e-3/66_NCH/input.inp,Figure_3a/Tabulated_t1e-3/66_NCH/output.log,4485f4a57963d4a457129e71d824122f358e71bbd1c94bc44af0c3f60cc387f7
tabulated_1e-3,67_PN,,2.3461538461538463,26,61,16.99999999999946,14.000000000000012,-3.552713678800501e-14,Figure_3a/Tabulated_t1e-3/67_PN/input.inp,Figure_3a/Tabulated_t1e-3/67_PN/output.log,5011ae8a48bfb56e9748f02f8de1c91e7df90f0e24ec6c522596d216d4df0458
tabulated_1e-3,68_N2H4,,1.72,50,86,31.000000000000583,5.0000000000001155,5.9827698351000436e-12,Figure_3a/Tabulated_t1e-3/68_N2H4/input.inp,Figure_3a/Tabulated_t1e-3/68_N2H4/output.log,b1e5dfaa4b4ea7fab8b0bebd6b5b97a443a39dc687771f5fafd651c537d3bd2c
tabulated_1e-3,69_H2CO,,1.6578947368421053,38,63,83.00000000000018,38.99999999999992,3.197442310920451e-13,Figure_3a/Tabulated_t1e-3/69_H2CO/input.inp,Figure_3a/Tabulated_t1e-3/69_H2CO/output.log,773745f4801d41cb06b6cc7fd6f0a96af3e8ee4254d81322ca3d0dad965aab81
tabulated_1e-3,70_CH3OH,,1.46,50,73,90.00000000000163,33.00000000000014,-1.822542117224657e-12,Figure_3a/Tabulated_t1e-3/70_CH3OH/input.inp,Figure_3a/Tabulated_t1e-3/70_CH3OH/output.log,892ab83a38668bc266798bb1ad2d1623073b04b36a2a19c46bd181a96163110a
tabulated_1e-3,71_C2H5OH,,1.5066666666666666,75,113,80.99999999999952,28.999999999999915,3.197442310920451e-13,Figure_3a/Tabulated_t1e-3/71_C2H5OH/input.inp,Figure_3a/Tabulated_t1e-3/71_C2H5OH/output.log,09a7c98687832c10e7cb22f01c537b4f9a509efca8aa6bd263dffeb35ea6c645
tabulated_1e-3,72_C2H4O,,1.6349206349206349,63,103,73.0000000000004,18.999999999999908,-2.1103119252074976e-12,Figure_3a/Tabulated_t1e-3/72_C2H4O/input.inp,Figure_3a/Tabulated_t1e-3/72_C2H4O/output.log,92bb939cfb793c866bb9cd9f5505cf78de34f93ba9d7b29b883b85f8930c863f
tabulated_1e-3,73_C4H10O4,,1.544,125,193,71.99999999999918,13.99999999999979,-1.837463514675619e-11,Figure_3a/Tabulated_t1e-3/73_C4H10O4/input.inp,Figure_3a/Tabulated_t1e-3/73_C4H10O4/output.log,abc2dd2af7c42a99e024e5ae307eec6302a9563ef5b07025032fc1426a556169
tabulated_1e-3,74_HCOOH,,1.6862745098039216,51,86,88.99999999999864,38.000000000000036,1.3287149158713873e-12,Figure_3a/Tabulated_t1e-3/74_HCOOH/input.inp,Figure_3a/Tabulated_t1e-3/74_HCOOH/output.log,7af1d91c29121191599395f9ef68bf3748165afbb5dba237161467d4d91d9572
tabulated_1e-3,75_H2O2,,1.4736842105263157,38,56,125.0,52.00000000000004,1.9895196601282805e-13,Figure_3a/Tabulated_t1e-3/75_H2O2/input.inp,Figure_3a/Tabulated_t1e-3/75_H2O2/output.log,f915eb8469fc9efbfbf317fc059644a459b926d4d3548f8011a10d510294a7d6
tabulated_1e-3,76_H2O,,1.32,25,33,105.00000000000043,62.99999999999994,2.5224267119483557e-13,Figure_3a/Tabulated_t1e-3/76_H2O/input.inp,Figure_3a/Tabulated_t1e-3/76_H2O/output.log,c1435f2320bfe2cbea02c490537b7ff229a5df7e542d65caae9376cea0014cd7
tabulated_1e-3,77_CO2,,1.9487179487179487,39,76,99.0000000000002,32.00000000000003,-3.410605131648481e-13,Figure_3a/Tabulated_t1e-3/77_CO2/input.inp,Figure_3a/Tabulated_t1e-3/77_CO2/output.log,fdc94500376f677d4da0ae832e32262591ee848af349ce5dfb96e5807bee8e51
tabulated_1e-3,78_CS2,,2.2051282051282053,39,86,15.000000000000568,20.000000000000018,2.0961010704922955e-13,Figure_3a/Tabulated_t1e-3/78_CS2/input.inp,Figure_3a/Tabulated_t1e-3/78_CS2/output.log,64792c7431973925fa1911ae125bb9714e705efee27e41819e484c39ecfffbe9
tabulated_1e-3,79_OCS,,2.076923076923077,39,81,34.000000000000696,37.00000000000014,-2.7000623958883807e-13,Figure_3a/Tabulated_t1e-3/79_OCS/input.inp,Figure_3a/Tabulated_t1e-3/79_OCS/output.log,a1424a1089e468371a3d78978d0434dcf5be26d8dc342230ce2f735af65fcf38
tabulated_1e-3,80_OCSe,,2.076923076923077,39,81,28.999999999999915,36.00000000000003,5.542233338928781e-13,Figure_3a/Tabulated_t1e-3/80_OCSe/input.inp,Figure_3a/Tabulated_t1e-3/80_OCSe/output.log,c7d5985fec53a5589eb33c778e51bb09aa9bd9aa507bd9d2578c2e5f35f7e7f8
tabulated_1e-3,81_CO,,2.0384615384615383,26,53,35.00000000000014,35.00000000000014,8.975931109489466e-11,Figure_3a/Tabulated_t1e-3/81_CO/input.inp,Figure_3a/Tabulated_t1e-3/81_CO/output.log,6780a353dbe7b8efdbd18e41f8e4891866a77a1d18e261a2cae54dc45b0ef73a
tabulated_1e-3,82_O3,,1.7692307692307692,39,69,115.99999999999966,110.99999999999999,-1.7337242752546445e-12,Figure_3a/Tabulated_t1e-3/82_O3/input.inp,Figure_3a/Tabulated_t1e-3/82_O3/output.log,f76382590784f16f6aabd703026827907252f9a883ae4b07abd2514c1dd644d8
tabulated_1e-3,83_SO2,,1.8974358974358974,39,74,86.99999999999974,53.999999999999936,-3.907985046680551e-13,Figure_3a/Tabulated_t1e-3/83_SO2/input.inp,Figure_3a/Tabulated_t1e-3/83_SO2/output.log,7f38563246b987fd3461b0c6e0b51125518a69b0162945814aaf16bfb26deae6
tabulated_1e-3,84_BeO,,1.894736842105263,19,36,65.00000000000128,-24.99999999999991,1.0302869668521453e-13,Figure_3a/Tabulated_t1e-3/84_BeO/input.inp,Figure_3a/Tabulated_t1e-3/84_BeO/output.log,13a0bfbc414a0d597a97176c791009e723db347b9bc2d0f42c9567812b4c8deb
tabulated_1e-3,85_MgO,,2.2962962962962963,27,62,46.00000000000026,20.000000000000018,3.396394276933279e-12,Figure_3a/Tabulated_t1e-3/85_MgO/input.inp,Figure_3a/Tabulated_t1e-3/85_MgO/output.log,f631daac62574ce94228464ef9a2f8f2b13517b953c77b5a4b55700940af4fd4
tabulated_1e-3,86_C7H8,,1.7985611510791366,139,250,-54.00000000000027,-12.00000000000001,-2.4300561562995426e-12,Figure_3a/Tabulated_t1e-3/86_C7H8/input.inp,Figure_3a/Tabulated_t1e-3/86_C7H8/output.log,12dbaa9ff506fd254ad18a5b034375d31f2bc5cbc3753083761530f0e52c8ed3
tabulated_1e-3,87_C8H10,,1.7682926829268293,164,290,20.999999999999908,-14.000000000000012,1.2875034371973015e-11,Figure_3a/Tabulated_t1e-3/87_C8H10/input.inp,Figure_3a/Tabulated_t1e-3/87_C8H10/output.log,31a91966a423646f69ca8db8f1b12de0963a0a8b6434dce0278aa6fc75c3e193
tabulated_1e-3,88_C6F6,,2.1538461538461537,156,336,-80.00000000000007,24.00000000000002,-1.1084466677857563e-12,Figure_3a/Tabulated_t1e-3/88_C6F6/input.inp,Figure_3a/Tabulated_t1e-3/88_C6F6/output.log,9c0e4f18b2173059494177037f3f9418180c75d99e358d3df029a52b78c1ee89
tabulated_1e-3,89_C6H5OH,,1.8346456692913387,127,233,35.00000000000014,-6.000000000000005,-1.2917666936118621e-11,Figure_3a/Tabulated_t1e-3/89_C6H5OH/input.inp,Figure_3a/Tabulated_t1e-3/89_C6H5OH/output.log,cdaf6905353a8c2ff3e88892ab7acfa1efc87edb2998d5a3b12eb0af15b79e5f
tabulated_1e-3,90_C6H5NH2,,1.8646616541353382,133,248,38.9999999999997,-36.00000000000003,1.2320811038080137e-11,Figure_3a/Tabulated_t1e-3/90_C6H5NH2/input.inp,Figure_3a/Tabulated_t1e-3/90_C6H5NH2/output.log,d9e43757c09c3cbc967f2854dc4ae887672d9e734f61a4c9be4f1469db27120a
tabulated_1e-3,91_C5H5N,,1.9259259259259258,108,208,25.9999999999998,20.000000000000018,8.668621376273222e-12,Figure_3a/Tabulated_t1e-3/91_C5H5N/input.inp,Figure_3a/Tabulated_t1e-3/91_C5H5N/output.log,f65b5db025e46a62010225fad7b9a8989ebc51f5aa2111f8e60ba4557baa005c
tabulated_1e-3,92_guanine,,2.098265895953757,173,363,37.99999999999937,-34.00000000000003,-1.1453948900452815e-11,Figure_3a/Tabulated_t1e-3/92_guanine/input.inp,Figure_3a/Tabulated_t1e-3/92_guanine/output.log,ec3fdfd9c916737f89cda31d32e4c3a1cbfe81f0bca74e00655662f57e15f0aa
tabulated_1e-3,93_adenine,,2.125,160,340,27.99999999999958,14.000000000000012,-9.947598300641403e-13,Figure_3a/Tabulated_t1e-3/93_adenine/input.inp,Figure_3a/Tabulated_t1e-3/93_adenine/output.log,16712a77c99314425702892fa5755b6da8d66ad7e9eb57bccb44ce12a87c6143
tabulated_1e-3,94_cytosine,,1.992537313432836,134,267,52.999999999999936,8.000000000000007,1.1937117960769683e-12,Figure_3a/Tabulated_t1e-3/94_cytosine/input.inp,Figure_3a/Tabulated_t1e-3/94_cytosine/output.log,f493bf1aee2ca8d2106b78dabe547391acd031c31ea029c618cd1e082c591cca
tabulated_1e-3,95_thymine,,1.908496732026144,153,292,41.999999999999815,25.00000000000002,-3.1022295843285974e-11,Figure_3a/Tabulated_t1e-3/95_thymine/input.inp,Figure_3a/Tabulated_t1e-3/95_thymine/output.log,e8fcf2666f6b22f05f9eeacce415205f04bc2ea1c1618ba64723772d452d4f82
tabulated_1e-3,96_uracil,,1.96875,128,252,44.99999999999993,26.00000000000002,-5.229594535194337e-12,Figure_3a/Tabulated_t1e-3/96_uracil/input.inp,Figure_3a/Tabulated_t1e-3/96_uracil/output.log,889577d145bf67a73320d6cd9855ae9edc0f275dfc4eff58cf95f074a50f2a3a
tabulated_1e-3,97_urea,,1.8289473684210527,76,139,73.99999999999984,-4.999999999999893,4.263256414560601e-14,Figure_3a/Tabulated_t1e-3/97_urea/input.inp,Figure_3a/Tabulated_t1e-3/97_urea/output.log,e1735337ee101506d0c7ae36d01e5243911ad44bbedb771a2752aee4ae897387
tabulated_1e-3,98_Ag2,,2.16,50,108,144.0000000000001,131.0,-1.4210854715202004e-14,Figure_3a/Tabulated_t1e-3/98_Ag2/input.inp,Figure_3a/Tabulated_t1e-3/98_Ag2/output.log,0d3e8c843051bccc643fca1cbdfaf6c203dde2e4bc4de896f2a54a83cc838bcb
tabulated_1e-3,99_Cu2,,2.16,50,108,109.99999999999987,11.00000000000001,-2.842170943040401e-14,Figure_3a/Tabulated_t1e-3/99_Cu2/input.inp,Figure_3a/Tabulated_t1e-3/99_Cu2/output.log,2f98ee9d18af63e5ae50086de22aac807f999aeb76bf5d04d21cc8f5276a9309
tabulated_1e-4,01_He,,1.0,5,5,539.9999999999991,7.999999999999119,0.0,Figure_3a/Tabulated_t1e-4/01_He/input.inp,Figure_3a/Tabulated_t1e-4/01_He/output.log,152e6879aa5a2a6fdffce24b74a650e9b28ae0cbeb5930e0ddde1b04aa0e7886
tabulated_1e-4,02_Ne,,3.4615384615384617,13,45,19.999999999999574,55.000000000000604,0.0,Figure_3a/Tabulated_t1e-4/02_Ne/input.inp,Figure_3a/Tabulated_t1e-4/02_Ne/output.log,fc63f91b23a93bcdaaaf97ca283409d2c44dbf238ec37d3ce561845e5be8bfe3
tabulated_1e-4,03_Ar,,2.769230769230769,13,36,12.9999999999999,8.000000000000007,0.0,Figure_3a/Tabulated_t1e-4/03_Ar/input.inp,Figure_3a/Tabulated_t1e-4/03_Ar/output.log,47ae13ad765dabe185e5f5aa63499c0b4a79814bf671c470fb498dff16312323
tabulated_1e-4,04_Kr,,2.5384615384615383,13,33,28.00000000000047,28.000000000000025,0.0,Figure_3a/Tabulated_t1e-4/04_Kr/input.inp,Figure_3a/Tabulated_t1e-4/04_Kr/output.log,841b434c55c0b9311a277bc2adb3f39b0b301739b59f1319c69326aebbb86f9a
tabulated_1e-4,05_Xe,,2.8461538461538463,13,37,60.99999999999994,10.999999999999677,0.0,Figure_3a/Tabulated_t1e-4/05_Xe/input.inp,Figure_3a/Tabulated_t1e-4/05_Xe/output.log,6800e4094bd5e103ef9ca7879aa6456b2ad221fa75ecf74d5f586bd88033e090
tabulated_1e-4,06_H2,,1.0,12,12,8.999999999998565,8.000000000000007,-1.9984014443252818e-15,Figure_3a/Tabulated_t1e-4/06_H2/input.inp,Figure_3a/Tabulated_t1e-4/06_H2/output.log,6b40fb2784161dc181383a9c46c3bf0128c18b36974ac0598c7a3a49f71fd353
tabulated_1e-4,07_Li2,,0.8333333333333334,12,10,2759.0000000000005,1008.0,2.042810365310288e-13,Figure_3a/Tabulated_t1e-4/07_Li2/input.inp,Figure_3a/Tabulated_t1e-4/07_Li2/output.log,b559c2fd3a358319629063a3833b82ac48be2803af3d8c1bf78381d020ecd7d5
tabulated_1e-4,08_Na2,,2.642857142857143,28,74,1.9999999999997797,0.0,2.842170943040401e-14,Figure_3a/Tabulated_t1e-4/08_Na2/input.inp,Figure_3a/Tabulated_t1e-4/08_Na2/output.log,345951c43f73ce9e027f852daf237948d171cf220a3158936edd62b8a4b1bcb8
tabulated_1e-4,09_Na4,,2.642857142857143,56,148,21.999999999999353,-6.000000000000005,-2.0378365661599673e-11,Figure_3a/Tabulated_t1e-4/09_Na4/input.inp,Figure_3a/Tabulated_t1e-4/09_Na4/output.log,a2b9696c71e516ea68ec0c1e68f9ce6ec36e4ad7bf5b138e1b0364ab48045c4b
tabulated_1e-4,100_CuCN,,3.156862745098039,51,161,8.000000000000007,3.0000000000001137,1.4360068689711625e-11,Figure_3a/Tabulated_t1e-4/100_CuCN/input.inp,Figure_3a/Tabulated_t1e-4/100_CuCN/output.log,399455085777e0dac2606624b3da42bd9d7cc43fcf2e4834c6ae8da211aace59
tabulated_1e-4,10_Na6,,2.642857142857143,84,222,38.9999999999997,-24.00000000000002,-2.8421709430404007e-12,Figure_3a/Tabulated_t1e-4/10_Na6/input.inp,Figure_3a/Tabulated_t1e-4/10_Na6/output.log,499925ddb5fa3221c5420c66a2c1538b73d9a0aa1d4d659d019c56cd7894dc09
tabulated_1e-4,11_K2,,3.4285714285714284,28,96,14.000000000000234,34.00000000000003,1.2079226507921703e-13,Figure_3a/Tabulated_t1e-4/11_K2/input.inp,Figure_3a/Tabulated_t1e-4/11_K2/output.log,77922a5316046632d445aa81816f9446b035234e3d26dd8789172e6ad726d679
tabulated_1e-4,12_Rb2,,2.2142857142857144,28,62,268.0000000000002,-19.000000000000018,6.394884621840902e-14,Figure_3a/Tabulated_t1e-4/12_Rb2/input.inp,Figure_3a/Tabulated_t1e-4/12_Rb2/output.log,5985769505a657be5f4d876c08528cd78b671b9bb3bae3bbc84e78b9d1e52825
tabulated_1e-4,13_N2,,2.5384615384615383,26,66,21.999999999998465,13.000000000000345,-7.105427357601002e-15,Figure_3a/Tabulated_t1e-4/13_N2/input.inp,Figure_3a/Tabulated_t1e-4/13_N2/output.log,1617f5a5484664b5dac4ef7b51b8dfc1239f01d071afad7c8cbc2e7c37f1a265
tabulated_1e-4,14_P2,,2.1538461538461537,26,56,28.999999999999915,17.99999999999996,1.2434497875801753e-14,Figure_3a/Tabulated_t1e-4/14_P2/input.inp,Figure_3a/Tabulated_t1e-4/14_P2/output.log,b4c74b40fafa09fede790b2d03d606ecf1276a9e6f16dd67a4bd0874eccbed04
tabulated_1e-4,15_As2,,3.1538461538461537,26,82,3.9999999999995595,0.0,-1.4228618283596006e-12,Figure_3a/Tabulated_t1e-4/15_As2/input.inp,Figure_3a/Tabulated_t1e-4/15_As2/output.log,0b8433a7d60403d54bde0a16305ca261a0b9a836a9b67d3b6d99fc48acba4f95
tabulated_1e-4,16_F2,,2.6923076923076925,26,70,26.000000000001577,21.000000000000018,4.760636329592671e-13,Figure_3a/Tabulated_t1e-4/16_F2/input.inp,Figure_3a/Tabulated_t1e-4/16_F2/output.log,4349d595ccee0808fe329f1d2e64af24c0eafb432f640e3a453d2cf0c89d24a8
tabulated_1e-4,17_Cl2,,2.923076923076923,26,76,19.000000000000128,17.0,-1.0658141036401503e-14,Figure_3a/Tabulated_t1e-4/17_Cl2/input.inp,Figure_3a/Tabulated_t1e-4/17_Cl2/output.log,1418cf0395be942137e28d5e4bd73f75fe0e2bd4678dcb4d9eb63571a4c8d4d8
tabulated_1e-4,18_Br2,,2.076923076923077,26,54,27.000000000001023,20.000000000000018,3.232969447708456e-13,Figure_3a/Tabulated_t1e-4/18_Br2/input.inp,Figure_3a/Tabulated_t1e-4/18_Br2/output.log,7469d34969cc0e3313bc47668298e9b077fbc59241f86a2bb672b195bfbd2368
tabulated_1e-4,19_I2,,2.076923076923077,26,54,80.00000000000007,64.00000000000006,2.0961010704922955e-13,Figure_3a/Tabulated_t1e-4/19_I2/input.inp,Figure_3a/Tabulated_t1e-4/19_I2/output.log,c2363e9d20134e8a41029fd4ee73459688d0cd7960b3b5e09b321bbf763f61d4
tabulated_1e-4,20_CH4,,1.4594594594594594,37,54,22.00000000000024,14.000000000000012,-4.085620730620576e-14,Figure_3a/Tabulated_t1e-4/20_CH4/input.inp,Figure_3a/Tabulated_t1e-4/20_CH4/output.log,89e56a0a466e6f6e73d4ae45bea1c4a86f985bb6d67db7fe50498a83509654e0
tabulated_1e-4,21_C2H6,,1.5483870967741935,62,96,28.999999999999915,10.999999999999899,-8.206768598029157e-13,Figure_3a/Tabulated_t1e-4/21_C2H6/input.inp,Figure_3a/Tabulated_t1e-4/21_C2H6/output.log,a69704a341c00895a1f3882287e43d13c06c3d35183f8a9c4d17ab5354210a64
tabulated_1e-4,22_C3H8,,1.5862068965517242,87,138,12.000000000000455,4.0000000000000036,-5.684341886080801e-13,Figure_3a/Tabulated_t1e-4/22_C3H8/input.inp,Figure_3a/Tabulated_t1e-4/22_C3H8/output.log,9927ebe0ad67bcef5ec8a1e80a025d17ebed65db1b05f5da5f242931ffb065ed
tabulated_1e-4,23_C4H10,,1.6071428571428572,112,180,40.99999999999859,-3.0000000000001137,-1.2292389328649733e-12,Figure_3a/Tabulated_t1e-4/23_C4H10/input.inp,Figure_3a/Tabulated_t1e-4/23_C4H10/output.log,f99da765f8aa309db776087eff92fa15e137526073a55afe0929b5c74a4462b0
tabulated_1e-4,24_C2H4,,1.68,50,84,27.000000000001023,18.000000000000014,3.268496584496461e-13,Figure_3a/Tabulated_t1e-4/24_C2H4/input.inp,Figure_3a/Tabulated_t1e-4/24_C2H4/output.log,8fa654f81b63cd05d382e68f0e5716acf1b9b30041bcc6fa1ab336692dd149f6
tabulated_1e-4,25_C2H2,,1.894736842105263,38,72,32.00000000000003,18.000000000000014,6.572520305780927e-14,Figure_3a/Tabulated_t1e-4/25_C2H2/input.inp,Figure_3a/Tabulated_t1e-4/25_C2H2/output.log,033ae9239ea7396cf747194356a14f1b1bcb8881adad52d60e7663901ea9df04
tabulated_1e-4,26_C4,,2.3076923076923075,52,120,21.000000000000796,13.99999999999979,-8.875477064407278e-08,Figure_3a/Tabulated_t1e-4/26_C4/input.inp,Figure_3a/Tabulated_t1e-4/26_C4/output.log,096dfe74b9e63bcce57addb3d9ebd667defde0dc1d9075eb57fe53ea0e9af1a5
tabulated_1e-4,27_C3H6,,1.68,75,126,32.999999999999474,8.999999999999897,6.039613253960852e-14,Figure_3a/Tabulated_t1e-4/27_C3H6/input.inp,Figure_3a/Tabulated_t1e-4/27_C3H6/output.log,abab0355a06eb72407ee45cf74a71c2a288ae689afa7403b422e5f95161b7054
tabulated_1e-4,28_C6H6,,1.894736842105263,114,216,28.999999999999915,-32.00000000000003,2.5288215965701966e-11,Figure_3a/Tabulated_t1e-4/28_C6H6/input.inp,Figure_3a/Tabulated_t1e-4/28_C6H6/output.log,358da5d689132d0355d97eaf7748f86e15b6a7fabdb5dd753f13fa435ead341a
tabulated_1e-4,29_C8H8,,1.894736842105263,152,288,35.99999999999959,4.0000000000000036,3.0340174816956278e-12,Figure_3a/Tabulated_t1e-4/29_C8H8/input.inp,Figure_3a/Tabulated_t1e-4/29_C8H8/output.log,eabfbc55d304d909afe260e517ce056021bfde98334f6b4fe7dec61222fbe203
tabulated_1e-4,30_C5H6,,1.8415841584158417,101,186,27.99999999999958,-1.9999999999997797,1.220357148667972e-11,Figure_3a/Tabulated_t1e-4/30_C5H6/input.inp,Figure_3a/Tabulated_t1e-4/30_C5H6/output.log,430f23d45e4c2d0c54e197e4afe508c7d8babdb0f6cd4c0970e22d2e1d9c14f6
tabulated_1e-4,31_C2H3F,,1.9824561403508771,57,113,28.999999999999915,18.999999999999908,9.237055564881302e-14,Figure_3a/Tabulated_t1e-4/31_C2H3F/input.inp,Figure_3a/Tabulated_t1e-4/31_C2H3F/output.log,9d72c01e2b1ed80ae1f8fa3aed0ab82db0c26efe2097a6de02a6ce32ff848d65
tabulated_1e-4,32_C2H3Cl,,2.0350877192982457,57,116,25.000000000000355,21.00000000000035,-2.4158453015843406e-13,Figure_3a/Tabulated_t1e-4/32_C2H3Cl/input.inp,Figure_3a/Tabulated_t1e-4/32_C2H3Cl/output.log,333922404887c62dd43612f2139d1ed1286a111c45e0142dc25c35e9cb3159ef
tabulated_1e-4,33_C2H3Br,,1.8421052631578947,57,105,26.999999999999247,16.000000000000014,-1.751487843648647e-12,Figure_3a/Tabulated_t1e-4/33_C2H3Br/input.inp,Figure_3a/Tabulated_t1e-4/33_C2H3Br/output.log,085eea5c77d92b542a98eff21a79b5f1ec991595f1da07b875b112ae52ca3423
tabulated_1e-4,34_C2H3I,,1.8421052631578947,57,105,54.00000000000027,32.999999999999915,4.973799150320701e-13,Figure_3a/Tabulated_t1e-4/34_C2H3I/input.inp,Figure_3a/Tabulated_t1e-4/34_C2H3I/output.log,84249ea65e0075e4bada355309f05b7cf670e0a682e72e65f4ef906b80200418
tabulated_1e-4,35_CF4,,2.6153846153846154,65,170,24.00000000000091,12.00000000000001,-8.526512829121202e-13,Figure_3a/Tabulated_t1e-4/35_CF4/input.inp,Figure_3a/Tabulated_t1e-4/35_CF4/output.log,7b79f1da6d72eda88af01e87d6db07f7034135cee7b35215a67213a3ec442aa4
tabulated_1e-4,36_CCl4,,2.8,65,182,17.999999999998906,13.000000000000123,4.405364961712621e-13,Figure_3a/Tabulated_t1e-4/36_CCl4/input.inp,Figure_3a/Tabulated_t1e-4/36_CCl4/output.log,ab0b3f08e87936cb7e682daa5feea549da9605d1f7b8f0a37d57e33e9068cef8
tabulated_1e-4,37_CBr4,,2.123076923076923,65,138,22.00000000000024,22.00000000000002,2.2026824808563106e-13,Figure_3a/Tabulated_t1e-4/37_CBr4/input.inp,Figure_3a/Tabulated_t1e-4/37_CBr4/output.log,43a20fe2548006690d54333afb348567486dc32f624130f3815c606c265b5151
tabulated_1e-4,38_CI4,,2.123076923076923,65,138,84.00000000000051,49.99999999999999,-3.481659405224491e-13,Figure_3a/Tabulated_t1e-4/38_CI4/input.inp,Figure_3a/Tabulated_t1e-4/38_CI4/output.log,9b5f91e9173e5fa5e74158be5e6dc46a15599bbf196fd97be5b1f711dd66b0c9
tabulated_1e-4,39_SiH4,,1.3783783783783783,37,51,16.000000000000014,18.000000000000014,-6.039613253960852e-14,Figure_3a/Tabulated_t1e-4/39_SiH4/input.inp,Figure_3a/Tabulated_t1e-4/39_SiH4/output.log,a15cbd9f83f775e417d42b4ffc34cc1913c97bee1936105630387f25bf13a84c
tabulated_1e-4,40_GeH4,,1.4054054054054055,37,52,15.000000000000568,30.00000000000003,5.329070518200751e-15,Figure_3a/Tabulated_t1e-4/40_GeH4/input.inp,Figure_3a/Tabulated_t1e-4/40_GeH4/output.log,9825fef05e88b5b1df36947e5ecd49cf57a6675c926b3d66c8ac04a10dccf23e
tabulated_1e-4,41_Si2H6,,1.4516129032258065,62,90,22.00000000000024,6.999999999999895,6.057376822354854e-13,Figure_3a/Tabulated_t1e-4/41_Si2H6/input.inp,Figure_3a/Tabulated_t1e-4/41_Si2H6/output.log,29b196dd747b48b27a43fe932644dc95bdef019b622c6afbaa689536d87a993b
tabulated_1e-4,42_Si5H12,,1.510948905109489,137,207,32.999999999999474,1.0000000000000009,2.4868995751603507e-14,Figure_3a/Tabulated_t1e-4/42_Si5H12/input.inp,Figure_3a/Tabulated_t1e-4/42_Si5H12/output.log,df226b166489606486eb8afb860cdb383940476b0a4c660bc6c2b4071acd83b4
tabulated_1e-4,43_LiH,,0.9166666666666666,12,11,330.00000000000006,289.00000000000006,0.0,Figure_3a/Tabulated_t1e-4/43_LiH/input.inp,Figure_3a/Tabulated_t1e-4/43_LiH/output.log,b0ab0f263e2000fdc0720ac0514f204ce0fd10a6766c78e3204ec1c7a567802c
tabulated_1e-4,44_KH,,2.7,20,54,12.000000000000455,5.999999999999998,1.0658141036401503e-14,Figure_3a/Tabulated_t1e-4/44_KH/input.inp,Figure_3a/Tabulated_t1e-4/44_KH/output.log,738386c747508c9a9a9574ee84710e4345ee27b5fc61875a4317fcc1c768d0c7
tabulated_1e-4,45_BH3,,1.032258064516129,31,32,84.99999999999908,-3.0000000000000027,1.1723955140041653e-13,Figure_3a/Tabulated_t1e-4/45_BH3/input.inp,Figure_3a/Tabulated_t1e-4/45_BH3/output.log,e0bdbcabfdd7a80a0e9bff196c1abed92e77dfbd26f294eb0db72192be3eea13
tabulated_1e-4,46_B2H6,,1.032258064516129,62,64,84.99999999999908,58.00000000000005,-2.099653784171096e-12,Figure_3a/Tabulated_t1e-4/46_B2H6/input.inp,Figure_3a/Tabulated_t1e-4/46_B2H6/output.log,db664695e1e4209d40a90662b46d0e7be5fb61688468222b1374e3efa377b445
tabulated_1e-4,47_NH3,,1.6451612903225807,31,51,26.999999999999247,12.00000000000001,2.7355895326763857e-13,Figure_3a/Tabulated_t1e-4/47_NH3/input.inp,Figure_3a/Tabulated_t1e-4/47_NH3/output.log,42e902d6dbfe537faeabbb740433441e7c779480e7064a42293480f5d5ba2c97
tabulated_1e-4,48_HN3,,2.3333333333333335,45,105,19.999999999999574,10.000000000000009,-4.511946372076636e-13,Figure_3a/Tabulated_t1e-4/48_HN3/input.inp,Figure_3a/Tabulated_t1e-4/48_HN3/output.log,ebd3f3ee93d28054c7be1e7f3127b2c992497a93fdcdaf83806f1d1316cca906
tabulated_1e-4,49_PH3,,1.4838709677419355,31,46,23.999999999999133,42.99999999999993,2.1316282072803006e-13,Figure_3a/Tabulated_t1e-4/49_PH3/input.inp,Figure_3a/Tabulated_t1e-4/49_PH3/output.log,c38562817ca5e391fca20869a7f1d4774443f4f50c64aabfd0a3415bd0f0d9d9
tabulated_1e-4,50_AsH3,,1.903225806451613,31,59,6.999999999999673,26.00000000000002,0.0,Figure_3a/Tabulated_t1e-4/50_AsH3/input.inp,Figure_3a/Tabulated_t1e-4/50_AsH3/output.log,e044c79f0e3ef437b7f12472b185329ed639cdc5e05b72b762e3bf00583245ed
tabulated_1e-4,51_SH2,,1.6,25,40,11.999999999998678,31.00000000000014,4.796163466380676e-14,Figure_3a/Tabulated_t1e-4/51_SH2/input.inp,Figure_3a/Tabulated_t1e-4/51_SH2/output.log,7b0246c86b7a40ab593fa75e080e73294ae3f2157d79897080efb29aadcb366c
tabulated_1e-4,52_HF,,2.1578947368421053,19,41,21.000000000000796,19.999999999999794,9.947598300641403e-14,Figure_3a/Tabulated_t1e-4/52_HF/input.inp,Figure_3a/Tabulated_t1e-4/52_HF/output.log,3ab109c232d160bd4dc36bdc15fdb2cc6409f2bb3136d2e7832886a87583b48f
tabulated_1e-4,53_HCl,,2.3157894736842106,19,44,11.000000000001009,8.000000000000007,-1.5987211554602254e-14,Figure_3a/Tabulated_t1e-4/53_HCl/input.inp,Figure_3a/Tabulated_t1e-4/53_HCl/output.log,5d850c3cfd9e48cb088984b79b7e2fc9a6516edec958e0f5205bd51ecb487622
tabulated_1e-4,54_LiF,,2.1052631578947367,19,40,48.00000000000004,156.99999999999991,2.7711166694643907e-12,Figure_3a/Tabulated_t1e-4/54_LiF/input.inp,Figure_3a/Tabulated_t1e-4/54_LiF/output.log,89c4e8a793bbc64f8b66e4eaf406808362bd3460877aca270f21e8211c98f1c3
tabulated_1e-4,55_MgF2,,2.725,40,109,19.999999999999574,12.00000000000001,5.684341886080802e-14,Figure_3a/Tabulated_t1e-4/55_MgF2/input.inp,Figure_3a/Tabulated_t1e-4/55_MgF2/output.log,17d60ed926f297fb7830e007e2a1d9c44e21419c17a5b5ffa8a11d76f8a6bd26
tabulated_1e-4,56_TiF4,,2.576923076923077,78,201,6.000000000000227,39.99999999999999,-6.963318810448982e-12,Figure_3a/Tabulated_t1e-4/56_TiF4/input.inp,Figure_3a/Tabulated_t1e-4/56_TiF4/output.log,1d5dfa76a166e303ad1dfb45cdd70ad5fbe322cc43f19fbe2041c41e174051b4
tabulated_1e-4,57_AlF3,,2.5961538461538463,52,135,19.999999999999574,13.000000000000123,7.389644451905042e-13,Figure_3a/Tabulated_t1e-4/57_AlF3/input.inp,Figure_3a/Tabulated_t1e-4/57_AlF3/output.log,cdce754ebf8d46dcfe4e8b794cab7f9f389e869b8df2e1930e91aa0fa0a9e366
tabulated_1e-4,58_BF,,1.8846153846153846,26,49,26.999999999999247,40.000000000000036,3.552713678800501e-14,Figure_3a/Tabulated_t1e-4/58_BF/input.inp,Figure_3a/Tabulated_t1e-4/58_BF/output.log,3442641d2f77cd69b5f647ad9cacbc871d7bc8dbfb54eba647dbb93cc105522c
tabulated_1e-4,59_SF4,,2.5846153846153848,65,168,22.999999999999687,22.999999999999908,3.794298208958935e-12,Figure_3a/Tabulated_t1e-4/59_SF4/input.inp,Figure_3a/Tabulated_t1e-4/59_SF4/output.log,6c2305dc90e7d16384cd70cf2a692f988b2b6153ea646dc4143dfb287c6a8cb1
tabulated_1e-4,60_BrK,,2.7777777777777777,27,75,15.000000000000568,5.000000000000004,-6.252776074688882e-13,Figure_3a/Tabulated_t1e-4/60_BrK/input.inp,Figure_3a/Tabulated_t1e-4/60_BrK/output.log,86f934abfc838c88262b91f6ef70f82592c69bdea07d165ef5b6ff6edc0e066f
tabulated_1e-4,61_GaCl,,3.1578947368421053,38,120,10.999999999999233,34.00000000000003,6.536993168992922e-13,Figure_3a/Tabulated_t1e-4/61_GaCl/input.inp,Figure_3a/Tabulated_t1e-4/61_GaCl/output.log,570bbc381b8e32b78b05803e397303ed9303a505172382844e9b5db2094765da
tabulated_1e-4,62_NaCl,,2.7777777777777777,27,75,21.999999999999353,1.0000000000000009,3.161915174132446e-12,Figure_3a/Tabulated_t1e-4/62_NaCl/input.inp,Figure_3a/Tabulated_t1e-4/62_NaCl/output.log,b5335517007ca479a80a65958d26c08a1c2820728795e5fff9bbfa01dca8afeb
tabulated_1e-4,63_MgCl2,,2.875,40,115,12.9999999999999,9.999999999999995,-5.684341886080802e-14,Figure_3a/Tabulated_t1e-4/63_MgCl2/input.inp,Figure_3a/Tabulated_t1e-4/63_MgCl2/output.log,da1105f7310d3eb524ded9eaa2fa98550e7e2ced6c6d5fe4de378853b9433b2c
tabulated_1e-4,64_AlI3,,2.1346153846153846,52,111,84.99999999999908,40.00000000000001,1.0658141036401503e-13,Figure_3a/Tabulated_t1e-4/64_AlI3/input.inp,Figure_3a/Tabulated_t1e-4/64_AlI3/output.log,460ddec5fbfa672c69dac1b4703fb290c739932fd74715778de4cabfdf977716
tabulated_1e-4,65_BN,,1.8076923076923077,26,47,57.000000000000384,28.000000000000025,1.4903633882568101e-12,Figure_3a/Tabulated_t1e-4/65_BN/input.inp,Figure_3a/Tabulated_t1e-4/65_BN/output.log,30746534a13766e5d506a3c22fad7e0028459c0640ec8956b77d0a0376cbf9c2
tabulated_1e-4,66_NCH,,2.15625,32,69,14.000000000001123,6.000000000000005,3.552713678800501e-14,Figure_3a/Tabulated_t1e-4/66_NCH/input.inp,Figure_3a/Tabulated_t1e-4/66_NCH/output.log,b2838fe4b4abb0d535dd8b74a11d57a3d36c1d4c0261d5be05e2d2fbc444db40
tabulated_1e-4,67_PN,,2.3461538461538463,26,61,16.99999999999946,14.000000000000012,-7.105427357601002e-14,Figure_3a/Tabulated_t1e-4/67_PN/input.inp,Figure_3a/Tabulated_t1e-4/67_PN/output.log,738f282cbc04784e8cdeb3e147c4a54308774e40dc7ce165dd766b990daf6ebe
tabulated_1e-4,68_N2H4,,1.8,50,90,28.00000000000047,13.000000000000123,5.95790083934844e-12,Figure_3a/Tabulated_t1e-4/68_N2H4/input.inp,Figure_3a/Tabulated_t1e-4/68_N2H4/output.log,dd69ab58f792e852b62a85392df2e5b4b590020582a51f83cc11c20113aeceac
tabulated_1e-4,69_H2CO,,1.7105263157894737,38,65,80.00000000000007,38.000000000000036,3.552713678800501e-13,Figure_3a/Tabulated_t1e-4/69_H2CO/input.inp,Figure_3a/Tabulated_t1e-4/69_H2CO/output.log,2f942a9ccf9ff462d9dc6c2e7e426d6e5bf925bd8e2e0f3bfebe82d8eb728dfb
tabulated_1e-4,70_CH3OH,,1.54,50,77,90.00000000000163,22.00000000000002,-1.829647544582258e-12,Figure_3a/Tabulated_t1e-4/70_CH3OH/input.inp,Figure_3a/Tabulated_t1e-4/70_CH3OH/output.log,298f19bfe643fb86c18b5734ce4a95aac7053c547120c8e70e9746d688ffd226
tabulated_1e-4,71_C2H5OH,,1.5866666666666667,75,119,83.00000000000018,14.999999999999902,3.552713678800501e-13,Figure_3a/Tabulated_t1e-4/71_C2H5OH/input.inp,Figure_3a/Tabulated_t1e-4/71_C2H5OH/output.log,bed5698a21f7d8c030cf810fe636dc2608369ceb8b99fc63e3bb06e276ad8092
tabulated_1e-4,72_C2H4O,,1.6984126984126984,63,107,71.0000000000015,12.9999999999999,-2.1387336346379016e-12,Figure_3a/Tabulated_t1e-4/72_C2H4O/input.inp,Figure_3a/Tabulated_t1e-4/72_C2H4O/output.log,689b8968c004767b448cdbda79fe6fb780c7b1db4b72bc7b5e64a89432e5806f
tabulated_1e-4,73_C4H10O4,,1.624,125,203,64.9999999999995,0.0,-1.822542117224657e-11,Figure_3a/Tabulated_t1e-4/73_C4H10O4/input.inp,Figure_3a/Tabulated_t1e-4/73_C4H10O4/output.log,16b8ba4952512a231b927d8c7107aeb2423ee5d8181d3850fa288095f052117d
tabulated_1e-4,74_HCOOH,,1.7254901960784315,51,88,87.99999999999919,30.999999999999915,1.4139800441625994e-12,Figure_3a/Tabulated_t1e-4/74_HCOOH/input.inp,Figure_3a/Tabulated_t1e-4/74_HCOOH/output.log,662c664db1b503861d760b5cd5cd62db0a3e39d57d830fd588b7000614ad73c0
tabulated_1e-4,75_H2O2,,1.5263157894736843,38,58,125.99999999999945,36.99999999999992,2.7711166694643907e-13,Figure_3a/Tabulated_t1e-4/75_H2O2/input.inp,Figure_3a/Tabulated_t1e-4/75_H2O2/output.log,fb2315733c7f60f87a386ad4df0889c595e2092ad9f926d20a2b52a47887fed5
tabulated_1e-4,76_H2O,,1.4,25,35,114.00000000000077,34.00000000000003,1.9895196601282805e-13,Figure_3a/Tabulated_t1e-4/76_H2O/input.inp,Figure_3a/Tabulated_t1e-4/76_H2O/output.log,37500a23ca6f88cbcb0608409cdbb9e92f90c0b1f20b9a1a04b935eeb809b41e
tabulated_1e-4,77_CO2,,1.9487179487179487,39,76,99.0000000000002,32.00000000000003,-3.765876499528531e-13,Figure_3a/Tabulated_t1e-4/77_CO2/input.inp,Figure_3a/Tabulated_t1e-4/77_CO2/output.log,c6aa66cecd10e3b56a25cfd8172e07a712024cb47c42ed3302f6165fa38c3caf
tabulated_1e-4,78_CS2,,2.2051282051282053,39,86,15.000000000000568,20.000000000000018,1.8829382497642655e-13,Figure_3a/Tabulated_t1e-4/78_CS2/input.inp,Figure_3a/Tabulated_t1e-4/78_CS2/output.log,8706c29d8276cae43e13224bd5aa7800456178f1ca62d9b77a940fd3d6b0890b
tabulated_1e-4,79_OCS,,2.076923076923077,39,81,34.000000000000696,37.00000000000014,-2.6645352591003757e-13,Figure_3a/Tabulated_t1e-4/79_OCS/input.inp,Figure_3a/Tabulated_t1e-4/79_OCS/output.log,1608f65f0e375d7edf7902371dfd989d6368eae43bbcf0e004dfa2870aca0fa3
tabulated_1e-4,80_OCSe,,2.076923076923077,39,81,28.999999999999915,36.00000000000003,4.156675004196586e-13,Figure_3a/Tabulated_t1e-4/80_OCSe/input.inp,Figure_3a/Tabulated_t1e-4/80_OCSe/output.log,5a6d2433686d51b74a63b53e7582b247915f33b5e9f4b779257a6a9a487d3be6
tabulated_1e-4,81_CO,,2.0384615384615383,26,53,35.00000000000014,35.00000000000014,5.6054716424114304e-11,Figure_3a/Tabulated_t1e-4/81_CO/input.inp,Figure_3a/Tabulated_t1e-4/81_CO/output.log,352bfdca6d025a0e9213f4f0b979f091aa5af782cbebf94b963afc1b9457f63b
tabulated_1e-4,82_O3,,1.7692307692307692,39,69,115.99999999999966,110.99999999999999,-1.8403056856186595e-12,Figure_3a/Tabulated_t1e-4/82_O3/input.inp,Figure_3a/Tabulated_t1e-4/82_O3/output.log,36632fa4ed6db7f8c2076d4d564a01cba527d7bdc7cfd442a8892905af50b776
tabulated_1e-4,83_SO2,,1.8974358974358974,39,74,86.99999999999974,53.999999999999936,-3.694822225952521e-13,Figure_3a/Tabulated_t1e-4/83_SO2/input.inp,Figure_3a/Tabulated_t1e-4/83_SO2/output.log,c5205c1743aaf9eeeeb3037cd79fdae9e344556fca1bad87c7d4e2c59b9db233
tabulated_1e-4,84_BeO,,1.894736842105263,19,36,65.00000000000128,-24.99999999999991,1.3855583347321954e-13,Figure_3a/Tabulated_t1e-4/84_BeO/input.inp,Figure_3a/Tabulated_t1e-4/84_BeO/output.log,f5dfbb3851a4730f479e1c92541e6bc878cbcb0bd2c116f11382193f865698d5
tabulated_1e-4,85_MgO,,2.2962962962962963,27,62,46.00000000000026,20.000000000000018,2.6432189770275727e-12,Figure_3a/Tabulated_t1e-4/85_MgO/input.inp,Figure_3a/Tabulated_t1e-4/85_MgO/output.log,85c9b4424436f39544566b1a593ad9e5398a4faa8185310e24893c0576e70267
tabulated_1e-4,86_C7H8,,1.856115107913669,139,258,-51.9999999999996,-32.999999999999915,-2.5153212845907547e-12,Figure_3a/Tabulated_t1e-4/86_C7H8/input.inp,Figure_3a/Tabulated_t1e-4/86_C7H8/output.log,b15e305f5bc2b94df481d21fafbcbe013ba9b70f70860eb2a778349b87e39b1b
tabulated_1e-4,87_C8H10,,1.829268292682927,164,300,24.00000000000002,-34.00000000000003,1.2740031252178596e-11,Figure_3a/Tabulated_t1e-4/87_C8H10/input.inp,Figure_3a/Tabulated_t1e-4/87_C8H10/output.log,698f3ac07bd88baecb675886f6a526c8d86d8a65fc074958d99f138bc20deff0
tabulated_1e-4,88_C6F6,,2.5,156,390,-96.00000000000009,20.000000000000018,-7.389644451905042e-13,Figure_3a/Tabulated_t1e-4/88_C6F6/input.inp,Figure_3a/Tabulated_t1e-4/88_C6F6/output.log,e414b9a8fea2c1a2b2b0f00591789c446779a6771f7f09b4318d3c9769fc5e00
tabulated_1e-4,89_C6H5OH,,1.8818897637795275,127,239,36.99999999999992,-30.999999999999915,-1.2775558388966601e-11,Figure_3a/Tabulated_t1e-4/89_C6H5OH/input.inp,Figure_3a/Tabulated_t1e-4/89_C6H5OH/output.log,4e0b4a5706b8e9a151646373a3a53936f69b914b4f87af6273f78cc92b488383
tabulated_1e-4,90_C6H5NH2,,1.9172932330827068,133,255,40.99999999999948,-43.00000000000015,1.2505552149377763e-11,Figure_3a/Tabulated_t1e-4/90_C6H5NH2/input.inp,Figure_3a/Tabulated_t1e-4/90_C6H5NH2/output.log,f8fd8a1d97c3d2953d3e8897906e3c8fe66cf068ed738d772f3fdf1e6651f19f
tabulated_1e-4,91_C5H5N,,1.9722222222222223,108,213,23.999999999999133,16.999999999999904,8.739675649849232e-12,Figure_3a/Tabulated_t1e-4/91_C5H5N/input.inp,Figure_3a/Tabulated_t1e-4/91_C5H5N/output.log,0aaf8aef9d12e83355fd62ee4d919c9880775fc439fdee215e9cda52a0604254
tabulated_1e-4,92_guanine,,2.1271676300578033,173,368,36.99999999999992,-36.00000000000003,-1.1738165994756855e-11,Figure_3a/Tabulated_t1e-4/92_guanine/input.inp,Figure_3a/Tabulated_t1e-4/92_guanine/output.log,72412223d569607f49693c36d595d487ae566de97cb1016c054f08d44d4cfd02
tabulated_1e-4,93_adenine,,2.15625,160,345,27.99999999999958,15.000000000000124,-8.100187187665142e-13,Figure_3a/Tabulated_t1e-4/93_adenine/input.inp,Figure_3a/Tabulated_t1e-4/93_adenine/output.log,a212c6764f4cccef9abcdb8d81fa48b67feac6a1455685b4f45e8860f560f5ae
tabulated_1e-4,94_cytosine,,2.029850746268657,134,272,49.00000000000038,7.000000000000006,1.7337242752546445e-12,Figure_3a/Tabulated_t1e-4/94_cytosine/input.inp,Figure_3a/Tabulated_t1e-4/94_cytosine/output.log,6a5e4cf5b8ee0ac4b40a95d6475aae9d7e45c9505d363e2a085bf9c12e08fee8
tabulated_1e-4,95_thymine,,1.9477124183006536,153,298,41.999999999999815,24.00000000000002,-3.056754849239951e-11,Figure_3a/Tabulated_t1e-4/95_thymine/input.inp,Figure_3a/Tabulated_t1e-4/95_thymine/output.log,dd44797bff0cc56a0f51c641d455e3f22952387623412d4ba3d8521738b15217
tabulated_1e-4,96_uracil,,2.0,128,256,46.00000000000115,26.00000000000002,-5.087485988042317e-12,Figure_3a/Tabulated_t1e-4/96_uracil/input.inp,Figure_3a/Tabulated_t1e-4/96_uracil/output.log,83da8ecf6f07fe0dfc152a8b42e6d5efe754562197d0ff707fe38708d3a37df3
tabulated_1e-4,97_urea,,1.881578947368421,76,143,70.99999999999973,1.000000000000112,-1.4210854715202004e-14,Figure_3a/Tabulated_t1e-4/97_urea/input.inp,Figure_3a/Tabulated_t1e-4/97_urea/output.log,9fb81671daca304dfda08f6559141b49411672b0b2a6c78255348fa9ee677172
tabulated_1e-4,98_Ag2,,2.92,50,146,1.000000000000334,3.0000000000000027,-9.947598300641403e-14,Figure_3a/Tabulated_t1e-4/98_Ag2/input.inp,Figure_3a/Tabulated_t1e-4/98_Ag2/output.log,5b21eab01b482403336c1c278583feec260b0be6cbee5a7d538cddca77ce60e5
tabulated_1e-4,99_Cu2,,3.92,50,196,4.0000000000000036,-1.0000000000000009,-2.842170943040401e-14,Figure_3a/Tabulated_t1e-4/99_Cu2/input.inp,Figure_3a/Tabulated_t1e-4/99_Cu2/output.log,b42b4ab17563fd0f3078f9bcc3d8cf2c601f7d29d15c6e2ea06d70b2ac69062c
tabulated_1e-5,01_He,,1.2,5,6,275.9999999999998,8.999999999999453,0.0,Figure_3a/Tabulated_t1e-5/01_He/input.inp,Figure_3a/Tabulated_t1e-5/01_He/output.log,42a2716648d0e024eaefe76b3fc0bfacdb5dc3b8ce6c860f6f5992c04f8535b7
tabulated_1e-5,02_Ne,,3.923076923076923,13,51,10.999999999999233,9.000000000000341,0.0,Figure_3a/Tabulated_t1e-5/02_Ne/input.inp,Figure_3a/Tabulated_t1e-5/02_Ne/output.log,0405de82ec1b5d063943c5173b999420bd87a5a10732221c2260f30a799ca350
tabulated_1e-5,03_Ar,,2.769230769230769,13,36,12.9999999999999,8.000000000000007,0.0,Figure_3a/Tabulated_t1e-5/03_Ar/input.inp,Figure_3a/Tabulated_t1e-5/03_Ar/output.log,fae0144ff543ad3fe3f22facde6ee5435e428d3bd5014cb38ad93449d635d404
tabulated_1e-5,04_Kr,,3.230769230769231,13,42,16.000000000000014,4.0000000000000036,0.0,Figure_3a/Tabulated_t1e-5/04_Kr/input.inp,Figure_3a/Tabulated_t1e-5/04_Kr/output.log,6e9174514b474d080198cc4c766e33b60c4bf919ce356efe3c87b9583195df89
tabulated_1e-5,05_Xe,,3.5384615384615383,13,46,6.999999999999673,4.0000000000000036,0.0,Figure_3a/Tabulated_t1e-5/05_Xe/input.inp,Figure_3a/Tabulated_t1e-5/05_Xe/output.log,b47474da3bda611e990cef7691482d98cc737bb95342f724d99d28e2c0f8e7f9
tabulated_1e-5,06_H2,,1.5,12,18,0.9999999999994458,4.0000000000000036,8.881784197001252e-16,Figure_3a/Tabulated_t1e-5/06_H2/input.inp,Figure_3a/Tabulated_t1e-5/06_H2/output.log,1f4dc645c23a9c36d16fff51eb3b728a695e81651c541186aeacdf36b114c424
tabulated_1e-5,07_Li2,,1.6666666666666667,12,20,8.000000000000007,-10.000000000000009,2.1671553440683056e-13,Figure_3a/Tabulated_t1e-5/07_Li2/input.inp,Figure_3a/Tabulated_t1e-5/07_Li2/output.log,c336a838d35f0c8e698874224b7b1b7cdb38165eef7854ba01d1d750c3be7308
tabulated_1e-5,11_K2,,3.642857142857143,28,102,1.000000000000334,10.000000000000009,1.1368683772161603e-13,Figure_3a/Tabulated_t1e-5/11_K2/input.inp,Figure_3a/Tabulated_t1e-5/11_K2/output.log,67441cfaad2c64c7375ebf84ba0d0c4125e625a8993a11a44a967042721ce5f6
tabulated_1e-5,12_Rb2,,3.7857142857142856,28,106,-21.999999999999797,44.0,5.684341886080802e-14,Figure_3a/Tabulated_t1e-5/12_Rb2/input.inp,Figure_3a/Tabulated_t1e-5/12_Rb2/output.log,50b00ec6cd313c337b54d050cb0a1d5862c8d7c70f904640271b23d2a5b69886
tabulated_1e-5,13_N2,,3.4615384615384617,26,90,5.999999999998451,1.000000000000334,0.0,Figure_3a/Tabulated_t1e-5/13_N2/input.inp,Figure_3a/Tabulated_t1e-5/13_N2/output.log,a9f1f02366386f5575270b14319563193ee044e95d4620820dc3bcca5e3ce05d
tabulated_1e-5,14_P2,,2.3846153846153846,26,62,19.000000000000128,11.999999999999956,-7.105427357601002e-15,Figure_3a/Tabulated_t1e-5/14_P2/input.inp,Figure_3a/Tabulated_t1e-5/14_P2/output.log,2533dddcca705036e4ce7b7c50b3f1f8c0117ae2b1b34da32d5706eb05a0a1a7
tabulated_1e-5,15_As2,,3.1538461538461537,26,82,3.9999999999995595,0.0,7.87636622590071e-12,Figure_3a/Tabulated_t1e-5/15_As2/input.inp,Figure_3a/Tabulated_t1e-5/15_As2/output.log,8cb25febf4c9378968b9a21dbc938aae72668b65989880fbb239871844781a01
tabulated_1e-5,16_F2,,3.769230769230769,26,98,27.000000000001023,20.000000000000018,5.400124791776761e-13,Figure_3a/Tabulated_t1e-5/16_F2/input.inp,Figure_3a/Tabulated_t1e-5/16_F2/output.log,596aba31b2317c8a467441b31d059d40027811a8252355b5418f3ddd788ad6ae
tabulated_1e-5,17_Cl2,,2.923076923076923,26,76,19.000000000000128,17.0,1.4210854715202004e-14,Figure_3a/Tabulated_t1e-5/17_Cl2/input.inp,Figure_3a/Tabulated_t1e-5/17_Cl2/output.log,c3d502ab0cbc2090bfef017b78deeb7d2d65792da68311db7aaaee11145bf8b1
tabulated_1e-5,18_Br2,,2.3076923076923075,26,60,18.000000000000682,10.000000000000009,3.197442310920451e-13,Figure_3a/Tabulated_t1e-5/18_Br2/input.inp,Figure_3a/Tabulated_t1e-5/18_Br2/output.log,373e88c737e661e21e1b298c52b06ad600a0b7a184e6a4ea1ff41d53d077bf37
tabulated_1e-5,19_I2,,2.3076923076923075,26,60,71.0000000000015,39.000000000000036,3.375077994860476e-13,Figure_3a/Tabulated_t1e-5/19_I2/input.inp,Figure_3a/Tabulated_t1e-5/19_I2/output.log,b58c6eab103219164acf5fd86866f7ca9ae883e18a1764ad4141a5c568d19413
tabulated_1e-5,20_CH4,,2.2162162162162162,37,82,2.000000000000668,2.0000000000000018,-3.019806626980426e-14,Figure_3a/Tabulated_t1e-5/20_CH4/input.inp,Figure_3a/Tabulated_t1e-5/20_CH4/output.log,a6e931a54e6347c55bd4e20880c017dd642dde26c3b6246a85f5795401501a42
tabulated_1e-5,21_C2H6,,2.3548387096774195,62,146,9.000000000000341,0.9999999999998899,-8.490985692333197e-13,Figure_3a/Tabulated_t1e-5/21_C2H6/input.inp,Figure_3a/Tabulated_t1e-5/21_C2H6/output.log,585ac8a9cb752ba91e196d2d15ef8dadfec71b00c4125a5829e4a4981e549cf3
tabulated_1e-5,22_C3H8,,2.413793103448276,87,210,-6.000000000000227,-5.0000000000001155,-6.252776074688882e-13,Figure_3a/Tabulated_t1e-5/22_C3H8/input.inp,Figure_3a/Tabulated_t1e-5/22_C3H8/output.log,9d880726340caa3e5efec5b0ae909366e804da41db87552b0fd5a060157750ba
tabulated_1e-5,23_C4H10,,2.4464285714285716,112,274,-60.99999999999994,0.9999999999998899,-1.1652900866465643e-12,Figure_3a/Tabulated_t1e-5/23_C4H10/input.inp,Figure_3a/Tabulated_t1e-5/23_C4H10/output.log,f5e6e8a690994bfe73453f6d000f32e5c1988e673f3e658e69fead4bd8b3b8ff
tabulated_1e-5,24_C2H4,,2.56,50,128,5.000000000000782,2.9999999999998916,2.3447910280083306e-13,Figure_3a/Tabulated_t1e-5/24_C2H4/input.inp,Figure_3a/Tabulated_t1e-5/24_C2H4/output.log,b277df703a3344009e4be31de510d51879664b13c3e30fdbb768f826fb10b74e
tabulated_1e-5,25_C2H2,,2.8947368421052633,38,110,6.000000000000227,6.000000000000005,6.750155989720952e-14,Figure_3a/Tabulated_t1e-5/25_C2H2/input.inp,Figure_3a/Tabulated_t1e-5/25_C2H2/output.log,684360ffebf9288809ec8628b479f93de89850d561b43e21ed6a0a7f8a57261e
tabulated_1e-5,26_C4,,3.5384615384615383,52,184,2.000000000000668,-1.9999999999997797,-6.543315222984347e-08,Figure_3a/Tabulated_t1e-5/26_C4/input.inp,Figure_3a/Tabulated_t1e-5/26_C4/output.log,e2b12fffc81b9df3226fb115c2f659e0e61c9e209cd99c62b0c217b327a5e3c0
tabulated_1e-5,27_C3H6,,2.56,75,192,13.999999999999346,0.0,1.4210854715202004e-14,Figure_3a/Tabulated_t1e-5/27_C3H6/input.inp,Figure_3a/Tabulated_t1e-5/27_C3H6/output.log,ddc9a211212d5ddf37220b484f8a33dc77160c22e79ed5a2ba8c729165e6b3bb
tabulated_1e-5,28_C6H6,,2.8947368421052633,114,330,6.999999999999673,-36.99999999999992,2.4002133613976184e-11,Figure_3a/Tabulated_t1e-5/28_C6H6/input.inp,Figure_3a/Tabulated_t1e-5/28_C6H6/output.log,9584e9e736a82d829f0b0769e37c4062190c36f466436effb787cd4369bc537b
tabulated_1e-5,29_C8H8,,2.8947368421052633,152,440,9.999999999999787,-8.000000000000007,2.9061197892588098e-12,Figure_3a/Tabulated_t1e-5/29_C8H8/input.inp,Figure_3a/Tabulated_t1e-5/29_C8H8/output.log,47a32c9be19fb7f9f4125293506c7ee70d43a4fd9e4222d83fc6e2ff33f0216a
tabulated_1e-5,30_C5H6,,2.8118811881188117,101,284,6.000000000000227,-11.999999999999789,1.1404210908949608e-11,Figure_3a/Tabulated_t1e-5/30_C5H6/input.inp,Figure_3a/Tabulated_t1e-5/30_C5H6/output.log,c2f1b5bb02283bc088607aa869ed1d2bf976df0d50f2b7e2c793b8605b4d5c55
tabulated_1e-5,31_C2H3F,,2.9473684210526314,57,168,9.000000000000341,4.0000000000000036,1.2079226507921703e-13,Figure_3a/Tabulated_t1e-5/31_C2H3F/input.inp,Figure_3a/Tabulated_t1e-5/31_C2H3F/output.log,6e2c53c8c3cac72a7bb4fdd3a2b55e54a9ef521a9572c8af9b1e8b05e0b3486d
tabulated_1e-5,32_C2H3Cl,,2.754385964912281,57,157,9.000000000000341,4.0000000000000036,-1.8829382497642655e-13,Figure_3a/Tabulated_t1e-5/32_C2H3Cl/input.inp,Figure_3a/Tabulated_t1e-5/32_C2H3Cl/output.log,cce63d77925d78dcaa65850f3144144cc52c03292fa8f0d8c45757128655c2e3
tabulated_1e-5,33_C2H3Br,,2.6140350877192984,57,149,7.999999999999119,3.0000000000001137,-1.84385839929746e-12,Figure_3a/Tabulated_t1e-5/33_C2H3Br/input.inp,Figure_3a/Tabulated_t1e-5/33_C2H3Br/output.log,2f17ad5e136e28c2120c2e6c69e471278c377f9d10434e5e8b1c7d6b80155cf7
tabulated_1e-5,34_C2H3I,,2.6140350877192984,57,149,35.99999999999959,16.999999999999904,4.760636329592671e-13,Figure_3a/Tabulated_t1e-5/34_C2H3I/input.inp,Figure_3a/Tabulated_t1e-5/34_C2H3I/output.log,b03bf13bfad2ede86951edc6e931e1fd55593a6779348b9dccc393cd5bc91e8a
tabulated_1e-5,35_CF4,,3.723076923076923,65,242,21.000000000000796,4.0000000000000036,-7.247535904753022e-13,Figure_3a/Tabulated_t1e-5/35_CF4/input.inp,Figure_3a/Tabulated_t1e-5/35_CF4/output.log,3e1b871547007fa97daa8457bd00e386b0bd9be8a6d112ee124c231bf5296fdb
tabulated_1e-5,36_CCl4,,3.046153846153846,65,198,16.99999999999946,10.000000000000009,4.405364961712621e-13,Figure_3a/Tabulated_t1e-5/36_CCl4/input.inp,Figure_3a/Tabulated_t1e-5/36_CCl4/output.log,022784c35f64b2d4099093ae811909436afa719a20fa59e5eb874b6012bc6c0e
tabulated_1e-5,37_CBr4,,2.5538461538461537,65,166,13.999999999999346,10.000000000000009,3.836930773104541e-13,Figure_3a/Tabulated_t1e-5/37_CBr4/input.inp,Figure_3a/Tabulated_t1e-5/37_CBr4/output.log,a40f56671082b845a7ecba5cb6383527ab4f22d8e9b109d285c17067f4428210
tabulated_1e-5,38_CI4,,2.5538461538461537,65,166,75.00000000000107,17.999999999999996,-2.1316282072803006e-13,Figure_3a/Tabulated_t1e-5/38_CI4/input.inp,Figure_3a/Tabulated_t1e-5/38_CI4/output.log,e41cfbc90bd79a42339581c7bb157e9abb47bd564cd90372d656e80b155f7fb3
tabulated_1e-5,39_SiH4,,2.0,37,74,8.000000000000895,2.0000000000000018,-6.838973831690964e-14,Figure_3a/Tabulated_t1e-5/39_SiH4/input.inp,Figure_3a/Tabulated_t1e-5/39_SiH4/output.log,d41c78e5fabcbc2ccb9f97036043d5188a75a4888e7a50160ad0144c413f929a
tabulated_1e-5,40_GeH4,,1.8108108108108107,37,67,6.999999999999673,11.00000000000012,-8.881784197001252e-15,Figure_3a/Tabulated_t1e-5/40_GeH4/input.inp,Figure_3a/Tabulated_t1e-5/40_GeH4/output.log,0f0d2ac0da387a062abf70af5dc0610c4025bb5fa17436aeed014ff6f1e02a92
tabulated_1e-5,41_Si2H6,,2.096774193548387,62,130,18.000000000000682,-3.0000000000001137,6.448175327022909e-13,Figure_3a/Tabulated_t1e-5/41_Si2H6/input.inp,Figure_3a/Tabulated_t1e-5/41_Si2H6/output.log,c2520fee205cfaf5541c55037f4d5e9ff8493c66f2df4afb58f250cae8598b8b
tabulated_1e-5,42_Si5H12,,2.1751824817518246,137,298,19.999999999999574,-7.000000000000006,1.0658141036401503e-14,Figure_3a/Tabulated_t1e-5/42_Si5H12/input.inp,Figure_3a/Tabulated_t1e-5/42_Si5H12/output.log,c63251cc3d897dbb400c90a71f09b8b3e24109386b21661d12194b4aa094dc61
tabulated_1e-5,43_LiH,,1.5833333333333333,12,19,17.000000000000348,-27.999999999999915,-8.881784197001252e-16,Figure_3a/Tabulated_t1e-5/43_LiH/input.inp,Figure_3a/Tabulated_t1e-5/43_LiH/output.log,06e05ad836af4c24881e4c2dcb1fda1f7f456346f8ab589e40cf270e3afe2958
tabulated_1e-5,44_KH,,3.0,20,60,4.000000000000448,0.999999999999994,1.0658141036401503e-14,Figure_3a/Tabulated_t1e-5/44_KH/input.inp,Figure_3a/Tabulated_t1e-5/44_KH/output.log,d2f86d60c0f8cd7efe27c127485417c1f1fd00e9c055e86f350dca865c2c11f3
tabulated_1e-5,45_BH3,,1.7096774193548387,31,53,12.9999999999999,11.00000000000001,1.2434497875801753e-13,Figure_3a/Tabulated_t1e-5/45_BH3/input.inp,Figure_3a/Tabulated_t1e-5/45_BH3/output.log,b0e7ac31689b75cbaeb8b8429dad09ffd4032ada1b0781cb543851a3f1ece81b
tabulated_1e-5,46_B2H6,,1.7096774193548387,62,106,11.999999999998678,9.000000000000119,-2.113864638886298e-12,Figure_3a/Tabulated_t1e-5/46_B2H6/input.inp,Figure_3a/Tabulated_t1e-5/46_B2H6/output.log,53cdc781045e3efac83c11f57beadb169f86d11b1421c7840ddbedf42ef93729
tabulated_1e-5,47_NH3,,2.3225806451612905,31,72,9.999999999999787,18.000000000000014,2.4868995751603507e-13,Figure_3a/Tabulated_t1e-5/47_NH3/input.inp,Figure_3a/Tabulated_t1e-5/47_NH3/output.log,2ba1a5ccbb9107f0486f64b2f9f1078e8bf70088961c626a7a562201dd4652f9
tabulated_1e-5,48_HN3,,3.2,45,144,3.0000000000001137,7.000000000000117,-3.588240815588506e-13,Figure_3a/Tabulated_t1e-5/48_HN3/input.inp,Figure_3a/Tabulated_t1e-5/48_HN3/output.log,5f5342a1f974fd7eef50691b1f6725175c4f3c7e7767f556db703ca66deea711
tabulated_1e-5,49_PH3,,1.8709677419354838,31,58,11.999999999998678,17.999999999999794,1.865174681370263e-13,Figure_3a/Tabulated_t1e-5/49_PH3/input.inp,Figure_3a/Tabulated_t1e-5/49_PH3/output.log,4a3e5b69cdd84349d607526b8c58b60212f2cdbc1cc1f791ab7a0e16f2aa47ad
tabulated_1e-5,50_AsH3,,2.193548387096774,31,68,4.999999999999005,12.9999999999999,-8.881784197001252e-15,Figure_3a/Tabulated_t1e-5/50_AsH3/input.inp,Figure_3a/Tabulated_t1e-5/50_AsH3/output.log,0af0aba2ca2cbbe0bf7d3514bb0a5d17ebdc59d8532d9ce57b2619a5bf6fa952
tabulated_1e-5,51_SH2,,2.36,25,59,8.999999999998565,12.00000000000001,6.572520305780927e-14,Figure_3a/Tabulated_t1e-5/51_SH2/input.inp,Figure_3a/Tabulated_t1e-5/51_SH2/output.log,81ca5c44d430c9800c01b1362f395761b1f3609ff6f2f78ce0595a5ebb538884
tabulated_1e-5,52_HF,,3.0526315789473686,19,58,19.000000000000128,10.000000000000009,1.0658141036401503e-13,Figure_3a/Tabulated_t1e-5/52_HF/input.inp,Figure_3a/Tabulated_t1e-5/52_HF/output.log,0b89a2275dbec6f54582398847d656de76d25a1985e8803c73695d4a8404d2db
tabulated_1e-5,53_HCl,,2.473684210526316,19,47,9.999999999999787,7.000000000000117,-1.4210854715202004e-14,Figure_3a/Tabulated_t1e-5/53_HCl/input.inp,Figure_3a/Tabulated_t1e-5/53_HCl/output.log,712f05cc20ba525411d56f9eafde4b7b4db33785e4fa8b78ea77b2c21af5842c
tabulated_1e-5,54_LiF,,3.1052631578947367,19,59,19.000000000000128,-1.0000000000000009,2.1671553440683056e-12,Figure_3a/Tabulated_t1e-5/54_LiF/input.inp,Figure_3a/Tabulated_t1e-5/54_LiF/output.log,25a6b41ad91495c5d65b1a90201c1ad5e79be5181f7eb4bfb78a693891f67b63
tabulated_1e-5,56_TiF4,,3.7564102564102564,78,293,18.000000000000682,18.99999999999999,-6.87805368215777e-12,Figure_3a/Tabulated_t1e-5/56_TiF4/input.inp,Figure_3a/Tabulated_t1e-5/56_TiF4/output.log,bfcd729a3700de552347b830bd98a2473c71e76594f0d0bbb06af1fe8f94365f
tabulated_1e-5,57_AlF3,,3.5961538461538463,52,187,16.99999999999946,6.000000000000005,-6.934897101018578e-12,Figure_3a/Tabulated_t1e-5/57_AlF3/input.inp,Figure_3a/Tabulated_t1e-5/57_AlF3/output.log,2faecac8e4697a23acb4ec5e6e5c1187193b08b12f4678b593d48ad6744ba5ec
tabulated_1e-5,58_BF,,2.8846153846153846,26,75,8.999999999998565,6.999999999999895,3.552713678800501e-14,Figure_3a/Tabulated_t1e-5/58_BF/input.inp,Figure_3a/Tabulated_t1e-5/58_BF/output.log,9b864dc11b89964c6c8b6ab30c8a0ba125dc908ce4e918ed4b3e59929b62772c
tabulated_1e-5,59_SF4,,3.646153846153846,65,237,16.000000000000014,12.00000000000001,4.050093593832571e-12,Figure_3a/Tabulated_t1e-5/59_SF4/input.inp,Figure_3a/Tabulated_t1e-5/59_SF4/output.log,adec180ce122ed771f3315a9cca8dd957b036f7feffa0fdf548f0d478952467f
tabulated_1e-5,60_BrK,,3.0,27,81,9.000000000000341,0.0,-6.963318810448982e-13,Figure_3a/Tabulated_t1e-5/60_BrK/input.inp,Figure_3a/Tabulated_t1e-5/60_BrK/output.log,b8a6f791eb2d7a506c82569024a3433b0ce9d2cf3c8332a012781049524f3ba1
tabulated_1e-5,61_GaCl,,3.5,38,133,6.999999999999673,22.00000000000002,6.394884621840902e-13,Figure_3a/Tabulated_t1e-5/61_GaCl/input.inp,Figure_3a/Tabulated_t1e-5/61_GaCl/output.log,7c5b73a620eb8c9fbb6c433bc57511081a6b619c458d2447619445eba8c1094a
tabulated_1e-5,64_AlI3,,2.5,52,130,74.99999999999929,10.000000000000009,1.2079226507921703e-13,Figure_3a/Tabulated_t1e-5/64_AlI3/input.inp,Figure_3a/Tabulated_t1e-5/64_AlI3/output.log,dd461ec6feb462e50796cfd65459a3d8327a90b5451adf49ba68e14dcbc76913
tabulated_1e-5,65_BN,,2.730769230769231,26,71,12.000000000000455,3.0000000000001137,1.5933920849420247e-12,Figure_3a/Tabulated_t1e-5/65_BN/input.inp,Figure_3a/Tabulated_t1e-5/65_BN/output.log,71f6f6ca2dbe7ea9513c617f80f3b0ea49546cbfe22db9449744cba34d38bb7f
tabulated_1e-5,66_NCH,,3.125,32,100,3.0000000000001137,1.000000000000112,3.907985046680551e-14,Figure_3a/Tabulated_t1e-5/66_NCH/input.inp,Figure_3a/Tabulated_t1e-5/66_NCH/output.log,14bd55062b410b1d9a29f2654ab652ac76a1f5f3c230d03105223fb8c3cd0818
tabulated_1e-5,67_PN,,2.923076923076923,26,76,5.000000000000782,5.000000000000004,-7.815970093361102e-14,Figure_3a/Tabulated_t1e-5/67_PN/input.inp,Figure_3a/Tabulated_t1e-5/67_PN/output.log,02f7a5d6c18e77acd94feb64ae24f041e8048e05507c5a4edc68e49843e604a0
tabulated_1e-5,68_N2H4,,2.52,50,126,9.000000000000341,12.00000000000001,6.064482249712455e-12,Figure_3a/Tabulated_t1e-5/68_N2H4/input.inp,Figure_3a/Tabulated_t1e-5/68_N2H4/output.log,8f0387d01d7060d7161171fa3b6bf753dd18caaf4658d27c761888846d1d5270
tabulated_1e-5,69_H2CO,,2.8947368421052633,38,110,10.999999999999233,0.9999999999998899,3.481659405224491e-13,Figure_3a/Tabulated_t1e-5/69_H2CO/input.inp,Figure_3a/Tabulated_t1e-5/69_H2CO/output.log,f1097c22c5504c8452ce2beb7e0ee8d26b08dbb40c35dd037544df5dcce959ec
tabulated_1e-5,70_CH3OH,,2.56,50,128,15.000000000000568,6.000000000000005,-1.7905676941154525e-12,Figure_3a/Tabulated_t1e-5/70_CH3OH/input.inp,Figure_3a/Tabulated_t1e-5/70_CH3OH/output.log,f56747e00836e2ed0dabaf552a74f29d309244e649c4913a107893548e2c99ba
tabulated_1e-5,71_C2H5OH,,2.56,75,192,11.000000000001009,0.9999999999998899,2.7711166694643907e-13,Figure_3a/Tabulated_t1e-5/71_C2H5OH/input.inp,Figure_3a/Tabulated_t1e-5/71_C2H5OH/output.log,509cd54bc8748ff92c03224bbe8c8ff45567ac7e16b114435b354093ead735e6
tabulated_1e-5,72_C2H4O,,2.761904761904762,63,174,7.0000000000014495,0.0,-2.0961010704922955e-12,Figure_3a/Tabulated_t1e-5/72_C2H4O/input.inp,Figure_3a/Tabulated_t1e-5/72_C2H4O/output.log,ace53a1172a5e7183ecd56608fca961bd1728fa264739c86d54cef50729b6e94
tabulated_1e-5,73_C4H10O4,,2.56,125,320,9.999999999999787,-10.000000000000009,-1.7962520360015333e-11,Figure_3a/Tabulated_t1e-5/73_C4H10O4/input.inp,Figure_3a/Tabulated_t1e-5/73_C4H10O4/output.log,c1c8b0a79a755516e68135ea593f19a2934f446e5b96698377d4be8f420550dd
tabulated_1e-5,74_HCOOH,,3.0588235294117645,51,156,7.999999999999119,6.000000000000005,1.3855583347321954e-12,Figure_3a/Tabulated_t1e-5/74_HCOOH/input.inp,Figure_3a/Tabulated_t1e-5/74_HCOOH/output.log,b173b5627dc2747c38074f9d68cdcab19d2e9ee4f80959ee2b2b516b8b9e13d7
tabulated_1e-5,75_H2O2,,2.8947368421052633,38,110,12.9999999999999,12.9999999999999,2.4868995751603507e-13,Figure_3a/Tabulated_t1e-5/75_H2O2/input.inp,Figure_3a/Tabulated_t1e-5/75_H2O2/output.log,2bbed5370788b2f8869d793f4a0eee314e3f6f262d64029e5098897c8aee3dac
tabulated_1e-5,76_H2O,,2.56,25,64,18.000000000000682,16.000000000000014,2.4868995751603507e-13,Figure_3a/Tabulated_t1e-5/76_H2O/input.inp,Figure_3a/Tabulated_t1e-5/76_H2O/output.log,88b700a71286d6a034be2fccdb66f7930f25b8a1500e49fc223f4d66ff367f55
tabulated_1e-5,77_CO2,,3.5384615384615383,39,138,6.000000000000227,0.9999999999998899,-3.055333763768431e-13,Figure_3a/Tabulated_t1e-5/77_CO2/input.inp,Figure_3a/Tabulated_t1e-5/77_CO2/output.log,1b1ab70b8a6e152165f9210b2682efcc9b7a6139342d5a157ad760751c81f1ea
tabulated_1e-5,78_CS2,,3.282051282051282,39,128,3.9999999999995595,5.000000000000004,1.6697754290362354e-13,Figure_3a/Tabulated_t1e-5/78_CS2/input.inp,Figure_3a/Tabulated_t1e-5/78_CS2/output.log,6ab25dc78a34f1d5688f5bba8cf5e15d180f97700c7eeec0704c4fff9f2f59ef
tabulated_1e-5,79_OCS,,3.41025641025641,39,133,3.9999999999995595,3.0000000000001137,-2.877698079828406e-13,Figure_3a/Tabulated_t1e-5/79_OCS/input.inp,Figure_3a/Tabulated_t1e-5/79_OCS/output.log,d886ec747dcf916a208586fd1f2b4201e85f67db26385920fc346ad283c6666c
tabulated_1e-5,80_OCSe,,3.3333333333333335,39,130,6.999999999999673,5.0000000000001155,4.725109192804666e-13,Figure_3a/Tabulated_t1e-5/80_OCSe/input.inp,Figure_3a/Tabulated_t1e-5/80_OCSe/output.log,68c2ef41edd7e0f5814185fc35021b8fd46c868361649090a7145320ee5d31c4
tabulated_1e-5,81_CO,,3.5384615384615383,26,92,3.0000000000001137,2.0000000000000018,9.14752718017553e-11,Figure_3a/Tabulated_t1e-5/81_CO/input.inp,Figure_3a/Tabulated_t1e-5/81_CO/output.log,8602f7b5304e5fdcdaddcd4f1e9eba8693edd4836502d323e28d3dadc4a051b3
tabulated_1e-5,82_O3,,3.5384615384615383,39,138,12.000000000000455,11.00000000000012,-1.3926637620897964e-12,Figure_3a/Tabulated_t1e-5/82_O3/input.inp,Figure_3a/Tabulated_t1e-5/82_O3/output.log,47096d8f3562fa8a80dc51b048cf6e5cb15e4dc6f5316c1de43add4b4c86d96a
tabulated_1e-5,83_SO2,,3.41025641025641,39,133,10.999999999999233,0.0,-4.334310688136611e-13,Figure_3a/Tabulated_t1e-5/83_SO2/input.inp,Figure_3a/Tabulated_t1e-5/83_SO2/output.log,b29825add0ed1ff3c36fe72190a834cb699251acac6797aa730bee6bd597b7df
tabulated_1e-5,84_BeO,,3.5789473684210527,19,68,-3.9999999999995595,1021.0000000000001,3.019806626980426e-13,Figure_3a/Tabulated_t1e-5/84_BeO/input.inp,Figure_3a/Tabulated_t1e-5/84_BeO/output.log,92916696dfb0fe5c502a4f322f5699a48dbc721b84c0b81d9bb88c01292ea1fe
tabulated_1e-5,86_C7H8,,2.8345323741007196,139,394,-75.99999999999963,-44.00000000000004,-2.5437429940211587e-12,Figure_3a/Tabulated_t1e-5/86_C7H8/input.inp,Figure_3a/Tabulated_t1e-5/86_C7H8/output.log,550055bb0ae693eacffa2025aff6d65e80d7830868499bfa7491cce9720e725a
tabulated_1e-5,87_C8H10,,2.792682926829268,164,458,0.0,-37.00000000000014,1.5759837879159022e-11,Figure_3a/Tabulated_t1e-5/87_C8H10/input.inp,Figure_3a/Tabulated_t1e-5/87_C8H10/output.log,e0232917abdb9860eb8123dff2621dfaa70ccf457737202ee171eccfc20a6e54
tabulated_1e-5,88_C6F6,,3.6538461538461537,156,570,-112.0000000000001,15.000000000000124,-5.115907697472721e-13,Figure_3a/Tabulated_t1e-5/88_C6F6/input.inp,Figure_3a/Tabulated_t1e-5/88_C6F6/output.log,99c96d49c23738dea206799bb25a766c76f906e5ad2c0500130e8be73a80dfea
tabulated_1e-5,89_C6H5OH,,2.9606299212598426,127,376,-3.9999999999995595,-36.99999999999992,-1.3173462320992257e-11,Figure_3a/Tabulated_t1e-5/89_C6H5OH/input.inp,Figure_3a/Tabulated_t1e-5/89_C6H5OH/output.log,fefb81027b5447f45631b6fd71eee65900aacab29f3f2d8ae585f7aedc1ba27f
tabulated_1e-5,90_C6H5NH2,,2.887218045112782,133,384,19.999999999999574,-51.000000000000156,1.2526868431450566e-11,Figure_3a/Tabulated_t1e-5/90_C6H5NH2/input.inp,Figure_3a/Tabulated_t1e-5/90_C6H5NH2/output.log,bd12f08a39fce0b85fb27e6caeae9fa6e582771fcfebba9a505ecec356195068
tabulated_1e-5,91_C5H5N,,2.962962962962963,108,320,9.000000000000341,0.9999999999998899,8.65441052155802e-12,Figure_3a/Tabulated_t1e-5/91_C5H5N/input.inp,Figure_3a/Tabulated_t1e-5/91_C5H5N/output.log,6beae4ed4bc2b923e01f1fc52799238337a9fcddbbd9f3b3e9d4d803ca81c8c1
tabulated_1e-5,92_guanine,,3.1560693641618496,173,546,9.999999999999787,-37.000000000000036,-1.1823431123048067e-11,Figure_3a/Tabulated_t1e-5/92_guanine/input.inp,Figure_3a/Tabulated_t1e-5/92_guanine/output.log,9800608889d0e450d4e151d358fca3493532d312dc4ca7151b6c10c3d0f9fe90
tabulated_1e-5,93_adenine,,3.125,160,500,9.999999999999787,-2.9999999999998916,-1.0942358130705543e-12,Figure_3a/Tabulated_t1e-5/93_adenine/input.inp,Figure_3a/Tabulated_t1e-5/93_adenine/output.log,747753acd4fec34b816202361cce74a7440e7f854046759933dd8a9e05a39a60
tabulated_1e-5,94_cytosine,,3.0597014925373136,134,410,9.999999999999787,-10.000000000000009,1.3642420526593924e-12,Figure_3a/Tabulated_t1e-5/94_cytosine/input.inp,Figure_3a/Tabulated_t1e-5/94_cytosine/output.log,6aa738f7104ce6ec12322a9b33f8b42c44ff7246e7fc84dc5cfa0edbe7ba084c
tabulated_1e-5,95_thymine,,3.045751633986928,153,466,7.999999999999119,-2.9999999999998916,-3.150546490360284e-11,Figure_3a/Tabulated_t1e-5/95_thymine/input.inp,Figure_3a/Tabulated_t1e-5/95_thymine/output.log,d62f727e2b4ec3f56c883fab136efe9159b8a8880231abaf8b28e1ce834a3593
tabulated_1e-5,96_uracil,,3.140625,128,402,14.000000000001123,-1.0000000000000009,-5.101696842757519e-12,Figure_3a/Tabulated_t1e-5/96_uracil/input.inp,Figure_3a/Tabulated_t1e-5/96_uracil/output.log,b249361af9b0c6e4c986f264e3ea5f844d49b8e83415fb0c8c43b4902861a590
tabulated_1e-5,97_urea,,2.8684210526315788,76,218,7.999999999999119,3.0000000000001137,1.2789769243681803e-13,Figure_3a/Tabulated_t1e-5/97_urea/input.inp,Figure_3a/Tabulated_t1e-5/97_urea/output.log,c68c1be8e691471facd0bfacd7e44370c433bfc262589bc974efdb6172ed9618
tabulated_1e-5,98_Ag2,,2.92,50,146,1.000000000000334,3.0000000000000027,-7.105427357601002e-14,Figure_3a/Tabulated_t1e-5/98_Ag2/input.inp,Figure_3a/Tabulated_t1e-5/98_Ag2/output.log,37c7f86635ec1bf5845e14da1453de27ba6b97812e22587fc55fa81f528f8f56
tabulated_1e-6,01_He,,1.8,5,9,347.999999999999,5.999999999999339,0.0,Figure_3a/Tabulated_t1e-6/01_He/input.inp,Figure_3a/Tabulated_t1e-6/01_He/output.log,3a3f55f58d081641ac4e8e4db09aec3a5656f8cf29f9f50b83713623bace44f6
tabulated_1e-6,02_Ne,,4.3076923076923075,13,56,3.0000000000001137,2.000000000000668,0.0,Figure_3a/Tabulated_t1e-6/02_Ne/input.inp,Figure_3a/Tabulated_t1e-6/02_Ne/output.log,8ff655b55b585d06cd154277a90b5ecccfdd7af0ca18fa1a26e53049b158fad0
tabulated_1e-6,03_Ar,,4.0,13,52,2.000000000000668,5.999999999999339,0.0,Figure_3a/Tabulated_t1e-6/03_Ar/input.inp,Figure_3a/Tabulated_t1e-6/03_Ar/output.log,24e752b596ad098d38a6bb5179ae470f7d075fe47b0b44ee8f3318d356ac67f5
tabulated_1e-6,04_Kr,,3.5384615384615383,13,46,3.9999999999995595,4.0000000000000036,0.0,Figure_3a/Tabulated_t1e-6/04_Kr/input.inp,Figure_3a/Tabulated_t1e-6/04_Kr/output.log,9fd87aab0401a099b3536e72926d013f656b9af187900ff9b3762f7a5946ad72
tabulated_1e-6,05_Xe,,4.615384615384615,13,60,4.000000000001336,-2.000000000000224,0.0,Figure_3a/Tabulated_t1e-6/05_Xe/input.inp,Figure_3a/Tabulated_t1e-6/05_Xe/output.log,e54ae409ae5ab32e287621d670d3b26d1e9f532ce538c2ccd2edadb3a6d87e81
tabulated_1e-6,06_H2,,1.8333333333333333,12,22,0.0,0.0,-1.9984014443252818e-15,Figure_3a/Tabulated_t1e-6/06_H2/input.inp,Figure_3a/Tabulated_t1e-6/06_H2/output.log,5ea62665de2727750335c9af7d38462d9da9221bd2a2aaafe276a790999da785
tabulated_1e-6,07_Li2,,2.1666666666666665,12,26,26.00000000000069,27.999999999999915,2.327027459614328e-13,Figure_3a/Tabulated_t1e-6/07_Li2/input.inp,Figure_3a/Tabulated_t1e-6/07_Li2/output.log,fd3e64a2562708768fed8948fd3cb5131275ad6c71f838d8d1d60fdf8c01022a
tabulated_1e-6,11_K2,,3.642857142857143,28,102,1.000000000000334,10.000000000000009,1.4210854715202004e-13,Figure_3a/Tabulated_t1e-6/11_K2/input.inp,Figure_3a/Tabulated_t1e-6/11_K2/output.log,75be0c892481098a9bbab4b921909ac43ad9ece4985dc670d3f0f27cddded9f1
tabulated_1e-6,12_Rb2,,6.071428571428571,28,170,-5.999999999999783,9.000000000000007,6.394884621840902e-14,Figure_3a/Tabulated_t1e-6/12_Rb2/input.inp,Figure_3a/Tabulated_t1e-6/12_Rb2/output.log,838b2e52beacb4f36e7514f93510d9b5088aa468e70589ca0f7aea574072c2a7
tabulated_1e-6,13_N2,,3.6923076923076925,26,96,3.0000000000001137,0.0,3.552713678800501e-15,Figure_3a/Tabulated_t1e-6/13_N2/input.inp,Figure_3a/Tabulated_t1e-6/13_N2/output.log,96d16ff477d83a9730a6525acad768e27816782690abdb15cfcb610a8d8f22a5
tabulated_1e-6,14_P2,,2.923076923076923,26,76,12.9999999999999,9.999999999999954,-4.440892098500626e-14,Figure_3a/Tabulated_t1e-6/14_P2/input.inp,Figure_3a/Tabulated_t1e-6/14_P2/output.log,80c2e7597c1200abe99fcc590bd5ae4c7266d59c4749a81ac7d8f5c86c83a9bb
tabulated_1e-6,15_As2,,3.1538461538461537,26,82,3.9999999999995595,0.0,-1.8740564655672642e-12,Figure_3a/Tabulated_t1e-6/15_As2/input.inp,Figure_3a/Tabulated_t1e-6/15_As2/output.log,392be7ee7f39ecb058d023c85b5587d4255efe28e4383958115920ce7f8c1501
tabulated_1e-6,16_F2,,5.0,26,130,15.000000000000568,8.000000000000007,5.186961971048731e-13,Figure_3a/Tabulated_t1e-6/16_F2/input.inp,Figure_3a/Tabulated_t1e-6/16_F2/output.log,8be8050b49736621ca9a59a96ce26d18a5a7eea2223ce1e5553367752c0bea39
tabulated_1e-6,17_Cl2,,3.3076923076923075,26,86,8.000000000000895,8.999999999999995,-3.552713678800501e-14,Figure_3a/Tabulated_t1e-6/17_Cl2/input.inp,Figure_3a/Tabulated_t1e-6/17_Cl2/output.log,62128028d723463bf4abfe2976097fc51ef2396b9efbd5be442fdd45d52ecaf7
tabulated_1e-6,18_Br2,,3.1538461538461537,26,82,9.000000000000341,3.0000000000000027,3.836930773104541e-13,Figure_3a/Tabulated_t1e-6/18_Br2/input.inp,Figure_3a/Tabulated_t1e-6/18_Br2/output.log,8023b663c9638d65af8efc681e8a15eea3ad288a1830c026286c8633713ddbd2
tabulated_1e-6,19_I2,,2.6923076923076925,26,70,26.000000000001577,19.000000000000018,2.984279490192421e-13,Figure_3a/Tabulated_t1e-6/19_I2/input.inp,Figure_3a/Tabulated_t1e-6/19_I2/output.log,263ed09bfeceee93cdddbcaa0902c525f03705aaa47ca7f8789ef07fbc966019
tabulated_1e-6,20_CH4,,2.5405405405405403,37,94,-0.9999999999994458,-2.0000000000000018,-3.552713678800501e-14,Figure_3a/Tabulated_t1e-6/20_CH4/input.inp,Figure_3a/Tabulated_t1e-6/20_CH4/output.log,dc0bb28ed4d0305c53c6e2a0ac310ea9c9d24b5f6bfc520fadd02307f540dab9
tabulated_1e-6,21_C2H6,,2.6774193548387095,62,166,6.999999999999673,-1.000000000000112,-8.686384944667225e-13,Figure_3a/Tabulated_t1e-6/21_C2H6/input.inp,Figure_3a/Tabulated_t1e-6/21_C2H6/output.log,f3ac2d065bd2c3568ba2abf61507a17fea9a7b67b743e8ac7329de07e2308253
tabulated_1e-6,22_C3H8,,2.735632183908046,87,238,-9.999999999999787,-4.0000000000000036,-6.217248937900877e-13,Figure_3a/Tabulated_t1e-6/22_C3H8/input.inp,Figure_3a/Tabulated_t1e-6/22_C3H8/output.log,9be886514dfc6a72dbebdaaa6d84de50f502cd72d43814a046ddc579bb4b4907
tabulated_1e-6,23_C4H10,,2.767857142857143,112,310,35.99999999999959,-8.000000000000007,-1.1581846592889633e-12,Figure_3a/Tabulated_t1e-6/23_C4H10/input.inp,Figure_3a/Tabulated_t1e-6/23_C4H10/output.log,621c18cd6e4da13d4a78d4eb63e96c00d34dc2f386784a9f6f6226d771e998dd
tabulated_1e-6,24_C2H4,,2.88,50,144,3.0000000000001137,-3.0000000000001137,2.717825964282383e-13,Figure_3a/Tabulated_t1e-6/24_C2H4/input.inp,Figure_3a/Tabulated_t1e-6/24_C2H4/output.log,216ca1995da29f7d57de9e569a020254f3427fb72d03e7c77a782ddc992506bb
tabulated_1e-6,25_C2H2,,3.210526315789474,38,122,4.999999999999005,-5.0000000000001155,7.815970093361102e-14,Figure_3a/Tabulated_t1e-6/25_C2H2/input.inp,Figure_3a/Tabulated_t1e-6/25_C2H2/output.log,9352a9e656262d0e525f2f7fe727eb1975e2567f1a94c2438768b5649b578856
tabulated_1e-6,26_C4,,3.8461538461538463,52,200,1.0000000000012221,-1.9999999999997797,-5.452800166949601e-08,Figure_3a/Tabulated_t1e-6/26_C4/input.inp,Figure_3a/Tabulated_t1e-6/26_C4/output.log,7dee5188c43d0640ae7f7908115ac55b450f6811ef7e4781d713a81662cdd19e
tabulated_1e-6,27_C3H6,,2.88,75,216,-8.000000000000895,0.0,1.0658141036401503e-14,Figure_3a/Tabulated_t1e-6/27_C3H6/input.inp,Figure_3a/Tabulated_t1e-6/27_C3H6/output.log,4a2fd25653731c8f5517b066d7cdfac1284f26fd4e9431f4a9231beeae6962a2
tabulated_1e-6,28_C6H6,,3.210526315789474,114,366,4.999999999999005,-19.000000000000128,2.5572433060006006e-11,Figure_3a/Tabulated_t1e-6/28_C6H6/input.inp,Figure_3a/Tabulated_t1e-6/28_C6H6/output.log,6c92c749ae27a9ee913eb4eb43ea9f79703c7e6942c8fdd8f05dd20a0dd1535b
tabulated_1e-6,29_C8H8,,3.210526315789474,152,488,6.000000000000227,-4.0000000000000036,3.26139115713886e-12,Figure_3a/Tabulated_t1e-6/29_C8H8/input.inp,Figure_3a/Tabulated_t1e-6/29_C8H8/output.log,a6a45698a57ecadc5c75c2dfda8716d3fc95b94d0d0c95ef327723ec2facaf8f
tabulated_1e-6,30_C5H6,,3.128712871287129,101,316,3.0000000000001137,-5.999999999999783,1.0945910844384343e-11,Figure_3a/Tabulated_t1e-6/30_C5H6/input.inp,Figure_3a/Tabulated_t1e-6/30_C5H6/output.log,6e87b0cbdddd5dfad9ba408c561ff4ef9bf51adb97dc9cc560303f11751bd83d
tabulated_1e-6,31_C2H3F,,3.473684210526316,57,198,6.000000000000227,-1.000000000000112,1.2079226507921703e-13,Figure_3a/Tabulated_t1e-6/31_C2H3F/input.inp,Figure_3a/Tabulated_t1e-6/31_C2H3F/output.log,8bdd677fc465f7f7cf16814d6cd1170e11bfcc65dc73a5e569e05ff3c7306975
tabulated_1e-6,32_C2H3Cl,,3.087719298245614,57,176,5.000000000000782,3.0000000000001137,-2.2382096176443156e-13,Figure_3a/Tabulated_t1e-6/32_C2H3Cl/input.inp,Figure_3a/Tabulated_t1e-6/32_C2H3Cl/output.log,2f666286da660c704e8196bd280e84b8727ef75767f7740ffdd5d2d56be836de
tabulated_1e-6,33_C2H3Br,,3.0526315789473686,57,174,3.9999999999995595,-2.0000000000000018,-1.8118839761882555e-12,Figure_3a/Tabulated_t1e-6/33_C2H3Br/input.inp,Figure_3a/Tabulated_t1e-6/33_C2H3Br/output.log,9f1e5b0c4c26b7d70767fd8da2c10e9ee5e996733c98234d2acbc5cb391b7dd6
tabulated_1e-6,34_C2H3I,,2.9473684210526314,57,168,12.000000000000455,18.000000000000014,5.080380560684716e-13,Figure_3a/Tabulated_t1e-6/34_C2H3I/input.inp,Figure_3a/Tabulated_t1e-6/34_C2H3I/output.log,8e7ed0255fdc1f407d1c21c01efc13dbdf606b01a1eb6f7b20c0b9a1c0b349cb
tabulated_1e-6,35_CF4,,4.769230769230769,65,310,11.000000000001009,3.0000000000001137,-8.668621376273222e-13,Figure_3a/Tabulated_t1e-6/35_CF4/input.inp,Figure_3a/Tabulated_t1e-6/35_CF4/output.log,8f5f74c4833b2f0f33514a694ef69fb990c7c29c7f1295fa34b1ebdc6998ec83
tabulated_1e-6,36_CCl4,,3.4153846153846152,65,222,7.999999999999119,7.000000000000117,3.126388037344441e-13,Figure_3a/Tabulated_t1e-6/36_CCl4/input.inp,Figure_3a/Tabulated_t1e-6/36_CCl4/output.log,1fd0d9f79efc06771f6104841e825dd2e6880af3d1042bfa460bff32bfcf78ae
tabulated_1e-6,37_CBr4,,3.292307692307692,65,214,3.9999999999995595,6.000000000000005,2.8421709430404007e-13,Figure_3a/Tabulated_t1e-6/37_CBr4/input.inp,Figure_3a/Tabulated_t1e-6/37_CBr4/output.log,038fd7ee9052deef938c4c1f2fe58072b556029bff3086eafedc3fcbbb8463ef
tabulated_1e-6,38_CI4,,2.923076923076923,65,190,31.000000000000583,2.9999999999999956,-2.4868995751603507e-13,Figure_3a/Tabulated_t1e-6/38_CI4/input.inp,Figure_3a/Tabulated_t1e-6/38_CI4/output.log,b14dd550257c72799d66c063b5d8542c3b6f9fc36677a82063c1362a0e0854d2
tabulated_1e-6,39_SiH4,,2.4054054054054053,37,89,4.000000000001336,-2.0000000000000018,-5.861977570020827e-14,Figure_3a/Tabulated_t1e-6/39_SiH4/input.inp,Figure_3a/Tabulated_t1e-6/39_SiH4/output.log,8e823918194b0c82e9aba576edc8ffe7477903a5fce96543aae25448bf622b6d
tabulated_1e-6,40_GeH4,,2.7837837837837838,37,103,3.0000000000001137,1.000000000000112,-8.881784197001252e-15,Figure_3a/Tabulated_t1e-6/40_GeH4/input.inp,Figure_3a/Tabulated_t1e-6/40_GeH4/output.log,b0f02765757e6fbe06626082b8c9422c352cc6ad8d6ac99d01a21dda6e328949
tabulated_1e-6,41_Si2H6,,2.5161290322580645,62,156,2.000000000000668,4.0000000000000036,6.199485369506874e-13,Figure_3a/Tabulated_t1e-6/41_Si2H6/input.inp,Figure_3a/Tabulated_t1e-6/41_Si2H6/output.log,b3abff9d3b7fd206c85f043365c12624494aeba71ae40b134c739c6473f22a74
tabulated_1e-6,42_Si5H12,,2.605839416058394,137,357,6.000000000000227,-2.0000000000000018,6.039613253960852e-14,Figure_3a/Tabulated_t1e-6/42_Si5H12/input.inp,Figure_3a/Tabulated_t1e-6/42_Si5H12/output.log,0d101ebfa308d658b08720b9fb18815b40486d7d95d228d38ea6848c0cd83752
tabulated_1e-6,43_LiH,,2.0,12,24,11.999999999999567,-13.00000000000001,-2.6645352591003757e-15,Figure_3a/Tabulated_t1e-6/43_LiH/input.inp,Figure_3a/Tabulated_t1e-6/43_LiH/output.log,2b86326e5050a61d0851f21d2b539ee4c461b9d50cd541c8854b93268c457fe4
tabulated_1e-6,44_KH,,3.1,20,62,1.000000000000334,0.0,1.7763568394002505e-14,Figure_3a/Tabulated_t1e-6/44_KH/input.inp,Figure_3a/Tabulated_t1e-6/44_KH/output.log,7fcacb7f1bde53623426162bdcec8c695411cff9c0a045b3ceab1a113b573b99
tabulated_1e-6,45_BH3,,2.161290322580645,31,67,4.999999999999005,5.000000000000004,1.1191048088221578e-13,Figure_3a/Tabulated_t1e-6/45_BH3/input.inp,Figure_3a/Tabulated_t1e-6/45_BH3/output.log,05a7f4eb788faa04c90a122fefda1bca228393cc0e61d83965dc49229dd1f984
tabulated_1e-6,46_B2H6,,2.161290322580645,62,134,4.999999999999005,2.0000000000000018,-2.0961010704922955e-12,Figure_3a/Tabulated_t1e-6/46_B2H6/input.inp,Figure_3a/Tabulated_t1e-6/46_B2H6/output.log,44f0d0273e8847e4447fc89bab03f7d2baed1223549daf98a6670df9158227f3
tabulated_1e-6,47_NH3,,2.6129032258064515,31,81,6.999999999999673,8.000000000000007,2.362554596402333e-13,Figure_3a/Tabulated_t1e-6/47_NH3/input.inp,Figure_3a/Tabulated_t1e-6/47_NH3/output.log,caa6dd15d548745baaa7ef1a0bf8c5bbd6158d4046ea52b7f5cc2bcce6f0c08d
tabulated_1e-6,48_HN3,,3.4444444444444446,45,155,2.000000000000668,4.0000000000000036,-3.232969447708456e-13,Figure_3a/Tabulated_t1e-6/48_HN3/input.inp,Figure_3a/Tabulated_t1e-6/48_HN3/output.log,b00d38387e442c8747954fe42f7702cd21ac9c5ce247a69229e2912f40860c43
tabulated_1e-6,49_PH3,,2.2903225806451615,31,71,6.999999999999673,6.000000000000005,2.0250467969162855e-13,Figure_3a/Tabulated_t1e-6/49_PH3/input.inp,Figure_3a/Tabulated_t1e-6/49_PH3/output.log,274c9008f008f713829816debb6397db97fdfe55274041e612e1a053031b114e
tabulated_1e-6,50_AsH3,,2.3870967741935485,31,74,2.9999999999983373,5.0000000000001155,-2.4868995751603507e-14,Figure_3a/Tabulated_t1e-6/50_AsH3/input.inp,Figure_3a/Tabulated_t1e-6/50_AsH3/output.log,58472689fef6f7107d8963d017f93ce1148eb4d5b4e0bc27aa00daafd35bded4
tabulated_1e-6,51_SH2,,2.92,25,73,7.999999999999119,6.000000000000005,6.572520305780927e-14,Figure_3a/Tabulated_t1e-6/51_SH2/input.inp,Figure_3a/Tabulated_t1e-6/51_SH2/output.log,fc6497a5c672284a2473b0b41e7ae88f650309e80ca28b8da2f896757d4906de
tabulated_1e-6,52_HF,,4.0,19,76,11.000000000001009,-1.000000000000112,8.881784197001252e-14,Figure_3a/Tabulated_t1e-6/52_HF/input.inp,Figure_3a/Tabulated_t1e-6/52_HF/output.log,983c8ec199abd3c92f882eac04f0a4e560c6c14a7ae9918d085e2d3614407ee9
tabulated_1e-6,53_HCl,,2.8421052631578947,19,54,-0.9999999999994458,3.0000000000001137,-5.329070518200751e-15,Figure_3a/Tabulated_t1e-6/53_HCl/input.inp,Figure_3a/Tabulated_t1e-6/53_HCl/output.log,dc6de890dbd9767d722fa81c33644fd1ff2423ca8ef3c48c0e47fc33c72d1e70
tabulated_1e-6,54_LiF,,4.105263157894737,19,78,-44.99999999999993,4.0000000000000036,3.2720492981752614e-12,Figure_3a/Tabulated_t1e-6/54_LiF/input.inp,Figure_3a/Tabulated_t1e-6/54_LiF/output.log,90ad35ccc0a27554bfb0ec777da5f2eface65e9af2cfa63480243375096d71db
tabulated_1e-6,57_AlF3,,4.519230769230769,52,235,9.999999999999787,5.0000000000001155,-3.268496584496461e-13,Figure_3a/Tabulated_t1e-6/57_AlF3/input.inp,Figure_3a/Tabulated_t1e-6/57_AlF3/output.log,522ce2f22bb3bfee21815506ba204cb7c89baae87f469b7d65eb1225c8dede76
tabulated_1e-6,58_BF,,3.8076923076923075,26,99,3.0000000000001137,2.0000000000000018,2.842170943040401e-14,Figure_3a/Tabulated_t1e-6/58_BF/input.inp,Figure_3a/Tabulated_t1e-6/58_BF/output.log,06f7ee22e7b69ff513ffabde3297f85288461d9988f927594ccc1897ec4f9f09
tabulated_1e-6,59_SF4,,4.7846153846153845,65,311,9.999999999999787,7.000000000000117,3.723243935382925e-12,Figure_3a/Tabulated_t1e-6/59_SF4/input.inp,Figure_3a/Tabulated_t1e-6/59_SF4/output.log,85c895f37fb85130d156e42463010af5bad72b4f925426582847bcf396e159a4
tabulated_1e-6,60_BrK,,3.4074074074074074,27,92,3.0000000000001137,1.0000000000000009,-6.679101716144942e-13,Figure_3a/Tabulated_t1e-6/60_BrK/input.inp,Figure_3a/Tabulated_t1e-6/60_BrK/output.log,97443ea4140d0327c6955526d6004cebcbc00db0671e7a39499958db45e4aeea
tabulated_1e-6,64_AlI3,,2.7884615384615383,52,145,32.00000000000003,8.000000000000007,9.237055564881302e-14,Figure_3a/Tabulated_t1e-6/64_AlI3/input.inp,Figure_3a/Tabulated_t1e-6/64_AlI3/output.log,48b864c68ad15028d6423d2b381aef18f74ffeed09aa6580a1167356d3bcbf64
tabulated_1e-6,65_BN,,3.1538461538461537,26,82,6.999999999999673,-0.9999999999998899,1.573852159708622e-12,Figure_3a/Tabulated_t1e-6/65_BN/input.inp,Figure_3a/Tabulated_t1e-6/65_BN/output.log,0464c8478cb0d29956ab2028f89dca3bf222b84d631755797bbf1fb54cccc684
tabulated_1e-6,66_NCH,,3.40625,32,109,3.0000000000001137,-2.0000000000000018,3.197442310920451e-14,Figure_3a/Tabulated_t1e-6/66_NCH/input.inp,Figure_3a/Tabulated_t1e-6/66_NCH/output.log,9633e1ee0c91f795d8a3a5d0d26abecdfb08f86ae3a921f043be6d8c24ac54a2
tabulated_1e-6,67_PN,,3.3076923076923075,26,86,3.9999999999995595,3.0000000000000027,-8.526512829121202e-14,Figure_3a/Tabulated_t1e-6/67_PN/input.inp,Figure_3a/Tabulated_t1e-6/67_PN/output.log,20135e9bbb86a956332e63e49d507cac39f1230f1a10ff65ac6b109932f8cbf9
tabulated_1e-6,68_N2H4,,2.8,50,140,6.000000000000227,4.0000000000000036,5.9827698351000436e-12,Figure_3a/Tabulated_t1e-6/68_N2H4/input.inp,Figure_3a/Tabulated_t1e-6/68_N2H4/output.log,0121b57879670af1df9d8d247c3d83c4f12b6b1c9c30bb2837b261f96052be7f
tabulated_1e-6,69_H2CO,,3.3421052631578947,38,127,10.999999999999233,2.0000000000000018,3.481659405224491e-13,Figure_3a/Tabulated_t1e-6/69_H2CO/input.inp,Figure_3a/Tabulated_t1e-6/69_H2CO/output.log,88f25d9dd9faf106e074f08d257ae61f3491a4b259037eddb2676a2cbb93cf40
tabulated_1e-6,70_CH3OH,,2.98,50,149,16.000000000000014,1.000000000000112,-1.77280412572145e-12,Figure_3a/Tabulated_t1e-6/70_CH3OH/input.inp,Figure_3a/Tabulated_t1e-6/70_CH3OH/output.log,58aaa3404c78c73bc20ffbc569dcc2d56ac2ca35e5fd00b7cb808181daa7e498
tabulated_1e-6,71_C2H5OH,,2.9466666666666668,75,221,12.000000000000455,0.9999999999998899,3.197442310920451e-13,Figure_3a/Tabulated_t1e-6/71_C2H5OH/input.inp,Figure_3a/Tabulated_t1e-6/71_C2H5OH/output.log,88eb62170ab7845b4a2e6734c2e7700636ed98b146cda69eda19d77a9329b1ff
tabulated_1e-6,72_C2H4O,,3.1587301587301586,63,199,6.000000000000227,-3.0000000000001137,-2.1813661987835076e-12,Figure_3a/Tabulated_t1e-6/72_C2H4O/input.inp,Figure_3a/Tabulated_t1e-6/72_C2H4O/output.log,65be64bfc59f1593f4634fe116c57f60ca184c17e393305986c95f15be362bed
tabulated_1e-6,73_C4H10O4,,2.92,125,365,3.9999999999995595,-5.0000000000001155,-1.8168577753385762e-11,Figure_3a/Tabulated_t1e-6/73_C4H10O4/input.inp,Figure_3a/Tabulated_t1e-6/73_C4H10O4/output.log,675bd2d7fc7a9f0af45d180c906445d835b424540fa7cb331c2d4972695ecd1c
tabulated_1e-6,74_HCOOH,,3.5686274509803924,51,182,8.999999999998565,2.0000000000000018,1.3997691894473974e-12,Figure_3a/Tabulated_t1e-6/74_HCOOH/input.inp,Figure_3a/Tabulated_t1e-6/74_HCOOH/output.log,058528f9ed679ac82c502686fb4f29c3e0a3ddf9ec3a3b9ab2dfb351b4dc3bac
tabulated_1e-6,75_H2O2,,3.473684210526316,38,132,16.000000000000014,4.0000000000000036,2.984279490192421e-13,Figure_3a/Tabulated_t1e-6/75_H2O2/input.inp,Figure_3a/Tabulated_t1e-6/75_H2O2/output.log,dbce165fb68fac41ed1666eca6576c653b9956c8f46424f427eae4c5765f5c3f
tabulated_1e-6,76_H2O,,3.08,25,77,9.999999999999787,8.999999999999897,2.6645352591003757e-13,Figure_3a/Tabulated_t1e-6/76_H2O/input.inp,Figure_3a/Tabulated_t1e-6/76_H2O/output.log,13f4806dea7eae76cba43a32fddd67087f4aba5064d62e6c20a6c21227938b94
tabulated_1e-6,77_CO2,,4.102564102564102,39,160,9.000000000000341,0.9999999999998899,-4.405364961712621e-13,Figure_3a/Tabulated_t1e-6/77_CO2/input.inp,Figure_3a/Tabulated_t1e-6/77_CO2/output.log,3e21447acc155fcdebbfff5efafbbbabfdc8de5bbe7738d6dccd98c7cfc7221f
tabulated_1e-6,78_CS2,,3.8974358974358974,39,152,3.0000000000001137,4.0000000000000036,1.9895196601282805e-13,Figure_3a/Tabulated_t1e-6/78_CS2/input.inp,Figure_3a/Tabulated_t1e-6/78_CS2/output.log,984656cd41f425f86f164232aa961c5551b1556538f046520cce0d734c8596f4
tabulated_1e-6,79_OCS,,4.0,39,156,3.9999999999995595,3.0000000000001137,-2.7000623958883807e-13,Figure_3a/Tabulated_t1e-6/79_OCS/input.inp,Figure_3a/Tabulated_t1e-6/79_OCS/output.log,3e8a54cd1565b8f3bf2995530447239f221be659360a079234f858b8ca90785d
tabulated_1e-6,80_OCSe,,3.8974358974358974,39,152,3.0000000000001137,4.0000000000000036,3.979039320256561e-13,Figure_3a/Tabulated_t1e-6/80_OCSe/input.inp,Figure_3a/Tabulated_t1e-6/80_OCSe/output.log,ed639d0b1fe8a7a5d77ae56692aa38eebba3e594cdb794ef3ff090f52b5885f1
tabulated_1e-6,81_CO,,4.038461538461538,26,105,3.0000000000001137,3.0000000000001137,5.335110131454712e-11,Figure_3a/Tabulated_t1e-6/81_CO/input.inp,Figure_3a/Tabulated_t1e-6/81_CO/output.log,efca4f03293fd5338c736009ef7d8d35805eee195c2567fdc6d549706e7e7377
tabulated_1e-6,82_O3,,4.230769230769231,39,165,18.000000000000682,19.000000000000128,-1.7479351299698465e-12,Figure_3a/Tabulated_t1e-6/82_O3/input.inp,Figure_3a/Tabulated_t1e-6/82_O3/output.log,472944ab38afab98bcf4b887f335af6e84ae462f880a0485b395b85849a495b6
tabulated_1e-6,83_SO2,,4.128205128205129,39,161,12.9999999999999,-1.0000000000000009,-4.973799150320701e-13,Figure_3a/Tabulated_t1e-6/83_SO2/input.inp,Figure_3a/Tabulated_t1e-6/83_SO2/output.log,97c22463bc7c7e430737acf1fe81707db3b00997d80b9e19b921a034970ea549
tabulated_1e-6,84_BeO,,4.052631578947368,19,77,-33.99999999999892,1159.0,1.0302869668521453e-13,Figure_3a/Tabulated_t1e-6/84_BeO/input.inp,Figure_3a/Tabulated_t1e-6/84_BeO/output.log,4faefba1c349eab45bbb1b7cb0ccf70e62f0bb4b1d88c9220bb93f6750fd20ea
tabulated_1e-6,86_C7H8,,3.1510791366906474,139,438,-78.99999999999974,-20.999999999999908,-2.4300561562995426e-12,Figure_3a/Tabulated_t1e-6/86_C7H8/input.inp,Figure_3a/Tabulated_t1e-6/86_C7H8/output.log,7b52417e7eeb8d7999b2b79fa3246b2a4c73116117b369570685afb3baca716e
tabulated_1e-6,87_C8H10,,3.1097560975609757,164,510,-3.0000000000001137,-15.000000000000124,1.2889245226688217e-11,Figure_3a/Tabulated_t1e-6/87_C8H10/input.inp,Figure_3a/Tabulated_t1e-6/87_C8H10/output.log,b3826ca3e130782d90ad09a43162f2573004071b4601b6f09e45041331e8c5f7
tabulated_1e-6,88_C6F6,,4.423076923076923,156,690,-114.00000000000077,9.000000000000119,-6.536993168992922e-13,Figure_3a/Tabulated_t1e-6/88_C6F6/input.inp,Figure_3a/Tabulated_t1e-6/88_C6F6/output.log,b9c18f8a4a09c8a718db9040035278169737f2aadcd0ffb0b534cbb91246c78b
tabulated_1e-6,89_C6H5OH,,3.3149606299212597,127,421,-6.999999999999673,-12.00000000000001,-1.291056150876102e-11,Figure_3a/Tabulated_t1e-6/89_C6H5OH/input.inp,Figure_3a/Tabulated_t1e-6/89_C6H5OH/output.log,3c53e3427da12898ee3ece015fe5330788ba6d204c73adc2d6f3d04687865076
tabulated_1e-6,90_C6H5NH2,,3.1954887218045114,133,425,14.99999999999968,-26.00000000000002,1.2526868431450566e-11,Figure_3a/Tabulated_t1e-6/90_C6H5NH2/input.inp,Figure_3a/Tabulated_t1e-6/90_C6H5NH2/output.log,0b1c014c7272a752e65f4168306fef5535bf098162bf2ec4347d5207574dc888
tabulated_1e-6,91_C5H5N,,3.2685185185185186,108,353,4.999999999999005,0.0,8.547829111194005e-12,Figure_3a/Tabulated_t1e-6/91_C5H5N/input.inp,Figure_3a/Tabulated_t1e-6/91_C5H5N/output.log,e44e6b52778820b11d3616d7c1db85229b4b5637676e8a1ba94c14798035f43e
tabulated_1e-6,92_guanine,,3.468208092485549,173,600,5.999999999999339,-15.000000000000014,-1.1681322575896047e-11,Figure_3a/Tabulated_t1e-6/92_guanine/input.inp,Figure_3a/Tabulated_t1e-6/92_guanine/output.log,730ce9e7761e576a030f0778dd9389c8e403bbeedeefa8bf53943cb89198327a
tabulated_1e-6,93_adenine,,3.40625,160,545,4.999999999999893,-0.9999999999998899,-1.4495071809506044e-12,Figure_3a/Tabulated_t1e-6/93_adenine/input.inp,Figure_3a/Tabulated_t1e-6/93_adenine/output.log,24230c34a074217ba685eb71fb43ed42fe87b4fd1d45c8c05710e74a45a2c1d4
tabulated_1e-6,94_cytosine,,3.388059701492537,134,454,8.000000000000007,-5.000000000000004,1.5631940186722204e-12,Figure_3a/Tabulated_t1e-6/94_cytosine/input.inp,Figure_3a/Tabulated_t1e-6/94_cytosine/output.log,310b65063033064a25a295b6a94ed29b5d137febcb42cfe827b837c9fdf1f827
tabulated_1e-6,95_thymine,,3.411764705882353,153,522,6.000000000000227,-1.0000000000000009,-3.072386789426673e-11,Figure_3a/Tabulated_t1e-6/95_thymine/input.inp,Figure_3a/Tabulated_t1e-6/95_thymine/output.log,13b124fe3387076c38655fffd15e2ed490e085c0132cccf4fbb21d7c6e3ec175
tabulated_1e-6,96_uracil,,3.515625,128,450,6.999999999999673,1.0000000000000009,-5.343281372915953e-12,Figure_3a/Tabulated_t1e-6/96_uracil/input.inp,Figure_3a/Tabulated_t1e-6/96_uracil/output.log,d783c4ac7640fdd8b909e850a0cb7f0dd2cbca738dab34f3227ed7c0804a3688
tabulated_1e-6,97_urea,,3.223684210526316,76,245,9.999999999999787,-2.0000000000000018,-7.105427357601002e-15,Figure_3a/Tabulated_t1e-6/97_urea/input.inp,Figure_3a/Tabulated_t1e-6/97_urea/output.log,d5192884873756e860f0d0e68f0425320bd986b99be6b16557b24804540bbd6c
tabulated_1e-6,98_Ag2,,4.64,50,232,5.000000000000782,7.000000000000006,-4.263256414560601e-14,Figure_3a/Tabulated_t1e-6/98_Ag2/input.inp,Figure_3a/Tabulated_t1e-6/98_Ag2/output.log,91024e4ec6c8648909fdfdf469297c8016109c5c5983c3f30f4759ce7513ca44
tabulated_1e-7,01_He,,4.2,5,21,268.99999999999835,1.9999999999997797,0.0,Figure_3a/Tabulated_t1e-7/01_He/input.inp,Figure_3a/Tabulated_t1e-7/01_He/output.log,6137e30ac7bbb6682e758c029d35752b63305a922f0ecb7318fd8e69f7071ad9
tabulated_1e-7,02_Ne,,6.0,13,78,0.9999999999976694,1.000000000000334,0.0,Figure_3a/Tabulated_t1e-7/02_Ne/input.inp,Figure_3a/Tabulated_t1e-7/02_Ne/output.log,1c4478af633720b80f66db3b5c55efa39dba3a332e10b07d6b470c637d64ffca
tabulated_1e-7,04_Kr,,5.6923076923076925,13,74,1.9999999999988916,0.0,0.0,Figure_3a/Tabulated_t1e-7/04_Kr/input.inp,Figure_3a/Tabulated_t1e-7/04_Kr/output.log,28a1d78edcfa2a6a0672b7d62b2fe90666255f76af92be6bf1d53aa5bfbf5aed
tabulated_1e-7,06_H2,,3.5,12,42,-1.0000000000012221,-1.9999999999997797,-1.1102230246251565e-15,Figure_3a/Tabulated_t1e-7/06_H2/input.inp,Figure_3a/Tabulated_t1e-7/06_H2/output.log,b225447c1bbf0a80721d154e7593488409efcaacd1e0ba26643b9cce57ccd366
tabulated_1e-7,07_Li2,,3.6666666666666665,12,44,1.000000000000334,1.0000000000000009,2.2382096176443156e-13,Figure_3a/Tabulated_t1e-7/07_Li2/input.inp,Figure_3a/Tabulated_t1e-7/07_Li2/output.log,b859b45717ba0b2830ae97bb6b144a8a096e37c2c6178abadeb1bde20c0f1b93
tabulated_1e-7,13_N2,,4.846153846153846,26,126,1.9999999999988916,0.0,-7.105427357601002e-15,Figure_3a/Tabulated_t1e-7/13_N2/input.inp,Figure_3a/Tabulated_t1e-7/13_N2/output.log,29899aa8fe8ea50a02015320ab64c8aae0ac600bbf90bb3bfab103bcea9f073f
tabulated_1e-7,15_As2,,3.923076923076923,26,102,0.9999999999994458,0.0,1.8829382497642655e-13,Figure_3a/Tabulated_t1e-7/15_As2/input.inp,Figure_3a/Tabulated_t1e-7/15_As2/output.log,a9cca3e2735bcc10525ea4d77f8c7f5e452db446ed4f953fc502f4e9b62e0e98
tabulated_1e-7,16_F2,,7.461538461538462,26,194,1.0000000000012221,2.0000000000000018,4.689582056016661e-13,Figure_3a/Tabulated_t1e-7/16_F2/input.inp,Figure_3a/Tabulated_t1e-7/16_F2/output.log,bbb9520bdeca118a9915b5f2008161d5702c43d7a85f2956a196d37b94cd1ab1
tabulated_1e-7,17_Cl2,,6.923076923076923,26,180,1.0000000000012221,1.0000000000000009,-3.552713678800501e-15,Figure_3a/Tabulated_t1e-7/17_Cl2/input.inp,Figure_3a/Tabulated_t1e-7/17_Cl2/output.log,850c647da0c5ab1b7f78031827aefc0ec356d8b0f31aef1c964055e6be823600
tabulated_1e-7,18_Br2,,3.8461538461538463,26,100,6.000000000000227,0.0,3.907985046680551e-13,Figure_3a/Tabulated_t1e-7/18_Br2/input.inp,Figure_3a/Tabulated_t1e-7/18_Br2/output.log,6bf7648062b5d6da556272df7bd44f0524241eb0a4eae1bf1ac8922a9e9a3fad
tabulated_1e-7,19_I2,,5.3076923076923075,26,138,5.000000000000782,2.0000000000000018,2.1671553440683056e-13,Figure_3a/Tabulated_t1e-7/19_I2/input.inp,Figure_3a/Tabulated_t1e-7/19_I2/output.log,c7635fc23fcdcaeb02ee85d3687fa6d6a6f271bc39143d89fed8a41089bf79ef
tabulated_1e-7,20_CH4,,4.486486486486487,37,166,-3.0000000000001137,0.0,-3.730349362740526e-14,Figure_3a/Tabulated_t1e-7/20_CH4/input.inp,Figure_3a/Tabulated_t1e-7/20_CH4/output.log,49aedb5e69f7ce3dfedab52a11328ce7b0710278d51663e81381a419d1d554a3
tabulated_1e-7,21_C2H6,,4.67741935483871,62,290,4.999999999999005,-1.000000000000112,-8.313350008393172e-13,Figure_3a/Tabulated_t1e-7/21_C2H6/input.inp,Figure_3a/Tabulated_t1e-7/21_C2H6/output.log,ea32b667fad355f17f3908a5271278b121cc81a6ef9779eb8c2cfb8f6899d2a2
tabulated_1e-7,22_C3H8,,4.758620689655173,87,414,-12.9999999999999,-2.0000000000000018,-5.861977570020827e-13,Figure_3a/Tabulated_t1e-7/22_C3H8/input.inp,Figure_3a/Tabulated_t1e-7/22_C3H8/output.log,4d2722fca1ac2932a61375a20a1fb3d00a193e1ff2dd5f0e24ad65dd2db57468
tabulated_1e-7,23_C4H10,,4.803571428571429,112,538,16.99999999999946,-1.000000000000112,-1.0800249583553523e-12,Figure_3a/Tabulated_t1e-7/23_C4H10/input.inp,Figure_3a/Tabulated_t1e-7/23_C4H10/output.log,260ff9b15394329dd33e620fe86b47b0b833fadcd471ee2ced0783e1001558ff
tabulated_1e-7,24_C2H4,,4.96,50,248,0.9999999999994458,-2.0000000000000018,3.623767952376511e-13,Figure_3a/Tabulated_t1e-7/24_C2H4/input.inp,Figure_3a/Tabulated_t1e-7/24_C2H4/output.log,fa3a8b133ad69a09a35c682645337580d0000c0ae167b25a3bf51c6c8d2255a8
tabulated_1e-7,25_C2H2,,5.421052631578948,38,206,3.0000000000001137,-2.0000000000000018,7.105427357601002e-14,Figure_3a/Tabulated_t1e-7/25_C2H2/input.inp,Figure_3a/Tabulated_t1e-7/25_C2H2/output.log,43b0ee3e67bbd1c42cf1d911327b92e1a30c5585446d27deb653fd5153094406
tabulated_1e-7,26_C4,,6.3076923076923075,52,328,-0.9999999999994458,-3.0000000000001137,-6.637440819190488e-08,Figure_3a/Tabulated_t1e-7/26_C4/input.inp,Figure_3a/Tabulated_t1e-7/26_C4/output.log,cc207dd2da19d31d9c463bf82818cebacf21546bb8372e4be522413d1901155d
tabulated_1e-7,27_C3H6,,4.96,75,372,9.999999999999787,-1.000000000000112,0.0,Figure_3a/Tabulated_t1e-7/27_C3H6/input.inp,Figure_3a/Tabulated_t1e-7/27_C3H6/output.log,0d02b36e7d22760ac1e476151de0b76b8e85b63ee7bee10b230bd272fdca6950
tabulated_1e-7,28_C6H6,,5.421052631578948,114,618,3.0000000000001137,-8.000000000000007,2.1898927116126288e-11,Figure_3a/Tabulated_t1e-7/28_C6H6/input.inp,Figure_3a/Tabulated_t1e-7/28_C6H6/output.log,a5fa92810dd39483e5415049c2abd3416f30b29780175e5c08d088e9e36578dd
tabulated_1e-7,29_C8H8,,5.421052631578948,152,824,3.0000000000001137,-5.000000000000004,3.709033080667723e-12,Figure_3a/Tabulated_t1e-7/29_C8H8/input.inp,Figure_3a/Tabulated_t1e-7/29_C8H8/output.log,2173f8b51833ce9a4d9b28612f6163a1027a623d4aaba74b4c9a4132562fef87
tabulated_1e-7,30_C5H6,,5.306930693069307,101,536,0.0,0.0,1.1102230246251565e-11,Figure_3a/Tabulated_t1e-7/30_C5H6/input.inp,Figure_3a/Tabulated_t1e-7/30_C5H6/output.log,31607e821c1b3cd56030cd5ebfbbdccf1897091e0643d4bf367862b297d21bec
tabulated_1e-7,31_C2H3F,,5.684210526315789,57,324,2.000000000000668,-1.000000000000112,1.0658141036401503e-13,Figure_3a/Tabulated_t1e-7/31_C2H3F/input.inp,Figure_3a/Tabulated_t1e-7/31_C2H3F/output.log,3bdffbbf9805350810c0ed3f7eabd31ab3c3e0e55c08f3f2e4aa194762528f2b
tabulated_1e-7,32_C2H3Cl,,5.56140350877193,57,317,0.9999999999994458,1.000000000000334,-1.8474111129762605e-13,Figure_3a/Tabulated_t1e-7/32_C2H3Cl/input.inp,Figure_3a/Tabulated_t1e-7/32_C2H3Cl/output.log,062f45fe85d8d95dcad5f1f4acd8c0351ee08ab41bac90c6bb28866ef1ad7f9b
tabulated_1e-7,33_C2H3Br,,4.859649122807017,57,277,0.9999999999994458,-2.0000000000000018,-1.7834622667578515e-12,Figure_3a/Tabulated_t1e-7/33_C2H3Br/input.inp,Figure_3a/Tabulated_t1e-7/33_C2H3Br/output.log,663e2a935e7a25c8b3932a706548a372d7479263a17fcdc3db0b18f5084ecbc9
tabulated_1e-7,34_C2H3I,,5.192982456140351,57,296,0.9999999999994458,14.999999999999902,4.902744876744691e-13,Figure_3a/Tabulated_t1e-7/34_C2H3I/input.inp,Figure_3a/Tabulated_t1e-7/34_C2H3I/output.log,964fad46dbca4fbf4d554dc9f26bec716dfb27f866aa49ec484ff734de0ee15f
tabulated_1e-7,35_CF4,,7.230769230769231,65,470,4.000000000001336,1.000000000000334,-7.815970093361102e-13,Figure_3a/Tabulated_t1e-7/35_CF4/input.inp,Figure_3a/Tabulated_t1e-7/35_CF4/output.log,4c87856f03457c751755e6c97d111885dfe6afb19d3fb65c66a4d7ec7c6f135b
tabulated_1e-7,36_CCl4,,6.8,65,442,1.9999999999988916,1.000000000000112,3.410605131648481e-13,Figure_3a/Tabulated_t1e-7/36_CCl4/input.inp,Figure_3a/Tabulated_t1e-7/36_CCl4/output.log,e82092891be6c7d288da44769eae9f08bf9c680ca39950f7e6e774b6fdf659c9
tabulated_1e-7,37_CBr4,,4.338461538461538,65,282,3.0000000000001137,3.0000000000000027,3.410605131648481e-13,Figure_3a/Tabulated_t1e-7/37_CBr4/input.inp,Figure_3a/Tabulated_t1e-7/37_CBr4/output.log,1d5b505b8dbd9ecaf2af641203fbf340a13b25ebc4cee5f4c012af0576b927b3
tabulated_1e-7,38_CI4,,5.507692307692308,65,358,3.0000000000001137,4.999999999999997,-2.7000623958883807e-13,Figure_3a/Tabulated_t1e-7/38_CI4/input.inp,Figure_3a/Tabulated_t1e-7/38_CI4/output.log,2f474042f11c4a4d3421324d43fe159824bacc41b94b5e8a9dd52fc96e72daa0
tabulated_1e-7,39_SiH4,,3.864864864864865,37,143,2.000000000000668,-1.000000000000112,-4.3520742565306136e-14,Figure_3a/Tabulated_t1e-7/39_SiH4/input.inp,Figure_3a/Tabulated_t1e-7/39_SiH4/output.log,6535cc18ff1b80f80c9e8605b821ce0c2242359380230e727c3cfd4b5112e641
tabulated_1e-7,40_GeH4,,4.054054054054054,37,150,2.000000000000668,-0.9999999999998899,8.881784197001252e-15,Figure_3a/Tabulated_t1e-7/40_GeH4/input.inp,Figure_3a/Tabulated_t1e-7/40_GeH4/output.log,41ec14084411df5ee1772e1ec0e4d4a3544761777fc10102168ed67fb09b5701
tabulated_1e-7,41_Si2H6,,3.935483870967742,62,244,2.000000000000668,-2.0000000000000018,5.773159728050814e-13,Figure_3a/Tabulated_t1e-7/41_Si2H6/input.inp,Figure_3a/Tabulated_t1e-7/41_Si2H6/output.log,a98c0a358acec20850c70391994d5981144fc7e106d92865d30663cd46f74390
tabulated_1e-7,42_Si5H12,,3.9927007299270074,137,547,3.9999999999995595,2.0000000000000018,2.4868995751603507e-14,Figure_3a/Tabulated_t1e-7/42_Si5H12/input.inp,Figure_3a/Tabulated_t1e-7/42_Si5H12/output.log,30beb036d6a787c12a52e0bdec9f1a58668ac2573656d6116b4bccd0d4490732
tabulated_1e-7,43_LiH,,3.5833333333333335,12,43,4.999999999999893,-15.999999999999904,-2.6645352591003757e-15,Figure_3a/Tabulated_t1e-7/43_LiH/input.inp,Figure_3a/Tabulated_t1e-7/43_LiH/output.log,03b4b568edf283f5ad5dba5737e990061917b0e2f75c7a2ccf15abadfd84f864
tabulated_1e-7,45_BH3,,3.806451612903226,31,118,2.9999999999983373,3.0000000000000027,1.3589129821411916e-13,Figure_3a/Tabulated_t1e-7/45_BH3/input.inp,Figure_3a/Tabulated_t1e-7/45_BH3/output.log,937da558928834f04713fe7bf03c33b30c16b3d2b7ab556a500e27e75d50e21d
tabulated_1e-7,46_B2H6,,3.806451612903226,62,236,1.9999999999988916,0.0,-2.0818902157770935e-12,Figure_3a/Tabulated_t1e-7/46_B2H6/input.inp,Figure_3a/Tabulated_t1e-7/46_B2H6/output.log,5cf3970e4307715b29c89c986a7eaa83e111a0f05f8e78f13c40256bd4bf861e
tabulated_1e-7,47_NH3,,4.064516129032258,31,126,2.000000000000668,1.000000000000112,2.4868995751603507e-13,Figure_3a/Tabulated_t1e-7/47_NH3/input.inp,Figure_3a/Tabulated_t1e-7/47_NH3/output.log,d9fc0f91dce4792931ce1e4ce1ebf199e821bd0e029af24624d068c83cbd3819
tabulated_1e-7,48_HN3,,4.666666666666667,45,210,0.0,0.0,-3.090860900556436e-13,Figure_3a/Tabulated_t1e-7/48_HN3/input.inp,Figure_3a/Tabulated_t1e-7/48_HN3/output.log,59a38dc02284ebad8efef17063d3e31a6c8d5d0cfcc2a5540626b63d8457740a
tabulated_1e-7,50_AsH3,,3.6774193548387095,31,114,0.9999999999994458,0.0,0.0,Figure_3a/Tabulated_t1e-7/50_AsH3/input.inp,Figure_3a/Tabulated_t1e-7/50_AsH3/output.log,0e89d5d696bd0291b0a38daa26572856e7a5f628892041e976403d430c5b72da
tabulated_1e-7,51_SH2,,4.44,25,111,0.9999999999994458,0.0,5.861977570020827e-14,Figure_3a/Tabulated_t1e-7/51_SH2/input.inp,Figure_3a/Tabulated_t1e-7/51_SH2/output.log,8b4590a35c3a881e9193bcff448be7687ddd55dd9008dcd21c91187a9f6c0c73
tabulated_1e-7,52_HF,,6.2105263157894735,19,118,0.0,0.0,1.0302869668521453e-13,Figure_3a/Tabulated_t1e-7/52_HF/input.inp,Figure_3a/Tabulated_t1e-7/52_HF/output.log,fc492e14e5458b623734aafaef795a247ed081f06c4e4dba4490de562f53ae67
tabulated_1e-7,53_HCl,,5.842105263157895,19,111,-4.999999999999005,0.0,-3.552713678800501e-14,Figure_3a/Tabulated_t1e-7/53_HCl/input.inp,Figure_3a/Tabulated_t1e-7/53_HCl/output.log,ba0fdc09676909624215f9e827aab4292b6aa4b6bb99677bfdc59e540c1a46c1
tabulated_1e-7,54_LiF,,6.2631578947368425,19,119,-52.99999999999905,1.0000000000000009,3.318234575999668e-12,Figure_3a/Tabulated_t1e-7/54_LiF/input.inp,Figure_3a/Tabulated_t1e-7/54_LiF/output.log,6fdc223e994ba1492a2525d05b25dc144b1a72bda5fb46334129dc64aa39ea0b
tabulated_1e-7,58_BF,,5.846153846153846,26,152,1.9999999999988916,0.9999999999998899,3.552713678800501e-14,Figure_3a/Tabulated_t1e-7/58_BF/input.inp,Figure_3a/Tabulated_t1e-7/58_BF/output.log,abfdb59e69e09747657199ee927ddbe5f2d7c7a6e42805dd443416e4bf74ee22
tabulated_1e-7,59_SF4,,7.030769230769231,65,457,0.0,3.0000000000001137,3.737454790098127e-12,Figure_3a/Tabulated_t1e-7/59_SF4/input.inp,Figure_3a/Tabulated_t1e-7/59_SF4/output.log,bc7f504fd5546424c1011e15da7813069558d168ef0a7f15e73cf748005547b0
tabulated_1e-7,65_BN,,4.538461538461538,26,118,3.0000000000001137,-6.000000000000227,1.6573409311604337e-12,Figure_3a/Tabulated_t1e-7/65_BN/input.inp,Figure_3a/Tabulated_t1e-7/65_BN/output.log,5d8b1a3850c68168a05f3cea13e21ec981db6fe8bbd1dbf176212af3163c3fcf
tabulated_1e-7,66_NCH,,5.1875,32,166,1.0000000000012221,0.0,4.263256414560601e-14,Figure_3a/Tabulated_t1e-7/66_NCH/input.inp,Figure_3a/Tabulated_t1e-7/66_NCH/output.log,6852f186a263421a4a6bd36a08aebce8902e12300cab63079165368867914157
tabulated_1e-7,68_N2H4,,4.2,50,210,2.000000000000668,-0.9999999999998899,6.0182969718880486e-12,Figure_3a/Tabulated_t1e-7/68_N2H4/input.inp,Figure_3a/Tabulated_t1e-7/68_N2H4/output.log,8aabce2802f1eaf49f29e24b5759e2403f47db09e5a588355621cdaf460c5717
tabulated_1e-7,69_H2CO,,5.447368421052632,38,207,3.9999999999995595,-1.000000000000112,3.339550858072471e-13,Figure_3a/Tabulated_t1e-7/69_H2CO/input.inp,Figure_3a/Tabulated_t1e-7/69_H2CO/output.log,a01dda5820541c9e0964fef5b6781cef53f99a3cdb0fa4c04bded455a58d0dc4
tabulated_1e-7,70_CH3OH,,4.98,50,249,8.000000000000895,0.0,-1.8189894035458565e-12,Figure_3a/Tabulated_t1e-7/70_CH3OH/input.inp,Figure_3a/Tabulated_t1e-7/70_CH3OH/output.log,0693664c3931c49de3aa79a78a816f27b37de349373091bb1070530f49b94960
tabulated_1e-7,71_C2H5OH,,4.973333333333334,75,373,3.9999999999995595,0.0,2.6645352591003757e-13,Figure_3a/Tabulated_t1e-7/71_C2H5OH/input.inp,Figure_3a/Tabulated_t1e-7/71_C2H5OH/output.log,9cdd7551eca4646e0c3e880ba9eb5654bb5c35e2241ec677e5cb8d48d2575aea
tabulated_1e-7,72_C2H4O,,5.253968253968254,63,331,-0.9999999999994458,-2.0000000000000018,-2.2382096176443156e-12,Figure_3a/Tabulated_t1e-7/72_C2H4O/input.inp,Figure_3a/Tabulated_t1e-7/72_C2H4O/output.log,d577d1edd3aa111377d151b15549c94d1be987b58b6132c2463c34c8fdcca09c
tabulated_1e-7,73_C4H10O4,,4.968,125,621,0.0,-3.0000000000001137,-1.8097523479809752e-11,Figure_3a/Tabulated_t1e-7/73_C4H10O4/input.inp,Figure_3a/Tabulated_t1e-7/73_C4H10O4/output.log,94b2d2fdb26376246be5deabf452b5c6494115bdc8fb9cd2fdeb9d35d101162e
tabulated_1e-7,74_HCOOH,,5.686274509803922,51,290,0.9999999999994458,0.0,1.2647660696529783e-12,Figure_3a/Tabulated_t1e-7/74_HCOOH/input.inp,Figure_3a/Tabulated_t1e-7/74_HCOOH/output.log,dba149db51ed44c4ec219b1d5afa0a6c24686932932a5ad183be7ade6be910cf
tabulated_1e-7,75_H2O2,,5.473684210526316,38,208,0.9999999999994458,0.9999999999998899,2.2737367544323206e-13,Figure_3a/Tabulated_t1e-7/75_H2O2/input.inp,Figure_3a/Tabulated_t1e-7/75_H2O2/output.log,6fffca850b55443969df45eadef248f1fa2477ce828f3d84474eeaa59efa276d
tabulated_1e-7,76_H2O,,5.0,25,125,2.000000000000668,0.0,2.6290081223123707e-13,Figure_3a/Tabulated_t1e-7/76_H2O/input.inp,Figure_3a/Tabulated_t1e-7/76_H2O/output.log,32f60c6b646b272463d9f07a3e0de9e1e0dcc9467d434b66574717d630c4a138
tabulated_1e-7,77_CO2,,6.358974358974359,39,248,0.0,0.9999999999998899,-3.623767952376511e-13,Figure_3a/Tabulated_t1e-7/77_CO2/input.inp,Figure_3a/Tabulated_t1e-7/77_CO2/output.log,dd633f56043940ba88720330e6f53ffb63c270846342b0f9abfb67ace9a0282d
tabulated_1e-7,78_CS2,,5.641025641025641,39,220,0.9999999999994458,3.0000000000000027,1.0302869668521453e-13,Figure_3a/Tabulated_t1e-7/78_CS2/input.inp,Figure_3a/Tabulated_t1e-7/78_CS2/output.log,c4c8daaff51ca043712fb5a64a584e3aa0753d7c4a291976dee8cd6cdb911f31
tabulated_1e-7,79_OCS,,6.0,39,234,0.9999999999994458,0.0,-2.6290081223123707e-13,Figure_3a/Tabulated_t1e-7/79_OCS/input.inp,Figure_3a/Tabulated_t1e-7/79_OCS/output.log,a9d748c269bfaf1a37a29fe88e4e42e88a1123825f642940a9d0b3fe10fdbd35
tabulated_1e-7,80_OCSe,,6.358974358974359,39,248,0.0,1.000000000000112,4.583000645652646e-13,Figure_3a/Tabulated_t1e-7/80_OCSe/input.inp,Figure_3a/Tabulated_t1e-7/80_OCSe/output.log,b583c03c140c46b0bb0fbd8ffb502dfa3541fd08216863e627a22def893d1f35
tabulated_1e-7,81_CO,,6.346153846153846,26,165,0.0,0.0,1.440447761069663e-10,Figure_3a/Tabulated_t1e-7/81_CO/input.inp,Figure_3a/Tabulated_t1e-7/81_CO/output.log,282ed029fc9111bb3128e316194b9502298bc93dfe4ba90a42433818ba3c7d77
tabulated_1e-7,82_O3,,6.384615384615385,39,249,0.9999999999994458,0.0,-1.5631940186722204e-12,Figure_3a/Tabulated_t1e-7/82_O3/input.inp,Figure_3a/Tabulated_t1e-7/82_O3/output.log,5d80566a39bf84f05ba2138aac8698b11705397478f078d8f6bdbb0aaa50171d
tabulated_1e-7,83_SO2,,6.0256410256410255,39,235,0.9999999999994458,-5.000000000000004,-4.334310688136611e-13,Figure_3a/Tabulated_t1e-7/83_SO2/input.inp,Figure_3a/Tabulated_t1e-7/83_SO2/output.log,fe9e112af9e6a4a843821e68cb8d96be40683399ae71774f570851f302cf5549
tabulated_1e-7,84_BeO,,5.526315789473684,19,105,-32.999999999999474,1089.0,2.1316282072803006e-14,Figure_3a/Tabulated_t1e-7/84_BeO/input.inp,Figure_3a/Tabulated_t1e-7/84_BeO/output.log,79c283971f104bee3b87590dea9192b8ef436b868d3ca492ec2e39947020d7af
tabulated_1e-7,86_C7H8,,5.338129496402877,139,742,-81.0000000000004,-8.999999999999897,-2.3874235921539366e-12,Figure_3a/Tabulated_t1e-7/86_C7H8/input.inp,Figure_3a/Tabulated_t1e-7/86_C7H8/output.log,fd42911717c42717f5bbfec7191517c0422674f1e833b9a5d4780ee230672bd8
tabulated_1e-7,87_C8H10,,5.280487804878049,164,866,-4.999999999999893,-5.0000000000001155,1.5560885913146194e-11,Figure_3a/Tabulated_t1e-7/87_C8H10/input.inp,Figure_3a/Tabulated_t1e-7/87_C8H10/output.log,7dac64cbb527001386493fbc58dc58fb28f6d4def4503c9875ff93acd020386e
tabulated_1e-7,88_C6F6,,6.884615384615385,156,1074,-118.99999999999977,7.000000000000117,-1.0516032489249483e-12,Figure_3a/Tabulated_t1e-7/88_C6F6/input.inp,Figure_3a/Tabulated_t1e-7/88_C6F6/output.log,001218603f8985189e2c96298800adac89aed4c3249b2463d8525ec812f6c186
tabulated_1e-7,89_C6H5OH,,5.519685039370079,127,701,-11.00000000000012,-6.000000000000005,-1.3379519714362686e-11,Figure_3a/Tabulated_t1e-7/89_C6H5OH/input.inp,Figure_3a/Tabulated_t1e-7/89_C6H5OH/output.log,c3686a3d852b5114399e116a772c1a67a4edd9f19b0679242ced2f54bf85696c
tabulated_1e-7,90_C6H5NH2,,5.2781954887218046,133,702,11.999999999999567,-15.000000000000124,1.2711609542748192e-11,Figure_3a/Tabulated_t1e-7/90_C6H5NH2/input.inp,Figure_3a/Tabulated_t1e-7/90_C6H5NH2/output.log,b88a412b4301298ce0db4959905bc207dfad80d3bd7fb06f475a5b4a42015352
tabulated_1e-7,91_C5H5N,,5.351851851851852,108,578,3.0000000000001137,-1.000000000000112,8.675726803630823e-12,Figure_3a/Tabulated_t1e-7/91_C5H5N/input.inp,Figure_3a/Tabulated_t1e-7/91_C5H5N/output.log,a590a8425616de5441ee26235f338aacb0ec7e000df42cbf9ac04d14895b0d66
tabulated_1e-7,92_guanine,,5.277456647398844,173,913,0.0,-6.000000000000005,-1.1468159755168017e-11,Figure_3a/Tabulated_t1e-7/92_guanine/input.inp,Figure_3a/Tabulated_t1e-7/92_guanine/output.log,49cb0442cb051ee4f12fbf3a664299b0465a1e245cf4848d116514ee55c3daa2
tabulated_1e-7,93_adenine,,5.1875,160,830,3.9999999999995595,-2.0000000000000018,-1.1795009413617663e-12,Figure_3a/Tabulated_t1e-7/93_adenine/input.inp,Figure_3a/Tabulated_t1e-7/93_adenine/output.log,e9489ebee634d3ad75d1404873f735692ce1784c31d4e9b7089087bf60a285d8
tabulated_1e-7,94_cytosine,,5.2611940298507465,134,705,3.0000000000001137,-9.000000000000007,1.1652900866465643e-12,Figure_3a/Tabulated_t1e-7/94_cytosine/input.inp,Figure_3a/Tabulated_t1e-7/94_cytosine/output.log,e457ff95ed9caf9aa5bf352fd907e86c23f33d0fef29de0b8335978a111a2af6
tabulated_1e-7,95_thymine,,5.411764705882353,153,828,3.0000000000001137,-3.9999999999998925,-3.097966327914037e-11,Figure_3a/Tabulated_t1e-7/95_thymine/input.inp,Figure_3a/Tabulated_t1e-7/95_thymine/output.log,6c1e607c54f6290ae74941281aa185b172712811104e4c05d8698dd7f59c4c1c
tabulated_1e-7,96_uracil,,5.5,128,704,3.9999999999995595,-2.0000000000000018,-5.4711790653527714e-12,Figure_3a/Tabulated_t1e-7/96_uracil/input.inp,Figure_3a/Tabulated_t1e-7/96_uracil/output.log,680249026971d7519b5ee52f8d86b04b1f57a1a85aca7a4269827844dfca84bc
tabulated_1e-7,97_urea,,4.934210526315789,76,375,0.9999999999994458,-2.9999999999998916,-2.1316282072803006e-14,Figure_3a/Tabulated_t1e-7/97_urea/input.inp,Figure_3a/Tabulated_t1e-7/97_urea/output.log,70de161c30f8d4d679545188db0955f419433fca41dd7742ab37294bc6fd00d6
